image,source,origin_split
PET-bottle-with-cap-and-label_IMG_4024_PNG.rf.1a9651320af8968257ad72fb67f0cedc.jpg,PET-bottle-with-cap-and-label,train
PET-bottle-with-cap-and-label_IMG_4024_PNG.rf.2c16406414c34f185bc563757b8a16ab.jpg,PET-bottle-with-cap-and-label,train
PET-bottle-with-cap-and-label_IMG_4024_PNG.rf.8231be537f8491b8eb2e8cec95158f94.jpg,PET-bottle-with-cap-and-label,train
PET-bottle-with-cap-and-label_IMG_4030_PNG.rf.250b143d209e964e409afa62dfe2efd6.jpg,PET-bottle-with-cap-and-label,train
PET-bottle-with-cap-and-label_IMG_4030_PNG.rf.4762bf507d9e3a8357555a37ed136471.jpg,PET-bottle-with-cap-and-label,train
PET-bottle-with-cap-and-label_IMG_4030_PNG.rf.bea1bcc6fcfc20e3571a538b2bc820a8.jpg,PET-bottle-with-cap-and-label,train
PET-bottle-with-cap-and-label_IMG_4036_PNG.rf.76b22dd9bac65b2f0df0e026eb0ca28f.jpg,PET-bottle-with-cap-and-label,train
PET-bottle-with-cap-and-label_IMG_4037_PNG.rf.440e7336abd7c1591c9938234afd95d5.jpg,PET-bottle-with-cap-and-label,train
PET-bottle-with-cap-and-label_IMG_4123_PNG.rf.1885d02c67669dc5146a703087703cf2.jpg,PET-bottle-with-cap-and-label,train
PET-bottle-with-cap-and-label_IMG_4223_JPG.rf.508ed764dfa3f6c992a7ee590c11b095.jpg,PET-bottle-with-cap-and-label,train
PET-bottle-with-cap-and-label_IMG_4223_JPG.rf.61e534a5f5877dddf99a858c98598ff4.jpg,PET-bottle-with-cap-and-label,train
PET-bottle-with-cap-and-label_IMG_4249_JPG.rf.0052dd3c190f30006a231bfdc32b9c5c.jpg,PET-bottle-with-cap-and-label,train
PET-bottle-with-cap-and-label_IMG_4249_JPG.rf.3fb0d0f9b12523306d0797d707c257c2.jpg,PET-bottle-with-cap-and-label,train
PET-bottle-with-cap-and-label_IMG_4249_JPG.rf.79ee961ba4f5bbc4fd099ba8b5ac7200.jpg,PET-bottle-with-cap-and-label,train
PET-bottle-with-cap-and-label_IMG_4250_JPG.rf.dd781cc431f409b40aaee3dd6bba980d.jpg,PET-bottle-with-cap-and-label,train
PET-bottle-with-cap-and-label_IMG_4426_JPG.rf.1701c40556dbebc4aa527b7e2b9fb3fa.jpg,PET-bottle-with-cap-and-label,train
PET-bottle-with-cap-and-label_IMG_4426_JPG.rf.209acefb48f361a53174848cda517eef.jpg,PET-bottle-with-cap-and-label,train
PET-bottle-with-cap-and-label_IMG_4437_JPG.rf.713e503e3541b31a77dd06d44ac480d6.jpg,PET-bottle-with-cap-and-label,train
PET-bottle-with-cap-and-label_IMG_4437_JPG.rf.d048c3e1b179d909e28904865281b982.jpg,PET-bottle-with-cap-and-label,train
PET-bottle-with-cap-and-label_IMG_4439_JPG.rf.b767585d051c9feb13beb433c0f1f972.jpg,PET-bottle-with-cap-and-label,train
PET-bottle-with-cap-and-label_IMG_4574_JPG.rf.3a43d02931c99551d537bba5e9522614.jpg,PET-bottle-with-cap-and-label,train
PET-bottle-with-cap-and-label_IMG_4574_JPG.rf.606c0bc9b71beebafa2eeed717f6d19c.jpg,PET-bottle-with-cap-and-label,train
PET-bottle-with-cap-and-label_IMG_4574_JPG.rf.6602e6f6d6a2850b6aa6f4f2f987d689.jpg,PET-bottle-with-cap-and-label,train
PET-bottle-with-cap-and-label_IMG_4577_JPG.rf.e0fa08961c63fa45e39ff3e59b79346c.jpg,PET-bottle-with-cap-and-label,train
PET-bottle-with-cap-and-label_IMG_4612_JPG.rf.4318a802d54a909940c123a4949abc91.jpg,PET-bottle-with-cap-and-label,train
PET-bottle-with-cap-and-label_IMG_4612_JPG.rf.4ebf23b982127d076bec520f7121268b.jpg,PET-bottle-with-cap-and-label,train
PET-bottle-with-cap-and-label_IMG_4613_JPG.rf.ad281000a74e5e14f5246f5849f9af10.jpg,PET-bottle-with-cap-and-label,train
PET-bottle-with-cap-and-label_IMG_4613_JPG.rf.bd8b1ce5fb8df932afd4f75a4623b103.jpg,PET-bottle-with-cap-and-label,train
PET-bottle-with-cap-and-label_IMG_4614_JPG.rf.b0073c0abe59ded33b1e514c10f744a3.jpg,PET-bottle-with-cap-and-label,train
PET-bottle-with-cap-and-label_IMG_4623_JPG.rf.95e8e758162d2148f1602b2265bef4f3.jpg,PET-bottle-with-cap-and-label,train
PET-bottle-with-cap-and-label_IMG_4626_JPG.rf.71142ba88f962afa3f7d5dc4b7302c30.jpg,PET-bottle-with-cap-and-label,train
PET-bottle-with-cap-and-label_IMG_4629_JPG.rf.4ebf26cfa51f44d105f10a0edc90223b.jpg,PET-bottle-with-cap-and-label,train
PET-bottle-with-cap-and-label_IMG_4629_JPG.rf.a214e30e2ab86389032463ef71cb87a2.jpg,PET-bottle-with-cap-and-label,train
PET-bottle-with-cap-and-label_IMG_4631_JPG.rf.528c20068d055c7678e5bd42ef118485.jpg,PET-bottle-with-cap-and-label,train
PET-bottle-with-cap-and-label_IMG_4631_JPG.rf.fe029cfd1697eedf89cdc9158827b245.jpg,PET-bottle-with-cap-and-label,train
PET-bottle-with-cap-and-label_IMG_4638_JPG.rf.0a4c09ed012d8feebaaf6b56e81e9e03.jpg,PET-bottle-with-cap-and-label,train
PET-bottle-with-cap-and-label_IMG_4717_JPG.rf.d9d8f1080e2028cad574129c3bb2d462.jpg,PET-bottle-with-cap-and-label,train
PET-bottle-with-cap-and-label_IMG_4720_JPG.rf.295ad3a7864495820273b50a166bd9fb.jpg,PET-bottle-with-cap-and-label,train
PET-bottle-with-cap-and-label_IMG_4721_JPG.rf.59a63659da7ee1560d734c05cefced83.jpg,PET-bottle-with-cap-and-label,train
PET-bottle-with-cap-and-label_IMG_4746_JPG.rf.f8ede1ac7078566d5822ee5542bfb686.jpg,PET-bottle-with-cap-and-label,train
PET-bottle-with-cap-and-label_IMG_4747_JPG.rf.1ac8571458738dc4ba10f764ce974000.jpg,PET-bottle-with-cap-and-label,train
PET-bottle-with-cap-and-label_IMG_4750_JPG.rf.0081132fe79284bf580d63bec71313b0.jpg,PET-bottle-with-cap-and-label,train
PET-bottle-with-cap-and-label_IMG_4752_JPG.rf.5060a0e079499737a8d5febe58a813e5.jpg,PET-bottle-with-cap-and-label,train
PET-bottle-with-cap-and-label_IMG_4816_JPG.rf.00029b75e8d4d53fb122c15b066c51c8.jpg,PET-bottle-with-cap-and-label,train
PET-bottle-with-cap-and-label_IMG_4816_JPG.rf.9f9da64e82a4ff50ef43730185f146e5.jpg,PET-bottle-with-cap-and-label,train
PET-bottle-with-cap-and-label_IMG_4816_JPG.rf.ca40b6d63b701cfdb2cd82b90f2e6c74.jpg,PET-bottle-with-cap-and-label,train
PET-bottle-with-cap-and-label_IMG_4817_JPG.rf.1b922f9fec07cfaa1ed417072db0a367.jpg,PET-bottle-with-cap-and-label,train
PET-bottle-with-cap-and-label_IMG_4818_JPG.rf.d63f23ba0ddf97030f04d4992b31e7a3.jpg,PET-bottle-with-cap-and-label,train
PET-bottle-with-cap-and-label_IMG_4841_JPG.rf.71d4b2b5f585ccf5090f4bb6c3a1db39.jpg,PET-bottle-with-cap-and-label,train
PET-bottle-with-cap-and-label_IMG_4841_JPG.rf.be4c2e0ad263cf325d2d4d00d03eec9e.jpg,PET-bottle-with-cap-and-label,train
PET-bottle-with-cap-and-label_IMG_4884_JPG.rf.5f2401281d1d3aa6774234db9fc31de2.jpg,PET-bottle-with-cap-and-label,train
PET-bottle-with-cap-and-label_IMG_4884_JPG.rf.d7df8715da3a6994236e10a923de5588.jpg,PET-bottle-with-cap-and-label,train
PET-bottle-with-cap-and-label_IMG_4885_JPG.rf.ec4a273b2ead91a18cdf99b3662f7003.jpg,PET-bottle-with-cap-and-label,train
PET-bottle-with-cap-and-label_IMG_4885_JPG.rf.ecaaf767093730836be4292d5a8d39a5.jpg,PET-bottle-with-cap-and-label,train
PET-bottle-with-cap-and-label_IMG_4887_JPG.rf.d828960d20c7c32c1015ce8973e60aa4.jpg,PET-bottle-with-cap-and-label,train
PET-bottle-with-cap-and-label_IMG_5057_JPG.rf.97b37c1bdb58b75eb577104b59fbe511.jpg,PET-bottle-with-cap-and-label,train
PET-bottle-with-cap-and-label_IMG_5057_JPG.rf.d5a0075173090f0b9cf0c28431557925.jpg,PET-bottle-with-cap-and-label,train
PET-bottle-with-cap-and-label_IMG_5059_JPG.rf.44ebf554385fc035de7d5b279d02335c.jpg,PET-bottle-with-cap-and-label,train
PET-bottle-with-cap-and-label_IMG_5175_JPG.rf.0cbb0938a8ed1a95752461ce4ef0b0ac.jpg,PET-bottle-with-cap-and-label,train
PET-bottle-with-cap-and-label_IMG_5175_JPG.rf.e5046431047393dea99a2755cce3cb1e.jpg,PET-bottle-with-cap-and-label,train
PET-bottle-with-cap-and-label_IMG_5234_JPG.rf.165011491e4f6a133132feef1c75ebfb.jpg,PET-bottle-with-cap-and-label,train
PET-bottle-with-cap-and-label_IMG_5260_JPG.rf.3a33dbc6fda8e10265ee49b440870396.jpg,PET-bottle-with-cap-and-label,train
PET-bottle-with-cap-and-label_IMG_5260_JPG.rf.a6d9b3d41d1a45f53599d981b345b7d5.jpg,PET-bottle-with-cap-and-label,train
PET-bottle-with-cap-and-label_IMG_5261_JPG.rf.8c8bd790c14cd4daadea0a330c0d545e.jpg,PET-bottle-with-cap-and-label,train
PET-bottle-with-cap-and-label_IMG_5261_JPG.rf.d0232468d8e696836c7b12bbcdb8592d.jpg,PET-bottle-with-cap-and-label,train
PET-bottle-with-cap-and-label_IMG_5263_JPG.rf.cd358f06b295277db2df4681bcbfcbd0.jpg,PET-bottle-with-cap-and-label,train
PET-bottle-with-cap-and-label_IMG_5341_JPG.rf.c8c18ed99673e607b706cef033209da2.jpg,PET-bottle-with-cap-and-label,train
PET-bottle-with-cap-and-label_IMG_5341_JPG.rf.e2737b032eeb8906adfa8c4ed9427565.jpg,PET-bottle-with-cap-and-label,train
PET-bottle-with-cap-and-label_IMG_5344_JPG.rf.79924065e4cfa893ea075fb54d229c97.jpg,PET-bottle-with-cap-and-label,train
PET-bottle-with-cap-and-label_IMG_5345_JPG.rf.2db3d9327f643a9cc6d57468a835516a.jpg,PET-bottle-with-cap-and-label,train
PET-bottle-with-cap-and-label_IMG_5346_JPG.rf.8220c0b120c301c1780b496c7c6a8b1e.jpg,PET-bottle-with-cap-and-label,train
PET-bottle-with-cap-and-label_IMG_5428_JPG.rf.c7eea1f79f3a4a877459dbb8237b755d.jpg,PET-bottle-with-cap-and-label,train
PET-bottle-with-cap-and-label_IMG_5429_JPG.rf.6897d77193bcf6ce83d44bddebd0f040.jpg,PET-bottle-with-cap-and-label,train
PET-bottle-with-cap-and-label_IMG_5429_JPG.rf.adb68a22a0c6a294577fcf50c5381689.jpg,PET-bottle-with-cap-and-label,train
PET-bottle-with-cap-and-label_IMG_5456_JPG.rf.c7d98588da22752b6a11276dbe56ad7e.jpg,PET-bottle-with-cap-and-label,train
PET-bottle-with-cap-and-label_IMG_5456_JPG.rf.f176fb78c36a44eaa385a356ea1560b3.jpg,PET-bottle-with-cap-and-label,train
PET-bottle-with-cap-and-label_IMG_5503_JPG.rf.4ba2a1685396b8dd47c79051f6b0c5d3.jpg,PET-bottle-with-cap-and-label,train
PET-bottle-with-cap-and-label_IMG_5503_JPG.rf.54c68f561b25ce6436056d05afe13dae.jpg,PET-bottle-with-cap-and-label,train
PET-bottle-with-cap-and-label_IMG_5503_JPG.rf.d4ee9cc9c02bfc74a59787800da941f4.jpg,PET-bottle-with-cap-and-label,train
PET-bottle-with-cap-and-label_IMG_5504_JPG.rf.a8adf09500505beb1ee19addc06acd76.jpg,PET-bottle-with-cap-and-label,train
PET-bottle-with-cap-and-label_IMG_5505_JPG.rf.224025f3c30ae1a3ed0bf839dc179d44.jpg,PET-bottle-with-cap-and-label,train
PET-bottle-with-cap-and-label_IMG_5523_JPG.rf.ef21bd2a07993b2ff1664b9c2f9e685d.jpg,PET-bottle-with-cap-and-label,train
PET-bottle-with-cap-and-label_IMG_5605_JPG.rf.ba2cb27647573c5a39e8d8ef1325365f.jpg,PET-bottle-with-cap-and-label,train
PET-bottle-with-cap-and-label_IMG_5605_JPG.rf.f823268ec3709f7775f6988b9a3659a4.jpg,PET-bottle-with-cap-and-label,train
PET-bottle-with-cap-and-label_IMG_5609_JPG.rf.21e453c2cfb2b647b046cc3dc565517f.jpg,PET-bottle-with-cap-and-label,train
PET-bottle-with-cap-and-label_IMG_5610_JPG.rf.225953d911f107bfe59cbbb1fbc570e8.jpg,PET-bottle-with-cap-and-label,train
PET-bottle-with-cap-and-label_IMG_5723_JPG.rf.b30fdded66d5271cd7156ec832a41b29.jpg,PET-bottle-with-cap-and-label,train
PET-bottle-with-cap-and-label_IMG_5723_JPG.rf.ca47ed76ee48ebd1158482fd3b5bca12.jpg,PET-bottle-with-cap-and-label,train
PET-bottle-with-cap-and-label_IMG_5724_JPG.rf.ad8b1ee5f79ec318b1fdd80b3811d601.jpg,PET-bottle-with-cap-and-label,train
PET-bottle-with-cap-and-label_IMG_5725_JPG.rf.a26b53d40520e8c0ed7f2f5f38b9d6b2.jpg,PET-bottle-with-cap-and-label,train
PET-bottle-with-cap-and-label_IMG_5726_JPG.rf.ad021c7c377ce328a145afc4c9716d13.jpg,PET-bottle-with-cap-and-label,train
PET-bottle-with-cap-and-label_IMG_5816_JPG.rf.fcfbb0adc623c926d904c3bcd5088390.jpg,PET-bottle-with-cap-and-label,train
PET-bottle-with-cap-and-label_IMG_5824_JPG.rf.7e5e355db20da600f975fb2896dcd2cb.jpg,PET-bottle-with-cap-and-label,train
PET-bottle-with-cap-and-label_IMG_5824_JPG.rf.c8e5c01d94974dfb146ae6485c440067.jpg,PET-bottle-with-cap-and-label,train
PET-bottle-with-cap-and-label_IMG_5824_JPG.rf.e7d116eb92d717bc3b9a45df9ed40e76.jpg,PET-bottle-with-cap-and-label,train
PET-bottle-with-cap-and-label_IMG_5825_JPG.rf.599fa19b70a05fa396a520e8f8ddfc6d.jpg,PET-bottle-with-cap-and-label,train
PET-bottle-with-cap-and-label_IMG_5832_JPG.rf.25cfb17a16bb137d6687a30da2083ddf.jpg,PET-bottle-with-cap-and-label,train
PET-bottle-with-cap-and-label_IMG_5884_JPG.rf.244693e742c664a7d1496438c1b32531.jpg,PET-bottle-with-cap-and-label,train
PET-bottle-with-cap-and-label_IMG_5884_JPG.rf.6740efb429597f67a0db05da6cae829e.jpg,PET-bottle-with-cap-and-label,train
PET-bottle-with-cap-and-label_IMG_5887_JPG.rf.92cf9385e3da84d5b4871dca2b784bc6.jpg,PET-bottle-with-cap-and-label,train
PET-bottle-with-cap-and-label_IMG_5894_JPG.rf.055bd8e6772ea31f4ff40fe241d0af22.jpg,PET-bottle-with-cap-and-label,train
PET-bottle-with-cap-and-label_IMG_5894_JPG.rf.33f63ac2205a86edbac145b3d4a96f73.jpg,PET-bottle-with-cap-and-label,train
PET-bottle-with-cap-and-label_IMG_5894_JPG.rf.b3fd38bbfe65b005f09b48571f17edd0.jpg,PET-bottle-with-cap-and-label,train
PET-bottle-with-cap-and-label_IMG_5902_JPG.rf.194ac053fa95f49f0a40c078e34b2e6f.jpg,PET-bottle-with-cap-and-label,train
PET-bottle-with-cap-and-label_IMG_5903_JPG.rf.4be0a13bb3c1328dddbaedca676599e0.jpg,PET-bottle-with-cap-and-label,train
PET-bottle-with-cap-and-label_IMG_6026_JPG.rf.1efe42b83703ce2faf1fc62a22ed37b5.jpg,PET-bottle-with-cap-and-label,train
PET-bottle-with-cap-and-label_IMG_6026_JPG.rf.bc3b44c4238e00441f680406380fa01f.jpg,PET-bottle-with-cap-and-label,train
PET-bottle-with-cap-and-label_IMG_6026_JPG.rf.ee7736bc2f27ff776de3d0003e3346fa.jpg,PET-bottle-with-cap-and-label,train
PET-bottle-with-cap-and-label_IMG_6097_JPG.rf.d8009370b85dc2431867f0392e29ed9a.jpg,PET-bottle-with-cap-and-label,train
PET-bottle-with-cap-and-label_IMG_6098_JPG.rf.28cfae522b6b6b949357bce136d9be1c.jpg,PET-bottle-with-cap-and-label,train
PET-bottle-with-cap-and-label_IMG_6098_JPG.rf.faeb8997151c92a7883d96e7940c1a9d.jpg,PET-bottle-with-cap-and-label,train
PET-bottle-with-cap-and-label_IMG_6144_JPG.rf.42b3a8cbaf04b2aef1b34098d20c80b3.jpg,PET-bottle-with-cap-and-label,train
PET-bottle-with-cap-and-label_IMG_6145_JPG.rf.22d2801b16367d2331547d4d62ca55f4.jpg,PET-bottle-with-cap-and-label,train
PET-bottle-with-cap-and-label_IMG_6147_JPG.rf.c6831599d10d419c7f4cfcf88866ad1a.jpg,PET-bottle-with-cap-and-label,train
PET-bottle-with-cap-and-label_IMG_6189_JPG.rf.a72e29fdf3e7e3c4c49b28e64e901b69.jpg,PET-bottle-with-cap-and-label,train
PET-bottle-with-cap-and-label_IMG_6191_JPG.rf.3808d5233224af3e69665777f7718fef.jpg,PET-bottle-with-cap-and-label,train
PET-bottle-with-cap-and-label_IMG_6191_JPG.rf.9c5abfc2fe38ce35a81d557f299ca07d.jpg,PET-bottle-with-cap-and-label,train
PET-bottle-with-cap-and-label_IMG_6192_JPG.rf.16715bfaa3cc4ff9a2d9f87aa7126f9c.jpg,PET-bottle-with-cap-and-label,train
PET-bottle-with-cap-and-label_IMG_6203_JPG.rf.0e689c5a7514d6b2ffb5f004161822fa.jpg,PET-bottle-with-cap-and-label,train
PET-bottle-with-cap-and-label_IMG_6203_JPG.rf.b798b13c8159cfd3b9cab882ef934432.jpg,PET-bottle-with-cap-and-label,train
PET-bottle-with-cap-and-label_IMG_6203_JPG.rf.c7f00cd925d291df3a9b801e5a7cbf16.jpg,PET-bottle-with-cap-and-label,train
PET-bottle-with-cap-and-label_IMG_6206_JPG.rf.72403bbb5f0a75d93618bf9b2906727a.jpg,PET-bottle-with-cap-and-label,train
PET-bottle-with-cap-and-label_IMG_6206_JPG.rf.c18c436e0aba8cff418b76bd46dce46f.jpg,PET-bottle-with-cap-and-label,train
PET-bottle-with-cap-and-label_IMG_6256_JPG.rf.016a22e064fe7fa83591f4b7a72aaabb.jpg,PET-bottle-with-cap-and-label,train
PET-bottle-with-cap-and-label_IMG_6256_JPG.rf.a40f49fa01a7a547113e7a8a6d33bd77.jpg,PET-bottle-with-cap-and-label,train
PET-bottle-with-cap-and-label_IMG_6256_JPG.rf.cdc52ee98ed28b18ecf6df23a11e265a.jpg,PET-bottle-with-cap-and-label,train
PET-bottle-with-cap-and-label_IMG_6487_JPG.rf.afce3dd6aee43be1a350f3d84ec35b4c.jpg,PET-bottle-with-cap-and-label,train
PET-bottle-with-cap-and-label_IMG_6488_JPG.rf.61f63ebbe1f655cb79e1fbc536f9c612.jpg,PET-bottle-with-cap-and-label,train
PET-bottle-with-cap-and-label_IMG_6489_JPG.rf.15f67fe763c1843cc0513d4bf47e504d.jpg,PET-bottle-with-cap-and-label,train
PET-bottle-with-cap-and-label_IMG_6489_JPG.rf.60fd72de8c61585b7286bc733f992139.jpg,PET-bottle-with-cap-and-label,train
PET-bottle-with-cap-and-label_IMG_6491_JPG.rf.2f29080d87ca54ce194f9ba5079421c5.jpg,PET-bottle-with-cap-and-label,train
PET-bottle-with-cap-and-label_IMG_6527_JPG.rf.5efa1ac1c531d66fb678f55d233c8619.jpg,PET-bottle-with-cap-and-label,train
PET-bottle-with-cap-and-label_IMG_6707_JPG.rf.72b9f487fec280067de48b47a5f1c536.jpg,PET-bottle-with-cap-and-label,train
PET-bottle-with-cap-and-label_IMG_6707_JPG.rf.78de8b4b7fe1c19ccdc5d6184cf27302.jpg,PET-bottle-with-cap-and-label,train
PET-bottle-with-cap-and-label_IMG_6708_JPG.rf.50a2ba0d9b1368178cca3bf756ad9509.jpg,PET-bottle-with-cap-and-label,train
PET-bottle-with-cap-and-label_IMG_6708_JPG.rf.60f4638f68bedb1f0985ecba3563090e.jpg,PET-bottle-with-cap-and-label,train
PET-bottle-with-cap-and-label_IMG_6714_JPG.rf.9a86dbd41338bf0922aa0a527c50579e.jpg,PET-bottle-with-cap-and-label,train
PET-bottle-with-cap-and-label_IMG_6746_JPG.rf.a747a4200479940fb5faa000ce188b20.jpg,PET-bottle-with-cap-and-label,train
PET-bottle-with-cap-and-label_IMG_6789_JPG.rf.00d10ac290ab7327a2e15ba124f35af2.jpg,PET-bottle-with-cap-and-label,train
PET-bottle-with-cap-and-label_IMG_6789_JPG.rf.cd617e2a0b329bf3a12b7910806182f3.jpg,PET-bottle-with-cap-and-label,train
PET-bottle-with-cap-and-label_IMG_6790_JPG.rf.ed7ef728c4a32386b10feb8179599a8e.jpg,PET-bottle-with-cap-and-label,train
PET-bottle-with-cap-and-label_IMG_6792_JPG.rf.993d1647dbfb586e4a3f23c0d9d7864d.jpg,PET-bottle-with-cap-and-label,train
PET-bottle-with-cap-and-label_IMG_6814_JPG.rf.7b33a525872e665378284a3b8850fb6c.jpg,PET-bottle-with-cap-and-label,train
PET-bottle-with-cap-and-label_IMG_6814_JPG.rf.7e2d3e93d585f686b0997f462e90c7ac.jpg,PET-bottle-with-cap-and-label,train
PET-bottle-with-cap-and-label_IMG_6814_JPG.rf.a4fc8372bf6ad223e5ebc95195c5788e.jpg,PET-bottle-with-cap-and-label,train
PET-bottle-with-cap-and-label_IMG_6815_JPG.rf.5e87b27378fb13d0455207d73f87be56.jpg,PET-bottle-with-cap-and-label,train
PET-bottle-with-cap-and-label_IMG_6816_JPG.rf.ac514c29ffb8a727c9838dc10431474c.jpg,PET-bottle-with-cap-and-label,train
PET-bottle-with-cap-and-label_IMG_6823_JPG.rf.92b1c396e0e5107af20e3ae8eaabdbe0.jpg,PET-bottle-with-cap-and-label,train
PET-bottle-with-cap-and-label_IMG_6833_JPG.rf.c1c8a68b93c13fa54251ac4a9e10f943.jpg,PET-bottle-with-cap-and-label,train
PET-bottle-with-cap-and-label_IMG_6833_JPG.rf.fcafb3e9167b69f2c81304e958292acf.jpg,PET-bottle-with-cap-and-label,train
PET-bottle-with-cap-and-label_IMG_6836_JPG.rf.5900fabfce345f2bab91c1671240473f.jpg,PET-bottle-with-cap-and-label,train
PET-bottle-with-cap-and-label_IMG_6837_JPG.rf.f81e82f274aa12b49d19f024e7b1c5e7.jpg,PET-bottle-with-cap-and-label,train
PET-bottle-with-cap-and-label_IMG_6845_JPG.rf.b26d57c647328928d6c47fd16bfa6999.jpg,PET-bottle-with-cap-and-label,train
PET-bottle-with-cap-and-label_IMG_6857_JPG.rf.946eb407cd71e62ed1776ea2a4e23e7a.jpg,PET-bottle-with-cap-and-label,train
PET-bottle-with-cap-and-label_IMG_6868_JPG.rf.2aa0e6b91dd178c7fcdb0784e0d71b2e.jpg,PET-bottle-with-cap-and-label,train
PET-bottle-with-cap-and-label_IMG_6882_JPG.rf.720f1dab65d44a6b97b7e38157928efb.jpg,PET-bottle-with-cap-and-label,train
PET-bottle-with-cap-and-label_IMG_6906_JPG.rf.2ac47e832e3ceb0ac715c9f24ec17a43.jpg,PET-bottle-with-cap-and-label,train
PET-bottle-with-cap-and-label_IMG_6906_JPG.rf.ade28555d939cd72a6f4948a5924f495.jpg,PET-bottle-with-cap-and-label,train
PET-bottle-with-cap-and-label_IMG_6907_JPG.rf.fe34a99f362a38100da77d31c89944c1.jpg,PET-bottle-with-cap-and-label,train
PET-bottle-with-cap-and-label_IMG_6908_JPG.rf.c4486fb373d74ea49b947ec0c9bb607d.jpg,PET-bottle-with-cap-and-label,train
PET-bottle-with-cap-and-label_IMG_6913_JPG.rf.33c9482394d6170c71dad70e36ddba35.jpg,PET-bottle-with-cap-and-label,train
PET-bottle-with-cap-and-label_IMG_6970_JPG.rf.cf22637d41b0ae5699a172a5b1eae3b2.jpg,PET-bottle-with-cap-and-label,train
PET-bottle-with-cap-and-label_IMG_6974_JPG.rf.5c9c66dffc56c3be131af53c5c6b4bf9.jpg,PET-bottle-with-cap-and-label,train
PET-bottle-with-cap-and-label_IMG_6974_JPG.rf.cf81672c0bf6176505c889c1a334caff.jpg,PET-bottle-with-cap-and-label,train
PET-bottle-with-cap-and-label_IMG_6986_JPG.rf.38333f6f36fc49556e5f397ef1ab4b46.jpg,PET-bottle-with-cap-and-label,train
PET-bottle-with-cap-and-label_IMG_6987_JPG.rf.9b650765c3656e20561ec76e1191cdb7.jpg,PET-bottle-with-cap-and-label,train
PET-bottle-with-cap-and-label_IMG_6989_JPG.rf.7dcc2b49cf9f31e5affd457acc19cc12.jpg,PET-bottle-with-cap-and-label,train
PET-bottle-with-cap-and-label_IMG_6989_JPG.rf.966ea4289d6248c9515d63d5ec810012.jpg,PET-bottle-with-cap-and-label,train
PET-bottle-with-cap-and-label_IMG_6992_JPG.rf.5ab44361dea56c6596ba939cdf6070d8.jpg,PET-bottle-with-cap-and-label,train
PET-bottle-with-cap-and-label_IMG_7037_JPG.rf.4baac34cbf415c4cf9533569d145a9f8.jpg,PET-bottle-with-cap-and-label,train
PET-bottle-with-cap-and-label_IMG_7037_JPG.rf.b1d14eb4361fba8f5b206737137fbad9.jpg,PET-bottle-with-cap-and-label,train
PET-bottle-with-cap-and-label_IMG_7037_JPG.rf.d5756587d65ac974e468f5e6533fc402.jpg,PET-bottle-with-cap-and-label,train
PET-bottle-with-cap-and-label_IMG_7038_JPG.rf.fc6636f548530006b11d75c008e0a2d7.jpg,PET-bottle-with-cap-and-label,train
PET-bottle-with-cap-and-label_IMG_7040_JPG.rf.84e0899930e7523334b914e766695bd9.jpg,PET-bottle-with-cap-and-label,train
PET-bottle-with-cap-and-label_IMG_7040_JPG.rf.99d612a4d0cd7da3b001ef323cb49b5e.jpg,PET-bottle-with-cap-and-label,train
PET-bottle-with-cap-and-label_IMG_7041_JPG.rf.f957c77c1a75d745fb524121171faf72.jpg,PET-bottle-with-cap-and-label,train
PET-bottle-with-cap-and-label_IMG_7042_JPG.rf.2aba7cadd6a5caa7099ac08acf142ed8.jpg,PET-bottle-with-cap-and-label,train
PET-bottle-with-cap-and-label_IMG_7045_JPG.rf.a9452c2187ba98542cd8194a1e965b64.jpg,PET-bottle-with-cap-and-label,train
PET-bottle-with-cap-and-label_IMG_4435_JPG.rf.055eb7c03404ea5090add2cb6d03364e.jpg,PET-bottle-with-cap-and-label,val
PET-bottle-with-cap-and-label_IMG_4883_JPG.rf.991688683e3474d660a9aef49b8af6c1.jpg,PET-bottle-with-cap-and-label,val
PET-bottle-with-cap-and-label_IMG_5056_JPG.rf.048cd266a41b5e7b11253e4079ece2da.jpg,PET-bottle-with-cap-and-label,val
PET-bottle-with-cap-and-label_IMG_5259_JPG.rf.46e6701729312042396d1e941186e00a.jpg,PET-bottle-with-cap-and-label,val
PET-bottle-with-cap-and-label_IMG_5426_JPG.rf.ffed4e246059cfdeb3439ff74bd8bc0e.jpg,PET-bottle-with-cap-and-label,val
PET-bottle-with-cap-and-label_IMG_6854_JPG.rf.81194eccf1e8f8a3dd46e2f1c40b8729.jpg,PET-bottle-with-cap-and-label,val
PET-bottle-with-cap-and-label_IMG_4719_JPG.rf.6a1d02013cd67f5de6bbf9ab793a8402.jpg,PET-bottle-with-cap-and-label,test
PET-bottle-with-cap-and-label_IMG_6967_JPG.rf.51391578dbdbbc61ea350da59eb00c5c.jpg,PET-bottle-with-cap-and-label,test
PET-bottle_8F769742-9F4D-48C1-B68E-DDFD9FB903AD_jpeg.rf.0d0f41a7fa19d9dbc6f2fe7fc902a068.jpg,PET-bottle,train
PET-bottle_IMG_0295_jpeg.rf.084fe75d2c08ef34f783954c78baaa87.jpg,PET-bottle,train
PET-bottle_IMG_2774-2_jpeg.rf.0e63fd532973d622c620147c5d8930e2.jpg,PET-bottle,train
PET-bottle_IMG_4376-2_jpeg.rf.b0dfc5cc1d5cf8d8fb946201c91924d6.jpg,PET-bottle,train
PET-bottle_IMG_4406-2_jpeg.rf.30063eaa02d14607da41a243c4fbba7d.jpg,PET-bottle,train
PET-bottle_IMG_5389-2_jpeg.rf.547d8d80337113add0bf8557898e8f74.jpg,PET-bottle,train
PET-bottle_IMG_5814-2_jpeg.rf.42bea0dbf96b86c1e517337577852a4e.jpg,PET-bottle,train
PET-bottle_IMG_6314-2_jpeg.rf.6d1b1b86b7afa9d4aa1ec9f6ac749bfa.jpg,PET-bottle,train
PET-bottle_IMG_6606-2_jpeg.rf.23f75c1ab60b22c7d4c44b91fa4557a6.jpg,PET-bottle,train
PET-bottle_IMG_6622-3_jpeg.rf.01726d13ff5049bc7ef496aba0ab238b.jpg,PET-bottle,train
PET-bottle_IMG_6623-3_jpeg.rf.30cddc60b08cb5f0982e0dee34cbe855.jpg,PET-bottle,train
PET-bottle_IMG_6624-3_jpeg.rf.5563097c46e7f90a064e8c32a17766ae.jpg,PET-bottle,train
PET-bottle_IMG_6625-2_jpeg.rf.0cb3428d010c4089d262afb247bb44c6.jpg,PET-bottle,train
PET-bottle_IMG_6628-2_jpeg.rf.0aff0afa3ca7cd186e4a3e4cc807cf91.jpg,PET-bottle,train
PET-bottle_IMG_6629-2_jpeg.rf.88c7dd1e2a835f95cb8a09197bdafeca.jpg,PET-bottle,train
PET-bottle_IMG_6630-2_jpeg.rf.2d566b1dc687b8372c1fa883e95830bf.jpg,PET-bottle,train
PET-bottle_IMG_6631-2_jpeg.rf.51bfbd9b6ac2eadc6a4645e6b38ab4a5.jpg,PET-bottle,train
PET-bottle_IMG_6634-2_jpeg.rf.2ed856d749a42c14a812a5b46da1f983.jpg,PET-bottle,train
PET-bottle_IMG_6636-3_jpeg.rf.18aa64822401049d9ee40a148860456f.jpg,PET-bottle,train
PET-bottle_IMG_6637-2_jpeg.rf.0eee8f4c79e6258c35caf58ba640316e.jpg,PET-bottle,train
PET-bottle_IMG_6638-2_jpeg.rf.7a8a069fb61c52d1fcf91d17e8fd9c05.jpg,PET-bottle,train
PET-bottle_IMG_6639-2_jpeg.rf.3cb2fb1f889c2a5c72906cab923ad7bb.jpg,PET-bottle,train
PET-bottle_IMG_6642-2_jpeg.rf.1b4b174d022ffd1a4f7934489da16f00.jpg,PET-bottle,train
PET-bottle_IMG_6643-2_jpeg.rf.a881e8a3e5daad92b1d649d638bb546b.jpg,PET-bottle,train
PET-bottle_IMG_6644-3_jpeg.rf.42230d23d44b1e3cda01eb09d458e905.jpg,PET-bottle,train
PET-bottle_IMG_6648-3_jpeg.rf.528b5c258df4b1a651e915cdb5542a8d.jpg,PET-bottle,train
PET-bottle_IMG_6650-2_jpeg.rf.222eca3efb3c0aeabf639159a2f818d5.jpg,PET-bottle,train
PET-bottle_IMG_6652-2_jpeg.rf.07c636b92f98f08203468de2888e8931.jpg,PET-bottle,train
PET-bottle_IMG_6653-2_jpeg.rf.1f9b21a01a831aecbebd57831a51afcc.jpg,PET-bottle,train
PET-bottle_IMG_6655-2_jpeg.rf.057736a5360c7d5c204915cffa5d1b61.jpg,PET-bottle,train
PET-bottle_IMG_6767-2_jpeg.rf.4242c45baf3e43e4e2bd5973e3111bb4.jpg,PET-bottle,train
PET-bottle_IMG_6768-2_jpeg.rf.1176754429074a762a6966ebd3679d61.jpg,PET-bottle,train
PET-bottle_IMG_6769-2_jpeg.rf.319ccd067849f797dd296cf017637487.jpg,PET-bottle,train
PET-bottle_IMG_6770-2_jpeg.rf.24c784aa3e94bfd0a214ee991fa0d926.jpg,PET-bottle,train
PET-bottle_IMG_6772-2_jpeg.rf.3d71cf08e3ed7a1189f71db36d2f0103.jpg,PET-bottle,train
PET-bottle_IMG_6784-2_jpeg.rf.2c2e06c67ad8775545945f5ada67376e.jpg,PET-bottle,train
PET-bottle_IMG_6785-2_jpeg.rf.197c1647fce20b9b16567faf3ef26d7f.jpg,PET-bottle,train
PET-bottle_IMG_6786-2_jpeg.rf.6185981072d5c9b24712a43c9f0ce0b8.jpg,PET-bottle,train
PET-bottle_IMG_6788-2_jpeg.rf.bc2c3f5c298e6c8dd3afb7900bdc2c64.jpg,PET-bottle,train
PET-bottle_IMG_6789-2_jpeg.rf.0a1fe849ce1adeff22eac91e293c4504.jpg,PET-bottle,train
PET-bottle_IMG_6793-2_jpeg.rf.89e6adf16df0934093433a2e74641bf1.jpg,PET-bottle,train
PET-bottle_IMG_6794-2_jpeg.rf.0db310389b9c0c6e3d70234012f2d7ae.jpg,PET-bottle,train
PET-bottle_IMG_6795-2_jpeg.rf.1b924e9987a638fa11e26f19861c2ff6.jpg,PET-bottle,train
PET-bottle_IMG_6796-2_jpeg.rf.0deb0273f6324ec2c8e2bd5070501850.jpg,PET-bottle,train
PET-bottle_IMG_6800-2_jpeg.rf.6625db6733f81845780ee0e4eb5cfaf6.jpg,PET-bottle,train
PET-bottle_IMG_6801-3_jpeg.rf.34c21ae4b29800af60f57aa3651aeb20.jpg,PET-bottle,train
PET-bottle_IMG_6827-2_jpeg.rf.6350fe8701c9bfab67518a84991da7c6.jpg,PET-bottle,train
PET-bottle_IMG_6828-2_jpeg.rf.118dd9018119b7dcc75a19b516879011.jpg,PET-bottle,train
PET-bottle_IMG_6831-2_jpeg.rf.7313622bc79f4c53f2d05d89f7d73b50.jpg,PET-bottle,train
PET-bottle_IMG_6833-5_jpeg.rf.7d5495efdf5f2f47f886336b58fd01e8.jpg,PET-bottle,train
PET-bottle_IMG_6838-3_jpeg.rf.000b0b0bfcb79b3e9b8a45853d3bc9bd.jpg,PET-bottle,train
PET-bottle_IMG_6839-3_jpeg.rf.2a7f7fae963ab88c48bfdcaa10a1fdc4.jpg,PET-bottle,train
PET-bottle_IMG_6841-3_jpeg.rf.7c193f9eb01c5202b38ba2cfba854ba1.jpg,PET-bottle,train
PET-bottle_IMG_6842-2_jpeg.rf.7cd99211b863d28d2e174b69c7131153.jpg,PET-bottle,train
PET-bottle_IMG_6843-2_jpeg.rf.52eb390ffed6a989d7e0c5634ca1bce4.jpg,PET-bottle,train
PET-bottle_IMG_6844-3_jpeg.rf.23ebeb7ac9d0424c71519d8ca42176e6.jpg,PET-bottle,train
PET-bottle_IMG_6845-2_jpeg.rf.3584a3800330992c74300c908cd8e1fd.jpg,PET-bottle,train
PET-bottle_IMG_6846-3_jpeg.rf.28e40e004a94999ff58479fe6cab7ed4.jpg,PET-bottle,train
PET-bottle_IMG_6849-3_jpeg.rf.11d56b227bdee132bf8a534d6c931fc1.jpg,PET-bottle,train
PET-bottle_IMG_6851-3_jpeg.rf.3079f6c6d941dd76b542fabb090bc6f5.jpg,PET-bottle,train
PET-bottle_IMG_6852-2_jpeg.rf.0ed457a1492a8c3b65db6e2fe8598cdf.jpg,PET-bottle,train
PET-bottle_IMG_6853-2_jpeg.rf.27aa2a74bddde539aec85ee14e544e48.jpg,PET-bottle,train
PET-bottle_IMG_6854-2_jpeg.rf.736561b0a5d07d971b568644ba3a6065.jpg,PET-bottle,train
PET-bottle_IMG_6856-2_jpeg.rf.154d8c98286f9487a5a93f81d83d0721.jpg,PET-bottle,train
PET-bottle_IMG_6857-2_jpeg.rf.3c20453f111afdabf4e8e2df1bfb37a4.jpg,PET-bottle,train
PET-bottle_IMG_6858-3_jpeg.rf.39c1ddbe28a7a98e3d2322c7d9f8a3a4.jpg,PET-bottle,train
PET-bottle_IMG_6861-3_jpeg.rf.595014bd6a40f19cd65c99fb5283a3b0.jpg,PET-bottle,train
PET-bottle_IMG_6862-2_jpeg.rf.380a18e6a0d9b3110821e86c57c55fe0.jpg,PET-bottle,train
PET-bottle_IMG_6863-2_jpeg.rf.1683c265d47f4d266115e8cb20a07859.jpg,PET-bottle,train
PET-bottle_IMG_6864-2_jpeg.rf.2be12b66f8ec8d122c5bd63f0f8bd8d1.jpg,PET-bottle,train
PET-bottle_IMG_6865-3_jpeg.rf.a117af863ab731ec95c0d72d5ba7f13c.jpg,PET-bottle,train
PET-bottle_IMG_6866-2_jpeg.rf.4c0618eb086d4a72f8265527228267e9.jpg,PET-bottle,train
PET-bottle_IMG_6867-2_jpeg.rf.1b88865cef0960aa302911286a61907b.jpg,PET-bottle,train
PET-bottle_IMG_6868-2_jpeg.rf.a2b4f54ca0343d32fded277f9394e620.jpg,PET-bottle,train
PET-bottle_IMG_6869-2_jpeg.rf.02976e3bbab0869f91f0214208b36ac4.jpg,PET-bottle,train
PET-bottle_IMG_6878-3_jpeg.rf.4f2dabba89e667d87d0123af0a79b54f.jpg,PET-bottle,train
PET-bottle_IMG_6879-2_jpeg.rf.3e3c8e47fd2dc4c868f166c0e3d52409.jpg,PET-bottle,train
PET-bottle_IMG_6880-2_jpeg.rf.9aa7b0d26140ae361d70f3778d9a692a.jpg,PET-bottle,train
PET-bottle_IMG_6881-2_jpeg.rf.2b5d738150c31446c243da735d660c8a.jpg,PET-bottle,train
PET-bottle_IMG_6882-3_jpeg.rf.7bdcda3d1fc1859bd62608862a281f33.jpg,PET-bottle,train
PET-bottle_IMG_6883-2_jpeg.rf.131b627710e0889bf902f1fde151f950.jpg,PET-bottle,train
PET-bottle_IMG_6884-2_jpeg.rf.0bdc691ee086b9036d7d5b59f1ffd132.jpg,PET-bottle,train
PET-bottle_IMG_6889-3_jpeg.rf.39f24cb3f69f94936d1a8e30cf542f00.jpg,PET-bottle,train
PET-bottle_IMG_6890-2_jpeg.rf.0a767c3a257a67004a12da3fd8a8d5b1.jpg,PET-bottle,train
PET-bottle_IMG_6893-2_jpeg.rf.3f20ea513cff939d8099c359b9e1f3a1.jpg,PET-bottle,train
PET-bottle_IMG_6895-2_jpeg.rf.154288e89d850147901429366815821a.jpg,PET-bottle,train
PET-bottle_IMG_6896-3_jpeg.rf.30b632e2d94b903fb80e1ac8addbec50.jpg,PET-bottle,train
PET-bottle_IMG_6897-2_jpeg.rf.44541605ea5d394555623fbf40d51148.jpg,PET-bottle,train
PET-bottle_IMG_6899-3_jpeg.rf.20af738599302a2280bc889f43dd78b4.jpg,PET-bottle,train
PET-bottle_IMG_6943-2_jpeg.rf.16713c17e1584bdee26164c778f68dce.jpg,PET-bottle,train
PET-bottle_IMG_6944-2_jpeg.rf.78d29311eb113243b410f0e9ef8a0b5d.jpg,PET-bottle,train
PET-bottle_IMG_6945-2_jpeg.rf.2f5a5547a23dbb390b2b30c485da1aa2.jpg,PET-bottle,train
PET-bottle_IMG_6946-4_jpeg.rf.6548a4c42996eb43f3ba11c26cf0e8b4.jpg,PET-bottle,train
PET-bottle_IMG_6947-4_jpeg.rf.2fabbff566e7142f6a0e039b41de4d19.jpg,PET-bottle,train
PET-bottle_IMG_6948-2_jpeg.rf.0c9e4abde5146d8e43f43a04754e4482.jpg,PET-bottle,train
PET-bottle_IMG_6950-2_jpeg.rf.25521e9941059546d329d9c681292fd7.jpg,PET-bottle,train
PET-bottle_IMG_6952_jpeg.rf.18200aa8b5f3bd0b79a0a371d466472a.jpg,PET-bottle,train
PET-bottle_IMG_6966-2_jpeg.rf.0081d23af41fd7203167d183d5b4c6f2.jpg,PET-bottle,train
PET-bottle_IMG_6977-2_jpeg.rf.534ac58add350b069f2f119a244ee4bd.jpg,PET-bottle,train
PET-bottle_IMG_6979-2_jpeg.rf.26e92b088768ad85e7ddcbf48c395c13.jpg,PET-bottle,train
PET-bottle_IMG_6980-2_jpeg.rf.7ad3c0bc7b3ea588b7988af9f21ed9a9.jpg,PET-bottle,train
PET-bottle_IMG_6981-2_jpeg.rf.0c7c897671725288b086b06406f6dc51.jpg,PET-bottle,train
PET-bottle_IMG_6982-2_jpeg.rf.5c0ebe448bdbd47a5fb5c307ec269b3f.jpg,PET-bottle,train
PET-bottle_IMG_6984-2_jpeg.rf.3a5a88b5eb2087668b03d143d61f5a35.jpg,PET-bottle,train
PET-bottle_IMG_6986-2_jpeg.rf.2b7fb1d3bdb2f4bfac9b67f5bcd38105.jpg,PET-bottle,train
PET-bottle_IMG_6988-2_jpeg.rf.5682424cbc05fe2dabf74be7f51e4876.jpg,PET-bottle,train
PET-bottle_IMG_6989-2_jpeg.rf.2922a3cd58d31102f1ec75d1378b6a9b.jpg,PET-bottle,train
PET-bottle_IMG_6990-2_jpeg.rf.14a959aa5f455683b59c57986885ce8e.jpg,PET-bottle,train
PET-bottle_IMG_6992-2_jpeg.rf.55ccb46a53f113e562ed5a5e29e79ec5.jpg,PET-bottle,train
PET-bottle_IMG_6993-2_jpeg.rf.696145ce8a4fa4d57bfdf3748bd914d7.jpg,PET-bottle,train
PET-bottle_IMG_6996-2_jpeg.rf.4df7d67b59924fade34dbf271369fd95.jpg,PET-bottle,train
PET-bottle_IMG_6997-2_jpeg.rf.4b95a323311f60abeb22852556299c6c.jpg,PET-bottle,train
PET-bottle_IMG_6999-2_jpeg.rf.1131757b2d1f5d87afde125edeb286a8.jpg,PET-bottle,train
PET-bottle_IMG_7001-2_jpeg.rf.11dce6df32d2f33d229d01a126773f8c.jpg,PET-bottle,train
PET-bottle_IMG_7006-2_jpeg.rf.6bd1e5ded7e17caba2e85265601a7951.jpg,PET-bottle,train
PET-bottle_IMG_7006-4_jpeg.rf.9df9591db44b337dfa7e4284f531894b.jpg,PET-bottle,train
PET-bottle_IMG_7020-2_jpeg.rf.3f852d1432b0e24ca566bf65464c60c5.jpg,PET-bottle,train
PET-bottle_IMG_7023-2_jpeg.rf.bcb52d4ca68bb7410fbceb61392bccf4.jpg,PET-bottle,train
PET-bottle_IMG_7024-2_jpeg.rf.bd53e631e0da39afbdcc90a1af70f034.jpg,PET-bottle,train
PET-bottle_IMG_7027-2_jpeg.rf.5ae0f8a73951b66b877f907192a40400.jpg,PET-bottle,train
PET-bottle_IMG_7029-2_jpeg.rf.40cbffa7410bcd0c49e06913df25f9ff.jpg,PET-bottle,train
PET-bottle_IMG_7032-2_jpeg.rf.0af7ed65bec2814fec09920d6a8c5902.jpg,PET-bottle,train
PET-bottle_IMG_7034-2_jpeg.rf.5f32105cc812cf5acc45b703646a456d.jpg,PET-bottle,train
PET-bottle_IMG_7035-2_jpeg.rf.aa26608d7a7d6275b561052c52ccbda6.jpg,PET-bottle,train
PET-bottle_IMG_7037-2_jpeg.rf.304ab4755e41abeaf25486ee5929a8c2.jpg,PET-bottle,train
PET-bottle_IMG_7038-2_jpeg.rf.23287a761aa81571c998069637f1541d.jpg,PET-bottle,train
PET-bottle_IMG_7039-2_jpeg.rf.0c3c5ba487ad2f735512fa0a33e495e5.jpg,PET-bottle,train
PET-bottle_IMG_7040-2_jpeg.rf.018b4f38b40752d951e222166300acc9.jpg,PET-bottle,train
PET-bottle_IMG_7044-2_jpeg.rf.55f31fd31487690ee20b2f482d9a349d.jpg,PET-bottle,train
PET-bottle_IMG_7046-2_jpeg.rf.2017d02c66d5dd50d4e0af9dd24ccba6.jpg,PET-bottle,train
PET-bottle_IMG_7050-2_jpeg.rf.1c1897c9e467b14cc54f2790b05e0577.jpg,PET-bottle,train
PET-bottle_IMG_7051-2_jpeg.rf.4ea4e02b4d48fdbdee4a294784f793fc.jpg,PET-bottle,train
PET-bottle_IMG_7055_jpeg.rf.2d2a08901b4871ebf10ef5626e0bb445.jpg,PET-bottle,train
PET-bottle_IMG_7061_jpeg.rf.1ab01c66b636f81f7076a44e20aad064.jpg,PET-bottle,train
PET-bottle_IMG_7064_jpeg.rf.7b221c59fb6a0c3b22d1061f89783115.jpg,PET-bottle,train
PET-bottle_IMG_7068_jpeg.rf.2a607181c42be019c7e92b5dcad15389.jpg,PET-bottle,train
PET-bottle_IMG_7071_jpeg.rf.13e9e3a4a09e8cf2c8a6322e7348d555.jpg,PET-bottle,train
PET-bottle_IMG_7072_jpeg.rf.6d00951cf79eb564a4cc7ebef9beff8f.jpg,PET-bottle,train
PET-bottle_IMG_7073_jpeg.rf.6229a41f1dc0bade611e62b8a0eb4040.jpg,PET-bottle,train
PET-bottle_IMG_7074_jpeg.rf.067b73ffcf29eb21f25e0ba631b854e6.jpg,PET-bottle,train
PET-bottle_IMG_7076_jpeg.rf.5dd8cd22246c94147d7b7550b83b14bf.jpg,PET-bottle,train
PET-bottle_IMG_7077_jpeg.rf.0307b4b4228e2d918748404984e4c9f8.jpg,PET-bottle,train
PET-bottle_IMG_7078_jpeg.rf.471aa2be1947165ba74c157d5ec64446.jpg,PET-bottle,train
PET-bottle_IMG_7092_jpeg.rf.6b1474a6ee80a2b501e81a8a7f7db62a.jpg,PET-bottle,train
PET-bottle_IMG_7109_jpeg.rf.3948dcfb0bc98ef6ad4fd3106a02e19e.jpg,PET-bottle,train
PET-bottle_IMG_7113_jpeg.rf.59e4586382aa1b1e9096df9d24532e19.jpg,PET-bottle,train
PET-bottle_IMG_7115_jpeg.rf.541afc2b1b2829fa6213756ef54ea8db.jpg,PET-bottle,train
PET-bottle_IMG_7122_jpeg.rf.3dbbbc032b0bc6b2beecce418003bdc9.jpg,PET-bottle,train
PET-bottle_IMG_7124_jpeg.rf.92b0a3a85db550f2062bc34e01c3b1d7.jpg,PET-bottle,train
PET-bottle_IMG_7125_jpeg.rf.0d60d241856abf97543702bf699cca2b.jpg,PET-bottle,train
PET-bottle_IMG_7126_jpeg.rf.1fc606c471f00dcbc1fa51ef9a9aabe8.jpg,PET-bottle,train
PET-bottle_IMG_7127_jpeg.rf.2cdaefbf3b3138e60526cba6a968b113.jpg,PET-bottle,train
PET-bottle_IMG_7129_jpeg.rf.38cde5ecd4011a2c14cb562ab5a824ff.jpg,PET-bottle,train
PET-bottle_IMG_7130_jpeg.rf.6a01669e4c6449abc84d16bcdf17a958.jpg,PET-bottle,train
PET-bottle_IMG_7132_jpeg.rf.43cb823d05b68277fb7192e46a44e6b8.jpg,PET-bottle,train
PET-bottle_IMG_7133_jpeg.rf.40d22df93c4a5eb097ab831ba870498b.jpg,PET-bottle,train
PET-bottle_IMG_7134_jpeg.rf.0a611f81dbf89687796ffce9484edcf8.jpg,PET-bottle,train
PET-bottle_IMG_7135_jpeg.rf.298de22d939930dbe17318438a0bd449.jpg,PET-bottle,train
PET-bottle_IMG_7137_jpeg.rf.13d25e911f4f467aaa22ae5fc71dd2d9.jpg,PET-bottle,train
PET-bottle_IMG_7138_jpeg.rf.8db9ebb3053fb14ffa802077a55222a2.jpg,PET-bottle,train
PET-bottle_IMG_7139_jpeg.rf.3776be874a110113a1115f8449530edf.jpg,PET-bottle,train
PET-bottle_IMG_7142_jpeg.rf.5e190dffd7ed85d8c14572565ffd8188.jpg,PET-bottle,train
PET-bottle_IMG_7144_jpeg.rf.67032d5a4c4d697a86df41f7bf52269c.jpg,PET-bottle,train
PET-bottle_IMG_7144_jpeg.rf.d64551106ae4cce36ad07f02e568b1ae.jpg,PET-bottle,train
PET-bottle_IMG_7145_jpeg.rf.04e0f88686f26bb60fb848c66ffe6d43.jpg,PET-bottle,train
PET-bottle_IMG_7145_jpeg.rf.b6d24c6a4a464f725f03bbff8ff9d033.jpg,PET-bottle,train
PET-bottle_IMG_7146_jpeg.rf.7912bce2ae623cba4dfc6eb30b71a5a3.jpg,PET-bottle,train
PET-bottle_IMG_7147_jpeg.rf.6da8df404f2d768636e0e10e3e12781c.jpg,PET-bottle,train
PET-bottle_IMG_7148_jpeg.rf.5424bb18eb496af7751c5147fc821e56.jpg,PET-bottle,train
PET-bottle_IMG_7150_jpeg.rf.3736e71bd549b3359f42f4be5ebb3f39.jpg,PET-bottle,train
PET-bottle_IMG_7152_jpeg.rf.0f87217be1ee78745b1c355ff245615e.jpg,PET-bottle,train
PET-bottle_IMG_7154_jpeg.rf.92ff79a1aa0b9bed08304bd0584579d2.jpg,PET-bottle,train
PET-bottle_IMG_7157_jpeg.rf.360a6f100f399131e1b8d76a1f0f71d8.jpg,PET-bottle,train
PET-bottle_IMG_7158_jpeg.rf.3b22df75e10a66d3bc5e1ae8d119e608.jpg,PET-bottle,train
PET-bottle_IMG_7158_jpeg.rf.66906a93c34f193cbca22c5db3784cca.jpg,PET-bottle,train
PET-bottle_IMG_7160_jpeg.rf.61c59fb9373ee9b77d1508df6bdae73e.jpg,PET-bottle,train
PET-bottle_IMG_7161_jpeg.rf.1bc2167dccba6ba7521780085df8774e.jpg,PET-bottle,train
PET-bottle_IMG_7162_jpeg.rf.4d3171ea1695c777b426412e590cc490.jpg,PET-bottle,train
PET-bottle_IMG_7163_jpeg.rf.0fccdcef98eb2fd23df3deb35c130c35.jpg,PET-bottle,train
PET-bottle_IMG_7164_jpeg.rf.6e020090f6006d3155aa65aa10fd4cbc.jpg,PET-bottle,train
PET-bottle_IMG_7167_jpeg.rf.13e16605c047ccc8411a623b0a87c5fe.jpg,PET-bottle,train
PET-bottle_IMG_7168_jpeg.rf.02424da643831aa791f8b40f42caebd3.jpg,PET-bottle,train
PET-bottle_IMG_7168_jpeg.rf.504339e703e6f71f38add355c4bf00f1.jpg,PET-bottle,train
PET-bottle_IMG_7169_jpeg.rf.0ec5a20d2f98ae3e90a87a765e5cf176.jpg,PET-bottle,train
PET-bottle_IMG_7170_jpeg.rf.a11a4e55e40b0ba96b4c7415f796f243.jpg,PET-bottle,train
PET-bottle_IMG_7171_jpeg.rf.ccc7eb469d5e4a00a8e22329ee455efe.jpg,PET-bottle,train
PET-bottle_IMG_7172_jpeg.rf.06d286f38c1869182dd7a9e246b86796.jpg,PET-bottle,train
PET-bottle_IMG_7173_jpeg.rf.1268f41192bc0b6131297f505403e3be.jpg,PET-bottle,train
PET-bottle_IMG_7176_jpeg.rf.8a5e547ac0c0781f849d7ebaa41ad933.jpg,PET-bottle,train
PET-bottle_IMG_7178_jpeg.rf.6495d3e2f599e28ad09c548f5f1fc554.jpg,PET-bottle,train
PET-bottle_IMG_7179_jpeg.rf.0901b47dee97a41a13c42286785294dd.jpg,PET-bottle,train
PET-bottle_IMG_7182_jpeg.rf.620a1e46affe9a3b2f7094e4a85211f2.jpg,PET-bottle,train
PET-bottle_IMG_7183_jpeg.rf.3b366359aceaa0d9b3605d275f7e9da4.jpg,PET-bottle,train
PET-bottle_IMG_7184_jpeg.rf.44ff8b720b6c5949dd004c5786a49816.jpg,PET-bottle,train
PET-bottle_IMG_7187_jpeg.rf.0c27aef583deb5898a35b28192c8331c.jpg,PET-bottle,train
PET-bottle_IMG_7214_jpeg.rf.c6f0fdd4896da949374ebd0e2b78ee84.jpg,PET-bottle,train
PET-bottle_IMG_7217_jpeg.rf.189e0da949ca7774ec453e48e1a5faa1.jpg,PET-bottle,train
PET-bottle_IMG_7224_jpeg.rf.3abc54888d3dee21d1527dd6bad94ed9.jpg,PET-bottle,train
PET-bottle_IMG_7225_jpeg.rf.02391eda4cf2b119899b00b04104f83f.jpg,PET-bottle,train
PET-bottle_IMG_7226_jpeg.rf.1bc3fbc175d5450ac6cc7395c98b4363.jpg,PET-bottle,train
PET-bottle_IMG_7227_jpeg.rf.48268f9a6ef4ad828931307553dcb8cb.jpg,PET-bottle,train
PET-bottle_IMG_7227_jpeg.rf.80b357d1c83a122106ca698ff14fc4c5.jpg,PET-bottle,train
PET-bottle_IMG_7228_jpeg.rf.8c3f12f67256ea948a778eb505f5ed5d.jpg,PET-bottle,train
PET-bottle_IMG_7228_jpeg.rf.fb14e3f3a9cd855d552d97817c2f0692.jpg,PET-bottle,train
PET-bottle_IMG_7229_jpeg.rf.4b8bea0150cb2cdab80051e2cfb15811.jpg,PET-bottle,train
PET-bottle_IMG_7231_jpeg.rf.1c99eee79a8345a257bbb247fd91074d.jpg,PET-bottle,train
PET-bottle_IMG_7232_jpeg.rf.0e1ffa8512eb588d3c0ced3108d2a7ce.jpg,PET-bottle,train
PET-bottle_IMG_7255_jpeg.rf.82e800a3511603885c832550c3f38e59.jpg,PET-bottle,train
PET-bottle_IMG_7256_jpeg.rf.8365aefcb7590d6d73fb770c2124b76d.jpg,PET-bottle,train
PET-bottle_IMG_7259_jpeg.rf.36e7f8079adcc68a42ac3fe5c569e907.jpg,PET-bottle,train
PET-bottle_IMG_7262_jpeg.rf.0321b5776caec2cc6ad607a8506986c9.jpg,PET-bottle,train
PET-bottle_IMG_7263_jpeg.rf.126e65ab19cf4d244cfa5cf7af7a70fd.jpg,PET-bottle,train
PET-bottle_IMG_7264_jpeg.rf.2f896a0548b8c9ce500b1f03f266e196.jpg,PET-bottle,train
PET-bottle_IMG_7266_jpeg.rf.7d1ea3310ffbb392dac344ce9a707be4.jpg,PET-bottle,train
PET-bottle_IMG_7269_jpeg.rf.06505544dbad1aeceb1c5505e7b5670e.jpg,PET-bottle,train
PET-bottle_IMG_7272_jpeg.rf.05e5308f1032d347cc469f684927ff8d.jpg,PET-bottle,train
PET-bottle_IMG_7274_jpeg.rf.8119c9b5a0dd588aef455b511a7b736a.jpg,PET-bottle,train
PET-bottle_IMG_7276_jpeg.rf.01a571cfd392c7d96a04db1c04833560.jpg,PET-bottle,train
PET-bottle_IMG_7278_jpeg.rf.8d71744b175fa07feae072ea9884dd5c.jpg,PET-bottle,train
PET-bottle_IMG_7279_jpeg.rf.4448ef1a3690ea9ebaf662821f337402.jpg,PET-bottle,train
PET-bottle_IMG_7280_jpeg.rf.14142a4c74809fed474611c26ed85081.jpg,PET-bottle,train
PET-bottle_IMG_7281_jpeg.rf.3799162eb04f4fe13148330652c6c906.jpg,PET-bottle,train
PET-bottle_IMG_7285_jpeg.rf.00b2d3d8991933cb7aabfd482f68ccc7.jpg,PET-bottle,train
PET-bottle_IMG_7286_jpeg.rf.19a5bb4d68603ae5cd64d7995e08937e.jpg,PET-bottle,train
PET-bottle_IMG_7287_jpeg.rf.28ff4ed894bdc15413b83e73b8426911.jpg,PET-bottle,train
PET-bottle_IMG_7288_jpeg.rf.23ac1c7dff13ab96f170933b3dffdf05.jpg,PET-bottle,train
PET-bottle_IMG_7290_jpeg.rf.0ea185be1e671373be4527a687f7dc39.jpg,PET-bottle,train
PET-bottle_IMG_7293_jpeg.rf.ba9122b679540521de61e1712737fa32.jpg,PET-bottle,train
PET-bottle_IMG_7294_jpeg.rf.2f69746930b53c7c94f76bbeac7d5aa7.jpg,PET-bottle,train
PET-bottle_IMG_7296_jpeg.rf.0fe76764d4d1b881ad25e6acdb0fa330.jpg,PET-bottle,train
PET-bottle_IMG_7297_jpeg.rf.3d13649946f3f8f60f97da74b91ca2c6.jpg,PET-bottle,train
PET-bottle_IMG_7298_jpeg.rf.33acca14e6258b4fc372e6d1f18afaaf.jpg,PET-bottle,train
PET-bottle_IMG_7299_jpeg.rf.07dad50a9bc886f42c23dc8d1d680cc1.jpg,PET-bottle,train
PET-bottle_IMG_7300_jpeg.rf.31194e715fa5dbf3bcfa33d26eb544be.jpg,PET-bottle,train
PET-bottle_IMG_7301_jpeg.rf.4a623f2ea9e9112995bc4cb09c3ead5a.jpg,PET-bottle,train
PET-bottle_IMG_7302_jpeg.rf.2ddf28846034e0f79e8053519b424b48.jpg,PET-bottle,train
PET-bottle_IMG_7303_jpeg.rf.8f7ed035973cea604b24f9122baa6979.jpg,PET-bottle,train
PET-bottle_IMG_7304_jpeg.rf.258e1d40d286aecb5fb84ecf2bdd9799.jpg,PET-bottle,train
PET-bottle_IMG_7305_jpeg.rf.3a75655dc4bffec027c3cb25b993e701.jpg,PET-bottle,train
PET-bottle_IMG_7306_jpeg.rf.328b3fd0607d60adf38c4397b77b1edc.jpg,PET-bottle,train
PET-bottle_IMG_7307_jpeg.rf.48fa5c6ee61b7fbb60b802074e5076ff.jpg,PET-bottle,train
PET-bottle_IMG_7309_jpeg.rf.0d3458f53347144b4dde7df57ad3a29f.jpg,PET-bottle,train
PET-bottle_IMG_7310_jpeg.rf.0356a3e71e8aaeaa8440dabff6b26daa.jpg,PET-bottle,train
PET-bottle_IMG_7311_jpeg.rf.54034104302cbc54a75eddb1a9a338a4.jpg,PET-bottle,train
PET-bottle_IMG_7312_jpeg.rf.064cb08e251e4ab826d3d06e72529b0a.jpg,PET-bottle,train
PET-bottle_IMG_7313_jpeg.rf.1768427ea1dab20912f4a280f80edbc9.jpg,PET-bottle,train
PET-bottle_IMG_7313_jpeg.rf.84bf240c71a062abb14da3b58a6cd5ad.jpg,PET-bottle,train
PET-bottle_IMG_7313_jpeg.rf.f9349c816bf58de32afe05b1d596ee9e.jpg,PET-bottle,train
PET-bottle_IMG_7314_jpeg.rf.31ff81edd95a8f8ab210c7a4ec62329b.jpg,PET-bottle,train
PET-bottle_IMG_7315_jpeg.rf.6a329eafa05830512e45f340fa115098.jpg,PET-bottle,train
PET-bottle_IMG_7316_jpeg.rf.058e18e4a8687a396da64e6972f781ae.jpg,PET-bottle,train
PET-bottle_IMG_7320_jpeg.rf.1e4ac8beec8e3b0e0efad4ef0de71a43.jpg,PET-bottle,train
PET-bottle_IMG_7321_jpeg.rf.462e8bc3eddfe4cfde6bfa8d6d02aefc.jpg,PET-bottle,train
PET-bottle_IMG_7322_jpeg.rf.576cd96e33d510165051bc1b595c2d16.jpg,PET-bottle,train
PET-bottle_IMG_7323_jpeg.rf.a5d66dc75a7273afd208d919f7c88869.jpg,PET-bottle,train
PET-bottle_IMG_7323_jpeg.rf.f57ec786b6c57c00f1aec0c2875fc278.jpg,PET-bottle,train
PET-bottle_IMG_7325_jpeg.rf.294f23f90b54f4c66c552ff60a1e7466.jpg,PET-bottle,train
PET-bottle_IMG_7327_jpeg.rf.0c35d210f9cb69790a6b5a67e6bdaa84.jpg,PET-bottle,train
PET-bottle_IMG_7328_jpeg.rf.9f57c24a056d84e972c428c7cbb03572.jpg,PET-bottle,train
PET-bottle_IMG_7329_jpeg.rf.05daf7d9eea08745d9b399929f3f03c9.jpg,PET-bottle,train
PET-bottle_IMG_7330_jpeg.rf.1adb1542fc7e54454f65afaec2696ac7.jpg,PET-bottle,train
PET-bottle_IMG_7331_jpeg.rf.661e5b2d128147a8afc4b102c27c72db.jpg,PET-bottle,train
PET-bottle_IMG_7332_jpeg.rf.0f4c673898b25c3dbb72f6e56f2eca08.jpg,PET-bottle,train
PET-bottle_IMG_7333_jpeg.rf.24e13aa1080e29fe707e15cff54ea0f0.jpg,PET-bottle,train
PET-bottle_IMG_7334_jpeg.rf.5e0a02fa1485d9f079e05594506e6324.jpg,PET-bottle,train
PET-bottle_IMG_7336_jpeg.rf.14f0341b89b185da2d80ab0a6228368d.jpg,PET-bottle,train
PET-bottle_IMG_7337_jpeg.rf.82dbe6387a87896b3966f891b2bb74f3.jpg,PET-bottle,train
PET-bottle_IMG_7338_jpeg.rf.728ccbd32d4a317987c5964d81130786.jpg,PET-bottle,train
PET-bottle_IMG_7339_jpeg.rf.3f1eafaa438a42ce16b1332dd995d7f6.jpg,PET-bottle,train
PET-bottle_WhatsApp-Image-2026-04-03-at-01-40-54-2-_jpeg.rf.6afb52174597b8f7ded406c04cad0967.jpg,PET-bottle,train
PET-bottle_WhatsApp-Image-2026-04-03-at-01-40-54-2-_jpeg.rf.cc9ed30c98fce3f36ab8d373200dc396.jpg,PET-bottle,train
PET-bottle_WhatsApp-Image-2026-04-03-at-01-40-54-3-_jpeg.rf.775040e648a36ff54c79d32b0e781710.jpg,PET-bottle,train
PET-bottle_WhatsApp-Image-2026-04-03-at-01-40-54_jpeg.rf.10db60644314306fc16c7d70403abed8.jpg,PET-bottle,train
PET-bottle_WhatsApp-Image-2026-04-03-at-01-40-55_jpeg.rf.4254f7f279d0ca3178a8be0b56d677a5.jpg,PET-bottle,train
PET-bottle_WhatsApp-Image-2026-04-03-at-01-41-13-1-_jpeg.rf.5a73434b4624dd3f6a6038e5e9ceae4d.jpg,PET-bottle,train
PET-bottle_WhatsApp-Image-2026-04-03-at-01-41-13_jpeg.rf.351b37d73c9c5f784d23c267cd2dd7ae.jpg,PET-bottle,train
PET-bottle_WhatsApp-Image-2026-04-03-at-01-41-14-2-_jpeg.rf.26a813096128a2a02f77dc7b3e7775d1.jpg,PET-bottle,train
PET-bottle_WhatsApp-Image-2026-04-03-at-01-41-14_jpeg.rf.d987e212dfb583fda449aed8bd1219c4.jpg,PET-bottle,train
PET-bottle_WhatsApp-Image-2026-04-03-at-01-41-15-3-_jpeg.rf.74d7292e0898e017cc9de6780b1f223d.jpg,PET-bottle,train
PET-bottle_WhatsApp-Image-2026-04-03-at-01-41-15-4-_jpeg.rf.16cdf50279d1a00885773e679e85ce44.jpg,PET-bottle,train
PET-bottle_WhatsApp-Image-2026-04-03-at-01-41-15-5-_jpeg.rf.18ef44deb7e4d6ec3d41879dfaeefae3.jpg,PET-bottle,train
PET-bottle_WhatsApp-Image-2026-04-03-at-01-41-15-6-_jpeg.rf.43d4856a806e970aa410639780730924.jpg,PET-bottle,train
PET-bottle_WhatsApp-Image-2026-04-03-at-01-41-15-7-_jpeg.rf.0de000945f32eccf76ee1ade9f4ffa14.jpg,PET-bottle,train
PET-bottle_WhatsApp-Image-2026-04-03-at-01-41-15_jpeg.rf.2b4d9de202dfcc270d0af38b2bcf6cf6.jpg,PET-bottle,train
PET-bottle_WhatsApp-Image-2026-04-03-at-01-41-16-10-_jpeg.rf.2cba35ed5e37d287f29d7ae550cdfbfa.jpg,PET-bottle,train
PET-bottle_WhatsApp-Image-2026-04-03-at-01-41-16-2-_jpeg.rf.432e198de71da79df1cd895a5d7e1a41.jpg,PET-bottle,train
PET-bottle_WhatsApp-Image-2026-04-03-at-01-41-16-4-_jpeg.rf.1ddf18417e6910998064e4f7bd828319.jpg,PET-bottle,train
PET-bottle_WhatsApp-Image-2026-04-03-at-01-41-16-6-_jpeg.rf.3e54db828ec491212b49bf410da9208e.jpg,PET-bottle,train
PET-bottle_WhatsApp-Image-2026-04-03-at-01-41-16-7-_jpeg.rf.1684d35969b5e419ba77ad76707c6136.jpg,PET-bottle,train
PET-bottle_WhatsApp-Image-2026-04-03-at-01-41-16-8-_jpeg.rf.19ca0e7dbdef1679f1bc16ead43b1b47.jpg,PET-bottle,train
PET-bottle_WhatsApp-Image-2026-04-03-at-01-41-16-9-_jpeg.rf.9e2d0f18d2475b35f782a728ca9879a2.jpg,PET-bottle,train
PET-bottle_WhatsApp-Image-2026-04-03-at-01-41-17-1-_jpeg.rf.42faba3b9cf22c972b8bca961915366b.jpg,PET-bottle,train
PET-bottle_WhatsApp-Image-2026-04-03-at-01-41-17-2-_jpeg.rf.019426acda112adbe68bddc5553f0d80.jpg,PET-bottle,train
PET-bottle_WhatsApp-Image-2026-04-03-at-01-41-17-3-_jpeg.rf.1d0f42e8f8078da6d0a4d5ca8c0d8861.jpg,PET-bottle,train
PET-bottle_WhatsApp-Image-2026-04-03-at-01-41-17-4-_jpeg.rf.05097f91f4f92dbb59cfc8df2cab9c02.jpg,PET-bottle,train
PET-bottle_WhatsApp-Image-2026-04-03-at-01-41-17-5-_jpeg.rf.200e16706fc52bc2d5c5b6f0cbd91278.jpg,PET-bottle,train
PET-bottle_WhatsApp-Image-2026-04-03-at-01-41-17-6-_jpeg.rf.028dd54d5b5979d5c2418707c57f6990.jpg,PET-bottle,train
PET-bottle_WhatsApp-Image-2026-04-03-at-01-41-17-7-_jpeg.rf.73323135d841cbc549764957c3197126.jpg,PET-bottle,train
PET-bottle_WhatsApp-Image-2026-04-03-at-01-41-17-9-_jpeg.rf.75f0006eddfc354f5aedfe33e7ec8482.jpg,PET-bottle,train
PET-bottle_WhatsApp-Image-2026-04-03-at-01-41-17_jpeg.rf.10c25d422d6d8074366c153f29abbe2b.jpg,PET-bottle,train
PET-bottle_WhatsApp-Image-2026-04-03-at-01-41-18-2-_jpeg.rf.149bb10944a514b09a3ba76da3ebf070.jpg,PET-bottle,train
PET-bottle_WhatsApp-Image-2026-04-03-at-01-41-18-4-_jpeg.rf.2d71d239e88817d64dba7136a1416d69.jpg,PET-bottle,train
PET-bottle_WhatsApp-Image-2026-04-03-at-01-41-18-6-_jpeg.rf.0bd7745c1c3e87238367f5ff84c1bb6b.jpg,PET-bottle,train
PET-bottle_WhatsApp-Image-2026-04-03-at-01-41-18-7-_jpeg.rf.74ba1a1f0abff97489b5b227e28db48b.jpg,PET-bottle,train
PET-bottle_WhatsApp-Image-2026-04-03-at-01-41-18-8-_jpeg.rf.29007bf8614a88c38b4de75147e74914.jpg,PET-bottle,train
PET-bottle_WhatsApp-Image-2026-04-03-at-01-41-18_jpeg.rf.32be04d5698deec539f2bab8c3a4b0d5.jpg,PET-bottle,train
PET-bottle_WhatsApp-Image-2026-04-03-at-01-41-19_jpeg.rf.7fc9581b6ad4dac79cd2f02f030f5dd3.jpg,PET-bottle,train
PET-bottle_WhatsApp-Image-2026-04-03-at-01-50-10-1-_jpeg.rf.29c441aee32287a694335f2c1e747e48.jpg,PET-bottle,train
PET-bottle_WhatsApp-Image-2026-04-03-at-01-50-10_jpeg.rf.6a3655ebc4d0662b33c10ad0b1e9f329.jpg,PET-bottle,train
PET-bottle_WhatsApp-Image-2026-04-03-at-01-50-11-1-_jpeg.rf.05757988b38ea676604c738289f10fca.jpg,PET-bottle,train
PET-bottle_WhatsApp-Image-2026-04-03-at-01-50-11-3-_jpeg.rf.08535b303acd3ad5403450b9be8ea9fb.jpg,PET-bottle,train
PET-bottle_WhatsApp-Image-2026-04-03-at-01-50-11-4-_jpeg.rf.0f6e97bf20bc5a8b77e4b9fa9aee87ee.jpg,PET-bottle,train
PET-bottle_WhatsApp-Image-2026-04-03-at-01-50-11-5-_jpeg.rf.14703fcb8aa8aab7d3d450864dac45b2.jpg,PET-bottle,train
PET-bottle_WhatsApp-Image-2026-04-03-at-01-50-11_jpeg.rf.56d7a401ecb65d429d4fd8dd08041b7f.jpg,PET-bottle,train
PET-bottle_WhatsApp-Image-2026-04-03-at-01-50-12-1-_jpeg.rf.5372e4c7bda35e8f09c95504547cba22.jpg,PET-bottle,train
PET-bottle_WhatsApp-Image-2026-04-03-at-01-50-12-5-_jpeg.rf.2833a72156e8ec5a1068d7e8b896215f.jpg,PET-bottle,train
PET-bottle_WhatsApp-Image-2026-04-03-at-01-50-12-6-_jpeg.rf.70402529024d85e7a3b014803e26c5f5.jpg,PET-bottle,train
PET-bottle_WhatsApp-Image-2026-04-03-at-01-50-12-7-_jpeg.rf.0ffc5b3f96356151aa87aa63edc666f6.jpg,PET-bottle,train
PET-bottle_WhatsApp-Image-2026-04-03-at-01-50-12-8-_jpeg.rf.33b27fe1bb83f850a60d20b02d6167ab.jpg,PET-bottle,train
PET-bottle_WhatsApp-Image-2026-04-03-at-01-50-12_jpeg.rf.31528ae6c29d9ed9839717ec6ba8eb5f.jpg,PET-bottle,train
PET-bottle_WhatsApp-Image-2026-04-03-at-01-50-13-1-_jpeg.rf.c1a700628c8872938fb3d489900e868e.jpg,PET-bottle,train
PET-bottle_WhatsApp-Image-2026-04-03-at-01-50-13-2-_jpeg.rf.2c6b3af5e5c49bcbafa904a5849f2824.jpg,PET-bottle,train
PET-bottle_WhatsApp-Image-2026-04-03-at-01-50-13_jpeg.rf.2f949d354fc7ddb085a72b3703e5a35d.jpg,PET-bottle,train
PET-bottle_WhatsApp-Image-2026-04-03-at-02-00-00_jpeg.rf.4c85f4d0ae0a6189ee4e4a1f78e8693f.jpg,PET-bottle,train
PET-bottle_WhatsApp-Image-2026-04-03-at-02-00-45_jpeg.rf.4e2ec50b7ee406166dd0f783f5619470.jpg,PET-bottle,train
PET-bottle_WhatsApp-Image-2026-04-03-at-02-02-56_jpeg.rf.13b3b62f24892d952b54432a4d9c4d72.jpg,PET-bottle,train
PET-bottle_WhatsApp-Image-2026-04-03-at-02-03-13_jpeg.rf.0d4e87d108293402406a07ba7987dad7.jpg,PET-bottle,train
PET-bottle_WhatsApp-Image-2026-04-03-at-02-03-33_jpeg.rf.19c89d3126717b3df99a59663443473e.jpg,PET-bottle,train
PET-bottle_WhatsApp-Image-2026-04-03-at-02-04-25_jpeg.rf.1a152795e908733868a71027eb90d2b7.jpg,PET-bottle,train
PET-bottle_WhatsApp-Image-2026-04-03-at-02-04-48_jpeg.rf.08b093c2a31f09a6989a48d471018da4.jpg,PET-bottle,train
PET-bottle_WhatsApp-Image-2026-04-03-at-02-05-26_jpeg.rf.4d9a023d71f0233664d83e6124bb483b.jpg,PET-bottle,train
PET-bottle_WhatsApp-Image-2026-04-03-at-02-05-48_jpeg.rf.4c05f8b4410d010833dda2ced7499087.jpg,PET-bottle,train
PET-bottle_WhatsApp-Image-2026-04-03-at-02-05-59_jpeg.rf.2bdf448505772c9e996bcca3f09582eb.jpg,PET-bottle,train
PET-bottle_WhatsApp-Image-2026-04-03-at-02-06-15_jpeg.rf.22eb8226353ff2ff877d06804e7a3745.jpg,PET-bottle,train
PET-bottle_WhatsApp-Image-2026-04-03-at-02-07-19_jpeg.rf.c36992f95c3c8e3b3518bdae175c5996.jpg,PET-bottle,train
PET-bottle_WhatsApp-Image-2026-04-03-at-02-07-30_jpeg.rf.4dd497ab5956243eaa6ea52f9457413c.jpg,PET-bottle,train
PET-bottle_WhatsApp-Image-2026-04-03-at-02-07-39_jpeg.rf.08fdd159e4d9185c886331d491ac2a54.jpg,PET-bottle,train
PET-bottle_WhatsApp-Image-2026-04-03-at-02-09-18_jpeg.rf.4fc2786100ef3005b47cf60741027cf4.jpg,PET-bottle,train
PET-bottle_WhatsApp-Image-2026-04-03-at-02-09-25_jpeg.rf.463ff37ac11f14e02b73bed0f315e91f.jpg,PET-bottle,train
PET-bottle_WhatsApp-Image-2026-04-03-at-02-09-31_jpeg.rf.362cee552a8126920eed07388313726a.jpg,PET-bottle,train
PET-bottle_WhatsApp-Image-2026-04-03-at-02-09-56_jpeg.rf.492de2928d4815cfa59e28847d8f9bec.jpg,PET-bottle,train
PET-bottle_WhatsApp-Image-2026-04-03-at-02-10-02_jpeg.rf.1373666b1e0865de8a5d6ed7f1257e2f.jpg,PET-bottle,train
PET-bottle_WhatsApp-Image-2026-04-03-at-02-10-08_jpeg.rf.19b187fdab1af3b691dbe89e42491599.jpg,PET-bottle,train
PET-bottle_WhatsApp-Image-2026-04-03-at-02-10-24_jpeg.rf.3bff62557b18f484833530b089ddeca1.jpg,PET-bottle,train
PET-bottle_WhatsApp-Image-2026-04-03-at-02-10-48_jpeg.rf.ca7a4c7b9c0e6ea2da817df53b21585b.jpg,PET-bottle,train
PET-bottle_WhatsApp-Image-2026-04-03-at-02-10-59_jpeg.rf.4ad6c935fc3f2d2512369af0532b43ed.jpg,PET-bottle,train
PET-bottle_WhatsApp-Image-2026-04-03-at-02-11-05_jpeg.rf.2d80c5f86be116aa19aa4bfad558b385.jpg,PET-bottle,train
PET-bottle_WhatsApp-Image-2026-04-15-at-20-36-55-2-_jpeg.rf.0cb7ba2d200d74272cde44553e7c3016.jpg,PET-bottle,train
PET-bottle_WhatsApp-Image-2026-04-15-at-20-36-56-3-_jpeg.rf.0187a72f671bec1cee6c1386c63f6073.jpg,PET-bottle,train
PET-bottle_WhatsApp-Image-2026-04-15-at-20-36-56-4-_jpeg.rf.0e3d3e1e95b46e12497e281b3279f72b.jpg,PET-bottle,train
PET-bottle_WhatsApp-Image-2026-04-15-at-20-36-57_jpeg.rf.1ad580c6925ada0719bc3b255b90e1c5.jpg,PET-bottle,train
PET-bottle_WhatsApp-Image-2026-04-15-at-20-36-58_jpeg.rf.4fe77d6d573d68f9940e1249167e11ff.jpg,PET-bottle,train
PET-bottle_WhatsApp-Image-2026-04-15-at-20-37-00-1-_jpeg.rf.71ea0f312ee6c0db07a76072694cfbb6.jpg,PET-bottle,train
PET-bottle_WhatsApp-Image-2026-04-15-at-20-37-01-1-_jpeg.rf.523c49842b58cbb3ae8db28cef4a7eb0.jpg,PET-bottle,train
PET-bottle_WhatsApp-Image-2026-04-15-at-20-37-02-1-_jpeg.rf.3ed089b1cd973fe6c962ae81ade05edc.jpg,PET-bottle,train
PET-bottle_WhatsApp-Image-2026-04-15-at-20-37-02-2-_jpeg.rf.4a7a7a62e6db1d17dfaf4caf4bae95b9.jpg,PET-bottle,train
PET-bottle_WhatsApp-Image-2026-04-15-at-20-37-03_jpeg.rf.019eb18a980f6d2959c39bcf01d06259.jpg,PET-bottle,train
PET-bottle_WhatsApp-Image-2026-04-15-at-20-37-04-1-_jpeg.rf.2ffbc33298746497809c9acb6a5f1aa6.jpg,PET-bottle,train
PET-bottle_WhatsApp-Image-2026-04-15-at-20-37-04_jpeg.rf.100ec2dbcf94881c18750c2377933b5b.jpg,PET-bottle,train
PET-bottle_WhatsApp-Image-2026-04-15-at-20-37-09-1-_jpeg.rf.2c168050543fb0bb3a6b43e3b0fc7041.jpg,PET-bottle,train
PET-bottle_WhatsApp-Image-2026-04-15-at-20-37-09_jpeg.rf.2ed672b7ca4429ba42a6786bc9f4c3f9.jpg,PET-bottle,train
PET-bottle_WhatsApp-Image-2026-04-15-at-20-37-10-1-_jpeg.rf.61053770d437b4df0b5845ebc1244fe7.jpg,PET-bottle,train
PET-bottle_WhatsApp-Image-2026-04-15-at-20-37-10-2-_jpeg.rf.6f0e57b369ff6d30e6fc25d39ac733c2.jpg,PET-bottle,train
PET-bottle_WhatsApp-Image-2026-04-15-at-20-37-10-5-_jpeg.rf.176ed6ba3b93b969e3124ea3a288bf09.jpg,PET-bottle,train
PET-bottle_WhatsApp-Image-2026-04-15-at-20-37-10-6-_jpeg.rf.223f2b50c69ee6401a80e82e0c3f56b5.jpg,PET-bottle,train
PET-bottle_WhatsApp-Image-2026-04-15-at-20-37-10_jpeg.rf.99b0286bb4a14a02fc01024398236ce8.jpg,PET-bottle,train
PET-bottle_WhatsApp-Image-2026-04-15-at-20-37-11-1-_jpeg.rf.02fa5f1c5cc1ba409894aae07c32a6ea.jpg,PET-bottle,train
PET-bottle_WhatsApp-Image-2026-04-15-at-20-37-11-2-_jpeg.rf.93336c928d42137110af5ce5c5276fbc.jpg,PET-bottle,train
PET-bottle_WhatsApp-Image-2026-04-15-at-20-37-11-3-_jpeg.rf.04e4208e975ad027bb3f0b402da13d6a.jpg,PET-bottle,train
PET-bottle_WhatsApp-Image-2026-04-15-at-20-37-11-4-_jpeg.rf.18468e2adaa53cf9fe763f9a4c317dd3.jpg,PET-bottle,train
PET-bottle_WhatsApp-Image-2026-04-15-at-20-37-11-5-_jpeg.rf.01ed781043292dad44a46eab36744d1d.jpg,PET-bottle,train
PET-bottle_WhatsApp-Image-2026-04-15-at-20-37-12-1-_jpeg.rf.16241be1948fd7b06813225235514aa4.jpg,PET-bottle,train
PET-bottle_WhatsApp-Image-2026-04-15-at-20-37-12-2-_jpeg.rf.9cb9b952d5bc550110f30722993c6faf.jpg,PET-bottle,train
PET-bottle_WhatsApp-Image-2026-04-15-at-20-37-12_jpeg.rf.565000a29765206637e6c004b61c9052.jpg,PET-bottle,train
PET-bottle_IMG_0294_jpeg.rf.57d2eef6db21a152b16c002d0ede76b7.jpg,PET-bottle,val
PET-bottle_IMG_1698-2_jpeg.rf.09388c9d9e2c091788eae9851c1efd31.jpg,PET-bottle,val
PET-bottle_IMG_2498-2_jpeg.rf.e85d1a856f437521f9bb32392b4048d9.jpg,PET-bottle,val
PET-bottle_IMG_6608-2_jpeg.rf.d2927ebe60a40a5afad8fe95a03d619a.jpg,PET-bottle,val
PET-bottle_IMG_6620-2_jpeg.rf.05c58e2f19993a58c5cbe19a9cd12919.jpg,PET-bottle,val
PET-bottle_IMG_6632-3_jpeg.rf.049365504db3c5dc9b63483f015ab0a3.jpg,PET-bottle,val
PET-bottle_IMG_6633-3_jpeg.rf.61b591008a661a17c319401d21ad3c17.jpg,PET-bottle,val
PET-bottle_IMG_6635-2_jpeg.rf.14ee4b56180fdff52bc5b544b73d73db.jpg,PET-bottle,val
PET-bottle_IMG_6640-2_jpeg.rf.64a681131291d922f5913ae98b562596.jpg,PET-bottle,val
PET-bottle_IMG_6647-2_jpeg.rf.8fd2d1fceaee3eabf75e108cdd925e7f.jpg,PET-bottle,val
PET-bottle_IMG_6656-2_jpeg.rf.3d79e484158a7400c802b7b89ede7519.jpg,PET-bottle,val
PET-bottle_IMG_6658-2_jpeg.rf.c053711237bc998914e26845a404126d.jpg,PET-bottle,val
PET-bottle_IMG_6766-3_jpeg.rf.ecb299cf157a2e26ce1417c49673b13f.jpg,PET-bottle,val
PET-bottle_IMG_6773-3_jpeg.rf.df1fe8a5b9c590875c80f214360a3a5c.jpg,PET-bottle,val
PET-bottle_IMG_6775-2_jpeg.rf.70631386ab28cec4201e3bc9a536bad1.jpg,PET-bottle,val
PET-bottle_IMG_6781-2_jpeg.rf.c24e6f35021439df7db0a2cefa54fd11.jpg,PET-bottle,val
PET-bottle_IMG_6782-2_jpeg.rf.899e765c70e64b0857cf56458906ccd0.jpg,PET-bottle,val
PET-bottle_IMG_6787-2_jpeg.rf.cd19b551a2950339801190ede0366b12.jpg,PET-bottle,val
PET-bottle_IMG_6798-2_jpeg.rf.5d59d98693cc6d55c3cd28299b7e4ef9.jpg,PET-bottle,val
PET-bottle_IMG_6832-4_jpeg.rf.1c30527fc3f6d92e293e68a38ab1c54b.jpg,PET-bottle,val
PET-bottle_IMG_6832-6_jpeg.rf.de1c24b303b2e5c9a35349c895d60e99.jpg,PET-bottle,val
PET-bottle_IMG_6834-2_jpeg.rf.a0171f012d0cf0b6487db9f1cde7e2ac.jpg,PET-bottle,val
PET-bottle_IMG_6860-2_jpeg.rf.6a6152cfd319f43928797e2ecdd40414.jpg,PET-bottle,val
PET-bottle_IMG_6885-3_jpeg.rf.fa7d0d6de048c5b3cd99f8efc55a5cd9.jpg,PET-bottle,val
PET-bottle_IMG_6887-2_jpeg.rf.1fba7dc3f868225ab00f814de0d31120.jpg,PET-bottle,val
PET-bottle_IMG_6892-3_jpeg.rf.344a726a43df017e4c2981bc6cf1b7b2.jpg,PET-bottle,val
PET-bottle_IMG_6894-2_jpeg.rf.e13d0369a5726360e9a8fa93a1848793.jpg,PET-bottle,val
PET-bottle_IMG_6949-2_jpeg.rf.bdc1415f0733f607c66017ad0fb83dd5.jpg,PET-bottle,val
PET-bottle_IMG_6951-2_jpeg.rf.32b112043c344b3ba6f242721fb56c7c.jpg,PET-bottle,val
PET-bottle_IMG_6987-2_jpeg.rf.a95dff192fe80f6bb28def5ceb721873.jpg,PET-bottle,val
PET-bottle_IMG_6991-2_jpeg.rf.dc66b66103cc06c72baaa79ff19b6737.jpg,PET-bottle,val
PET-bottle_IMG_6994-2_jpeg.rf.02636c94eb4f6d8077a38050d4663c18.jpg,PET-bottle,val
PET-bottle_IMG_7002-2_jpeg.rf.cebf86a81aef67dc219366b075463fe1.jpg,PET-bottle,val
PET-bottle_IMG_7010-3_jpeg.rf.00cd36150eb486a54f9823e3e001d885.jpg,PET-bottle,val
PET-bottle_IMG_7021-2_jpeg.rf.b11b66872bbeaf0536ed180d3383e0ee.jpg,PET-bottle,val
PET-bottle_IMG_7025-2_jpeg.rf.3f38fd0b523c2d0e4d8d4570dd3b34a3.jpg,PET-bottle,val
PET-bottle_IMG_7047-2_jpeg.rf.fb58404bbd8199c64b2ba49b3143d7a2.jpg,PET-bottle,val
PET-bottle_IMG_7048-2_jpeg.rf.b2451949cca571d7e58476ea64b2404a.jpg,PET-bottle,val
PET-bottle_IMG_7053-2_jpeg.rf.c1cce58d9f532cb0202b92e2352b4a25.jpg,PET-bottle,val
PET-bottle_IMG_7054_jpeg.rf.498ec7e73cd33dfae76470b3353bf53d.jpg,PET-bottle,val
PET-bottle_IMG_7056_jpeg.rf.76708f8a89b693730016ef4088b652ad.jpg,PET-bottle,val
PET-bottle_IMG_7057_jpeg.rf.dc0cc2bd3d47068d09d593fe0973fd95.jpg,PET-bottle,val
PET-bottle_IMG_7058_jpeg.rf.73dc6570f21024964c0f6016bfc35f1b.jpg,PET-bottle,val
PET-bottle_IMG_7059_jpeg.rf.9a1ae172c9189ee5857237ad2cbe2b0d.jpg,PET-bottle,val
PET-bottle_IMG_7060_jpeg.rf.28d4187e407c0f93609bdd74629ab052.jpg,PET-bottle,val
PET-bottle_IMG_7062_jpeg.rf.f290687a6ef83b3dd9ac1240cff94f2d.jpg,PET-bottle,val
PET-bottle_IMG_7063_jpeg.rf.4fcac9a89ea9a62c7ec91402d8ed418b.jpg,PET-bottle,val
PET-bottle_IMG_7065_jpeg.rf.e1e4e37e6edde4110a9c3e2907414022.jpg,PET-bottle,val
PET-bottle_IMG_7090_jpeg.rf.3980728138886da56cfb1eaae75807fa.jpg,PET-bottle,val
PET-bottle_IMG_7091_jpeg.rf.b7250751f008b788186c67e5a2e0249e.jpg,PET-bottle,val
PET-bottle_IMG_7093_jpeg.rf.0d99695746d2d9baed05a1dde1a5f994.jpg,PET-bottle,val
PET-bottle_IMG_7095_jpeg.rf.578eeb636e160605b94668e473e4949f.jpg,PET-bottle,val
PET-bottle_IMG_7098_jpeg.rf.a7a1556c752787a1c9824cea81348330.jpg,PET-bottle,val
PET-bottle_IMG_7114_jpeg.rf.5f07f47abcd7d14af2ef3a8ec514a69a.jpg,PET-bottle,val
PET-bottle_IMG_7131_jpeg.rf.7a12b94b4379af5b5901bd27e5dd627a.jpg,PET-bottle,val
PET-bottle_IMG_7140_jpeg.rf.b515ef41b6a5f0274daea7e70318029e.jpg,PET-bottle,val
PET-bottle_IMG_7141_jpeg.rf.4f3751515d0367842c74afc3d1579c31.jpg,PET-bottle,val
PET-bottle_IMG_7143_jpeg.rf.a69b7b0df07563b5ed7200bc66412a11.jpg,PET-bottle,val
PET-bottle_IMG_7156_jpeg.rf.3be2db9c6da58522e2e28ac4e88022ad.jpg,PET-bottle,val
PET-bottle_IMG_7159_jpeg.rf.1faf4841394f7ab326bbca2c86a1c71b.jpg,PET-bottle,val
PET-bottle_IMG_7165_jpeg.rf.7bae1a266f88c44733247cfd8cb444ab.jpg,PET-bottle,val
PET-bottle_IMG_7166_jpeg.rf.1a32f3e858de2daf39ecb2775de5441b.jpg,PET-bottle,val
PET-bottle_IMG_7174_jpeg.rf.8efe538a72543c85f502885912ceda2f.jpg,PET-bottle,val
PET-bottle_IMG_7175_jpeg.rf.7b6b6a9123b1e93841af64a7cc274b5b.jpg,PET-bottle,val
PET-bottle_IMG_7177_jpeg.rf.6d36b22ff712db73e414c50cb5887657.jpg,PET-bottle,val
PET-bottle_IMG_7181_jpeg.rf.28e68388fe570961603acb76471a3f5a.jpg,PET-bottle,val
PET-bottle_IMG_7188_jpeg.rf.54c4a296870a434e2073c3adc0b66453.jpg,PET-bottle,val
PET-bottle_IMG_7223_jpeg.rf.c18740849bd5122daa42f0afceb6c329.jpg,PET-bottle,val
PET-bottle_IMG_7230_jpeg.rf.385044764272289ce33e02005d9eff69.jpg,PET-bottle,val
PET-bottle_IMG_7233_jpeg.rf.2bdd1e5d9cbf1ba8b9b863d1dbe780e6.jpg,PET-bottle,val
PET-bottle_IMG_7234_jpeg.rf.a692b11d5fef7a0059f2643ddf7af4de.jpg,PET-bottle,val
PET-bottle_IMG_7247_jpeg.rf.bf32ef53298d3546e833d3133db88117.jpg,PET-bottle,val
PET-bottle_IMG_7260_jpeg.rf.748d576ac47f6a6c442c78a188bcb4d3.jpg,PET-bottle,val
PET-bottle_IMG_7261_jpeg.rf.759939a80bfb65fa49d8f0562592876d.jpg,PET-bottle,val
PET-bottle_IMG_7270_jpeg.rf.c921e82ddf98ff1f11f4e12e47b91b08.jpg,PET-bottle,val
PET-bottle_IMG_7271_jpeg.rf.5268fa15a784f1f4319a4923bad60be8.jpg,PET-bottle,val
PET-bottle_IMG_7275_jpeg.rf.9a4531ee4b4f62ff6269b0a8f459679f.jpg,PET-bottle,val
PET-bottle_IMG_7289_jpeg.rf.0802f37cf3433c334ebdd17dab278c28.jpg,PET-bottle,val
PET-bottle_IMG_7292_jpeg.rf.c5aaffd6446fb55c8e7db44e836277f0.jpg,PET-bottle,val
PET-bottle_IMG_7295_jpeg.rf.a7d55cdbabaa43f6cd33d336adfe23aa.jpg,PET-bottle,val
PET-bottle_IMG_7317_jpeg.rf.5c0d7591a1e0ecfc4d6125d444e612e8.jpg,PET-bottle,val
PET-bottle_IMG_7318_jpeg.rf.6fc610792d763b54c6858c04518ce786.jpg,PET-bottle,val
PET-bottle_IMG_7319_jpeg.rf.bff1d8a73f555c24326b6af21a253a57.jpg,PET-bottle,val
PET-bottle_IMG_7324_jpeg.rf.ce592348d4e32537a2ab71f721074a7d.jpg,PET-bottle,val
PET-bottle_IMG_7326_jpeg.rf.8b0a5799a557e7a35bd647ff40cbc326.jpg,PET-bottle,val
PET-bottle_IMG_7335_jpeg.rf.e5280cf6c5e1c1344b07a80d6b145bd2.jpg,PET-bottle,val
PET-bottle_WhatsApp-Image-2026-04-03-at-01-40-54-1-_jpeg.rf.3eac4d41263492d2822e3804cb691039.jpg,PET-bottle,val
PET-bottle_WhatsApp-Image-2026-04-03-at-01-41-14-1-_jpeg.rf.c470a84994e2f5e9e70d13f5d69c956f.jpg,PET-bottle,val
PET-bottle_WhatsApp-Image-2026-04-03-at-01-41-15-8-_jpeg.rf.c703c7d4c3a02be8d93a90d514c49bf6.jpg,PET-bottle,val
PET-bottle_WhatsApp-Image-2026-04-03-at-01-41-16-3-_jpeg.rf.45acb6fb3a0fb49d7c7ad28b0ca19969.jpg,PET-bottle,val
PET-bottle_WhatsApp-Image-2026-04-03-at-01-41-16-5-_jpeg.rf.5a70fa770f374e2a83b2a891aa05db68.jpg,PET-bottle,val
PET-bottle_WhatsApp-Image-2026-04-03-at-01-41-18-3-_jpeg.rf.6b26e88318b71a5df2cb53a3fde9f640.jpg,PET-bottle,val
PET-bottle_WhatsApp-Image-2026-04-03-at-01-41-45_jpeg.rf.13d811e073c9a6a1874b8f645f43f083.jpg,PET-bottle,val
PET-bottle_WhatsApp-Image-2026-04-03-at-01-50-11-2-_jpeg.rf.3ce13c5a483092819f4ce2d033165c91.jpg,PET-bottle,val
PET-bottle_WhatsApp-Image-2026-04-03-at-01-50-12-2-_jpeg.rf.9fffb72b4ee5ab22a84c435c8672c54c.jpg,PET-bottle,val
PET-bottle_WhatsApp-Image-2026-04-03-at-01-50-12-3-_jpeg.rf.d11bedc3548803d0952a838a2643aa13.jpg,PET-bottle,val
PET-bottle_WhatsApp-Image-2026-04-03-at-01-50-12-4-_jpeg.rf.fa0017982412abfcf14c3bd194b04ff0.jpg,PET-bottle,val
PET-bottle_WhatsApp-Image-2026-04-03-at-02-00-08_jpeg.rf.7461d622d0d5fa363577bd19b30b5a43.jpg,PET-bottle,val
PET-bottle_WhatsApp-Image-2026-04-03-at-02-00-30_jpeg.rf.6f8239ff37cecfde9416cb6772b74308.jpg,PET-bottle,val
PET-bottle_WhatsApp-Image-2026-04-03-at-02-04-43_jpeg.rf.a2aec67d9e94dfff5638aeb77e3eba95.jpg,PET-bottle,val
PET-bottle_WhatsApp-Image-2026-04-03-at-02-09-41_jpeg.rf.96e38ef53685bd8756b859e7a2ee0f02.jpg,PET-bottle,val
PET-bottle_WhatsApp-Image-2026-04-15-at-20-36-55-1-_jpeg.rf.f2dc300eff065e2de1e262dd48123ccd.jpg,PET-bottle,val
PET-bottle_WhatsApp-Image-2026-04-15-at-20-36-56_jpeg.rf.f91218dca99f51f5fa05fb54749d710a.jpg,PET-bottle,val
PET-bottle_WhatsApp-Image-2026-04-15-at-20-36-58-1-_jpeg.rf.ebcae418aaa1ffd0d7925441b31dbe29.jpg,PET-bottle,val
PET-bottle_WhatsApp-Image-2026-04-15-at-20-36-59-1-_jpeg.rf.0b6b1b3a031fa2a834fc66a07d01f354.jpg,PET-bottle,val
PET-bottle_WhatsApp-Image-2026-04-15-at-20-37-00-2-_jpeg.rf.760608ec3d263b6c1119b97feae66573.jpg,PET-bottle,val
PET-bottle_WhatsApp-Image-2026-04-15-at-20-37-01_jpeg.rf.24b0040e65c1693855acee933f561d5b.jpg,PET-bottle,val
PET-bottle_WhatsApp-Image-2026-04-15-at-20-37-02_jpeg.rf.5d05e6c48e1bd1f9f2dcd3717c842839.jpg,PET-bottle,val
PET-bottle_WhatsApp-Image-2026-04-15-at-20-37-10-4-_jpeg.rf.bae25bc1d6ab5ddd51769c52d82f894a.jpg,PET-bottle,val
PET-bottle_IMG_2739-2_jpeg.rf.6d2ea0ac259734c61316e7ee09399801.jpg,PET-bottle,test
PET-bottle_IMG_5364-2_jpeg.rf.c4344033e7193e9c8dc33454dd636cc7.jpg,PET-bottle,test
PET-bottle_IMG_6621-3_jpeg.rf.7ee41bee900052e2f5c4becd83724670.jpg,PET-bottle,test
PET-bottle_IMG_6645-2_jpeg.rf.4c6fdee539f4cc794db794e381eed15d.jpg,PET-bottle,test
PET-bottle_IMG_6657-2_jpeg.rf.4e375dffc4395c82856dcdeea3a4974c.jpg,PET-bottle,test
PET-bottle_IMG_6771-2_jpeg.rf.b1117794ad0a2f5358862d588ae4cb84.jpg,PET-bottle,test
PET-bottle_IMG_6774-2_jpeg.rf.6b818d0796b3648c611ecb9554bfc305.jpg,PET-bottle,test
PET-bottle_IMG_6776-2_jpeg.rf.83a7f63dabc1d5175cfc49c9e9323ec5.jpg,PET-bottle,test
PET-bottle_IMG_6780-2_jpeg.rf.49388ffcd07e577bc8e6f97eefcb0aae.jpg,PET-bottle,test
PET-bottle_IMG_6783-2_jpeg.rf.04683eb6b05da6dd211c4fde9cc9ffd8.jpg,PET-bottle,test
PET-bottle_IMG_6790-2_jpeg.rf.b031c5d9849f59d8ee105343bf169ba7.jpg,PET-bottle,test
PET-bottle_IMG_6791-2_jpeg.rf.df5ba6074f81b5f9e99b7d870ca33015.jpg,PET-bottle,test
PET-bottle_IMG_6792-2_jpeg.rf.786c2c36d38cfb99ede16284bd11adaf.jpg,PET-bottle,test
PET-bottle_IMG_6797-2_jpeg.rf.f6e1fd6cd127b47dcede5313fdbc212c.jpg,PET-bottle,test
PET-bottle_IMG_6799-2_jpeg.rf.a99518813ebf47e4580b1a72f87cade7.jpg,PET-bottle,test
PET-bottle_IMG_6833-6_jpeg.rf.8a3dff8e028034795667e10cbbba9061.jpg,PET-bottle,test
PET-bottle_IMG_6835-2_jpeg.rf.c6a23673c3a007b3f6d811f754e325cb.jpg,PET-bottle,test
PET-bottle_IMG_6840-3_jpeg.rf.5fe40d7fcfbb89c18fcfe556a40b7890.jpg,PET-bottle,test
PET-bottle_IMG_6888-2_jpeg.rf.c01f810abbf58e56be4f943c3d46ed31.jpg,PET-bottle,test
PET-bottle_IMG_6983-2_jpeg.rf.acfbc8c0d489d9b8859361061fe14449.jpg,PET-bottle,test
PET-bottle_IMG_6985-2_jpeg.rf.3847e0768e7a08e58718ec885eb74eea.jpg,PET-bottle,test
PET-bottle_IMG_7022-2_jpeg.rf.e5286ab5873b0a02f6a54434f152feb8.jpg,PET-bottle,test
PET-bottle_IMG_7028-2_jpeg.rf.f4f4796e3f9e49bc31a2ef13cb1aabad.jpg,PET-bottle,test
PET-bottle_IMG_7030-2_jpeg.rf.ab12e6ac83f86aca29b10171c081ed4c.jpg,PET-bottle,test
PET-bottle_IMG_7041-2_jpeg.rf.91e9b5a441c2a0d5fa0ce9dc401d1ee0.jpg,PET-bottle,test
PET-bottle_IMG_7045-2_jpeg.rf.da9824a7eb1b45db3d539f8ba248d7f9.jpg,PET-bottle,test
PET-bottle_IMG_7052-2_jpeg.rf.8d7f1846fbc4094e72a507ea1b62bce9.jpg,PET-bottle,test
PET-bottle_IMG_7066_jpeg.rf.36f3d123ffdd73bb3e2a7abcd0929fa8.jpg,PET-bottle,test
PET-bottle_IMG_7070_jpeg.rf.33fbd8a245a9d2ebc279a740fa947e15.jpg,PET-bottle,test
PET-bottle_IMG_7094_jpeg.rf.18842abcd38ab79ea9474bb8334122d6.jpg,PET-bottle,test
PET-bottle_IMG_7123_jpeg.rf.4f8e30787bf9118bb5893bafa8e6d9c8.jpg,PET-bottle,test
PET-bottle_IMG_7136_jpeg.rf.c961e975681ca077df47d79065d17c4b.jpg,PET-bottle,test
PET-bottle_IMG_7155_jpeg.rf.7b9e6751251c543ded9a39de82fdfdf9.jpg,PET-bottle,test
PET-bottle_IMG_7215_jpeg.rf.8ceb33a6ac75aac9f3b01acb3f8ad22c.jpg,PET-bottle,test
PET-bottle_IMG_7283_jpeg.rf.609bb713da86d181ef01e88c13f76f0a.jpg,PET-bottle,test
PET-bottle_WhatsApp-Image-2026-04-03-at-01-41-17-8-_jpeg.rf.58a446a1753bb2459cdd57d2cf12489a.jpg,PET-bottle,test
PET-bottle_WhatsApp-Image-2026-04-03-at-01-41-18-1-_jpeg.rf.3493a39f87d918d646951f7208eb569f.jpg,PET-bottle,test
PET-bottle_WhatsApp-Image-2026-04-03-at-01-41-18-5-_jpeg.rf.2c7fc93293649e954a31a99a3cc6ea1c.jpg,PET-bottle,test
PET-bottle_WhatsApp-Image-2026-04-03-at-01-41-18-9-_jpeg.rf.80c075a30ce4c5499c5578c266079d62.jpg,PET-bottle,test
PET-bottle_WhatsApp-Image-2026-04-03-at-01-41-32_jpeg.rf.8ea68f3ef9572a806bff4fed12bd5a5e.jpg,PET-bottle,test
PET-bottle_WhatsApp-Image-2026-04-03-at-01-41-58_jpeg.rf.dc38369407e41083a1ff195af23f351a.jpg,PET-bottle,test
PET-bottle_WhatsApp-Image-2026-04-03-at-01-42-32_jpeg.rf.0debac64f225ef10c2d55c27ff55ea37.jpg,PET-bottle,test
PET-bottle_WhatsApp-Image-2026-04-03-at-02-04-18_jpeg.rf.7b988e6aec119bf0939254e574340dc0.jpg,PET-bottle,test
PET-bottle_WhatsApp-Image-2026-04-03-at-02-04-31_jpeg.rf.bbc2cdd51a251cce51a57536c797ff61.jpg,PET-bottle,test
PET-bottle_WhatsApp-Image-2026-04-03-at-02-09-49_jpeg.rf.07900b2c2c38a7a0a1cc7c11844c76ab.jpg,PET-bottle,test
PET-bottle_WhatsApp-Image-2026-04-03-at-02-10-18_jpeg.rf.b352853849113d2629c1cfad817e1033.jpg,PET-bottle,test
PET-bottle_WhatsApp-Image-2026-04-15-at-20-36-56-2-_jpeg.rf.33e58d66fe0b120f6241a35270c6f6e4.jpg,PET-bottle,test
PET-bottle_WhatsApp-Image-2026-04-15-at-20-36-57-1-_jpeg.rf.acc00abdaad310e0b838d91f3b5b7ca0.jpg,PET-bottle,test
PET-bottle_WhatsApp-Image-2026-04-15-at-20-36-59_jpeg.rf.8dc6a7960f92e83e819ded7a488357a9.jpg,PET-bottle,test
PET-bottle_WhatsApp-Image-2026-04-15-at-20-37-10-3-_jpeg.rf.1c86ab68a30fbbfcebb1717125fea690.jpg,PET-bottle,test
bottle-defect-detection_000000000_jpg.rf.2a83293efa9dbc33af9577435ea5eb65.jpg,bottle-defect-detection,train
bottle-defect-detection_000000000_jpg.rf.8e97ecec390e4b471b2091908386dcfa.jpg,bottle-defect-detection,train
bottle-defect-detection_000000000_jpg.rf.cc62b1ac94606c75f296200bca5b5658.jpg,bottle-defect-detection,train
bottle-defect-detection_000000000_jpg.rf.e52c3182cb77262b3f822298fd158f42.jpg,bottle-defect-detection,train
bottle-defect-detection_000001_jpg.rf.752bc59cf91acafec190591205d31d6d.jpg,bottle-defect-detection,train
bottle-defect-detection_000001_jpg.rf.d7ee1f1f08b8b37e0ec0ec186a898522.jpg,bottle-defect-detection,train
bottle-defect-detection_000004_jpg.rf.b958f6912160cb8e69fbd2736e4a3b2b.jpg,bottle-defect-detection,train
bottle-defect-detection_000004_jpg.rf.bf433b62f03540ebd5e8f9ca59ebc607.jpg,bottle-defect-detection,train
bottle-defect-detection_000010_jpg.rf.9c1168adf9be0085a4a2f96b5171b24b.jpg,bottle-defect-detection,train
bottle-defect-detection_000020_jpg.rf.21221d9790d20a48c1e4d8ed09b12423.jpg,bottle-defect-detection,train
bottle-defect-detection_000020_jpg.rf.a3733464e97568d701585bbc97812baa.jpg,bottle-defect-detection,train
bottle-defect-detection_000023_jpg.rf.5b6d572c3930b0641d91e504624deb9d.jpg,bottle-defect-detection,train
bottle-defect-detection_000023_jpg.rf.75ae8fa14af88c1e9a86d6e16c09ac24.jpg,bottle-defect-detection,train
bottle-defect-detection_000023_jpg.rf.8e23c67202fbc9c90fe71e84ea272d9e.jpg,bottle-defect-detection,train
bottle-defect-detection_000030_jpg.rf.ca74e03b765ae275a524fd3573c462fd.jpg,bottle-defect-detection,train
bottle-defect-detection_000030_jpg.rf.ff1938e2624a16fc3cc1ffd06780c9eb.jpg,bottle-defect-detection,train
bottle-defect-detection_000038_jpg.rf.1fe21a7e00a7cc2ad741a6bce82eb4b2.jpg,bottle-defect-detection,train
bottle-defect-detection_000038_jpg.rf.cdd1199db4a9a40ca23156c4ab4362f8.jpg,bottle-defect-detection,train
bottle-defect-detection_000093_jpg.rf.1f2d9b0ef61a38116da90428217e3e0c.jpg,bottle-defect-detection,train
bottle-defect-detection_000099_jpg.rf.c6671b0dc6feb64ce40d5445c1ec0bbe.jpg,bottle-defect-detection,train
bottle-defect-detection_000103_jpg.rf.3a66795343955c11540c88608f47f3d4.jpg,bottle-defect-detection,train
bottle-defect-detection_000103_jpg.rf.830007f616931005d65d83260a085cb9.jpg,bottle-defect-detection,train
bottle-defect-detection_000103_jpg.rf.ded8ab790cccedc2db3a17d126f1964f.jpg,bottle-defect-detection,train
bottle-defect-detection_000103_jpg.rf.e774da20ebddcfdcefebb8f4b4b2fb94.jpg,bottle-defect-detection,train
bottle-defect-detection_000115_jpg.rf.eac2cb270d2358b28b8603356db5ca6a.jpg,bottle-defect-detection,train
bottle-defect-detection_000124_jpg.rf.9bd95d26e28ef4b728d070b03930a68a.jpg,bottle-defect-detection,train
bottle-defect-detection_000171_jpg.rf.84199901c3e653782ddad088966896aa.jpg,bottle-defect-detection,train
bottle-defect-detection_000171_jpg.rf.d4e8227dc60219e63f402df7751069f3.jpg,bottle-defect-detection,train
bottle-defect-detection_000195_jpg.rf.42f822e884677dbd7156118ecb6dbd60.jpg,bottle-defect-detection,train
bottle-defect-detection_000195_jpg.rf.7945ca0de7c6016292c7b1f93f472106.jpg,bottle-defect-detection,train
bottle-defect-detection_000195_jpg.rf.84fede44fca4c5759020e513db14afb8.jpg,bottle-defect-detection,train
bottle-defect-detection_000332_jpg.rf.486239bf7e50690f9188727335c07171.jpg,bottle-defect-detection,train
bottle-defect-detection_000332_jpg.rf.5c68006d0994acea979ab815b24d5dbf.jpg,bottle-defect-detection,train
bottle-defect-detection_000332_jpg.rf.64f05ab40ad3be642ee27ebae1a22f79.jpg,bottle-defect-detection,train
bottle-defect-detection_00xp-bottleflipping_web1-superJumbo_jpg.rf.a0c8a804dc8cd0972698344a6de5d793.jpg,bottle-defect-detection,train
bottle-defect-detection_00xp-bottleflipping_web1-superJumbo_jpg.rf.b554bd111de39fe47d127d36bddfc083.jpg,bottle-defect-detection,train
bottle-defect-detection_0bnC0a9OdzJtymklrmne_1_11zon_jpeg_jpg.rf.3d8323ce916c49f01defbaa747262064.jpg,bottle-defect-detection,train
bottle-defect-detection_0bnC0a9OdzJtymklrmne_1_11zon_jpeg_jpg.rf.f103b62bf391d343690c4f1014c3a5ce.jpg,bottle-defect-detection,train
bottle-defect-detection_1-5-liter-plastic-empty-mineral-water-bottle-500x500_jpg.rf.1be1ee89206d8a2580639adf80845eee.jpg,bottle-defect-detection,train
bottle-defect-detection_1-5-liter-plastic-empty-mineral-water-bottle-500x500_jpg.rf.f98073c1f58c9ba533c3b79011f470eb.jpg,bottle-defect-detection,train
bottle-defect-detection_10-dechets-plage_jpg.rf.760cc4ad7bd8316997fc5e2c07aab992.jpg,bottle-defect-detection,train
bottle-defect-detection_100000_jpg.rf.62c612f3e659ac6cb8b5a548e79bbfb1.jpg,bottle-defect-detection,train
bottle-defect-detection_100000_jpg.rf.743f216192d6cc5123bd576b6c4a6b10.jpg,bottle-defect-detection,train
bottle-defect-detection_100000_jpg.rf.81d14cff39c42a0d6f35c0a3f4c05fa0.jpg,bottle-defect-detection,train
bottle-defect-detection_100001_jpg.rf.4d3e060b57e3e2d78e77e60d5e92a27a.jpg,bottle-defect-detection,train
bottle-defect-detection_100001_jpg.rf.eb57280a13a407296934ffbe2f54d546.jpg,bottle-defect-detection,train
bottle-defect-detection_100002_jpg.rf.7e28ef455229d2fe075eef9d59104d1f.jpg,bottle-defect-detection,train
bottle-defect-detection_100002_jpg.rf.e4e076c18f302ff900fb5e29a8fa7e82.jpg,bottle-defect-detection,train
bottle-defect-detection_100004_jpg.rf.01cd8b527c945d247f694aeaa607f14a.jpg,bottle-defect-detection,train
bottle-defect-detection_100004_jpg.rf.8fa27d13e3c505fd27f577789ff6bed9.jpg,bottle-defect-detection,train
bottle-defect-detection_100004_jpg.rf.b7fb4e3fa32797705455edcbe4605fff.jpg,bottle-defect-detection,train
bottle-defect-detection_100007_jpg.rf.288a8efd06330b6ea9bf012e897dffb1.jpg,bottle-defect-detection,train
bottle-defect-detection_100007_jpg.rf.9835fb263fc2cd113f21304dd865dafb.jpg,bottle-defect-detection,train
bottle-defect-detection_100007_jpg.rf.baf39bc0f197adaf339c8db9949637f0.jpg,bottle-defect-detection,train
bottle-defect-detection_100008_jpg.rf.1b2e988d03c0a2941e71fe68a0b514f8.jpg,bottle-defect-detection,train
bottle-defect-detection_100008_jpg.rf.1c16fd32fbcab299693b3ffe2765c03c.jpg,bottle-defect-detection,train
bottle-defect-detection_100008_jpg.rf.282d12cc946d5f05ceafdbbf2f0ee1e5.jpg,bottle-defect-detection,train
bottle-defect-detection_100008_jpg.rf.3276695ac0bdf1f743ab57cfb993d450.jpg,bottle-defect-detection,train
bottle-defect-detection_100008_jpg.rf.6adbc1ebe8c7032e9d1bb7948ef51f6e.jpg,bottle-defect-detection,train
bottle-defect-detection_100009_jpg.rf.39250e02010aeb579a359b826e7b9f63.jpg,bottle-defect-detection,train
bottle-defect-detection_100009_jpg.rf.a4b025590578a7549721a015022130d9.jpg,bottle-defect-detection,train
bottle-defect-detection_100011_jpg.rf.055f0b28585557dea9ec67f53ec7b674.jpg,bottle-defect-detection,train
bottle-defect-detection_100011_jpg.rf.9433f524d84c1933d892d42c8ee0177a.jpg,bottle-defect-detection,train
bottle-defect-detection_100011_jpg.rf.d2273afc52ef97776bcca8f5b2bb234e.jpg,bottle-defect-detection,train
bottle-defect-detection_100012_jpg.rf.c4c675b4d275d6e36d23794d2552f85d.jpg,bottle-defect-detection,train
bottle-defect-detection_100016_jpg.rf.1229e25b223a9d69c663211fd7915ec1.jpg,bottle-defect-detection,train
bottle-defect-detection_100016_jpg.rf.c03b46304977a1d97bfc2fbb101eee7b.jpg,bottle-defect-detection,train
bottle-defect-detection_100019_jpg.rf.3b8899bb50b5540d70e8004cc4d30750.jpg,bottle-defect-detection,train
bottle-defect-detection_100019_jpg.rf.606029cfd5cbd8e9da1a9af60bbc912e.jpg,bottle-defect-detection,train
bottle-defect-detection_100019_jpg.rf.e8037b645bea4e8ecb02226ace49399e.jpg,bottle-defect-detection,train
bottle-defect-detection_100019_jpg.rf.efe30e0bc4b0a7ba6e3849e5945f980e.jpg,bottle-defect-detection,train
bottle-defect-detection_100019_jpg.rf.fd34d5d889aa03f5c39e5637be74dfd7.jpg,bottle-defect-detection,train
bottle-defect-detection_100020_jpg.rf.04877c9913ace00b32767dd317b8d978.jpg,bottle-defect-detection,train
bottle-defect-detection_100020_jpg.rf.41628d7d5b7a773d84e4dac2da83bdf6.jpg,bottle-defect-detection,train
bottle-defect-detection_100021_jpg.rf.e40cceac91f00dcd530aba42b83cd2bb.jpg,bottle-defect-detection,train
bottle-defect-detection_100022_jpg.rf.7c3fcd355216cb4960aaa6a29c337714.jpg,bottle-defect-detection,train
bottle-defect-detection_100023_jpg.rf.8c2ab5433dfe5d6339b07a8d559e41f7.jpg,bottle-defect-detection,train
bottle-defect-detection_100024_jpg.rf.5a4bc4759e7bdc13caf15f745602aedb.jpg,bottle-defect-detection,train
bottle-defect-detection_100024_jpg.rf.61bca90df0f7ba432006bb801e4eb797.jpg,bottle-defect-detection,train
bottle-defect-detection_100024_jpg.rf.f7b62d965fb35760552894ff114e8642.jpg,bottle-defect-detection,train
bottle-defect-detection_100027_jpg.rf.103cfb4ed2687fc03898c3f093477643.jpg,bottle-defect-detection,train
bottle-defect-detection_100027_jpg.rf.c736dae5a0f09424a0b1588afa2f5e27.jpg,bottle-defect-detection,train
bottle-defect-detection_100036_jpg.rf.208483b0663344f6468f08226c21148f.jpg,bottle-defect-detection,train
bottle-defect-detection_100036_jpg.rf.40c803581baa60ac57087b71cf6bc27b.jpg,bottle-defect-detection,train
bottle-defect-detection_100036_jpg.rf.b855b22cc089332facbe4b044c89326d.jpg,bottle-defect-detection,train
bottle-defect-detection_100036_jpg.rf.d4e2519474ef0c7119c54ec2605ba89a.jpg,bottle-defect-detection,train
bottle-defect-detection_100036_jpg.rf.f5fb25d83a98b1173327981f6d6b41c5.jpg,bottle-defect-detection,train
bottle-defect-detection_100045_jpg.rf.9a3a0b805e9cdb7dcfffa868a9542d0c.jpg,bottle-defect-detection,train
bottle-defect-detection_100045_jpg.rf.9d56413cf7764bdc745734cbfa23de85.jpg,bottle-defect-detection,train
bottle-defect-detection_100045_jpg.rf.f2ba86b8d43544c0742c218949417656.jpg,bottle-defect-detection,train
bottle-defect-detection_100054_jpg.rf.c1276fcc5be52e76019b25a102d83b84.jpg,bottle-defect-detection,train
bottle-defect-detection_100058_jpg.rf.0484870caeff197e8a43b4a5a1306f1b.jpg,bottle-defect-detection,train
bottle-defect-detection_100058_jpg.rf.41f1140543f170342cc543cc5cc6b607.jpg,bottle-defect-detection,train
bottle-defect-detection_100058_jpg.rf.c907ca8d911237aa5f8874aca3296a10.jpg,bottle-defect-detection,train
bottle-defect-detection_100060_jpg.rf.25993f24027e72e8097e46e6cf3bc99a.jpg,bottle-defect-detection,train
bottle-defect-detection_100060_jpg.rf.2c07acd0435a9569d816e154104916ff.jpg,bottle-defect-detection,train
bottle-defect-detection_100060_jpg.rf.72f9619cc9d56567b5e00d0c7b4dda2d.jpg,bottle-defect-detection,train
bottle-defect-detection_100060_jpg.rf.8af2e706377525b03857abb7512df690.jpg,bottle-defect-detection,train
bottle-defect-detection_100060_jpg.rf.a362dcbf9b36cfe06febe070a5c6a909.jpg,bottle-defect-detection,train
bottle-defect-detection_100061_jpg.rf.6abaded86d51a78e72970401928e5e25.jpg,bottle-defect-detection,train
bottle-defect-detection_100061_jpg.rf.93b82b3f751c30e73be6a0e01e56882f.jpg,bottle-defect-detection,train
bottle-defect-detection_100061_jpg.rf.dbf26cc05576b6a27b6a462679f17fed.jpg,bottle-defect-detection,train
bottle-defect-detection_100067_jpg.rf.dc91e3e618cd503cce4a574414c216cd.jpg,bottle-defect-detection,train
bottle-defect-detection_100069_jpg.rf.94023d1f587ab15434fe3efbdd85eb77.jpg,bottle-defect-detection,train
bottle-defect-detection_100082_jpg.rf.331c812009d2c528a90cab833941cdeb.jpg,bottle-defect-detection,train
bottle-defect-detection_100082_jpg.rf.9fed0088806637e900e0758edc321258.jpg,bottle-defect-detection,train
bottle-defect-detection_100082_jpg.rf.a79e326f24dc3415eb45831defffde77.jpg,bottle-defect-detection,train
bottle-defect-detection_100087_jpg.rf.5f73d24d4afd6af7f70f0e9acf65f8da.jpg,bottle-defect-detection,train
bottle-defect-detection_100087_jpg.rf.7b4463623527f44be4bbecfef1aad045.jpg,bottle-defect-detection,train
bottle-defect-detection_100087_jpg.rf.cbf81d9919d1da85e2f91bb51a47d6fc.jpg,bottle-defect-detection,train
bottle-defect-detection_1000_F_181641215_ZAQ5NSDRONequztAW4ipiNfPlyuEa3s0_19_11zon_jpeg_jpg.rf.420360cdcab9547ae22588ee0bffbd78.jpg,bottle-defect-detection,train
bottle-defect-detection_1000_F_323265148_XwDeotNENAxmavi4bpyOmi9cjBmlkmG7_jpg.rf.11054c78a64b98ef3ca2cc6f169ec361.jpg,bottle-defect-detection,train
bottle-defect-detection_1000_F_323265148_XwDeotNENAxmavi4bpyOmi9cjBmlkmG7_jpg.rf.3faf069af6deb8676925286278514032.jpg,bottle-defect-detection,train
bottle-defect-detection_1000_F_323265148_XwDeotNENAxmavi4bpyOmi9cjBmlkmG7_jpg.rf.605b5ab7737de40f1ae8709ea5182cf6.jpg,bottle-defect-detection,train
bottle-defect-detection_1000_F_323265148_XwDeotNENAxmavi4bpyOmi9cjBmlkmG7_jpg.rf.7c6c2652b7269be6a675d733500f0901.jpg,bottle-defect-detection,train
bottle-defect-detection_1000_F_323265148_XwDeotNENAxmavi4bpyOmi9cjBmlkmG7_jpg.rf.a749967a2bd02d13ab79ce091369c958.jpg,bottle-defect-detection,train
bottle-defect-detection_1000_F_523392259_MU2ioYiC4pY9dH4fBciM4BK3NMbg0Q6h_jpg.rf.0d0d07f1999507ebd267a91966ae011b.jpg,bottle-defect-detection,train
bottle-defect-detection_1000_F_523392259_MU2ioYiC4pY9dH4fBciM4BK3NMbg0Q6h_jpg.rf.b1826fb21c720f5a39b7d04d39387ceb.jpg,bottle-defect-detection,train
bottle-defect-detection_100143_jpg.rf.1b9816bbe073768dcb448ea6d9b7e0f8.jpg,bottle-defect-detection,train
bottle-defect-detection_100143_jpg.rf.383c3a5166581b47f5357f83e30b8eeb.jpg,bottle-defect-detection,train
bottle-defect-detection_100143_jpg.rf.4022136034e67da8ef617f7d227c194b.jpg,bottle-defect-detection,train
bottle-defect-detection_100143_jpg.rf.68e682eb84be936a15e6041ff78c9ca6.jpg,bottle-defect-detection,train
bottle-defect-detection_100143_jpg.rf.aaef91611331eea0f6b7bf58476e914a.jpg,bottle-defect-detection,train
bottle-defect-detection_100150_jpg.rf.63e1874ec2bea8b087ec4768061936fb.jpg,bottle-defect-detection,train
bottle-defect-detection_100150_jpg.rf.6f679eed11c06a6027e8d412bef4164d.jpg,bottle-defect-detection,train
bottle-defect-detection_100153_jpg.rf.7f7d0ea7a21b46413100b30320d5f499.jpg,bottle-defect-detection,train
bottle-defect-detection_100153_jpg.rf.b605908f3467304c7205801d248dc6d6.jpg,bottle-defect-detection,train
bottle-defect-detection_100158_jpg.rf.10a4af04e270869d547a1f0ecc056ee6.jpg,bottle-defect-detection,train
bottle-defect-detection_100158_jpg.rf.5f22328c78746492e0f8483c8b85f8c8.jpg,bottle-defect-detection,train
bottle-defect-detection_100177_jpg.rf.33ebc6d2ae39f04bf7e872f00e98de91.jpg,bottle-defect-detection,train
bottle-defect-detection_100177_jpg.rf.729138ce7485427f569ad466bc301673.jpg,bottle-defect-detection,train
bottle-defect-detection_100177_jpg.rf.a0aced7c1ec2304193f9f538eedf9527.jpg,bottle-defect-detection,train
bottle-defect-detection_100192_jpg.rf.1239b6d389637b017bb913b99f3acfa3.jpg,bottle-defect-detection,train
bottle-defect-detection_100192_jpg.rf.7a352375935c9df416b37df1c9d91b94.jpg,bottle-defect-detection,train
bottle-defect-detection_100192_jpg.rf.ab26557669ec4dedfc1272e1d5f22ec7.jpg,bottle-defect-detection,train
bottle-defect-detection_100214_jpg.rf.4426e183a61c2f9ed71329919491ada3.jpg,bottle-defect-detection,train
bottle-defect-detection_100214_jpg.rf.d526e94fa4fa70740d424b7ee44003eb.jpg,bottle-defect-detection,train
bottle-defect-detection_100214_jpg.rf.e82f480d2d2334814387d959c2daf23f.jpg,bottle-defect-detection,train
bottle-defect-detection_100256_jpg.rf.4c9c73dd89187a8ef0ecd50b740adf65.jpg,bottle-defect-detection,train
bottle-defect-detection_100324_jpg.rf.5781191f85b056ed7976d4dc6c4169ea.jpg,bottle-defect-detection,train
bottle-defect-detection_100324_jpg.rf.69826912b83d3dae47ad121a3d0216f3.jpg,bottle-defect-detection,train
bottle-defect-detection_100324_jpg.rf.996ab16a601624a41025d33061b955de.jpg,bottle-defect-detection,train
bottle-defect-detection_100353_jpg.rf.63d75776db468db030a5ff9bec687a4c.jpg,bottle-defect-detection,train
bottle-defect-detection_100353_jpg.rf.6b5fa019271cccfd099489df49356528.jpg,bottle-defect-detection,train
bottle-defect-detection_100414_jpg.rf.3760a2ae8321fc84b6877a81cb2be9bd.jpg,bottle-defect-detection,train
bottle-defect-detection_100488_jpg.rf.c3363133bb0af213dfc1601fab066f91.jpg,bottle-defect-detection,train
bottle-defect-detection_108-1086053_transparent-background-water-bottle-png-png-download_png_jpg.rf.1800cf8bfab3247a38a7181546e47dad.jpg,bottle-defect-detection,train
bottle-defect-detection_108-1086053_transparent-background-water-bottle-png-png-download_png_jpg.rf.7e461bc4cd4eb0f999175f0e390e104e.jpg,bottle-defect-detection,train
bottle-defect-detection_108-1086053_transparent-background-water-bottle-png-png-download_png_jpg.rf.d72b6d3d6b110596a57ef2817e0fd4bb.jpg,bottle-defect-detection,train
bottle-defect-detection_11526496-two-blue-transparent-bottle-with-water-isolated-on-a-white-background_31_11zon_jpeg_jpg.rf.437ac4bd67b3ceb3ff52e3e0b8e06ddd.jpg,bottle-defect-detection,train
bottle-defect-detection_128385390-a-plastic-bottle-full-of-half-with-mineral-water-on-a-white-background_17_11zon_jpeg_jpg.rf.371b7a304fa3e09928263158e6737c50.jpg,bottle-defect-detection,train
bottle-defect-detection_128385390-a-plastic-bottle-full-of-half-with-mineral-water-on-a-white-background_17_11zon_jpeg_jpg.rf.e8a0ef4fa09fdf7c57456fca45da77cb.jpg,bottle-defect-detection,train
bottle-defect-detection_129415173-a-plastic-bottle-with-a-red-cap-with-fresh-drinking-water-against-a-background-of-green-forest-and-a_jpg.rf.4aa45cb904e444dae9245afcb38337f4.jpg,bottle-defect-detection,train
bottle-defect-detection_129415173-a-plastic-bottle-with-a-red-cap-with-fresh-drinking-water-against-a-background-of-green-forest-and-a_jpg.rf.a6601ca259645688b594fbf5fa8a0e55.jpg,bottle-defect-detection,train
bottle-defect-detection_1334964-bouteille-d-eau-en-plastique-sur-la-plage-gratuit-photo_jpeg_jpg.rf.5b6c7d0875b4e47012513c41e959dd54.jpg,bottle-defect-detection,train
bottle-defect-detection_1334964-bouteille-d-eau-en-plastique-sur-la-plage-gratuit-photo_jpeg_jpg.rf.d570515f92d27524b98a1e291202e724.jpg,bottle-defect-detection,train
bottle-defect-detection_1334964-bouteille-d-eau-en-plastique-sur-la-plage-gratuit-photo_jpeg_jpg.rf.fe79f4ab460694fa924fc70022a3c1b5.jpg,bottle-defect-detection,train
bottle-defect-detection_137-1370739_water-bottle-png-image-file-plastic-bottle-transparent_png_jpg.rf.c4b79a80b5639a97fdee40455c731092.jpg,bottle-defect-detection,train
bottle-defect-detection_14691096-half-empty-plastic-bottle-of-water-_12_11zon_jpeg_jpg.rf.655100a063d1992f9f888e4e12fa07bc.jpg,bottle-defect-detection,train
bottle-defect-detection_14691096-half-empty-plastic-bottle-of-water-_12_11zon_jpeg_jpg.rf.f2562b6cc0de6bdbb34ed0a8c8c4d226.jpg,bottle-defect-detection,train
bottle-defect-detection_16-167008_water-bottle-png-water-bottle-transparent-background-png_png_jpg.rf.82106ae9c763d6061ccdcf0c56eec649.jpg,bottle-defect-detection,train
bottle-defect-detection_16-167008_water-bottle-png-water-bottle-transparent-background-png_png_jpg.rf.d4956365ad9f861f1886412c1ff27ee7.jpg,bottle-defect-detection,train
bottle-defect-detection_1639196_1_jpg.rf.65693207963cea999a18f9fdf97c8a14.jpg,bottle-defect-detection,train
bottle-defect-detection_174367-2_2-bisleri-mineral-water_41_11zon_jpeg_jpg.rf.d54887a2c62eac9aaeaff40f109b6204.jpg,bottle-defect-detection,train
bottle-defect-detection_193-1932341_bottled-water-transparent-background-water-bottle-png-png_png_jpg.rf.b764117720e54be4b6dc89f9dc584bb5.jpg,bottle-defect-detection,train
bottle-defect-detection_197351_4-bisleri-mineral-water_42_11zon_jpeg_jpg.rf.3cbcfc4041c24ad43232ee49e5fcc7b3.jpg,bottle-defect-detection,train
bottle-defect-detection_197351_4-bisleri-mineral-water_42_11zon_jpeg_jpg.rf.4cee15da67c672e0fe174662f849874b.jpg,bottle-defect-detection,train
bottle-defect-detection_1_org_zoom_jpg.rf.046379a55ffd10b99d021e130257ed46.jpg,bottle-defect-detection,train
bottle-defect-detection_1_org_zoom_jpg.rf.d24a1a5f95525a198bfd8379fd2e6996.jpg,bottle-defect-detection,train
bottle-defect-detection_1_org_zoom_jpg.rf.e544c1eb9fd17970b5f6ea4f97c9e35d.jpg,bottle-defect-detection,train
bottle-defect-detection_1liter-mineral-water-bottle-500x500_jpg.rf.784da354fe670a4945fd40cb042452ca.jpg,bottle-defect-detection,train
bottle-defect-detection_1liter-mineral-water-bottle-500x500_jpg.rf.bd4192a138db132b035020ecac312a89.jpg,bottle-defect-detection,train
bottle-defect-detection_200019_jpg.rf.c515e73460aa428be766240d2cad710f.jpg,bottle-defect-detection,train
bottle-defect-detection_200037_jpg.rf.53de21b7ceff2970332ce00c77654470.jpg,bottle-defect-detection,train
bottle-defect-detection_200037_jpg.rf.5d34fc76cae7306b63228afb9e8f02e0.jpg,bottle-defect-detection,train
bottle-defect-detection_200038_jpg.rf.81f4a97e85562fe5d7901a92cc7c41af.jpg,bottle-defect-detection,train
bottle-defect-detection_200039_jpg.rf.60a28fe6cedd4beb784403520dda3acf.jpg,bottle-defect-detection,train
bottle-defect-detection_200039_jpg.rf.8da05a26d2de3d177990ac020bb01df9.jpg,bottle-defect-detection,train
bottle-defect-detection_2008_0622SzentkirC3A1ly0110-JPG_24_11zon_1_11zon_jpeg_jpg.rf.687fd5d2dbf9e90f07fa17ca12cd5b21.jpg,bottle-defect-detection,train
bottle-defect-detection_2008_0622SzentkirC3A1ly0110-JPG_24_11zon_1_11zon_jpeg_jpg.rf.8ac7463727fd9345563767f898fd9c2f.jpg,bottle-defect-detection,train
bottle-defect-detection_20190412_blog_Eco_Alert_Plastic_Water_Bottles_Hero_jpg.rf.e38981dc2e03972393b6a5e0c5ca42fb.jpg,bottle-defect-detection,train
bottle-defect-detection_215-2151294_pattern-water-bottle-png-image-bottled-water-clip-art_png_jpg.rf.b977a1dc77408e6c4a6fbee6f1d89af1.jpg,bottle-defect-detection,train
bottle-defect-detection_220px-Botella_de_plC3A1stico_-_PET_4_11zon_jpeg_jpg.rf.78330d56c7057b5404f9a51bafa85e4f.jpg,bottle-defect-detection,train
bottle-defect-detection_220px-Botella_de_plC3A1stico_-_PET_4_11zon_jpeg_jpg.rf.a8f6b9dafa8d3181c0d4f6afce3b50fb.jpg,bottle-defect-detection,train
bottle-defect-detection_242060-2_1-aquafina-packaged-drinking-water_44_11zon_jpeg_jpg.rf.708ceabbcbb34d4b48a928d185e8082a.jpg,bottle-defect-detection,train
bottle-defect-detection_242060-2_1-aquafina-packaged-drinking-water_44_11zon_jpeg_jpg.rf.c144e2b7d2adfe92524568bf9f2d4430.jpg,bottle-defect-detection,train
bottle-defect-detection_242060-2_1-aquafina-packaged-drinking-water_44_11zon_jpeg_jpg.rf.d6899eadd86ddb2ee25f1d1a3a37a5bd.jpg,bottle-defect-detection,train
bottle-defect-detection_2440_png_jpg.rf.56840a16c14604db62a8780601e84a55.jpg,bottle-defect-detection,train
bottle-defect-detection_2440_png_jpg.rf.58b0c14cdb3b114ebc70670d19ef0ace.jpg,bottle-defect-detection,train
bottle-defect-detection_250-ml-bisleri-water-bottle-500x500_13_11zon_jpeg_jpg.rf.061452f3da9f05d61c44d0be6973b0b1.jpg,bottle-defect-detection,train
bottle-defect-detection_250-ml-bisleri-water-bottle-500x500_13_11zon_jpeg_jpg.rf.6ac0dcd010c4f68c937017e9228eb8b5.jpg,bottle-defect-detection,train
bottle-defect-detection_29-293621_water-bottle-png-image-one-plastic-bottle_png_jpg.rf.052eb2dd85c292bd5c6b1599bd8c89d4.jpg,bottle-defect-detection,train
bottle-defect-detection_2_org_zoom_jpg.rf.566341ab20fd526eb97e28d5849c6339.jpg,bottle-defect-detection,train
bottle-defect-detection_2_org_zoom_jpg.rf.7b3949e82dc041f11070350adb9a2edf.jpg,bottle-defect-detection,train
bottle-defect-detection_2_org_zoom_jpg.rf.ab450768b1c0831670d51e2894b8544e.jpg,bottle-defect-detection,train
bottle-defect-detection_2_org_zoom_jpg.rf.c5ef420635882ccfb3a9534c62f98591.jpg,bottle-defect-detection,train
bottle-defect-detection_2_org_zoom_jpg.rf.ffbc1b36671635ac3dbc9a779c8d5b31.jpg,bottle-defect-detection,train
bottle-defect-detection_2c7pa0m_jpg.rf.14510be359279b26d84f4e950dba96e1.jpg,bottle-defect-detection,train
bottle-defect-detection_2c7pa0m_jpg.rf.1663ea157fff7ca125c8c2804f1277af.jpg,bottle-defect-detection,train
bottle-defect-detection_2c7pa0m_jpg.rf.cd84f4422497e06611382bb9985a8306.jpg,bottle-defect-detection,train
bottle-defect-detection_2c7pa0m_jpg.rf.e8e8d9be8f917f3d4872a5a1fa49a248.jpg,bottle-defect-detection,train
bottle-defect-detection_3-38514_free-png-free-png-plastic-water-bottle-png_png_jpg.rf.6a029d1747f2a403f0eff35eb5cddc4e.jpg,bottle-defect-detection,train
bottle-defect-detection_3-38514_free-png-free-png-plastic-water-bottle-png_png_jpg.rf.e0e1735098e04f1b4d530b1e3141164f.jpg,bottle-defect-detection,train
bottle-defect-detection_300-ml-rockstar-bisleri-water-bottle-500x500-500x500_28_11zon_jpeg_jpg.rf.9cef3f96d04fc77c4f59e49109f4a84a.jpg,bottle-defect-detection,train
bottle-defect-detection_300ml-bisleri-mineral-water-bottle-500x500_25_11zon_jpeg_jpg.rf.21db6c3ed964f4b679a3aac15f826218.jpg,bottle-defect-detection,train
bottle-defect-detection_300ml-bisleri-mineral-water-bottle-500x500_25_11zon_jpeg_jpg.rf.26f499dc3a4c62052ec765b804f959ff.jpg,bottle-defect-detection,train
bottle-defect-detection_300ml-bisleri-mineral-water-bottle-500x500_25_11zon_jpeg_jpg.rf.4cdc6615940b8e1ee1acadc094de1ba9.jpg,bottle-defect-detection,train
bottle-defect-detection_300ml-bisleri-water-500x500_14_11zon_jpeg_jpg.rf.1830c0300a55273fc7bc39f283c1dd19.jpg,bottle-defect-detection,train
bottle-defect-detection_300ml-bisleri-water-500x500_14_11zon_jpeg_jpg.rf.6e89b9e0994fce9c74c4d919bb9e6dee.jpg,bottle-defect-detection,train
bottle-defect-detection_300ml-bisleri-water-500x500_14_11zon_jpeg_jpg.rf.af9ac5ac889448fb48895017c2bf328b.jpg,bottle-defect-detection,train
bottle-defect-detection_34103519-close-up-plastic-bottle-without-cap-isolated-on-white-background_jpg.rf.40d4a97f3be9788dff44b9903459abc3.jpg,bottle-defect-detection,train
bottle-defect-detection_360_F_1554527_gNGV7ex4kYfcwkMAP1h0g0gHOqA7IL_5_11zon_jpeg_jpg.rf.37b6d72e94c142c53d321f1e3f583958.jpg,bottle-defect-detection,train
bottle-defect-detection_360_F_1554527_gNGV7ex4kYfcwkMAP1h0g0gHOqA7IL_5_11zon_jpeg_jpg.rf.54e01933ef4c98da059baa3d352da75f.jpg,bottle-defect-detection,train
bottle-defect-detection_360_F_705756908_sKwzoPEKLocJT22g2f8qyl1rmUb3NBDS_jpg.rf.acad2c3c6592e44348e84e46dec2b778.jpg,bottle-defect-detection,train
bottle-defect-detection_360_F_705756908_sKwzoPEKLocJT22g2f8qyl1rmUb3NBDS_jpg.rf.de445666cf95068c6942136d2818ad2b.jpg,bottle-defect-detection,train
bottle-defect-detection_360_F_705756908_sKwzoPEKLocJT22g2f8qyl1rmUb3NBDS_jpg.rf.e67e5877f317fc22b9b208df84879326.jpg,bottle-defect-detection,train
bottle-defect-detection_39-393639_empty-water-bottle-png-transparent-png_png_jpg.rf.24478ade45e457fc65412354c76d0458.jpg,bottle-defect-detection,train
bottle-defect-detection_39-393639_empty-water-bottle-png-transparent-png_png_jpg.rf.96a53b1c67d5e99ae1047896e71851bc.jpg,bottle-defect-detection,train
bottle-defect-detection_39-393639_empty-water-bottle-png-transparent-png_png_jpg.rf.d2a7729edffded5079426c4a6d6446f6.jpg,bottle-defect-detection,train
bottle-defect-detection_3KnPinofHaKaQDaeRov3Qg-1200-80_6_11zon_jpeg_jpg.rf.a95275169de7aea3d2d76099cb3ef0d8.jpg,bottle-defect-detection,train
bottle-defect-detection_3KnPinofHaKaQDaeRov3Qg-1200-80_6_11zon_jpeg_jpg.rf.d5c51a7d69ca8d626931ebbdff2abe1c.jpg,bottle-defect-detection,train
bottle-defect-detection_4-41984_aquafina-water-bottle-png-bisleri-mineral-water-2ltr_png_jpg.rf.eee72f5c0593544a87825aaaff7dbfc1.jpg,bottle-defect-detection,train
bottle-defect-detection_40176644-2_8-bb-home-leo-plastic-pet-water-bottle-light-blue-wide-mouth_32_11zon_jpeg_jpg.rf.84d3f82dec15180ccf8fa3579ad84c4a.jpg,bottle-defect-detection,train
bottle-defect-detection_40176644-2_8-bb-home-leo-plastic-pet-water-bottle-light-blue-wide-mouth_32_11zon_jpeg_jpg.rf.c6dff0d8e034a818948dd2a49c8f96a4.jpg,bottle-defect-detection,train
bottle-defect-detection_412087-2_1-bisleri-mineral-water_30_11zon_jpeg_jpg.rf.2ad76c141a4e7e9e2580493ef0157618.jpg,bottle-defect-detection,train
bottle-defect-detection_412087-2_1-bisleri-mineral-water_30_11zon_jpeg_jpg.rf.d5844b571ee45f9ee21b93cef4dbd674.jpg,bottle-defect-detection,train
bottle-defect-detection_449663-le-bottle-flip-le-nouveau-challenge-des-950x635-2_jpg.rf.281f00906c5fc160e6afb09df39ea85f.jpg,bottle-defect-detection,train
bottle-defect-detection_449663-le-bottle-flip-le-nouveau-challenge-des-950x635-2_jpg.rf.3debfb1481999672ce4fbde69d0cb578.jpg,bottle-defect-detection,train
bottle-defect-detection_449663-le-bottle-flip-le-nouveau-challenge-des-950x635-2_jpg.rf.84ae118fd5dec2e386e1b89d739dc02f.jpg,bottle-defect-detection,train
bottle-defect-detection_4d65be20-017a-475a-b1ed-3928c841ad98_jpg.rf.5b9b69b7dc2cba0057827742b6898eb3.jpg,bottle-defect-detection,train
bottle-defect-detection_4d65be20-017a-475a-b1ed-3928c841ad98_jpg.rf.8e7705d7e6044539ede8e68dfdbdaffa.jpg,bottle-defect-detection,train
bottle-defect-detection_500-ml-bisleri-water-bottle-500x500_16_11zon_jpeg_jpg.rf.7d710a16754c831e12de678e9e7a4b4e.jpg,bottle-defect-detection,train
bottle-defect-detection_500-ml-bisleri-water-bottle-500x500_16_11zon_jpeg_jpg.rf.a570a0cae58247470f024cc3fb3fdf0d.jpg,bottle-defect-detection,train
bottle-defect-detection_500-ml-bisleri-water-bottle-500x500_16_11zon_jpeg_jpg.rf.e0147fbd7807bb35a94af0562ee9c120.jpg,bottle-defect-detection,train
bottle-defect-detection_500ml-bottle_jpg.rf.10a395f44b02defe2ac250b31387368a.jpg,bottle-defect-detection,train
bottle-defect-detection_5596d720-3739-4ec4-84f4-4dcbaa05d7f3_jpg.rf.1978f4273f8b0c8f3a9ae52eb921f655.jpg,bottle-defect-detection,train
bottle-defect-detection_5596d720-3739-4ec4-84f4-4dcbaa05d7f3_jpg.rf.6f8935ea2b70f5c44932c1bfe96c0055.jpg,bottle-defect-detection,train
bottle-defect-detection_5596d720-3739-4ec4-84f4-4dcbaa05d7f3_jpg.rf.bf1e68f91179a37413935f470091045b.jpg,bottle-defect-detection,train
bottle-defect-detection_6113-09272543en_Masterfile_jpg.rf.01b36575b5d8211039e0e5d6504cdcfd.jpg,bottle-defect-detection,train
bottle-defect-detection_6113-09272543en_Masterfile_jpg.rf.4f239040dd12e06e386cdf8810046030.jpg,bottle-defect-detection,train
bottle-defect-detection_6138fH7lkaL-_SL1200__38_11zon_jpeg_jpg.rf.1fb3b65a274ef12aa3dc1167d122db33.jpg,bottle-defect-detection,train
bottle-defect-detection_6138fH7lkaL-_SL1200__38_11zon_jpeg_jpg.rf.4e814b67b98255a1607236ead982ec33.jpg,bottle-defect-detection,train
bottle-defect-detection_6138fH7lkaL-_SL1200__38_11zon_jpeg_jpg.rf.edb265a111773b03c48f1ac6f88a06f8.jpg,bottle-defect-detection,train
bottle-defect-detection_6194001800500_jpg.rf.0ce1cb845ab45ec4e71c9d56be8a6a30.jpg,bottle-defect-detection,train
bottle-defect-detection_6194001800500_jpg.rf.6e2ff43620a445b8bf3e976296c838d5.jpg,bottle-defect-detection,train
bottle-defect-detection_6194001800500_jpg.rf.8344818409736f48c02f84bcfc579bf9.jpg,bottle-defect-detection,train
bottle-defect-detection_61KAmwTOrtL-_SX569_PIbundle-48TopRight00_AA569SH20__16_11zon_jpeg_jpg.rf.d64d73c9680ad69582b1895065f8b30a.jpg,bottle-defect-detection,train
bottle-defect-detection_61RQJt9jcS-_SY550_PIbundle-12TopRight00_SX367SY550SH20__6_11zon_jpeg_jpg.rf.6cda444e1a3dceab2334b66e47c6f099.jpg,bottle-defect-detection,train
bottle-defect-detection_61RQJt9jcS-_SY550_PIbundle-12TopRight00_SX367SY550SH20__6_11zon_jpeg_jpg.rf.b240b69986e3b3da561cf323df89d5f1.jpg,bottle-defect-detection,train
bottle-defect-detection_64198550-empty-used-plastic-bottles_jpg.rf.2f3c8e224aa929b8641f5711ef31e45c.jpg,bottle-defect-detection,train
bottle-defect-detection_64198550-empty-used-plastic-bottles_jpg.rf.46d7eabfcd91ed8fa584c1d37dd0eb3a.jpg,bottle-defect-detection,train
bottle-defect-detection_64198550-empty-used-plastic-bottles_jpg.rf.c1fff10cbe4a21ba61887937f8e659e6.jpg,bottle-defect-detection,train
bottle-defect-detection_65949b2163871d1cc505b64fad6e6a64-lucozade-follow-me_jpg.rf.b5073099bab125e173d6a9e1364a8b46.jpg,bottle-defect-detection,train
bottle-defect-detection_6a00d83451b96069e200e553b8b8168834-800wi_jpg.rf.9b7af8127ffe0a192f4a97e46bdb20a8.jpg,bottle-defect-detection,train
bottle-defect-detection_6a00d83451b96069e200e553b8b8168834-800wi_jpg.rf.db677a4f6a1bffe41ab034042e37d871.jpg,bottle-defect-detection,train
bottle-defect-detection_6d19d9a899ccf96773e77cd0ed028a3b_png_jpg.rf.ef28c183842a6bb88998f3eaf86bb4fb.jpg,bottle-defect-detection,train
bottle-defect-detection_800px_COLOURBOX3621066_jpg.rf.004b681f29d8b51ade398bf1acec12fd.jpg,bottle-defect-detection,train
bottle-defect-detection_800px_COLOURBOX3621066_jpg.rf.4d4147c835a4bc1a4ea33d00acb164b7.jpg,bottle-defect-detection,train
bottle-defect-detection_800px_COLOURBOX3621066_jpg.rf.f5b4f72a4ceff70ba81909dbb8745e03.jpg,bottle-defect-detection,train
bottle-defect-detection_800px_COLOURBOX4610056_jpg.rf.1cb394e180fd72f51da321af9b6e4370.jpg,bottle-defect-detection,train
bottle-defect-detection_800px_COLOURBOX4610056_jpg.rf.75dd3bf5faa0b72429ff593ff9898dd8.jpg,bottle-defect-detection,train
bottle-defect-detection_800px_COLOURBOX4610056_jpg.rf.b87746a4eb8b4fe188a071332be67177.jpg,bottle-defect-detection,train
bottle-defect-detection_800px_COLOURBOX4610056_jpg.rf.d75000ffb954ef4fe4323bf8d4520f49.jpg,bottle-defect-detection,train
bottle-defect-detection_800px_COLOURBOX4610056_jpg.rf.e7fdfb2f79247f595014f2cc74c0858d.jpg,bottle-defect-detection,train
bottle-defect-detection_80311-scaled-1_jpg.rf.7cb543bcd279aded745d6e37314c60f3.jpg,bottle-defect-detection,train
bottle-defect-detection_80311-scaled-1_jpg.rf.a570eddb1ceeb27a66b22cafa5b40e8f.jpg,bottle-defect-detection,train
bottle-defect-detection_80321-scaled-1_jpg.rf.1e7f73af88673d820cd5d822a776849c.jpg,bottle-defect-detection,train
bottle-defect-detection_80321-scaled-1_jpg.rf.e3f030ebe967a101cd7f841d4aaf24af.jpg,bottle-defect-detection,train
bottle-defect-detection_80321-scaled-1_jpg.rf.ef6297068d2bbe975ad3bf648030de49.jpg,bottle-defect-detection,train
bottle-defect-detection_8wtjst88up_Medium_WW275057_jpg.rf.1c2b53b902185d4e1b69c095d80ead08.jpg,bottle-defect-detection,train
bottle-defect-detection_8wtjst88up_Medium_WW275057_jpg.rf.fc6ccdb8ec70e9684fc2d4506458be75.jpg,bottle-defect-detection,train
bottle-defect-detection_95372976-hand-throwing-plastic-bottle-into-old-trash-can-concept-of-environmental-protection-littering-of_jpg.rf.34fb91f4c9aef7dc93195958c6ffc6b7.jpg,bottle-defect-detection,train
bottle-defect-detection_95372976-hand-throwing-plastic-bottle-into-old-trash-can-concept-of-environmental-protection-littering-of_jpg.rf.da5f7dab14dfbfe17be28970fedde48b.jpg,bottle-defect-detection,train
bottle-defect-detection_95372976-hand-throwing-plastic-bottle-into-old-trash-can-concept-of-environmental-protection-littering-of_jpg.rf.ec21d426767537d9918533bbeb53ad09.jpg,bottle-defect-detection,train
bottle-defect-detection_a-plastic-water-bottle-without-a-cap-that-has-condensation-on-it-D2D7RM_jpg.rf.c146b64352a0e7fa511cc6fb7ac2cc91.jpg,bottle-defect-detection,train
bottle-defect-detection_a-pure-water-bottle-on-transparent-background-vector-26292383_39_11zon_jpeg_jpg.rf.9eff51111b7ba0dfcdec1d80ca94ea41.jpg,bottle-defect-detection,train
bottle-defect-detection_a-pure-water-bottle-on-transparent-background-vector-26292383_39_11zon_jpeg_jpg.rf.e616bc129c73eb7a12df86644d6269c1.jpg,bottle-defect-detection,train
bottle-defect-detection_Air_pressure_crushing_a_plastic_bottle_p1180559_jpg.rf.6f2db5bc0f71d5205d80d157cd6862db.jpg,bottle-defect-detection,train
bottle-defect-detection_Air_pressure_crushing_a_plastic_bottle_p1180559_jpg.rf.e8bd20836c155b461fc346b813a5274a.jpg,bottle-defect-detection,train
bottle-defect-detection_bisleri-300ml-glass-bottle-500x500_75_11zon_jpeg_jpg.rf.1113a1deca7cfd8b5df2ab849c117c1b.jpg,bottle-defect-detection,train
bottle-defect-detection_Bisleri_1ltr_Tamil_png_jpg.rf.31952004e955a3c232e8393e80181656.jpg,bottle-defect-detection,train
bottle-defect-detection_Bisleri_1ltr_Tamil_png_jpg.rf.6d082224415d8fe32ced91f3af082b06.jpg,bottle-defect-detection,train
bottle-defect-detection_bouteille-en-plastique-sur-la-plage-pollution-2b1j2bx_jpg.rf.91a94e1588eb7c28e26e0c60b6cbf304.jpg,bottle-defect-detection,train
bottle-defect-detection_Bvvvi_33_11zon_jpeg_jpg.rf.a29bc3b60497fd5dbe3f8ad652218b83.jpg,bottle-defect-detection,train
bottle-defect-detection_Crush-a-Bottle-Science-Experiment-Step-6_jpg.rf.3768845d9e2b208c5c2ff2330d9a2cf9.jpg,bottle-defect-detection,train
bottle-defect-detection_Crush-a-Bottle-Science-Experiment-Step-6_jpg.rf.50785fe00fc0a96425de3f8c50401482.jpg,bottle-defect-detection,train
bottle-defect-detection_Crush-a-Bottle-Science-Experiment-Step-6_jpg.rf.e6143163e7773bd09f4321d88d0a9a53.jpg,bottle-defect-detection,train
bottle-defect-detection_Dino-mobile-banner_91_11zon_jpeg_jpg.rf.e26a92bbb3ba7d5b1d028662cc8f19cc.jpg,bottle-defect-detection,train
bottle-defect-detection_Dino-mobile-banner_91_11zon_jpeg_jpg.rf.eb5192d28edec9a29975f472e3310520.jpg,bottle-defect-detection,train
bottle-defect-detection_download-1-_1_11zon_jpeg_jpg.rf.a329386cb7077522d0492754f1913fd6.jpg,bottle-defect-detection,train
bottle-defect-detection_eau-gazeifiee_jpg.rf.5701d3c96508165fc6420a055e662f35.jpg,bottle-defect-detection,train
bottle-defect-detection_empty-plastic-water-bottle-500x500-1-_jpg.rf.a411ca3a74dd9da21e48ff12dba27300.jpg,bottle-defect-detection,train
bottle-defect-detection_empty-plastic-water-bottle-500x500_jpg.rf.353c1e9654d48adb09159541fb4c7612.jpg,bottle-defect-detection,train
bottle-defect-detection_front_fr-42-full_jpg.rf.4d499d50bf6e365fa8943d4ef1dda4d7.jpg,bottle-defect-detection,train
bottle-defect-detection_GettyImages-183243429-19b6426_jpg.rf.d6c1f1ebd465a4b51017a360fe71f335.jpg,bottle-defect-detection,train
bottle-defect-detection_images-1-_jpg.rf.27975c7e3e122acca263cca2317f3882.jpg,bottle-defect-detection,train
bottle-defect-detection_images-3-_jpg.rf.b2fe48e3fc595969e6b3748519f15117.jpg,bottle-defect-detection,train
bottle-defect-detection_images-4-_119_11zon_jpeg_jpg.rf.b60c6de2e7f8513f14bc01beff42bb20.jpg,bottle-defect-detection,train
bottle-defect-detection_images-6-_jpg.rf.0f04305e4036177bf2460dcff49ca563.jpg,bottle-defect-detection,train
bottle-defect-detection_images-6-_jpg.rf.d53b563c84bd6e569925521842e38586.jpg,bottle-defect-detection,train
bottle-defect-detection_images184_92_11zon_jpeg_jpg.rf.06990c2c167de7e63f387753e9f7fa9e.jpg,bottle-defect-detection,train
bottle-defect-detection_images223_268_11zon_jpeg_jpg.rf.2ae98e82328bb58a6722f148d4bb8cda.jpg,bottle-defect-detection,train
bottle-defect-detection_images44_157_11zon_jpeg_jpg.rf.70479f12d40104eb9e3bf9629d441e29.jpg,bottle-defect-detection,train
bottle-defect-detection_IMG20221226183446_32_11zon_jpeg_jpg.rf.b3997cd4d9e234d06d7fa77490efbe7a.jpg,bottle-defect-detection,train
bottle-defect-detection_IMG_20240305_091933_jpg.rf.71fca60ec98aa8aa3c63e26f1d12fc68.jpg,bottle-defect-detection,train
bottle-defect-detection_IMG_20240305_091944_jpg.rf.081ba9e3b02225f0de24a9ffbf7d1b2d.jpg,bottle-defect-detection,train
bottle-defect-detection_IMG_20240305_091944_jpg.rf.1f9cbfa0fc8b1691d6dd7ab969f3fd18.jpg,bottle-defect-detection,train
bottle-defect-detection_IMG_20240305_091949_jpg.rf.c3bc316cf7cb70fbf3f85ee85de58c0c.jpg,bottle-defect-detection,train
bottle-defect-detection_IMG_20240310_134150_jpg.rf.3c7b393aa0e2ab421d11604b3b568120.jpg,bottle-defect-detection,train
bottle-defect-detection_IMG_20240310_134150_jpg.rf.ee8c652024ef53d6406886f3236d7b0f.jpg,bottle-defect-detection,train
bottle-defect-detection_IMG_20240310_134209_jpg.rf.25565e85a822d050676c5d2d84c772db.jpg,bottle-defect-detection,train
bottle-defect-detection_IMG_20240310_134209_jpg.rf.bba08ab785c6ca1533d04d47aca72054.jpg,bottle-defect-detection,train
bottle-defect-detection_IMG_20240310_134225_jpg.rf.147de26d1330ebaa9ea40acb2cacbc01.jpg,bottle-defect-detection,train
bottle-defect-detection_IMG_20240310_134225_jpg.rf.c2db0e75de05559e61a6af940ed480a1.jpg,bottle-defect-detection,train
bottle-defect-detection_IMG_20240310_134225_jpg.rf.ca43868254285b1717560ea9a6346b73.jpg,bottle-defect-detection,train
bottle-defect-detection_IMG_20240310_134326_jpg.rf.0ae957a56940c7a012811befd901016a.jpg,bottle-defect-detection,train
bottle-defect-detection_IMG_20240310_134326_jpg.rf.69ffc02b6295d7487e2d6996b592876d.jpg,bottle-defect-detection,train
bottle-defect-detection_IMG_20240310_134520_jpg.rf.49f80e6771bd1434e726e10768ac1a14.jpg,bottle-defect-detection,train
bottle-defect-detection_IMG_20240310_134617_jpg.rf.7a0f31967a70d68ebb0840f00e97eb53.jpg,bottle-defect-detection,train
bottle-defect-detection_IMG_20240310_134634_jpg.rf.2f40461eb049624aa76754c285ed7ba7.jpg,bottle-defect-detection,train
bottle-defect-detection_IMG_20240310_134634_jpg.rf.c2a1851effe0d49cc1fa2241dbdd778c.jpg,bottle-defect-detection,train
bottle-defect-detection_IMG_20240310_134704_jpg.rf.d65daba20703448059de76b4be98a84b.jpg,bottle-defect-detection,train
bottle-defect-detection_IMG_20240310_134704_jpg.rf.db100597840fe3a5241b88b1e9642978.jpg,bottle-defect-detection,train
bottle-defect-detection_IMG_20240310_134712_jpg.rf.bc4cb35b4ec77ef1ecade8856fb20f45.jpg,bottle-defect-detection,train
bottle-defect-detection_IMG_20240310_134712_jpg.rf.bcc046a0bd3429ccf3475a12b0e4faaf.jpg,bottle-defect-detection,train
bottle-defect-detection_IMG_20240310_134712_jpg.rf.fc9f542536e891b438951d7d7bba71fe.jpg,bottle-defect-detection,train
bottle-defect-detection_IMG_20240310_135050_jpg.rf.8eec54e94668dcfb1d414421598e241e.jpg,bottle-defect-detection,train
bottle-defect-detection_IMG_20240310_135050_jpg.rf.9674e46bae80051cc547b2c2d82f6a04.jpg,bottle-defect-detection,train
bottle-defect-detection_IMG_20240310_135103_jpg.rf.faceeed5c2b7f2385ca091deffd20a60.jpg,bottle-defect-detection,train
bottle-defect-detection_IMG_20240310_135117_jpg.rf.3cf95f30ba3b21e26f5089bc5731c9b3.jpg,bottle-defect-detection,train
bottle-defect-detection_IMG_20240310_151414_jpg.rf.a67bc584e26c65e3fe72060aee033364.jpg,bottle-defect-detection,train
bottle-defect-detection_IMG_20240310_151424_jpg.rf.102098ca95a884e065b271cbcb1fe239.jpg,bottle-defect-detection,train
bottle-defect-detection_IMG_20240310_151424_jpg.rf.8ebf9f64b6f0a8d0a679362b5926b136.jpg,bottle-defect-detection,train
bottle-defect-detection_IMG_20240310_151424_jpg.rf.978d521f54076c66df27e7b08d0c1f31.jpg,bottle-defect-detection,train
bottle-defect-detection_IMG_20240310_151434_jpg.rf.39eeabbdefc60fc571b1f76c7a802c10.jpg,bottle-defect-detection,train
bottle-defect-detection_IMG_20240310_151434_jpg.rf.bec5d059a5e010f9b2604c1743f48973.jpg,bottle-defect-detection,train
bottle-defect-detection_IMG_20240310_151434_jpg.rf.f05adcf3c8c5607a36903cc017739c33.jpg,bottle-defect-detection,train
bottle-defect-detection_IMG_20240310_151451_jpg.rf.581f300867835ad584720e940a0474ab.jpg,bottle-defect-detection,train
bottle-defect-detection_IMG_20240310_151451_jpg.rf.bb730b18a9707953927be36bbd205e1f.jpg,bottle-defect-detection,train
bottle-defect-detection_IMG_20240310_151451_jpg.rf.f611cd56ed5d7647824c99f0d084e2ff.jpg,bottle-defect-detection,train
bottle-defect-detection_IMG_20240310_151538_jpg.rf.7580f1742773597090b78040655396b6.jpg,bottle-defect-detection,train
bottle-defect-detection_IMG_20240310_151538_jpg.rf.f470b965c9f7876573bab81c43c5569f.jpg,bottle-defect-detection,train
bottle-defect-detection_IMG_20240310_151546_jpg.rf.5f87edf1da705dc47ff003f52033438d.jpg,bottle-defect-detection,train
bottle-defect-detection_IMG_20240310_151546_jpg.rf.a7e430b14b35b4c2d59ed4db5413686b.jpg,bottle-defect-detection,train
bottle-defect-detection_IMG_20240310_151705_jpg.rf.4227aea6c86b6446190cc61b34b3411a.jpg,bottle-defect-detection,train
bottle-defect-detection_IMG_20240310_151708_jpg.rf.5d10e1a715be85c5b30619f7a5a2fab7.jpg,bottle-defect-detection,train
bottle-defect-detection_IMG_20240310_151757_jpg.rf.448c0ec15acabef8889fa7d347dc25d6.jpg,bottle-defect-detection,train
bottle-defect-detection_IMG_20240310_151757_jpg.rf.479f2fc2d7f74ec7cd2511cb0628bc6d.jpg,bottle-defect-detection,train
bottle-defect-detection_IMG_20240310_151757_jpg.rf.ecde589adddb34a014c35a6e7680782f.jpg,bottle-defect-detection,train
bottle-defect-detection_IMG_20240310_151802_jpg.rf.2fd50d43751cd6352bc6f37810288dbf.jpg,bottle-defect-detection,train
bottle-defect-detection_IMG_20240310_151802_jpg.rf.ac7a9753a84a5a27e709b67b5d3da8d1.jpg,bottle-defect-detection,train
bottle-defect-detection_IMG_20240310_151802_jpg.rf.fda6d49b49424060af4ff1d8382e27bc.jpg,bottle-defect-detection,train
bottle-defect-detection_IMG_20240310_151816_jpg.rf.5f46390e4e65348e16c90e891e465dd2.jpg,bottle-defect-detection,train
bottle-defect-detection_IMG_20240310_151816_jpg.rf.6a05411d4fad1cb7645d0e952d2ce10d.jpg,bottle-defect-detection,train
bottle-defect-detection_IMG_20240310_151830_jpg.rf.2630c5932fdc650fbb912092dcb74538.jpg,bottle-defect-detection,train
bottle-defect-detection_IMG_20240310_151903_jpg.rf.29d01cb3198156b2dd83d5a2302fff1a.jpg,bottle-defect-detection,train
bottle-defect-detection_IMG_20240310_151903_jpg.rf.9324d6e6fed2fee16304455f116a344f.jpg,bottle-defect-detection,train
bottle-defect-detection_IMG_20240310_151909_jpg.rf.3bd111174cb764f5d5a2b184453151e2.jpg,bottle-defect-detection,train
bottle-defect-detection_IMG_20240310_151918_jpg.rf.0d84d6a289ca0cd402e892d9a776d42c.jpg,bottle-defect-detection,train
bottle-defect-detection_IMG_20240310_151918_jpg.rf.1886e8354af077ec4821d83b116cdf9c.jpg,bottle-defect-detection,train
bottle-defect-detection_IMG_20240310_151918_jpg.rf.43325da4c9fadd694d670108f861d388.jpg,bottle-defect-detection,train
bottle-defect-detection_IMG_20240310_151939_jpg.rf.91773284487eb7064fa8291b164cf401.jpg,bottle-defect-detection,train
bottle-defect-detection_IMG_20240310_151939_jpg.rf.94427e81e969b048a70de90aecdd6a6c.jpg,bottle-defect-detection,train
bottle-defect-detection_IMG_20240310_151939_jpg.rf.97ec2ab0d7b7dfd0be39e0739131544a.jpg,bottle-defect-detection,train
bottle-defect-detection_istockphoto-1422920433-612x612_jpg.rf.985de7e8f11f7f6473c6311f86f4a5f0.jpg,bottle-defect-detection,train
bottle-defect-detection_istockphoto-547409194-612x612_jpg.rf.c188ad8926a3a33885261185f4b3f7f2.jpg,bottle-defect-detection,train
bottle-defect-detection_istockphoto-820642936-612x612_jpg.rf.5c07f51604c95ee8095bb2da5c55f926.jpg,bottle-defect-detection,train
bottle-defect-detection_plastic-water-bottle-63knAy4-600_jpg.rf.ad783ab4598995846f679a6b12736685.jpg,bottle-defect-detection,train
bottle-defect-detection_plastic-water-bottles-when-it-can-be-recycled_54199-623_jpg.rf.5887601bc1ba052d52d8f3cbef189958.jpg,bottle-defect-detection,train
bottle-defect-detection_Safia_Tunisie_jpg.rf.804ab5a8a413c86fc2fea6819f5efe67.jpg,bottle-defect-detection,train
bottle-defect-detection_Safia_Tunisie_jpg.rf.bacf20064e6e0f15f2edf91b0b55205b.jpg,bottle-defect-detection,train
bottle-defect-detection_Sans-titre-138_png_jpg.rf.189ef82a4007ef274b7dc17db18e7d91.jpg,bottle-defect-detection,train
bottle-defect-detection_Sans-titre-138_png_jpg.rf.b9a661d5eaf099e8e2a98338a4d1d609.jpg,bottle-defect-detection,train
bottle-defect-detection_Screenshot_2973_png_jpg.rf.2fe0e3b999bcfd176e2e7a5916710db2.jpg,bottle-defect-detection,train
bottle-defect-detection_Screenshot_2973_png_jpg.rf.ec430c33dd1e6a8b6fc0292fc90c7ce8.jpg,bottle-defect-detection,train
bottle-defect-detection_Screenshot_2973_png_jpg.rf.f77f82690726bc4a776cd1485ed50f1b.jpg,bottle-defect-detection,train
bottle-defect-detection_Tunisie_Eaux_minerales_jpg.rf.291bae647c03c89cb504178e6e17a1cb.jpg,bottle-defect-detection,train
bottle-defect-detection_Tunisie_Eaux_minerales_jpg.rf.2f17b2be699442906853f971f4de701c.jpg,bottle-defect-detection,train
bottle-defect-detection_Tunisie_Eaux_minerales_jpg.rf.e1df0bfc06072168451da3a66bef21a1.jpg,bottle-defect-detection,train
bottle-defect-detection_used-water-bottle-and-white-background-TTGTJW_jpg.rf.150e556a930d99872e50984f8052785d.jpg,bottle-defect-detection,train
bottle-defect-detection_v4-460px-Do-the-Water-Bottle-Flipping-Challenge-Step-8-Version-3_jpg.rf.f7e8e839b9448a1942163ba9d4064bb0.jpg,bottle-defect-detection,train
bottle-defect-detection_vlcsnap-2023-06-22-12h11m14s932_png_jpg.rf.1d418a51097f83a40aee78ceec39cdd4.jpg,bottle-defect-detection,train
bottle-defect-detection_vlcsnap-2023-06-22-12h11m17s424_png_jpg.rf.3324a8128e0bb1ba6293296dcb9af8ef.jpg,bottle-defect-detection,train
bottle-defect-detection_vlcsnap-2023-06-22-12h11m27s036_png_jpg.rf.abc43b73c53fd0c232cfb82ab68f170d.jpg,bottle-defect-detection,train
bottle-defect-detection_vlcsnap-2023-06-22-12h11m40s599_png_jpg.rf.2e8fb3c2bba1e0723ed87739883471dd.jpg,bottle-defect-detection,train
bottle-defect-detection_vlcsnap-2023-06-22-12h11m51s284_png_jpg.rf.345fecf44c2bdd393d65b2fe1b4c8a44.jpg,bottle-defect-detection,train
bottle-defect-detection_vlcsnap-2023-06-22-12h11m59s349_png_jpg.rf.a9a0235617ee5e5bfa4f6fec0029fe5c.jpg,bottle-defect-detection,train
bottle-defect-detection_vlcsnap-2023-06-22-12h12m03s292_png_jpg.rf.7fe2de7db2d111155ff1a1ba648cf528.jpg,bottle-defect-detection,train
bottle-defect-detection_vlcsnap-2023-06-22-12h12m05s631_png_jpg.rf.361a5a4de951c1180d7b11d03364c2ce.jpg,bottle-defect-detection,train
bottle-defect-detection_vlcsnap-2023-06-22-12h49m48s862_png_jpg.rf.ccf2f8770d35067070e616e9ba83a9c2.jpg,bottle-defect-detection,train
bottle-defect-detection_vlcsnap-2023-07-10-21h48m34s497_png_jpg.rf.bb0c42cac0696cd5b03d42062346099a.jpg,bottle-defect-detection,train
bottle-defect-detection_vlcsnap-2023-07-10-21h49m49s278_png_jpg.rf.849ea9a2b01d017bd3067af0e74c6971.jpg,bottle-defect-detection,train
bottle-defect-detection_vlcsnap-2023-07-10-21h49m52s776_png_jpg.rf.e1acc917fa40a02552fcc5b4ef0896cc.jpg,bottle-defect-detection,train
bottle-defect-detection_vlcsnap-2023-07-10-21h50m05s125_png_jpg.rf.1f5b5a9fcc5a3733cb7757370dc5f9cd.jpg,bottle-defect-detection,train
bottle-defect-detection_water-bottle-isolated-on-white-260nw-1080024386_jpg.rf.62040c5e0d64e23e4ed89a612025e9e7.jpg,bottle-defect-detection,train
bottle-defect-detection_Water-Bottle-PNG-Transparent-Image_png_jpg.rf.7302474d889048e651ed17bbbe2daeae.jpg,bottle-defect-detection,train
bottle-defect-detection_Water-Bottle-PNG-Transparent-Image_png_jpg.rf.8eaf07d348633c72742c1d5ab7ac517b.jpg,bottle-defect-detection,train
bottle-defect-detection_000000000_jpg.rf.178c04b23aeb95b60849562bfe7c4ea2.jpg,bottle-defect-detection,val
bottle-defect-detection_000001_jpg.rf.cee0f0e663c29228fc9801730a090083.jpg,bottle-defect-detection,val
bottle-defect-detection_000004_jpg.rf.487bf49a978bebfa78d2a78615c609da.jpg,bottle-defect-detection,val
bottle-defect-detection_000010_jpg.rf.906b4f1dd3d14251ad1322e87860f401.jpg,bottle-defect-detection,val
bottle-defect-detection_000023_jpg.rf.06e1e7e22b365f7112063e155f4ec508.jpg,bottle-defect-detection,val
bottle-defect-detection_000023_jpg.rf.bf174676d46b5af96ab70e596bcbf739.jpg,bottle-defect-detection,val
bottle-defect-detection_000030_jpg.rf.a2820d9e2889b51b53652530cbb0c60a.jpg,bottle-defect-detection,val
bottle-defect-detection_000033_jpg.rf.4b7affe14e1a104408415412a08e2928.jpg,bottle-defect-detection,val
bottle-defect-detection_000038_jpg.rf.bbbdd514af3050341aabe43f7b1ba71b.jpg,bottle-defect-detection,val
bottle-defect-detection_000099_jpg.rf.d8f45a2c258308ecac5fad8ae7aafe4c.jpg,bottle-defect-detection,val
bottle-defect-detection_000115_jpg.rf.e5a2f88f68b75564f1e990bef2bd22af.jpg,bottle-defect-detection,val
bottle-defect-detection_000124_jpg.rf.2850caffb3b4591f53d066cff143fd2c.jpg,bottle-defect-detection,val
bottle-defect-detection_000124_jpg.rf.9d50fec8ef1914efebad82b550680899.jpg,bottle-defect-detection,val
bottle-defect-detection_000125_jpg.rf.09c53bb3be1573e865bd28a8201a781d.jpg,bottle-defect-detection,val
bottle-defect-detection_000171_jpg.rf.d5591694cc9b9b992dc18bc42ac89483.jpg,bottle-defect-detection,val
bottle-defect-detection_000195_jpg.rf.40fbeefceded5cb49581ed11f0633520.jpg,bottle-defect-detection,val
bottle-defect-detection_00xp-bottleflipping_web1-superJumbo_jpg.rf.a931f680c1aad73666e6f1d9dbc1b73a.jpg,bottle-defect-detection,val
bottle-defect-detection_01-waterbottlesun_20190719_0023_2x3_1_11zon_jpeg_jpg.rf.566908657e13347d94a82ddcdabda216.jpg,bottle-defect-detection,val
bottle-defect-detection_0bnC0a9OdzJtymklrmne_1_11zon_jpeg_jpg.rf.429f339ab3540178066692032f6b0b35.jpg,bottle-defect-detection,val
bottle-defect-detection_1-0l-fresh-water-bottle-mockup_358694-280_3_11zon_jpeg_jpg.rf.2f96448de1c437eba484b799f7bd7ff4.jpg,bottle-defect-detection,val
bottle-defect-detection_1-5-liter-plastic-empty-mineral-water-bottle-500x500_jpg.rf.64ed559cb948b988a6b83fb96648636d.jpg,bottle-defect-detection,val
bottle-defect-detection_1-liter-drinking-water-pet-bottle-995-w300_2_11zon_jpeg_jpg.rf.d25cf7c1e1d2269a9cd82d7f566474df.jpg,bottle-defect-detection,val
bottle-defect-detection_100003_jpg.rf.ef1d3e30e3af2fb027d96b1536428964.jpg,bottle-defect-detection,val
bottle-defect-detection_100004_jpg.rf.089ce89be749fd9786b571d5df2d1b56.jpg,bottle-defect-detection,val
bottle-defect-detection_100004_jpg.rf.9f36248105ddad2b4a87e00d984a4db2.jpg,bottle-defect-detection,val
bottle-defect-detection_100009_jpg.rf.d15878edc565d26407086dc91468b5d5.jpg,bottle-defect-detection,val
bottle-defect-detection_100011_jpg.rf.532b9fc02fc20abf5c0e339f4348d879.jpg,bottle-defect-detection,val
bottle-defect-detection_100012_jpg.rf.aded317ca41ff4c3131c176909b1bd71.jpg,bottle-defect-detection,val
bottle-defect-detection_100019_jpg.rf.8a65e77631a2d841dfebcbd408112f4e.jpg,bottle-defect-detection,val
bottle-defect-detection_100021_jpg.rf.38fafb63176d23b9fb34e1fd5d78b2b7.jpg,bottle-defect-detection,val
bottle-defect-detection_100023_jpg.rf.eea4b23e9f13f34da3992b25d18933e8.jpg,bottle-defect-detection,val
bottle-defect-detection_100027_jpg.rf.7521d8bd324b14c9500131c1dd95e1ee.jpg,bottle-defect-detection,val
bottle-defect-detection_100054_jpg.rf.3df1aa2e7b4b064742fb7cb6946c0246.jpg,bottle-defect-detection,val
bottle-defect-detection_100069_jpg.rf.7ef89b5ca7030e241d544b09ade0a74f.jpg,bottle-defect-detection,val
bottle-defect-detection_100069_jpg.rf.9ef86e80fad39a0fc3e8786fd68a43ed.jpg,bottle-defect-detection,val
bottle-defect-detection_1000_F_523392259_MU2ioYiC4pY9dH4fBciM4BK3NMbg0Q6h_jpg.rf.c41d2dc87091c80a53a2c4cec386cf32.jpg,bottle-defect-detection,val
bottle-defect-detection_100153_jpg.rf.5ef9f24d9a2870239536c715b8743bed.jpg,bottle-defect-detection,val
bottle-defect-detection_100158_jpg.rf.2958b6b848627b4d95b24168e146227f.jpg,bottle-defect-detection,val
bottle-defect-detection_100176_jpg.rf.dc15fc062028873279309e3578486421.jpg,bottle-defect-detection,val
bottle-defect-detection_100214_jpg.rf.177600fe0ac622144423c47750761277.jpg,bottle-defect-detection,val
bottle-defect-detection_100214_jpg.rf.61539a850ad09a436f50a88e0d4045f1.jpg,bottle-defect-detection,val
bottle-defect-detection_100256_jpg.rf.d039f4f91253a1bfd66e7bb5e0032ba5.jpg,bottle-defect-detection,val
bottle-defect-detection_100324_jpg.rf.4fbce4ef899e99b96c983615ac24fce7.jpg,bottle-defect-detection,val
bottle-defect-detection_100324_jpg.rf.a316dccf40f2fcd39ea0b0e6d8144b4f.jpg,bottle-defect-detection,val
bottle-defect-detection_100353_jpg.rf.a8165bacdf320ef0c4e34ec4d293643d.jpg,bottle-defect-detection,val
bottle-defect-detection_11526496-two-blue-transparent-bottle-with-water-isolated-on-a-white-background_31_11zon_jpeg_jpg.rf.249c44c21e9392cf077c3d2f8082e36a.jpg,bottle-defect-detection,val
bottle-defect-detection_11526496-two-blue-transparent-bottle-with-water-isolated-on-a-white-background_31_11zon_jpeg_jpg.rf.912049c4f1fe6d9e8a8f9f9a6c152dc7.jpg,bottle-defect-detection,val
bottle-defect-detection_128385390-a-plastic-bottle-full-of-half-with-mineral-water-on-a-white-background_17_11zon_jpeg_jpg.rf.5901c42ade40d8ff791be4b847e00ca4.jpg,bottle-defect-detection,val
bottle-defect-detection_137-1370739_water-bottle-png-image-file-plastic-bottle-transparent_png_jpg.rf.cd58b3b3bd62779755506a220203af03.jpg,bottle-defect-detection,val
bottle-defect-detection_137-1370739_water-bottle-png-image-file-plastic-bottle-transparent_png_jpg.rf.ebf97857208f65f9083dc54e15fb58c6.jpg,bottle-defect-detection,val
bottle-defect-detection_14691096-half-empty-plastic-bottle-of-water-_12_11zon_jpeg_jpg.rf.3f2df6c4ec2600bb34457460221787b3.jpg,bottle-defect-detection,val
bottle-defect-detection_16-167008_water-bottle-png-water-bottle-transparent-background-png_png_jpg.rf.da6a0e808b937e5db3e67a803a791e6f.jpg,bottle-defect-detection,val
bottle-defect-detection_1_org_zoom_jpg.rf.c76a8334544616a4b082ed6f1ae5af14.jpg,bottle-defect-detection,val
bottle-defect-detection_1m53DFql9XibM41BUVHW_4_11zon_jpeg_jpg.rf.192b71ac78162a909080abe0794b04d8.jpg,bottle-defect-detection,val
bottle-defect-detection_200035_jpg.rf.c17f16c91a78c10251882862285cca08.jpg,bottle-defect-detection,val
bottle-defect-detection_200037_jpg.rf.c88e0779dcbb729ffc6bd6af8abef755.jpg,bottle-defect-detection,val
bottle-defect-detection_2008_0622SzentkirC3A1ly0110-JPG_24_11zon_1_11zon_jpeg_jpg.rf.f1ea5274073afcf3c074f1c274d75f97.jpg,bottle-defect-detection,val
bottle-defect-detection_215-2151294_pattern-water-bottle-png-image-bottled-water-clip-art_png_jpg.rf.3970bbba839f4c5814f87a18e29c763d.jpg,bottle-defect-detection,val
bottle-defect-detection_215-2151294_pattern-water-bottle-png-image-bottled-water-clip-art_png_jpg.rf.bdfd13683a3c5559896e97c43483b260.jpg,bottle-defect-detection,val
bottle-defect-detection_2440_png_jpg.rf.33fa1eb0feb76c69a9eea9acf7e90c7e.jpg,bottle-defect-detection,val
bottle-defect-detection_29-293621_water-bottle-png-image-one-plastic-bottle_png_jpg.rf.36900ff8a436001b618b634cbebd75cd.jpg,bottle-defect-detection,val
bottle-defect-detection_2c7pa0m_jpg.rf.6eb56bc8e417fb73101283ba5545ad43.jpg,bottle-defect-detection,val
bottle-defect-detection_3-38514_free-png-free-png-plastic-water-bottle-png_png_jpg.rf.356ce694f4db1f58aa0c2695f44ad432.jpg,bottle-defect-detection,val
bottle-defect-detection_315522019_jpg.rf.034e3548327b049601495d5eacae26b3.jpg,bottle-defect-detection,val
bottle-defect-detection_315522019_jpg.rf.c5f5b511a5eebad22fe74ca8a0dbcc8a.jpg,bottle-defect-detection,val
bottle-defect-detection_34103519-close-up-plastic-bottle-without-cap-isolated-on-white-background_jpg.rf.3e19c5e87e718fe68cfbbbcab07f66ce.jpg,bottle-defect-detection,val
bottle-defect-detection_34103519-close-up-plastic-bottle-without-cap-isolated-on-white-background_jpg.rf.c7ed73d3193193da46142538a6ab4ab5.jpg,bottle-defect-detection,val
bottle-defect-detection_360_F_1554527_gNGV7ex4kYfcwkMAP1h0g0gHOqA7IL_5_11zon_jpeg_jpg.rf.1d1de78df9aa399110913e63e3bad241.jpg,bottle-defect-detection,val
bottle-defect-detection_3KnPinofHaKaQDaeRov3Qg-1200-80_6_11zon_jpeg_jpg.rf.505fcba725e58868ee52e87407f9043a.jpg,bottle-defect-detection,val
bottle-defect-detection_40176644-2_8-bb-home-leo-plastic-pet-water-bottle-light-blue-wide-mouth_32_11zon_jpeg_jpg.rf.d06c6145340b2c166b461deac13d680f.jpg,bottle-defect-detection,val
bottle-defect-detection_500ml-bottle_jpg.rf.4e465f323829de217ac4e98c9c8506d3.jpg,bottle-defect-detection,val
bottle-defect-detection_5596d720-3739-4ec4-84f4-4dcbaa05d7f3_jpg.rf.57b24f80deb0858a1e82a238319d862d.jpg,bottle-defect-detection,val
bottle-defect-detection_607071a26c99ed00014a1add_png_jpg.rf.875d6269e8a85cee046c4ea6162f7be5.jpg,bottle-defect-detection,val
bottle-defect-detection_607071a26c99ed00014a1add_png_jpg.rf.9cb568bb6e8c3d90c1cae8fa2177b7a4.jpg,bottle-defect-detection,val
bottle-defect-detection_607071a26c99ed00014a1add_png_jpg.rf.c1927c2b0aca011f613b24ba4a80338b.jpg,bottle-defect-detection,val
bottle-defect-detection_61KAmwTOrtL-_SL1500__5_11zon_jpeg_jpg.rf.3057cd89898855424fe46dd6149ed4e0.jpg,bottle-defect-detection,val
bottle-defect-detection_61KAmwTOrtL-_SL1500__5_11zon_jpeg_jpg.rf.6d6888c588161d249fe2820284fb1d5f.jpg,bottle-defect-detection,val
bottle-defect-detection_61KAmwTOrtL-_SX569_PIbundle-48TopRight00_AA569SH20__16_11zon_jpeg_jpg.rf.56a0aa1e1fa23cf7244135dad722ee30.jpg,bottle-defect-detection,val
bottle-defect-detection_61RQJt9jcS-_SY550_PIbundle-12TopRight00_SX367SY550SH20__6_11zon_jpeg_jpg.rf.4ee212dfcffe04e718ed39f31e0eceb6.jpg,bottle-defect-detection,val
bottle-defect-detection_64060_jpg.rf.1a0f59a1cd98668d1c011f2e466b1840.jpg,bottle-defect-detection,val
bottle-defect-detection_64060_jpg.rf.c4939ead8b6c6790b3a15328e27a6555.jpg,bottle-defect-detection,val
bottle-defect-detection_80311-scaled-1_jpg.rf.472db162eb24088e4a677c1eafcc5d1e.jpg,bottle-defect-detection,val
bottle-defect-detection_8wtjst88up_Medium_WW275057_jpg.rf.32579766cfd240b674d60e66e27b0567.jpg,bottle-defect-detection,val
bottle-defect-detection_8wtjst88up_Medium_WW275057_jpg.rf.83ce024dd20a7db04fae5f7a9ceafadc.jpg,bottle-defect-detection,val
bottle-defect-detection_8wtjst88up_Medium_WW275057_jpg.rf.ed5a3436c9560badac8f3531b1060b87.jpg,bottle-defect-detection,val
bottle-defect-detection_a-pure-water-bottle-on-transparent-background-vector-26292383_39_11zon_jpeg_jpg.rf.7be0691c98d8af1f7cbe6bd74e3a3a7b.jpg,bottle-defect-detection,val
bottle-defect-detection_Dino-mobile-banner_91_11zon_jpeg_jpg.rf.56d03f6cc2135939b388e6277f898607.jpg,bottle-defect-detection,val
bottle-defect-detection_download-16-_7_11zon_jpeg_jpg.rf.1f8722e34f07fdce8ef1861b65311647.jpg,bottle-defect-detection,val
bottle-defect-detection_FAV5U7LIYC6N19X_jpg.rf.204947974b32a60eb7ec1ac01ea6041a.jpg,bottle-defect-detection,val
bottle-defect-detection_FAV5U7LIYC6N19X_jpg.rf.8efae56ac6c3cba1f8ddacc3f5869643.jpg,bottle-defect-detection,val
bottle-defect-detection_IMG20221226183446_32_11zon_jpeg_jpg.rf.999eb3de75e26ea1492ae640f3278b11.jpg,bottle-defect-detection,val
bottle-defect-detection_IMG_20240305_091915_jpg.rf.665f3bedfc29bd6b54f333bca0cec802.jpg,bottle-defect-detection,val
bottle-defect-detection_IMG_20240305_091933_jpg.rf.37e89a652cac32dc543221e9408a1ce5.jpg,bottle-defect-detection,val
bottle-defect-detection_IMG_20240305_091933_jpg.rf.7a4c730a0de57875e4adf6f0953c951b.jpg,bottle-defect-detection,val
bottle-defect-detection_IMG_20240305_091949_jpg.rf.b7130c48131959ac5c1d0474cd4a1833.jpg,bottle-defect-detection,val
bottle-defect-detection_IMG_20240310_134209_jpg.rf.14746db4bff3b157bb69eb57bd1e4e57.jpg,bottle-defect-detection,val
bottle-defect-detection_IMG_20240310_134257_jpg.rf.a2bf0c2ddc6f300945f8ae30b4573874.jpg,bottle-defect-detection,val
bottle-defect-detection_IMG_20240310_134326_jpg.rf.11d8ef88ae5fa9079449173aff1c628e.jpg,bottle-defect-detection,val
bottle-defect-detection_IMG_20240310_135050_jpg.rf.50805c3da3d3cbfb58448304527f214a.jpg,bottle-defect-detection,val
bottle-defect-detection_IMG_20240310_135117_jpg.rf.9fe71006d5657e28a544692fe7f717de.jpg,bottle-defect-detection,val
bottle-defect-detection_IMG_20240310_151414_jpg.rf.41094a9f47c51888779af42af90318c5.jpg,bottle-defect-detection,val
bottle-defect-detection_IMG_20240310_151531_jpg.rf.9bf821d887a7fdd90cff3487562bd856.jpg,bottle-defect-detection,val
bottle-defect-detection_IMG_20240310_151538_jpg.rf.934fe917460a1f984001490a5fb8fff3.jpg,bottle-defect-detection,val
bottle-defect-detection_IMG_20240310_151546_jpg.rf.48ceb85b1e1995d015bb1161114ee1b3.jpg,bottle-defect-detection,val
bottle-defect-detection_IMG_20240310_151705_jpg.rf.cc8e770a03c7e3aed9a5353d40310367.jpg,bottle-defect-detection,val
bottle-defect-detection_IMG_20240310_151705_jpg.rf.d642a2a39038b68374dd4c149082c6c3.jpg,bottle-defect-detection,val
bottle-defect-detection_saaral-mineral-drinking-water-packed-in-small-sized-plastic-bottles-792_93_11zon_11_11zon_jpeg_jpg.rf.41c008188eff1e505aa8d87361f9ff50.jpg,bottle-defect-detection,val
bottle-defect-detection_Safia_Tunisie_jpg.rf.f9662a83020493897bc4b39279f4954b.jpg,bottle-defect-detection,val
bottle-defect-detection_selective-focus-shot-of-a-half-empty-water-bottle-on-a-surface-captured-at-daylight-2C55CP6_68_11zon_jpeg_jpg.rf.28b330d571bd5bb2166fdc84f07fdf1f.jpg,bottle-defect-detection,val
bottle-defect-detection_unnamed-12-_5_11zon_jpeg_jpg.rf.902a997faa7b91c7bde06526fdab2b76.jpg,bottle-defect-detection,val
bottle-defect-detection_vlcsnap-2023-06-22-12h11m37s066_png_jpg.rf.b252784130fb0d5d7e6de76829dcea92.jpg,bottle-defect-detection,val
bottle-defect-detection_vlcsnap-2023-06-22-12h12m22s736_png_jpg.rf.60c4bacbc4ef2901d4b97f6c7606c131.jpg,bottle-defect-detection,val
bottle-defect-detection_Water-Bottle-PNG-Transparent-Image_png_jpg.rf.02ba7e4b64f3b5888ac6de283e738c57.jpg,bottle-defect-detection,val
bottle-defect-detection_000010_jpg.rf.3e49a98a43938403a11c81a387fdf009.jpg,bottle-defect-detection,test
bottle-defect-detection_000020_jpg.rf.b9f86a24fa9b8792f5f4f188065180bf.jpg,bottle-defect-detection,test
bottle-defect-detection_000099_jpg.rf.44ecc6fee73a36056a4eb19e896fc835.jpg,bottle-defect-detection,test
bottle-defect-detection_000115_jpg.rf.1d3f86dd31658485698f7d13ea581ed9.jpg,bottle-defect-detection,test
bottle-defect-detection_000125_jpg.rf.3e3ddc297b3fcad73f760d5204138cce.jpg,bottle-defect-detection,test
bottle-defect-detection_000125_jpg.rf.9204cb2813617eae4f06dcb50b79a6ab.jpg,bottle-defect-detection,test
bottle-defect-detection_100001_jpg.rf.30e912386a50db6b439a4bbb5946ac64.jpg,bottle-defect-detection,test
bottle-defect-detection_100002_jpg.rf.10fe2c78500cb4513ffa0809c7c9b3b2.jpg,bottle-defect-detection,test
bottle-defect-detection_100011_jpg.rf.d9ab1ae1bad0d3d0d884bbfb6c03e8cd.jpg,bottle-defect-detection,test
bottle-defect-detection_100012_jpg.rf.f4d18211e04758f895186cb737a2dc53.jpg,bottle-defect-detection,test
bottle-defect-detection_100020_jpg.rf.c066e15636f1c0b19c1cd6f3eee49ad0.jpg,bottle-defect-detection,test
bottle-defect-detection_100021_jpg.rf.7ddedf3c63d5a975fc32ecd07c56cb63.jpg,bottle-defect-detection,test
bottle-defect-detection_100022_jpg.rf.c332a45c4cfa561e79ad85083018b414.jpg,bottle-defect-detection,test
bottle-defect-detection_100023_jpg.rf.d89de176481123b1cba934c84d7714b3.jpg,bottle-defect-detection,test
bottle-defect-detection_100054_jpg.rf.8069478e1d3d9ea0a829055e2e0875d7.jpg,bottle-defect-detection,test
bottle-defect-detection_100150_jpg.rf.e8cfc401250bf32b22f8dcd34277c0bb.jpg,bottle-defect-detection,test
bottle-defect-detection_100158_jpg.rf.62751df972f9bf458e05a7151678891b.jpg,bottle-defect-detection,test
bottle-defect-detection_100256_jpg.rf.b039b7237d0a5c5b2a2b85bba5002b3e.jpg,bottle-defect-detection,test
bottle-defect-detection_193-1932341_bottled-water-transparent-background-water-bottle-png-png_png_jpg.rf.3b40c60ddd357fc7b465654d11771222.jpg,bottle-defect-detection,test
bottle-defect-detection_193-1932341_bottled-water-transparent-background-water-bottle-png-png_png_jpg.rf.4de8383c31e29fd6107c89c312b6e9de.jpg,bottle-defect-detection,test
bottle-defect-detection_197351_4-bisleri-mineral-water_42_11zon_jpeg_jpg.rf.cec341edfb77891f8aec9413780bdecd.jpg,bottle-defect-detection,test
bottle-defect-detection_1_org_zoom_jpg.rf.dab279cf669596293741313dba91d3a7.jpg,bottle-defect-detection,test
bottle-defect-detection_1liter-mineral-water-bottle-500x500_jpg.rf.f14ff0cd7ce20211c7e3d1724b0c03c5.jpg,bottle-defect-detection,test
bottle-defect-detection_200019_jpg.rf.4cfac38059a48a4140d5f8b62a433000.jpg,bottle-defect-detection,test
bottle-defect-detection_200019_jpg.rf.55e9c0c1f88b95dac25fdf90405a7447.jpg,bottle-defect-detection,test
bottle-defect-detection_200039_jpg.rf.a42209d6aceba307bb0be740882f121b.jpg,bottle-defect-detection,test
bottle-defect-detection_315522019_jpg.rf.b2a81fca8767eec5df56e1dd710b143c.jpg,bottle-defect-detection,test
bottle-defect-detection_38-388502_water-images-free-pngs-bottle-png-transparent-background_png_jpg.rf.3b464970a27d03796e31f9fc47caa8c5.jpg,bottle-defect-detection,test
bottle-defect-detection_61WoM42xNuL-_SL1500__7_11zon_jpeg_jpg.rf.40b9b531c1a209eb3bab8016f6518d20.jpg,bottle-defect-detection,test
bottle-defect-detection_64060_jpg.rf.69d5716a10e13db274d88abede5bd11d.jpg,bottle-defect-detection,test
bottle-defect-detection_6a00d83451b96069e200e553b8b8168834-800wi_jpg.rf.11d6352109c27e8b7f0c776cf7840429.jpg,bottle-defect-detection,test
bottle-defect-detection_800px_COLOURBOX4610056_jpg.rf.db9bc92b31e3173fbd185289d2099cb5.jpg,bottle-defect-detection,test
bottle-defect-detection_Air_pressure_crushing_a_plastic_bottle_p1180559_jpg.rf.e9f1c7b837192ef42bf3434fd231b677.jpg,bottle-defect-detection,test
bottle-defect-detection_Bisleri_1ltr_Tamil_png_jpg.rf.a8e39dc8bc2b6e6a71d4f03caf08e631.jpg,bottle-defect-detection,test
bottle-defect-detection_drink-water-beverage-bottle-transparent-png_png_jpg.rf.95242a755c5fd712e5047493ce7deaf9.jpg,bottle-defect-detection,test
bottle-defect-detection_eau-minerale_jpg.rf.dc29dcd4171b954dceb98c923ce11283.jpg,bottle-defect-detection,test
bottle-defect-detection_FAV5U7LIYC6N19X_jpg.rf.1c38c3af226b80ebbe26b8a48e723049.jpg,bottle-defect-detection,test
bottle-defect-detection_IMG20221226183446_32_11zon_jpeg_jpg.rf.c8b202806ba0efc3a791cb871353222b.jpg,bottle-defect-detection,test
bottle-defect-detection_IMG_20240305_091944_jpg.rf.1944a92a6e157745aed57f86de437a15.jpg,bottle-defect-detection,test
bottle-defect-detection_IMG_20240305_091949_jpg.rf.19e20e33ea61095f4e7cdaa5f7f621fc.jpg,bottle-defect-detection,test
bottle-defect-detection_IMG_20240310_134150_jpg.rf.909ef370757f81e9dd9a5787fa4a94ae.jpg,bottle-defect-detection,test
bottle-defect-detection_IMG_20240310_134520_jpg.rf.3d90a8733e8439d827318d1018273ab3.jpg,bottle-defect-detection,test
bottle-defect-detection_IMG_20240310_134520_jpg.rf.6ad7f3296060fba09889cfb79e5a3983.jpg,bottle-defect-detection,test
bottle-defect-detection_IMG_20240310_134634_jpg.rf.15aa3cdc23a123ef4a42e171ddca55b5.jpg,bottle-defect-detection,test
bottle-defect-detection_IMG_20240310_134704_jpg.rf.5889b355dbc7f52159b2325a94df671f.jpg,bottle-defect-detection,test
bottle-defect-detection_IMG_20240310_135117_jpg.rf.b19b08018947d1ef5972f6840aa9d961.jpg,bottle-defect-detection,test
bottle-defect-detection_IMG_20240310_151414_jpg.rf.f391adb6aa98bafa98e48fc4d8a00473.jpg,bottle-defect-detection,test
bottle-defect-detection_IMG_20240310_151816_jpg.rf.f26cbdcef09a95719dbfd0144176f39f.jpg,bottle-defect-detection,test
bottle-defect-detection_IMG_20240310_151903_jpg.rf.a4cb2d4e7681f8d8145a26c7b1acf501.jpg,bottle-defect-detection,test
bottle-defect-detection_vlcsnap-2023-06-22-12h10m42s862_png_jpg.rf.4148443c4fb830f1b6794def9a37411b.jpg,bottle-defect-detection,test
bottle-defect-detection_vlcsnap-2023-06-22-12h11m48s857_png_jpg.rf.b4f456a9bd8b3930ce131435538b5b43.jpg,bottle-defect-detection,test
bottle-label-inspection_20260426_185827_heic.rf.22b866f5245120d8b6543db9c6afb8ba.jpg,bottle-label-inspection,train
bottle-label-inspection_20260426_185827_heic.rf.35b8965c36efaed043e137eb8eda779c.jpg,bottle-label-inspection,train
bottle-label-inspection_20260426_185827_heic.rf.446d7ff3df387f9ceab497962210e331.jpg,bottle-label-inspection,train
bottle-label-inspection_20260426_185917_heic.rf.22d0fad3d9ac708f59dfb745e80d8793.jpg,bottle-label-inspection,train
bottle-label-inspection_20260426_185917_heic.rf.e955346f842ef60f24dcf9014c7e22a3.jpg,bottle-label-inspection,train
bottle-label-inspection_20260426_185939_heic.rf.1e5c920c2ccc109a4fd00780b923b053.jpg,bottle-label-inspection,train
bottle-label-inspection_20260426_185939_heic.rf.21b326d4c1a318372dbb181f31d9aa24.jpg,bottle-label-inspection,train
bottle-label-inspection_20260426_185939_heic.rf.5e4f1f92a81c8f406e6136edb67d217f.jpg,bottle-label-inspection,train
bottle-label-inspection_20260426_190021_heic.rf.68baeedb919b3e7a2c8e6cef43e8d282.jpg,bottle-label-inspection,train
bottle-label-inspection_20260426_190021_heic.rf.83e29d84014a4c8ac4d7a7eff42d34d9.jpg,bottle-label-inspection,train
bottle-label-inspection_20260426_190033_heic.rf.a325bc4ff1bce1d02c3bf29db86f3c9d.jpg,bottle-label-inspection,train
bottle-label-inspection_20260426_190033_heic.rf.dd04d8c3a571ab9b0635ad7bac7eda9a.jpg,bottle-label-inspection,train
bottle-label-inspection_20260426_190047_heic.rf.d813012c626ab969840358086e92600b.jpg,bottle-label-inspection,train
bottle-label-inspection_20260426_190104_heic.rf.458ba787bd75a9099a7f8666111164b0.jpg,bottle-label-inspection,train
bottle-label-inspection_20260426_190104_heic.rf.61f0a79e094f937150e3bb719db05a67.jpg,bottle-label-inspection,train
bottle-label-inspection_20260426_190104_heic.rf.d3dcbbe63a9ca5f311d10229d216abd5.jpg,bottle-label-inspection,train
bottle-label-inspection_20260426_190115_heic.rf.52ec3b22818b95d9bea99ccad4162f25.jpg,bottle-label-inspection,train
bottle-label-inspection_20260426_190115_heic.rf.7b578c6c2b8bf5fe716fada96d998527.jpg,bottle-label-inspection,train
bottle-label-inspection_20260426_190115_heic.rf.c640987a2503a9823e4411a2c7c11b1d.jpg,bottle-label-inspection,train
bottle-label-inspection_20260426_190123_heic.rf.5c721a335445adbe86e8d166774926e0.jpg,bottle-label-inspection,train
bottle-label-inspection_20260426_190123_heic.rf.e4e605f886ec06677dd01b1925b3f9b0.jpg,bottle-label-inspection,train
bottle-label-inspection_20260426_190123_heic.rf.ea5dc1fbf568fac7f3de8b2df32cb0b0.jpg,bottle-label-inspection,train
bottle-label-inspection_20260426_190129_heic.rf.37fcdfb17e95d83837384e75eda32cd8.jpg,bottle-label-inspection,train
bottle-label-inspection_20260426_190137_heic.rf.705705dba30b484e8a90acad7bab07e7.jpg,bottle-label-inspection,train
bottle-label-inspection_20260426_190146_heic.rf.4a0fdcdb1111ce442f7abc602f86d5b9.jpg,bottle-label-inspection,train
bottle-label-inspection_20260426_190146_heic.rf.539d9f437c7ec622efb812d9be65df8c.jpg,bottle-label-inspection,train
bottle-label-inspection_20260426_190146_heic.rf.81250e82a407e058b9f3f421fe93305c.jpg,bottle-label-inspection,train
bottle-label-inspection_20260426_190151_heic.rf.079e94860515183c27f8339e1b00384a.jpg,bottle-label-inspection,train
bottle-label-inspection_20260426_190201_heic.rf.4525df365c67ca66bea39e0823f70dc6.jpg,bottle-label-inspection,train
bottle-label-inspection_20260426_190201_heic.rf.bbdba529f24d8b1cefa553b65d05ee44.jpg,bottle-label-inspection,train
bottle-label-inspection_20260426_190207_heic.rf.99135ba64cc44390ec01185c80cad446.jpg,bottle-label-inspection,train
bottle-label-inspection_20260426_190229_heic.rf.25862955f948b54d598da1e878955ca8.jpg,bottle-label-inspection,train
bottle-label-inspection_20260426_190237_heic.rf.10235ab134acc547641e9641a43997b5.jpg,bottle-label-inspection,train
bottle-label-inspection_20260426_190237_heic.rf.798aa2c9ecf144e213a8df9cb4e176f0.jpg,bottle-label-inspection,train
bottle-label-inspection_20260426_190237_heic.rf.95d3fd9a81b753b83f6c755269375799.jpg,bottle-label-inspection,train
bottle-label-inspection_20260426_190709_heic.rf.52cc6645b13335c349d446ab040e39af.jpg,bottle-label-inspection,train
bottle-label-inspection_20260426_190709_heic.rf.ed8680f24ea5752b517b6ff71b3b9a59.jpg,bottle-label-inspection,train
bottle-label-inspection_20260426_190733_heic.rf.23d2038a1c7795766a538773db2dfaa2.jpg,bottle-label-inspection,train
bottle-label-inspection_20260426_190733_heic.rf.3ce6728bb0afd62d631239ddaf15dc8c.jpg,bottle-label-inspection,train
bottle-label-inspection_20260426_190733_heic.rf.7cce4c2f15b48ec2cc366edb3cee7ad0.jpg,bottle-label-inspection,train
bottle-label-inspection_20260426_190741_heic.rf.8c0746209b5fd67696b78b9ecee69f0e.jpg,bottle-label-inspection,train
bottle-label-inspection_20260426_190741_heic.rf.c0c6c693c2a05fb0adb2a07673c43754.jpg,bottle-label-inspection,train
bottle-label-inspection_20260426_190741_heic.rf.e1cf2eda6f4a41fb5780ea4e0f61a7d3.jpg,bottle-label-inspection,train
bottle-label-inspection_20260426_190746_heic.rf.51494e14705fb4d561e69ea6608c9d26.jpg,bottle-label-inspection,train
bottle-label-inspection_20260426_190809_heic.rf.742d9972ebfd80396c8e9bd4c4a75e47.jpg,bottle-label-inspection,train
bottle-label-inspection_20260426_190809_heic.rf.84bc813d85b2f20bc4927a2c83881eea.jpg,bottle-label-inspection,train
bottle-label-inspection_20260426_190829_heic.rf.3845e45724bee925857748b59d8ba068.jpg,bottle-label-inspection,train
bottle-label-inspection_20260426_190829_heic.rf.e5aa1c8da9768e7f3986846da2b8fc74.jpg,bottle-label-inspection,train
bottle-label-inspection_20260426_190856_heic.rf.0d08f9987430d163141159fccfea8a5c.jpg,bottle-label-inspection,train
bottle-label-inspection_20260426_190856_heic.rf.14a9cea260fac7b091ffa1f327613cfa.jpg,bottle-label-inspection,train
bottle-label-inspection_20260426_190914_heic.rf.02093a6ac794d31632422b4d65d267c3.jpg,bottle-label-inspection,train
bottle-label-inspection_20260426_190914_heic.rf.5fc45a9cb9ac205e0c39819e9ac7cbae.jpg,bottle-label-inspection,train
bottle-label-inspection_20260426_190914_heic.rf.6d9d780679d5f6b6cc1780a750953fb7.jpg,bottle-label-inspection,train
bottle-label-inspection_20260426_190924_heic.rf.00c8ac7f5346c6741bfd5f70800a4805.jpg,bottle-label-inspection,train
bottle-label-inspection_20260426_190924_heic.rf.0f9e70427802b22dd0a0e56a25e9fcaf.jpg,bottle-label-inspection,train
bottle-label-inspection_20260426_190924_heic.rf.b3ce13381f4bc16b01f154ac356cc552.jpg,bottle-label-inspection,train
bottle-label-inspection_20260426_190942_heic.rf.143ffe9ba04e63c6eccd58ca94629c6a.jpg,bottle-label-inspection,train
bottle-label-inspection_20260426_191001_heic.rf.222d967b4aff5e3a5b776c2e18337bad.jpg,bottle-label-inspection,train
bottle-label-inspection_20260426_191001_heic.rf.4c5191b7a03006a4f90626dcabacb0ba.jpg,bottle-label-inspection,train
bottle-label-inspection_20260426_191001_heic.rf.4d859a309fa34e847ea0c42d5f41f260.jpg,bottle-label-inspection,train
bottle-label-inspection_20260426_191017_heic.rf.2d16c7c1a12f59211d85533eb4eb0887.jpg,bottle-label-inspection,train
bottle-label-inspection_20260426_191017_heic.rf.f6e1fbae2117bc87b35bdbbe2d994210.jpg,bottle-label-inspection,train
bottle-label-inspection_20260426_191057_heic.rf.142819e0b58b3b2621de043aeba31871.jpg,bottle-label-inspection,train
bottle-label-inspection_20260426_191057_heic.rf.6b69ac30857746a85b6f48ed9e87a83a.jpg,bottle-label-inspection,train
bottle-label-inspection_20260426_191126_heic.rf.2ce58b5de9dd53f8b6b991ebd2fc1f6d.jpg,bottle-label-inspection,train
bottle-label-inspection_20260426_191141_heic.rf.b6a0f98219f2f1632fca1b2cf35a440a.jpg,bottle-label-inspection,train
bottle-label-inspection_20260426_191141_heic.rf.b9597396416787d0cd074808cbea0425.jpg,bottle-label-inspection,train
bottle-label-inspection_20260426_191152_heic.rf.595ddc2b565c648235511ce15c92d7ad.jpg,bottle-label-inspection,train
bottle-label-inspection_20260426_191152_heic.rf.cd40fedc6f693981a5bdbb6b0d74d2ff.jpg,bottle-label-inspection,train
bottle-label-inspection_20260426_191202_heic.rf.38144aacdd9c95180cb660990d40d2ac.jpg,bottle-label-inspection,train
bottle-label-inspection_20260426_191202_heic.rf.40747cd6bc324d48aa93186ea8aad378.jpg,bottle-label-inspection,train
bottle-label-inspection_20260426_191202_heic.rf.64ff4e4bd087c10ad9b8045c4e699dd9.jpg,bottle-label-inspection,train
bottle-label-inspection_20260426_191237_heic.rf.0af73107276f656990ba409964b3a771.jpg,bottle-label-inspection,train
bottle-label-inspection_20260426_191237_heic.rf.c4a64b195f0adfaae62b49adb59d6c0b.jpg,bottle-label-inspection,train
bottle-label-inspection_20260426_191255_heic.rf.0f6da0ca95273ed2bff1a6e82e089cd1.jpg,bottle-label-inspection,train
bottle-label-inspection_20260426_191334_heic.rf.3a406d6bc5df4dd4e5e94dfaa1a4a7f1.jpg,bottle-label-inspection,train
bottle-label-inspection_20260426_191334_heic.rf.b3e55743c4e6b8a276c15740781065b1.jpg,bottle-label-inspection,train
bottle-label-inspection_20260426_191345_heic.rf.4e03b17419f62bc46d94cbc3acec1214.jpg,bottle-label-inspection,train
bottle-label-inspection_20260426_191345_heic.rf.e1ed38a5fb696f1418018389ac67d3e4.jpg,bottle-label-inspection,train
bottle-label-inspection_20260426_191403_heic.rf.166e322b514873602f7a4dd3626a431d.jpg,bottle-label-inspection,train
bottle-label-inspection_20260426_191403_heic.rf.302437f15374588170ab5a6a66420bed.jpg,bottle-label-inspection,train
bottle-label-inspection_20260426_191403_heic.rf.c0fdf1a276450649457e6f60f229ef83.jpg,bottle-label-inspection,train
bottle-label-inspection_20260426_191435_heic.rf.bb210625514b29f0c4425ebcf86c2dc5.jpg,bottle-label-inspection,train
bottle-label-inspection_20260426_191435_heic.rf.e8a719d7aa61e5dbabb301390d30ba60.jpg,bottle-label-inspection,train
bottle-label-inspection_20260426_191435_heic.rf.eafc56b35f5664521d5bc85920a16a17.jpg,bottle-label-inspection,train
bottle-label-inspection_20260426_191456_heic.rf.8e38944da0e117521d3482e5bafb3f69.jpg,bottle-label-inspection,train
bottle-label-inspection_20260426_191456_heic.rf.944ee0dea05672ec35aa20f440ad9238.jpg,bottle-label-inspection,train
bottle-label-inspection_20260426_191456_heic.rf.a4f78707424b10f909e789328711c285.jpg,bottle-label-inspection,train
bottle-label-inspection_20260426_191505_heic.rf.8b57cca9735e4dcd1fc338d92086ffff.jpg,bottle-label-inspection,train
bottle-label-inspection_20260426_191505_heic.rf.92685cfb00fa041e33f07b3c3e522e02.jpg,bottle-label-inspection,train
bottle-label-inspection_20260426_191512_heic.rf.728091e12cf7ba2c61574e50e7be7eec.jpg,bottle-label-inspection,train
bottle-label-inspection_20260426_191512_heic.rf.972eb90de99d94625692bebd3429aa1a.jpg,bottle-label-inspection,train
bottle-label-inspection_20260426_191512_heic.rf.ddd90932cf2f05ae72f5ae5a27737a26.jpg,bottle-label-inspection,train
bottle-label-inspection_20260426_191532_heic.rf.0ee28a52214f4a55e1d755b0d3f1090e.jpg,bottle-label-inspection,train
bottle-label-inspection_20260426_191532_heic.rf.36a4be1a2fdfc112f338d5aacac823ce.jpg,bottle-label-inspection,train
bottle-label-inspection_20260426_191558_heic.rf.4e73f00a302e71d8408eb16eb0ba4bae.jpg,bottle-label-inspection,train
bottle-label-inspection_20260426_191558_heic.rf.7bd9f65943a7620ac0da89d5e3b20036.jpg,bottle-label-inspection,train
bottle-label-inspection_20260426_191607_heic.rf.1bb3e9658fbc237a9f84f0bfcfdfa265.jpg,bottle-label-inspection,train
bottle-label-inspection_20260426_191607_heic.rf.3980aedc19ce1147532983ad42255f61.jpg,bottle-label-inspection,train
bottle-label-inspection_20260426_192129_heic.rf.31b1b9e6aece9b720dd083fd413b721b.jpg,bottle-label-inspection,train
bottle-label-inspection_20260426_192129_heic.rf.39707a386d454007ddacd611704e9d14.jpg,bottle-label-inspection,train
bottle-label-inspection_20260426_192129_heic.rf.f11f29ccc5e8a422e283ed052f730183.jpg,bottle-label-inspection,train
bottle-label-inspection_20260426_192145_heic.rf.6c61580087bd8e22ad1bb9eb93807984.jpg,bottle-label-inspection,train
bottle-label-inspection_20260426_192145_heic.rf.ae300b8c21c655840994d2cc63eec3a2.jpg,bottle-label-inspection,train
bottle-label-inspection_20260426_192153_heic.rf.207dfea0c3ebdce3e8c51090c30618c5.jpg,bottle-label-inspection,train
bottle-label-inspection_20260426_192153_heic.rf.9b1de10428c4d22e19752764820e8815.jpg,bottle-label-inspection,train
bottle-label-inspection_20260426_192153_heic.rf.f9a2aa420e9e8a1298b67c227f9b3649.jpg,bottle-label-inspection,train
bottle-label-inspection_20260426_192211_heic.rf.99f6a825e2bfafccec81b38f8c31f7c7.jpg,bottle-label-inspection,train
bottle-label-inspection_20260426_192221_heic.rf.238b49bf6bc30ed519fc33526e4a3e5e.jpg,bottle-label-inspection,train
bottle-label-inspection_20260426_192221_heic.rf.a0e155478c2bb95fbf49d4fdcfa17a5b.jpg,bottle-label-inspection,train
bottle-label-inspection_20260426_192234_heic.rf.b799c8008e31cb78e6bdbc0a872c686b.jpg,bottle-label-inspection,train
bottle-label-inspection_20260426_192241_heic.rf.a53fc81df909debd79678859307b2dfb.jpg,bottle-label-inspection,train
bottle-label-inspection_20260426_192241_heic.rf.fc46f1898ea156fbdb1979315fef8c3a.jpg,bottle-label-inspection,train
bottle-label-inspection_20260426_192248_heic.rf.04db8dc56b5b45281f5c9554cf9390fc.jpg,bottle-label-inspection,train
bottle-label-inspection_20260426_192248_heic.rf.58eb3f1251a0a099963d6a73a9704525.jpg,bottle-label-inspection,train
bottle-label-inspection_20260426_192346_heic.rf.3c51ed9fd88c338fdca9810dc860d76c.jpg,bottle-label-inspection,train
bottle-label-inspection_20260426_192346_heic.rf.c882474ed42ce994e7e58f231f8ede3d.jpg,bottle-label-inspection,train
bottle-label-inspection_20260426_192346_heic.rf.d43a1fa12968cc2efea45a3bf53febab.jpg,bottle-label-inspection,train
bottle-label-inspection_20260426_192447_heic.rf.581a6ac98a6900ff42efa680f92f4380.jpg,bottle-label-inspection,train
bottle-label-inspection_20260426_192447_heic.rf.b5fb26f1f496e2b404ea52f860056aec.jpg,bottle-label-inspection,train
bottle-label-inspection_20260426_192447_heic.rf.ed210a83d0f4d902f4eab503287c9b57.jpg,bottle-label-inspection,train
bottle-label-inspection_20260426_192458_heic.rf.27885913028e7d5ce2a73cee49058116.jpg,bottle-label-inspection,train
bottle-label-inspection_20260426_192458_heic.rf.9adca66a75aa05e4ea20c6400323c43c.jpg,bottle-label-inspection,train
bottle-label-inspection_20260426_192538_heic.rf.04faf81fa4513e05fc49eb5ec601e3d5.jpg,bottle-label-inspection,train
bottle-label-inspection_20260426_192538_heic.rf.a51889453c62a2d0885e6e57a378c405.jpg,bottle-label-inspection,train
bottle-label-inspection_20260426_192615_heic.rf.023541352c65aabef4dccf32405f79f9.jpg,bottle-label-inspection,train
bottle-label-inspection_20260426_192615_heic.rf.39d747578fc8a6c567a8e03ca563c680.jpg,bottle-label-inspection,train
bottle-label-inspection_IMG_20260524_183008_jpg.rf.1134a74f80e678eba1f6657347441050.jpg,bottle-label-inspection,train
bottle-label-inspection_IMG_20260524_183008_jpg.rf.15098ae00f05ac9d60bb029a955e0d80.jpg,bottle-label-inspection,train
bottle-label-inspection_IMG_20260524_183008_jpg.rf.f9e53fdd4057076e33c1ca931bbaf37d.jpg,bottle-label-inspection,train
bottle-label-inspection_IMG_20260524_183037_jpg.rf.17ecdab85170129ee6d4090ed50d53d7.jpg,bottle-label-inspection,train
bottle-label-inspection_IMG_20260524_183037_jpg.rf.f8a729da6c7a01c8e00faaf5f9d06df5.jpg,bottle-label-inspection,train
bottle-label-inspection_IMG_20260524_183046_jpg.rf.7b7cb10117bc67a68dc6e2e7661b6c5a.jpg,bottle-label-inspection,train
bottle-label-inspection_IMG_20260524_183046_jpg.rf.96fa69ea59388a4c498a216f04146f72.jpg,bottle-label-inspection,train
bottle-label-inspection_IMG_20260524_183046_jpg.rf.b9df404f510464567bf5a7148a88adf6.jpg,bottle-label-inspection,train
bottle-label-inspection_IMG_20260524_183055_jpg.rf.1000f9e20a2ac3ebdaf1b282b558cad4.jpg,bottle-label-inspection,train
bottle-label-inspection_IMG_20260524_183117_jpg.rf.45074129881385980ba1916d42ac6a28.jpg,bottle-label-inspection,train
bottle-label-inspection_IMG_20260524_183117_jpg.rf.85f28233c0ec8dee43a5468284744f62.jpg,bottle-label-inspection,train
bottle-label-inspection_IMG_20260524_183117_jpg.rf.ac8e882dbdbd92b90aed85749571703f.jpg,bottle-label-inspection,train
bottle-label-inspection_IMG_20260524_183212_jpg.rf.3ece5e9b7e04d5fe0b408345c6a50b6a.jpg,bottle-label-inspection,train
bottle-label-inspection_IMG_20260524_183212_jpg.rf.e48de356e98dec3dbb7e8c7f3a77937d.jpg,bottle-label-inspection,train
bottle-label-inspection_IMG_20260524_183241_jpg.rf.83e660d556e8d8d0f9603ae1f77d879a.jpg,bottle-label-inspection,train
bottle-label-inspection_IMG_20260524_183241_jpg.rf.8e17a5e8abc15c40acbb7f75a696747d.jpg,bottle-label-inspection,train
bottle-label-inspection_IMG_20260524_183340_jpg.rf.1e4793877d792b868bf9f03e859e4a65.jpg,bottle-label-inspection,train
bottle-label-inspection_IMG_20260524_183412_jpg.rf.2376af6ffe6a8ff1624e1e22fe52e4a9.jpg,bottle-label-inspection,train
bottle-label-inspection_IMG_20260524_183412_jpg.rf.dc8a6d54f8ff32bc621f103084ba5772.jpg,bottle-label-inspection,train
bottle-label-inspection_IMG_20260524_183412_jpg.rf.feb1c701feb3f47a6ddcd4bdcc892801.jpg,bottle-label-inspection,train
bottle-label-inspection_IMG_20260524_183439_jpg.rf.5baeebbfdc03209ee6ef4d1ada7b5057.jpg,bottle-label-inspection,train
bottle-label-inspection_IMG_20260524_183439_jpg.rf.ee6fff0c3d1a26cfb4209dcc6a1ba7d2.jpg,bottle-label-inspection,train
bottle-label-inspection_IMG_20260524_183458_jpg.rf.b6bee2cdc17d432617f96e92091af7de.jpg,bottle-label-inspection,train
bottle-label-inspection_IMG_20260524_183509_jpg.rf.a508be6a11510475c27b699c34951de4.jpg,bottle-label-inspection,train
bottle-label-inspection_IMG_20260524_183509_jpg.rf.dc892fc094e42144c1ae79c87f56caaa.jpg,bottle-label-inspection,train
bottle-label-inspection_IMG_20260524_183509_jpg.rf.f9bd6acb243acc8118b917520d48b70f.jpg,bottle-label-inspection,train
bottle-label-inspection_IMG_20260524_183620_jpg.rf.15720e0cc3e28a99b1cc89c69f1b4cb5.jpg,bottle-label-inspection,train
bottle-label-inspection_IMG_20260524_183620_jpg.rf.66650c58bb306b3b038639b722d51d0d.jpg,bottle-label-inspection,train
bottle-label-inspection_IMG_20260524_183620_jpg.rf.df2816a781bd465709e24ca09c94974e.jpg,bottle-label-inspection,train
bottle-label-inspection_IMG_20260524_183650_jpg.rf.86f00c301ee748ed3a985f889ab0a470.jpg,bottle-label-inspection,train
bottle-label-inspection_IMG_20260524_183650_jpg.rf.e5421349f9cccbb9a2f68e8a2ac7ea90.jpg,bottle-label-inspection,train
bottle-label-inspection_IMG_20260524_183650_jpg.rf.e6c01bb7360e26b54f01b5d36970a646.jpg,bottle-label-inspection,train
bottle-label-inspection_IMG_20260524_183736_jpg.rf.255309d9eb3b780f0c05bafbbf7deeb0.jpg,bottle-label-inspection,train
bottle-label-inspection_IMG_20260524_183736_jpg.rf.5f4636971a2270d2ac5dca6dd1f2efc7.jpg,bottle-label-inspection,train
bottle-label-inspection_IMG_20260524_183822_jpg.rf.0b8769e640c431520ebd3c30ec6e0858.jpg,bottle-label-inspection,train
bottle-label-inspection_IMG_20260524_183822_jpg.rf.b51cda49cbfbba183d5cdb8145939977.jpg,bottle-label-inspection,train
bottle-label-inspection_IMG_20260524_183822_jpg.rf.ce6965a719781a0e3bd22f8d3fe29ea5.jpg,bottle-label-inspection,train
bottle-label-inspection_IMG_20260524_183909_jpg.rf.87f24641b3b23bcc91dfc4d89b3cd7ba.jpg,bottle-label-inspection,train
bottle-label-inspection_IMG_20260524_183909_jpg.rf.b3cc2963f5cff8275645bec43191d707.jpg,bottle-label-inspection,train
bottle-label-inspection_IMG_20260524_183909_jpg.rf.b4c97f02382c4161b0a75d27d46360ea.jpg,bottle-label-inspection,train
bottle-label-inspection_IMG_20260524_184115_jpg.rf.011a9e475a063dcb1f3ab079ae92e042.jpg,bottle-label-inspection,train
bottle-label-inspection_IMG_20260524_184115_jpg.rf.a2ba5467a32c4d9350a06646f7022798.jpg,bottle-label-inspection,train
bottle-label-inspection_IMG_20260524_184213_jpg.rf.4e03962972311422d0c498f7a903c1c3.jpg,bottle-label-inspection,train
bottle-label-inspection_IMG_20260524_184213_jpg.rf.d458ff3184c50399aa8849855f8a2f66.jpg,bottle-label-inspection,train
bottle-label-inspection_IMG_20260524_184411_jpg.rf.15afc78b235578c89c856475ba6d12f4.jpg,bottle-label-inspection,train
bottle-label-inspection_IMG_20260524_184411_jpg.rf.ac688f60bfa003d8d65ba0160c559cfb.jpg,bottle-label-inspection,train
bottle-label-inspection_20260426_190011_heic.rf.ad3364f19810979efbbeb45b1da039d9.jpg,bottle-label-inspection,val
bottle-label-inspection_20260426_190840_heic.rf.becdc32eaed095aef195a1a073f61dec.jpg,bottle-label-inspection,val
bottle-label-inspection_20260426_190948_heic.rf.dc50fb3a1949f12f802b459218df6532.jpg,bottle-label-inspection,val
bottle-label-inspection_20260426_191047_heic.rf.f66a9c4f570b442de05e51994cdb87b3.jpg,bottle-label-inspection,val
bottle-label-inspection_20260426_191310_heic.rf.7f0720b76bdd15e24d1a1d41b0a22ea3.jpg,bottle-label-inspection,val
bottle-label-inspection_20260426_191540_heic.rf.b735b01368a7fad5e2d94b4d2cce7585.jpg,bottle-label-inspection,val
bottle-label-inspection_20260426_191549_heic.rf.6453b5e596764067f46e6fb076f798b9.jpg,bottle-label-inspection,val
bottle-label-inspection_20260426_192138_heic.rf.3e7a8070d1e3c4c79c22c5bd8607cbdf.jpg,bottle-label-inspection,val
bottle-label-inspection_20260426_192227_heic.rf.00ccce9cb301b81364e57257ea99dc49.jpg,bottle-label-inspection,val
bottle-label-inspection_20260426_192505_heic.rf.2365ebfdcc7d5c617a3353ea4bab89cc.jpg,bottle-label-inspection,val
bottle-label-inspection_20260426_192650_heic.rf.866c2d27131276e755e231afa3a18dce.jpg,bottle-label-inspection,val
bottle-label-inspection_IMG_20260524_183026_jpg.rf.0419c84f7c2e52f94837097134bb6891.jpg,bottle-label-inspection,val
bottle-label-inspection_IMG_20260524_183704_jpg.rf.a1e797bccafaf0400096a4f54dae9e3d.jpg,bottle-label-inspection,val
bottle-label-inspection_IMG_20260524_183719_jpg.rf.ed0a9612ebd728220b912522b1083e2e.jpg,bottle-label-inspection,val
bottle-label-inspection_IMG_20260524_183849_jpg.rf.583098de222a4880709b799017249d35.jpg,bottle-label-inspection,val
bottle-label-inspection_IMG_20260524_183919_jpg.rf.c25b2a88f3f0fd97e73abf30fbcd2826.jpg,bottle-label-inspection,val
bottle-label-inspection_IMG_20260524_183952_jpg.rf.3a0fc38efe661d9d2b3f3733a6bbbc06.jpg,bottle-label-inspection,val
bottle-label-inspection_IMG_20260524_184052_jpg.rf.763ebd928f10f3ce9215b4de83fd5bff.jpg,bottle-label-inspection,val
bottle-label-inspection_IMG_20260524_184103_jpg.rf.ec14877d23d8d6381c25560387aa9634.jpg,bottle-label-inspection,val
bottle-label-inspection_IMG_20260524_184141_jpg.rf.386715e2657929401ce46bb921829a71.jpg,bottle-label-inspection,val
bottle-label-inspection_IMG_20260524_184319_jpg.rf.03fc8ce6b0ad0eeb5c80de0bdd91c4e7.jpg,bottle-label-inspection,val
bottle-label-inspection_20260426_185705_heic.rf.e643f90bd978d628e22609951f69c592.jpg,bottle-label-inspection,test
bottle-label-inspection_20260426_185726_heic.rf.a16cc525f45e9d9bfaada5de25a2d8d9.jpg,bottle-label-inspection,test
bottle-label-inspection_20260426_185759_heic.rf.c8256cdefe2debe688987ce5eb392999.jpg,bottle-label-inspection,test
bottle-label-inspection_20260426_185905_heic.rf.f12d9c6fb75f7eff73be6f0ccd166163.jpg,bottle-label-inspection,test
bottle-label-inspection_20260426_185956_heic.rf.4ea5ab1f34730bc2a1010043c4d845ff.jpg,bottle-label-inspection,test
bottle-label-inspection_20260426_190244_heic.rf.39ae8dc7f76f544df94c395d947f5931.jpg,bottle-label-inspection,test
bottle-label-inspection_20260426_190714_heic.rf.125aedb1afb37b80f69f4cb96757aefe.jpg,bottle-label-inspection,test
bottle-label-inspection_20260426_190754_heic.rf.2d11dee83100a1e79e8ec9795c236f43.jpg,bottle-label-inspection,test
bottle-label-inspection_20260426_190903_heic.rf.f8d41aaaf3d8134e6c7d1e5d5442b0fb.jpg,bottle-label-inspection,test
bottle-label-inspection_20260426_191223_heic.rf.ef55a89e7b253941805c151784c8c20d.jpg,bottle-label-inspection,test
bottle-label-inspection_20260426_191411_heic.rf.dbb298188f2182e22c9ebaee4962b199.jpg,bottle-label-inspection,test
bottle-label-inspection_20260426_192204_heic.rf.4fc413291d8e23c054a89ebf6d02c314.jpg,bottle-label-inspection,test
bottle-label-inspection_20260426_192604_heic.rf.22e7f19be479b6ffb3b6aedd120f6392.jpg,bottle-label-inspection,test
bottle-label-inspection_IMG_20260524_183423_jpg.rf.8f35efffc431bba2765a31c72bec1774.jpg,bottle-label-inspection,test
bottle-label-inspection_IMG_20260524_183519_jpg.rf.d412a0190b718fa5d5e3a1e5c3e92fdf.jpg,bottle-label-inspection,test
bottle-label-inspection_IMG_20260524_184330_jpg.rf.63238c96c90e4e097f3f6f8aff144465.jpg,bottle-label-inspection,test
bottle-label-inspection_IMG_20260524_184336_jpg.rf.b2fdcf449681ab1051a0c37bc945c0e0.jpg,bottle-label-inspection,test
bottle-label-inspection_IMG_20260524_184420_jpg.rf.4516928b04b7712415702eab8a25a2ff.jpg,bottle-label-inspection,test
bottle-label-detection_IMG_2320_jpg.rf.1485c391ab360b47d6789b2d10806156.jpg,bottle-label-detection,train
bottle-label-detection_IMG_2320_jpg.rf.5dad69b9eb77187fe5714c38594391c0.jpg,bottle-label-detection,train
bottle-label-detection_IMG_2320_jpg.rf.7966f40f933fc0e19195fabd05514692.jpg,bottle-label-detection,train
bottle-label-detection_IMG_2322_jpg.rf.09cb0361cd0e0008987bfab94ee14e09.jpg,bottle-label-detection,train
bottle-label-detection_IMG_2322_jpg.rf.1dea076d6e8c20c2d8ca67f17b5c837b.jpg,bottle-label-detection,train
bottle-label-detection_IMG_2322_jpg.rf.bbac7a8fb5cf78c9cb364f22f3cb9a78.jpg,bottle-label-detection,train
bottle-label-detection_IMG_2323_jpg.rf.1aad75905cc7723a3fde04b03a34b507.jpg,bottle-label-detection,train
bottle-label-detection_IMG_2323_jpg.rf.3a9a94e6c5e43ef9442725d751683e8d.jpg,bottle-label-detection,train
bottle-label-detection_IMG_2324_jpg.rf.7082b2421629417592fafdf38457cddb.jpg,bottle-label-detection,train
bottle-label-detection_IMG_2324_jpg.rf.d5d20b4b65015d922f66014908e66bdd.jpg,bottle-label-detection,train
bottle-label-detection_IMG_2328_jpg.rf.5e663cebe7a222de4f11bc17ea418623.jpg,bottle-label-detection,train
bottle-label-detection_IMG_2328_jpg.rf.79748e12f10a75099f90f70091fa2bff.jpg,bottle-label-detection,train
bottle-label-detection_IMG_2328_jpg.rf.8f50b4d45a2a9e41d97498bddd9fc727.jpg,bottle-label-detection,train
bottle-label-detection_IMG_2329_jpg.rf.1796586b4fb4b8c1d0b78f6598f9e0dd.jpg,bottle-label-detection,train
bottle-label-detection_IMG_2329_jpg.rf.52529e45d4d116da471ae0ef4c8ff8d9.jpg,bottle-label-detection,train
bottle-label-detection_IMG_2330_jpg.rf.28080ee1aa6eac7df0c66e813729a8ac.jpg,bottle-label-detection,train
bottle-label-detection_IMG_2330_jpg.rf.5950b51883922a71b887d3dc520108bc.jpg,bottle-label-detection,train
bottle-label-detection_IMG_2330_jpg.rf.b7c3af9c569d94fdc211c604bc829f5b.jpg,bottle-label-detection,train
bottle-label-detection_IMG_2332_jpg.rf.34a1bd0ca1dcb9efdb334d2101b653e9.jpg,bottle-label-detection,train
bottle-label-detection_IMG_2332_jpg.rf.4ec00383bb0d521972413e45b8643e01.jpg,bottle-label-detection,train
bottle-label-detection_IMG_2333_jpg.rf.671a371e0ff71e9dd2d29ace256f9af8.jpg,bottle-label-detection,train
bottle-label-detection_IMG_2333_jpg.rf.c7e47439f402b9f19acf4978770b7acd.jpg,bottle-label-detection,train
bottle-label-detection_IMG_2333_jpg.rf.dfb5f2771df3fd1f1dfe0cf498890639.jpg,bottle-label-detection,train
bottle-label-detection_IMG_2334_jpg.rf.01290bf7b103ff8534180d55b4d74996.jpg,bottle-label-detection,train
bottle-label-detection_IMG_2335_jpg.rf.2e158bf096094d89ac4bdc593e246873.jpg,bottle-label-detection,train
bottle-label-detection_IMG_2335_jpg.rf.d9547ac7c90f695a946ac44e9ac6d7d8.jpg,bottle-label-detection,train
bottle-label-detection_IMG_2336_jpg.rf.28e5a0fdb7685ce517e46aa6fee4217f.jpg,bottle-label-detection,train
bottle-label-detection_IMG_2339_jpg.rf.56b12f3a4f553c3d4c976971c68da336.jpg,bottle-label-detection,train
bottle-label-detection_IMG_2339_jpg.rf.c7c494167a52c76e519dc45c1bf8cf37.jpg,bottle-label-detection,train
bottle-label-detection_IMG_2340_jpg.rf.56eb6619668bc0935d72aab51540e6c1.jpg,bottle-label-detection,train
bottle-label-detection_IMG_2340_jpg.rf.6968791007cc75a6003f96800ecb0ec5.jpg,bottle-label-detection,train
bottle-label-detection_IMG_2340_jpg.rf.f6adc568d15fa49db9a7605c5d24330f.jpg,bottle-label-detection,train
bottle-label-detection_IMG_2341_jpg.rf.69dc7cccd9f6be2aae23c844ceaebfd7.jpg,bottle-label-detection,train
bottle-label-detection_IMG_2341_jpg.rf.73f20fffed169a541c3942097052b6d3.jpg,bottle-label-detection,train
bottle-label-detection_IMG_2341_jpg.rf.91baa91b2e8efd7b64b0a8a10d880a49.jpg,bottle-label-detection,train
bottle-label-detection_IMG_2342_jpg.rf.2bd09f65c01d1fe7d0f2a176c7ab524d.jpg,bottle-label-detection,train
bottle-label-detection_IMG_2342_jpg.rf.c8ea6a6f78f3414389a28c56fd30a2b5.jpg,bottle-label-detection,train
bottle-label-detection_IMG_2342_jpg.rf.ff2791901e237f343bbaa852095f62be.jpg,bottle-label-detection,train
bottle-label-detection_IMG_2343_jpg.rf.06cdd151b0ccf575832d77df8917605b.jpg,bottle-label-detection,train
bottle-label-detection_IMG_2343_jpg.rf.2e18f29ae6622e606f58fc5e71c5fae5.jpg,bottle-label-detection,train
bottle-label-detection_IMG_2343_jpg.rf.f253ac51454465e2d29c19d2da2d60d5.jpg,bottle-label-detection,train
bottle-label-detection_IMG_2345_jpg.rf.47fc654672c6a471448eef238e3f74f5.jpg,bottle-label-detection,train
bottle-label-detection_IMG_2345_jpg.rf.66cc556c97f52e642376c8d410095b06.jpg,bottle-label-detection,train
bottle-label-detection_IMG_2345_jpg.rf.9c7b8ba441e8a3671163e0ea05b03568.jpg,bottle-label-detection,train
bottle-label-detection_IMG_2346_jpg.rf.05329471c226d055f61a09607d041198.jpg,bottle-label-detection,train
bottle-label-detection_IMG_2346_jpg.rf.2d599cc03799854cc84caa1056fd221c.jpg,bottle-label-detection,train
bottle-label-detection_IMG_2346_jpg.rf.9e0a174d1a9329575585244de99683db.jpg,bottle-label-detection,train
bottle-label-detection_IMG_2347_jpg.rf.27ab6ac6d8952a1e2ee3943b6ad2829f.jpg,bottle-label-detection,train
bottle-label-detection_IMG_2347_jpg.rf.a177ed74ce12a655ec709793db94fb3f.jpg,bottle-label-detection,train
bottle-label-detection_IMG_2348_jpg.rf.4350afb8523c3a17a9ea9c33436865b7.jpg,bottle-label-detection,train
bottle-label-detection_IMG_2348_jpg.rf.6992f20456e32c279fd8c99592493657.jpg,bottle-label-detection,train
bottle-label-detection_IMG_2349_jpg.rf.cd0b9c13e6d769dcae07abe19cdfe894.jpg,bottle-label-detection,train
bottle-label-detection_IMG_2349_jpg.rf.fa287a0c30ef71da2b992c63eacf4511.jpg,bottle-label-detection,train
bottle-label-detection_IMG_2354_jpg.rf.18bd30f73354ec80bc0145dfcdd5c65d.jpg,bottle-label-detection,train
bottle-label-detection_IMG_2354_jpg.rf.cdfbb3badd09d432569e561845a84f9e.jpg,bottle-label-detection,train
bottle-label-detection_IMG_2354_jpg.rf.e912cd87d111ecbe0907a859ac9a5d4b.jpg,bottle-label-detection,train
bottle-label-detection_IMG_2355_jpg.rf.05584650dd5b0795e4dbf7a45671e145.jpg,bottle-label-detection,train
bottle-label-detection_IMG_2355_jpg.rf.0d08c20806579deb9f175ab6a92eb385.jpg,bottle-label-detection,train
bottle-label-detection_IMG_2355_jpg.rf.97ff9da918c64c893ac31cdd9e0804d8.jpg,bottle-label-detection,train
bottle-label-detection_IMG_2356_jpg.rf.3323d1382666a352b6bf71bce79d70c0.jpg,bottle-label-detection,train
bottle-label-detection_IMG_2356_jpg.rf.56f51d3189fef97310a6e6ea577aee21.jpg,bottle-label-detection,train
bottle-label-detection_IMG_2356_jpg.rf.665c878884cbca16fe3d21e33b654dd3.jpg,bottle-label-detection,train
bottle-label-detection_IMG_2358_jpg.rf.0606dd27d763c719633291559f109798.jpg,bottle-label-detection,train
bottle-label-detection_IMG_2358_jpg.rf.495a91412e714a7d7682b5cf9c363b82.jpg,bottle-label-detection,train
bottle-label-detection_IMG_2358_jpg.rf.c7dbc0ebd768947b6944d4895ea7e96f.jpg,bottle-label-detection,train
bottle-label-detection_IMG_2359_jpg.rf.76193f51664ef6aee53cde1edda68f3e.jpg,bottle-label-detection,train
bottle-label-detection_IMG_2359_jpg.rf.ed878ff9c9569f6a1fb9e0e380bea94f.jpg,bottle-label-detection,train
bottle-label-detection_IMG_2359_jpg.rf.f022bfe1d05a8f9e2eecd6a5a84e6e11.jpg,bottle-label-detection,train
bottle-label-detection_IMG_2361_jpg.rf.2991604350c9623180b4785e5ca54622.jpg,bottle-label-detection,train
bottle-label-detection_IMG_2361_jpg.rf.2a534ec366b58d5f906993094e535b37.jpg,bottle-label-detection,train
bottle-label-detection_IMG_2361_jpg.rf.66be2849d2627c13b4d695f25f78ceb8.jpg,bottle-label-detection,train
bottle-label-detection_IMG_2362_jpg.rf.062acac6591344a74b4381a6265088fd.jpg,bottle-label-detection,train
bottle-label-detection_IMG_2362_jpg.rf.1744d880480dea8f1948f57ffbe805e1.jpg,bottle-label-detection,train
bottle-label-detection_IMG_2362_jpg.rf.c39583ba5c6fe173a8574cc36ba84c08.jpg,bottle-label-detection,train
bottle-label-detection_IMG_2363_jpg.rf.a3563be507b456d37848b5ad7bcaa641.jpg,bottle-label-detection,train
bottle-label-detection_IMG_2363_jpg.rf.ac4ed898f06b38a68ff76034ebbb7a08.jpg,bottle-label-detection,train
bottle-label-detection_IMG_2365_jpg.rf.2010e4ae68042c96fe139e31404a709c.jpg,bottle-label-detection,train
bottle-label-detection_IMG_2365_jpg.rf.b065842f683b9436fb8873ae33aabf4b.jpg,bottle-label-detection,train
bottle-label-detection_IMG_2366_jpg.rf.3cc1977629b193a1ed360266f07334b0.jpg,bottle-label-detection,train
bottle-label-detection_IMG_2366_jpg.rf.67203bb2c95e9d60a5eccdda198320ce.jpg,bottle-label-detection,train
bottle-label-detection_IMG_2366_jpg.rf.8e1fecb86c230229a59ff071c740e492.jpg,bottle-label-detection,train
bottle-label-detection_IMG_2367_jpg.rf.4039ffe50e6d48796e798f31fede5ba7.jpg,bottle-label-detection,train
bottle-label-detection_IMG_2368_jpg.rf.37f37dd11afe5f862140d5898961755c.jpg,bottle-label-detection,train
bottle-label-detection_IMG_2368_jpg.rf.3e958fb6a6602fec98764ace3da8b347.jpg,bottle-label-detection,train
bottle-label-detection_IMG_2368_jpg.rf.5e007703a3f70161f3a9e4fd9af3eac8.jpg,bottle-label-detection,train
bottle-label-detection_IMG_2369_jpg.rf.afa2a8f4408861a207526bf6f7080d36.jpg,bottle-label-detection,train
bottle-label-detection_IMG_2369_jpg.rf.d3c9cced82f66c9ef8ee4a1ddb025f27.jpg,bottle-label-detection,train
bottle-label-detection_IMG_2370_jpg.rf.012e5e4d6d9afc89a9f0532a31dde7a1.jpg,bottle-label-detection,train
bottle-label-detection_IMG_2370_jpg.rf.76968bbdae7f1a269e336705e3e446ef.jpg,bottle-label-detection,train
bottle-label-detection_IMG_2370_jpg.rf.fab981b89b7aa3e62a2891958ad38a19.jpg,bottle-label-detection,train
bottle-label-detection_IMG_2371_jpg.rf.1234659f2f6d64fb58a393d924311277.jpg,bottle-label-detection,train
bottle-label-detection_IMG_2371_jpg.rf.e84b91c1ee98e4c69be7eef74987d593.jpg,bottle-label-detection,train
bottle-label-detection_IMG_2372_jpg.rf.8a4674898a805a9b4101258e2ca3060b.jpg,bottle-label-detection,train
bottle-label-detection_IMG_2373_jpg.rf.115fa407f6cc75fa6714aa5ca0ac40c7.jpg,bottle-label-detection,train
bottle-label-detection_IMG_2373_jpg.rf.4abbcd2536791ffde8fe99555153440f.jpg,bottle-label-detection,train
bottle-label-detection_IMG_2373_jpg.rf.9682fb6b4f8678a5d6f6303577f32546.jpg,bottle-label-detection,train
bottle-label-detection_IMG_2374_jpg.rf.9663226683ac000c9318a94299ec66ea.jpg,bottle-label-detection,train
bottle-label-detection_IMG_2374_jpg.rf.f22712cf81e5d5ddd06c8abe8587c9c1.jpg,bottle-label-detection,train
bottle-label-detection_IMG_2375_jpg.rf.33db9412646e705b54bc0fa4f8ab2400.jpg,bottle-label-detection,train
bottle-label-detection_IMG_2375_jpg.rf.629794abfd7645b18ca062dd64b1e2c6.jpg,bottle-label-detection,train
bottle-label-detection_IMG_2375_jpg.rf.c10ad459277857bf6175572b02ec63cb.jpg,bottle-label-detection,train
bottle-label-detection_IMG_2376_jpg.rf.22cd0d99a34f2b13c288baee12210889.jpg,bottle-label-detection,train
bottle-label-detection_IMG_2376_jpg.rf.62ecc02637ff56e449e457025f4a410e.jpg,bottle-label-detection,train
bottle-label-detection_IMG_2376_jpg.rf.edb950ead3d8d51d6af2c70038165d4a.jpg,bottle-label-detection,train
bottle-label-detection_IMG_2377_jpg.rf.c925069f5b1eb229876a15a976562134.jpg,bottle-label-detection,train
bottle-label-detection_IMG_2377_jpg.rf.f0b60c19abdb18f2048344fdaabfacaa.jpg,bottle-label-detection,train
bottle-label-detection_IMG_2377_jpg.rf.f74fa0f9c8314f24dbd46aee693c26ca.jpg,bottle-label-detection,train
bottle-label-detection_IMG_2378_jpg.rf.bb922fdf1f39a814ba93db2ab06e9f94.jpg,bottle-label-detection,train
bottle-label-detection_IMG_2378_jpg.rf.da0c8762a9c63381e2ebc7997034b489.jpg,bottle-label-detection,train
bottle-label-detection_IMG_2378_jpg.rf.db2ddab0fd5bf5375853c8e71816e773.jpg,bottle-label-detection,train
bottle-label-detection_IMG_2379_jpg.rf.2cdbe4f1109370952df43f789dd6b0ff.jpg,bottle-label-detection,train
bottle-label-detection_IMG_2379_jpg.rf.864704f4179edbe1c9a720f281e0cbca.jpg,bottle-label-detection,train
bottle-label-detection_IMG_2379_jpg.rf.8ed70993b4e68da7222c639435636978.jpg,bottle-label-detection,train
bottle-label-detection_IMG_2380_jpg.rf.1bfe7ae750c8962ebd90f17823621199.jpg,bottle-label-detection,train
bottle-label-detection_IMG_2380_jpg.rf.2b79caefb168e4ac28fcaf570252f980.jpg,bottle-label-detection,train
bottle-label-detection_IMG_2380_jpg.rf.6d97de1ce26bd9a3f72ee46d885d2232.jpg,bottle-label-detection,train
bottle-label-detection_IMG_2381_jpg.rf.0a3d85ea428a3012455b7c2f0bb29eda.jpg,bottle-label-detection,train
bottle-label-detection_IMG_2381_jpg.rf.3000bfd7071298d39641c9d5b18c96e8.jpg,bottle-label-detection,train
bottle-label-detection_IMG_2381_jpg.rf.3ce50f38d5fd58e32d7f0d90ea071bc6.jpg,bottle-label-detection,train
bottle-label-detection_IMG_2382_jpg.rf.2c0dbfb65afe470f618d602a366697a7.jpg,bottle-label-detection,train
bottle-label-detection_IMG_2382_jpg.rf.2fda2990fd0114c39139d5a851ce19a3.jpg,bottle-label-detection,train
bottle-label-detection_IMG_2382_jpg.rf.d13d34b002a56cb1aac17e2ee0a03017.jpg,bottle-label-detection,train
bottle-label-detection_IMG_2384_jpg.rf.e2ec58c34c6ff92bd2cab6d420af01f5.jpg,bottle-label-detection,train
bottle-label-detection_IMG_2385_jpg.rf.2abb8730bd1f1774988df2d16d51cb63.jpg,bottle-label-detection,train
bottle-label-detection_IMG_2385_jpg.rf.7ef496e67f646097abe5abdca195637c.jpg,bottle-label-detection,train
bottle-label-detection_IMG_2386_jpg.rf.4ebb9f4a8064aa1fab71c4f40be334de.jpg,bottle-label-detection,train
bottle-label-detection_IMG_2386_jpg.rf.caba934516e64c1fa0ddb72624bc56fb.jpg,bottle-label-detection,train
bottle-label-detection_IMG_2386_jpg.rf.d0c04f77fd5f5dc7a26fb26edc78d4e1.jpg,bottle-label-detection,train
bottle-label-detection_IMG_2387_jpg.rf.9bcc7256f5e4e070fb1a04ad40e03416.jpg,bottle-label-detection,train
bottle-label-detection_IMG_2387_jpg.rf.bab25ed7126802d35fa59887b05ad44b.jpg,bottle-label-detection,train
bottle-label-detection_IMG_2387_jpg.rf.d44a3e7d54185cf665d5ab643cd88959.jpg,bottle-label-detection,train
bottle-label-detection_IMG_2388_jpg.rf.21d5c375e2999e05482395edba8325fc.jpg,bottle-label-detection,train
bottle-label-detection_IMG_2388_jpg.rf.99f4790de90aa28f0d1a050f541abce2.jpg,bottle-label-detection,train
bottle-label-detection_IMG_2388_jpg.rf.be484db1616e3cffd712c713010453c3.jpg,bottle-label-detection,train
bottle-label-detection_IMG_2389_jpg.rf.4d4c45c403486d4cb6ad2b5e9dfc9537.jpg,bottle-label-detection,train
bottle-label-detection_IMG_2389_jpg.rf.63ec914758174fcd70c667a72a80b893.jpg,bottle-label-detection,train
bottle-label-detection_IMG_2389_jpg.rf.7e770ea29df0f32da5911fa13f49ae24.jpg,bottle-label-detection,train
bottle-label-detection_IMG_2390_jpg.rf.1b9bd9b0c74c088d80602ba0057d9907.jpg,bottle-label-detection,train
bottle-label-detection_IMG_2390_jpg.rf.82a901393aac7e0a8ce7f0e11667668b.jpg,bottle-label-detection,train
bottle-label-detection_IMG_2390_jpg.rf.86cc1df9e4d8dbd02e33ea3cee0060d7.jpg,bottle-label-detection,train
bottle-label-detection_IMG_2391_jpg.rf.53e64f81ef4ae3e17901de22d20f5378.jpg,bottle-label-detection,train
bottle-label-detection_IMG_2391_jpg.rf.603ab2d7ba5d0599358c7f740c5599de.jpg,bottle-label-detection,train
bottle-label-detection_IMG_2392_jpg.rf.1c6ac5bde24f45a460ba9e74654163f1.jpg,bottle-label-detection,train
bottle-label-detection_IMG_2392_jpg.rf.438053586de52fdbfc2d626f6316ab15.jpg,bottle-label-detection,train
bottle-label-detection_IMG_2392_jpg.rf.5f51fd659f27cbfc1480e89f144ec3f7.jpg,bottle-label-detection,train
bottle-label-detection_IMG_2393_jpg.rf.69bcb4e2c84b4f4ddcd0dcc8aa70512d.jpg,bottle-label-detection,train
bottle-label-detection_IMG_2393_jpg.rf.f133418c26704ead2e2a885748cfda07.jpg,bottle-label-detection,train
bottle-label-detection_IMG_2394_jpg.rf.54e6dfc7dcaba219784e31e553d01a0b.jpg,bottle-label-detection,train
bottle-label-detection_IMG_2394_jpg.rf.8f876a8e62d95e552b39b2cbb4384e85.jpg,bottle-label-detection,train
bottle-label-detection_IMG_2394_jpg.rf.cf213d3b4f361a782b009f416faa78eb.jpg,bottle-label-detection,train
bottle-label-detection_IMG_2395_jpg.rf.16a9c7acbf3bbee1e7999fca4ffdd401.jpg,bottle-label-detection,train
bottle-label-detection_IMG_2395_jpg.rf.92ad934f1e0a19c2552d4a531b35a992.jpg,bottle-label-detection,train
bottle-label-detection_IMG_2395_jpg.rf.b892592f3e71600437d3f5f730a996c0.jpg,bottle-label-detection,train
bottle-label-detection_IMG_2396_jpg.rf.5452f4c6fcd7b0532dad018e81b22b01.jpg,bottle-label-detection,train
bottle-label-detection_IMG_2396_jpg.rf.576f6ebb57ddfea4de9f72722db40247.jpg,bottle-label-detection,train
bottle-label-detection_IMG_2396_jpg.rf.58ded63a864047a22216618b90f2a2ac.jpg,bottle-label-detection,train
bottle-label-detection_IMG_2397_jpg.rf.4f882e8f48f61fae0e4aabe374f1b448.jpg,bottle-label-detection,train
bottle-label-detection_IMG_2397_jpg.rf.b9b70fd0734559e8a6a1e4daae839f3f.jpg,bottle-label-detection,train
bottle-label-detection_IMG_2397_jpg.rf.df75440fb41d660481207ed40413f8f1.jpg,bottle-label-detection,train
bottle-label-detection_IMG_2399_jpg.rf.1e1c060be86d42b01f729fbc2c9bc31e.jpg,bottle-label-detection,train
bottle-label-detection_IMG_2399_jpg.rf.2a2edfae373463b64cfb5bf23a5aa64a.jpg,bottle-label-detection,train
bottle-label-detection_IMG_2399_jpg.rf.adb1ae663e6e67b8449b762f52f0bcb3.jpg,bottle-label-detection,train
bottle-label-detection_IMG_2400_jpg.rf.0538317ff1fd5eb834259ef2cb3ab25f.jpg,bottle-label-detection,train
bottle-label-detection_IMG_2400_jpg.rf.1abe322732a2775be94350a2d33a53ad.jpg,bottle-label-detection,train
bottle-label-detection_IMG_2400_jpg.rf.a8011b66356ac0b7c9dbed38bc4dc71b.jpg,bottle-label-detection,train
bottle-label-detection_IMG_2401_jpg.rf.2921e56c7b40e0ccdfc31a7b2ce66511.jpg,bottle-label-detection,train
bottle-label-detection_IMG_2401_jpg.rf.9086baa368665e346f3015a1f626072f.jpg,bottle-label-detection,train
bottle-label-detection_IMG_2401_jpg.rf.b1e9b6689b12dde824b5034934cbfa9e.jpg,bottle-label-detection,train
bottle-label-detection_IMG_2402_jpg.rf.c65224eaa2a35b6702fb7acdcccff147.jpg,bottle-label-detection,train
bottle-label-detection_IMG_2402_jpg.rf.cffed1efb841a5f496d23ba331e21f6f.jpg,bottle-label-detection,train
bottle-label-detection_IMG_2402_jpg.rf.f610b5db7d7dd3bbcbe858aa92f032e9.jpg,bottle-label-detection,train
bottle-label-detection_IMG_2403_jpg.rf.00e8dc48c1003f7acd09278f5f6bee98.jpg,bottle-label-detection,train
bottle-label-detection_IMG_2403_jpg.rf.8cc1470d7941f159bf49a4e622fca8ad.jpg,bottle-label-detection,train
bottle-label-detection_IMG_2403_jpg.rf.eda9589c8f12948bf379ad9d10dcc625.jpg,bottle-label-detection,train
bottle-label-detection_IMG_2404_jpg.rf.36a48480eb4db33e90eb8bf8cdd7b924.jpg,bottle-label-detection,train
bottle-label-detection_IMG_2404_jpg.rf.41034086e92fb2682c7aff5bf09b49b1.jpg,bottle-label-detection,train
bottle-label-detection_IMG_2404_jpg.rf.b1aa03ec48a565b803589798dfcb537b.jpg,bottle-label-detection,train
bottle-label-detection_IMG_2405_jpg.rf.a194251811a643bafcb786d1d1fd9fa5.jpg,bottle-label-detection,train
bottle-label-detection_IMG_2405_jpg.rf.c30ab5d71b176128b134de1903c97ff2.jpg,bottle-label-detection,train
bottle-label-detection_IMG_2405_jpg.rf.db3c2110b23225701b090d3d06de9df6.jpg,bottle-label-detection,train
bottle-label-detection_IMG_2406_jpg.rf.57448667f1703860aaac4d6878403f49.jpg,bottle-label-detection,train
bottle-label-detection_IMG_2406_jpg.rf.58b11f934bf28288df798676cfe00a72.jpg,bottle-label-detection,train
bottle-label-detection_IMG_2406_jpg.rf.80ce995fcbca3ae5d71b21a5f0c80ef5.jpg,bottle-label-detection,train
bottle-label-detection_IMG_2407_jpg.rf.1d3d4164a7270f2c54971ebde3eed321.jpg,bottle-label-detection,train
bottle-label-detection_IMG_2407_jpg.rf.be07a3e642d37b0a1d8f1664d2747512.jpg,bottle-label-detection,train
bottle-label-detection_IMG_2407_jpg.rf.efb3ad46e7db0f1ae5cc1e6b4f71dd3e.jpg,bottle-label-detection,train
bottle-label-detection_IMG_2408_jpg.rf.2a4e844e36f954121e839397fddb36ae.jpg,bottle-label-detection,train
bottle-label-detection_IMG_2408_jpg.rf.57c2947a56419ca328a95d8bd4a286c9.jpg,bottle-label-detection,train
bottle-label-detection_IMG_2408_jpg.rf.dacd5a5b76e0630a06a3a5e7acf71785.jpg,bottle-label-detection,train
bottle-label-detection_IMG_2410_jpg.rf.10e54fe5e0ef7dab9d9a3b045354ce80.jpg,bottle-label-detection,train
bottle-label-detection_IMG_2410_jpg.rf.cd4af1fe4fe07c00d62c862930e26e95.jpg,bottle-label-detection,train
bottle-label-detection_IMG_2411_jpg.rf.18f6a0c04818ebd6e429abb7aa193162.jpg,bottle-label-detection,train
bottle-label-detection_IMG_2411_jpg.rf.31198c1e9218f857267d3e1fb9a5f50c.jpg,bottle-label-detection,train
bottle-label-detection_IMG_2411_jpg.rf.76b2e65fb92f1dc166000e0efd28bf2b.jpg,bottle-label-detection,train
bottle-label-detection_IMG_2413_jpg.rf.21333416e00f0cb06807e159a1e06a15.jpg,bottle-label-detection,train
bottle-label-detection_IMG_2413_jpg.rf.c0232eba359bb73fad3b88d1bf5a9c01.jpg,bottle-label-detection,train
bottle-label-detection_IMG_2413_jpg.rf.ebb26eee7871650aeae3820d98c24267.jpg,bottle-label-detection,train
bottle-label-detection_IMG_2414_jpg.rf.2643409859d9d2e4201a159bd113a929.jpg,bottle-label-detection,train
bottle-label-detection_IMG_2414_jpg.rf.8199b383247f5b4c9f1173d9bfc97a9a.jpg,bottle-label-detection,train
bottle-label-detection_IMG_2414_jpg.rf.ed35fadb298155aae43489e70db40add.jpg,bottle-label-detection,train
bottle-label-detection_IMG_2415_jpg.rf.0b8e2b779e629820df485cb43ea5ab20.jpg,bottle-label-detection,train
bottle-label-detection_IMG_2415_jpg.rf.45f5909467326d4cd742a44b606d1e28.jpg,bottle-label-detection,train
bottle-label-detection_IMG_2416_jpg.rf.c2385952e72947dc637993602ed82154.jpg,bottle-label-detection,train
bottle-label-detection_IMG_2416_jpg.rf.cae7d45a0022aff6a1eca0bace9634cc.jpg,bottle-label-detection,train
bottle-label-detection_IMG_2417_jpg.rf.03a45c727ff9094ff334bda3480ecb72.jpg,bottle-label-detection,train
bottle-label-detection_IMG_2417_jpg.rf.0dfe946e0995b8311f410407d7179fae.jpg,bottle-label-detection,train
bottle-label-detection_IMG_2417_jpg.rf.4f69227ae29b7f3f8fa5390357a539a8.jpg,bottle-label-detection,train
bottle-label-detection_IMG_2418_jpg.rf.4383de32a1b30d3bc874056660b79bca.jpg,bottle-label-detection,train
bottle-label-detection_IMG_2418_jpg.rf.71964fee5965234e852e95438d121cbc.jpg,bottle-label-detection,train
bottle-label-detection_IMG_2418_jpg.rf.b4b3133e6bb9c17e1b49a8c90c264b2e.jpg,bottle-label-detection,train
bottle-label-detection_IMG_2419_jpg.rf.6e6923053722b460ceec55a936040bf5.jpg,bottle-label-detection,train
bottle-label-detection_IMG_2419_jpg.rf.e13251e767cde046c6cdfa0e3c4af757.jpg,bottle-label-detection,train
bottle-label-detection_IMG_2419_jpg.rf.ef253af31c6dbd4356ecfa8595dfc3c2.jpg,bottle-label-detection,train
bottle-label-detection_IMG_2420_jpg.rf.22cee1d6c5d09d57a315eb65b7b3cf1f.jpg,bottle-label-detection,train
bottle-label-detection_IMG_2420_jpg.rf.242c9e7dc4888aba214a1da94d04ae2f.jpg,bottle-label-detection,train
bottle-label-detection_IMG_2420_jpg.rf.f78f92e8d519ed2d9edf6a2f65ffc214.jpg,bottle-label-detection,train
bottle-label-detection_IMG_2421_jpg.rf.c47251acbf1109e83bc46afce9c8d994.jpg,bottle-label-detection,train
bottle-label-detection_IMG_2421_jpg.rf.e4001778ea845d5931974a2a2bfd8c55.jpg,bottle-label-detection,train
bottle-label-detection_IMG_2421_jpg.rf.f4a2bf2133dff4432a71d6622c0a1922.jpg,bottle-label-detection,train
bottle-label-detection_IMG_2422_jpg.rf.28c014cf39ddc0d78205a688f17afa64.jpg,bottle-label-detection,train
bottle-label-detection_IMG_2422_jpg.rf.f2cd7bdbe6c41ae2ec9cf5b0635bfdc0.jpg,bottle-label-detection,train
bottle-label-detection_IMG_2422_jpg.rf.fd4310bab9e690d569c2edd117f30039.jpg,bottle-label-detection,train
bottle-label-detection_IMG_2423_jpg.rf.1ffa3838dd06e419aa03f6a4952f8ff9.jpg,bottle-label-detection,train
bottle-label-detection_IMG_2423_jpg.rf.213788d5cd7338c361bf7fd5e0c87aee.jpg,bottle-label-detection,train
bottle-label-detection_IMG_2423_jpg.rf.d072bef26df441499942d0f2c82a5d1d.jpg,bottle-label-detection,train
bottle-label-detection_IMG_2426_jpg.rf.0c295765084b667045fb8760a2bf1c2a.jpg,bottle-label-detection,train
bottle-label-detection_IMG_2426_jpg.rf.87e5fbda30d8244f15efe2a849b7efee.jpg,bottle-label-detection,train
bottle-label-detection_IMG_2426_jpg.rf.be5af031d9538ece24c8d395e50c3348.jpg,bottle-label-detection,train
bottle-label-detection_IMG_2427_jpg.rf.2317393f9e53b474049517f96717e7f2.jpg,bottle-label-detection,train
bottle-label-detection_IMG_2427_jpg.rf.268c56b423fcad8bd91d25455eccea11.jpg,bottle-label-detection,train
bottle-label-detection_IMG_2427_jpg.rf.eabba1ba0265d856b76fe36b5682c0c8.jpg,bottle-label-detection,train
bottle-label-detection_IMG_2428_jpg.rf.1ecefff601b1660e84f6a171040a5bb3.jpg,bottle-label-detection,train
bottle-label-detection_IMG_2428_jpg.rf.35e4ab7b73050d574e036b29ad6be547.jpg,bottle-label-detection,train
bottle-label-detection_IMG_2428_jpg.rf.7c3e1277f57f4e5eae19b7632f463cee.jpg,bottle-label-detection,train
bottle-label-detection_IMG_2429_jpg.rf.25db7253833e8afe29b7f25bc70982e9.jpg,bottle-label-detection,train
bottle-label-detection_IMG_2429_jpg.rf.53b12ab5fe7ed6f702a3d1cf5cde9608.jpg,bottle-label-detection,train
bottle-label-detection_IMG_2429_jpg.rf.6c5f6ba4ef90b649a1fd0bebb87eb86d.jpg,bottle-label-detection,train
bottle-label-detection_IMG_2430_jpg.rf.193bddfbd21c55e694f6de21428bae0d.jpg,bottle-label-detection,train
bottle-label-detection_IMG_2430_jpg.rf.1e6972ff5e45a11be4ec767c361bf973.jpg,bottle-label-detection,train
bottle-label-detection_IMG_2430_jpg.rf.a1528fe2964d22f4454805792ecb56b5.jpg,bottle-label-detection,train
bottle-label-detection_IMG_2432_jpg.rf.485d61c03ba184f189da3fcb2dc46bc9.jpg,bottle-label-detection,train
bottle-label-detection_IMG_2432_jpg.rf.75c7dbde4936c503d5031edf2a60e1e7.jpg,bottle-label-detection,train
bottle-label-detection_IMG_2432_jpg.rf.ee45b3b19573b2c5c95930705babfa19.jpg,bottle-label-detection,train
bottle-label-detection_IMG_2433_jpg.rf.6b857526c41a86a899a1022e032760e1.jpg,bottle-label-detection,train
bottle-label-detection_IMG_2433_jpg.rf.cda04ad66a723a6abc941e83f679578b.jpg,bottle-label-detection,train
bottle-label-detection_IMG_2433_jpg.rf.dc3d7a31c275a50e46a811e943b79cc8.jpg,bottle-label-detection,train
bottle-label-detection_IMG_2434_jpg.rf.233b5462f79de9f07633f0cc6c0a39b1.jpg,bottle-label-detection,train
bottle-label-detection_IMG_2434_jpg.rf.3db0c95146cfa1fa1104f54f0c1f57ba.jpg,bottle-label-detection,train
bottle-label-detection_IMG_2434_jpg.rf.ac08f407d332c5932ba9ca651f3eb112.jpg,bottle-label-detection,train
bottle-label-detection_IMG_2435_jpg.rf.55086557eebeb028a9eee45b24889326.jpg,bottle-label-detection,train
bottle-label-detection_IMG_2435_jpg.rf.72901aabd435c06bed16d916020acf02.jpg,bottle-label-detection,train
bottle-label-detection_IMG_2437_jpg.rf.0493d680eed9a52783bc0dde208ce6d8.jpg,bottle-label-detection,train
bottle-label-detection_IMG_2437_jpg.rf.64a4311bd13c20341c2a45f7ef0f5c0d.jpg,bottle-label-detection,train
bottle-label-detection_IMG_2437_jpg.rf.796797105bdd8fef0f4a4ed035ba7cbd.jpg,bottle-label-detection,train
bottle-label-detection_IMG_2438_jpg.rf.08a31647a03ddb26b2c0f262fc3e954e.jpg,bottle-label-detection,train
bottle-label-detection_IMG_2438_jpg.rf.582698df5210c706f1cd90d006f382fa.jpg,bottle-label-detection,train
bottle-label-detection_IMG_2438_jpg.rf.b74079f173e0d37bc4f3a9a44b409719.jpg,bottle-label-detection,train
bottle-label-detection_IMG_2439_jpg.rf.2a4331fa46b7504ccef47b9634bd45f4.jpg,bottle-label-detection,train
bottle-label-detection_IMG_2439_jpg.rf.e0aabf8aa3170258d34e3d338ab8c95a.jpg,bottle-label-detection,train
bottle-label-detection_IMG_2440_jpg.rf.0db72352cd0a4c7f64c39e3f84f67baf.jpg,bottle-label-detection,train
bottle-label-detection_IMG_2440_jpg.rf.181584b2d8bdcb3f92a380345202d6ef.jpg,bottle-label-detection,train
bottle-label-detection_IMG_2440_jpg.rf.da93820d3f5b002b32ef4d3ab8ff379a.jpg,bottle-label-detection,train
bottle-label-detection_IMG_2555_jpg.rf.ae7b05983fbf4eb295a739dc319d9602.jpg,bottle-label-detection,train
bottle-label-detection_IMG_2555_jpg.rf.c67f2a002d6f8da95ac5fcfd3ef3e0ac.jpg,bottle-label-detection,train
bottle-label-detection_IMG_2555_jpg.rf.fbf935fc4d5ac7112530236b5ef79c63.jpg,bottle-label-detection,train
bottle-label-detection_IMG_2556_jpg.rf.8c7f0729713cde8bbaa560654719a2c0.jpg,bottle-label-detection,train
bottle-label-detection_IMG_2556_jpg.rf.a46705fbf4a8d16a784585abf45e5b84.jpg,bottle-label-detection,train
bottle-label-detection_IMG_2558_jpg.rf.1d2bfb7bad50433f211ebed621709b0a.jpg,bottle-label-detection,train
bottle-label-detection_IMG_2558_jpg.rf.3b95f20ddbff612c06d335b3b1e2fd0d.jpg,bottle-label-detection,train
bottle-label-detection_IMG_2558_jpg.rf.997f33e78da502af903aa71a70f6c504.jpg,bottle-label-detection,train
bottle-label-detection_IMG_2559_jpg.rf.95efa3252a4f60a4a1319d20964a0207.jpg,bottle-label-detection,train
bottle-label-detection_IMG_2559_jpg.rf.dd49d36bb8d79642429d8c98942b86de.jpg,bottle-label-detection,train
bottle-label-detection_IMG_2562_jpg.rf.86bd2547924a36af7fb3f0f61d71e28c.jpg,bottle-label-detection,train
bottle-label-detection_IMG_2562_jpg.rf.9688c162e6b6c5dd1831c951884c675c.jpg,bottle-label-detection,train
bottle-label-detection_IMG_2562_jpg.rf.ca7965af46400afecc2c644a4486adef.jpg,bottle-label-detection,train
bottle-label-detection_IMG_2563_jpg.rf.1f2ad4fac3807b49412cec88bb800f5f.jpg,bottle-label-detection,train
bottle-label-detection_IMG_2563_jpg.rf.866cec6c019313e56887f89e4d204a67.jpg,bottle-label-detection,train
bottle-label-detection_IMG_2563_jpg.rf.b1c3aeed5c622ccb4af2124da44a22a7.jpg,bottle-label-detection,train
bottle-label-detection_IMG_2565_jpg.rf.02e805fa053e6eba8446be8cc597529a.jpg,bottle-label-detection,train
bottle-label-detection_IMG_2565_jpg.rf.129f47fd6aab7462575709814e84450f.jpg,bottle-label-detection,train
bottle-label-detection_IMG_2565_jpg.rf.69d8cadefaf96c927155c9997dc171b8.jpg,bottle-label-detection,train
bottle-label-detection_IMG_2566_jpg.rf.b95b51071fbf4f4b727e513b1fdc14cf.jpg,bottle-label-detection,train
bottle-label-detection_IMG_2566_jpg.rf.c4604da849674626c2f235cca4e200f5.jpg,bottle-label-detection,train
bottle-label-detection_IMG_2566_jpg.rf.ea414b8d89e4ce8b337f78f18a60c6c8.jpg,bottle-label-detection,train
bottle-label-detection_IMG_2567_jpg.rf.023816044c72bb2e1ede8b56d6f45b6c.jpg,bottle-label-detection,train
bottle-label-detection_IMG_2567_jpg.rf.53ded06dbbbfd322e4f5f8001c5e1a00.jpg,bottle-label-detection,train
bottle-label-detection_IMG_2567_jpg.rf.76390bdb683645e658a55f713e5d2048.jpg,bottle-label-detection,train
bottle-label-detection_IMG_2568_jpg.rf.1202c8d801691d75e0279c27af906d50.jpg,bottle-label-detection,train
bottle-label-detection_IMG_2568_jpg.rf.2941c0173cc6735106c806763f32127e.jpg,bottle-label-detection,train
bottle-label-detection_IMG_2568_jpg.rf.fe740737556125a13f403b61e1e94b45.jpg,bottle-label-detection,train
bottle-label-detection_IMG_2569_jpg.rf.4b311d78aab0d683ebfbaea36c91ae7a.jpg,bottle-label-detection,train
bottle-label-detection_IMG_2569_jpg.rf.c73a0f140c83d39f2c28dfd667899b33.jpg,bottle-label-detection,train
bottle-label-detection_IMG_2569_jpg.rf.d8922ebb4c4bd1da0c502bd24137a615.jpg,bottle-label-detection,train
bottle-label-detection_IMG_2570_jpg.rf.020a0a7baaed767d3f48bced0653b6b8.jpg,bottle-label-detection,train
bottle-label-detection_IMG_2570_jpg.rf.6f1d8ba6811961175890089552acf834.jpg,bottle-label-detection,train
bottle-label-detection_IMG_2570_jpg.rf.c47a396c1695a9bdb79ebf040ebb7cb6.jpg,bottle-label-detection,train
bottle-label-detection_IMG_2571_jpg.rf.0383a43144e70b8e193869e47bcb7872.jpg,bottle-label-detection,train
bottle-label-detection_IMG_2571_jpg.rf.ba4758bbc83c49b0b0d0f90f8705b367.jpg,bottle-label-detection,train
bottle-label-detection_IMG_2571_jpg.rf.e4f4db017918a50e141d0945e6b318b8.jpg,bottle-label-detection,train
bottle-label-detection_IMG_2573_jpg.rf.3f3fd75daf11fbdb024e029596ee1f94.jpg,bottle-label-detection,train
bottle-label-detection_IMG_2573_jpg.rf.7cfa07b7c0f580cbc233f92298e23b45.jpg,bottle-label-detection,train
bottle-label-detection_IMG_2573_jpg.rf.9fccaa91c9817dcaa1cf008a33b47f4a.jpg,bottle-label-detection,train
bottle-label-detection_IMG_2574_jpg.rf.0724c5426bca2242b5e54970ba8e8d31.jpg,bottle-label-detection,train
bottle-label-detection_IMG_2574_jpg.rf.8c634660ca068b26e4e3b9846a739209.jpg,bottle-label-detection,train
bottle-label-detection_IMG_2574_jpg.rf.c5acb12409b69b4cd37926d32426e5bc.jpg,bottle-label-detection,train
bottle-label-detection_IMG_2575_jpg.rf.a4d6a7b57c2973433f3a9dc3664ca36d.jpg,bottle-label-detection,train
bottle-label-detection_IMG_2575_jpg.rf.ba7f572b3a8d52cd88e6a351138730bb.jpg,bottle-label-detection,train
bottle-label-detection_IMG_2575_jpg.rf.fd0d31cbfa41127e4534e2ff4f5a648d.jpg,bottle-label-detection,train
bottle-label-detection_IMG_2576_jpg.rf.6352fdddaf82e1a2e9e03b20b9dafa7a.jpg,bottle-label-detection,train
bottle-label-detection_IMG_2576_jpg.rf.6f002a9ba87639a8db70709c74765994.jpg,bottle-label-detection,train
bottle-label-detection_IMG_2576_jpg.rf.a054ab9933a80d8b54c99ba2421986d5.jpg,bottle-label-detection,train
bottle-label-detection_IMG_2577_jpg.rf.01ab699226ebbccf9ea0eb03c05198db.jpg,bottle-label-detection,train
bottle-label-detection_IMG_2577_jpg.rf.3cd41a6f4b04d9c061e8c5b1b2ae1503.jpg,bottle-label-detection,train
bottle-label-detection_IMG_2577_jpg.rf.9a8994cbe48fd4a058a882f597de3976.jpg,bottle-label-detection,train
bottle-label-detection_IMG_2578_jpg.rf.bd9bdb85bcad6ba19ba3086abead4054.jpg,bottle-label-detection,train
bottle-label-detection_IMG_2578_jpg.rf.cbfbb9dd4cf0925bb435e6faa080b124.jpg,bottle-label-detection,train
bottle-label-detection_IMG_2578_jpg.rf.f3645abf0f1916c7c78c8a221ead7418.jpg,bottle-label-detection,train
bottle-label-detection_IMG_2580_jpg.rf.188dfea840e02e2be643417ad980af65.jpg,bottle-label-detection,train
bottle-label-detection_IMG_2580_jpg.rf.32bd3c768c16837c57c91a3c722460e8.jpg,bottle-label-detection,train
bottle-label-detection_IMG_2580_jpg.rf.dc43ffc4f64e0c2740103bbfdaeceeb6.jpg,bottle-label-detection,train
bottle-label-detection_IMG_2582_jpg.rf.71a25533e42c3f28cb75a96bda8a8f47.jpg,bottle-label-detection,train
bottle-label-detection_IMG_2582_jpg.rf.f771da58363175326b8d610df0ac581b.jpg,bottle-label-detection,train
bottle-label-detection_IMG_2583_jpg.rf.61df4f5f4c244827a71db0d2be9dfd17.jpg,bottle-label-detection,train
bottle-label-detection_IMG_2583_jpg.rf.67dccce512bee3180c21e70a2bf6b2af.jpg,bottle-label-detection,train
bottle-label-detection_IMG_2583_jpg.rf.b49ee67591d18a6d4201cd1f1725acfa.jpg,bottle-label-detection,train
bottle-label-detection_IMG_2584_jpg.rf.96f6a475a27c9cf6614f437a19982df1.jpg,bottle-label-detection,train
bottle-label-detection_IMG_2584_jpg.rf.a3a711e83ceafaf0a5c1081b3be87283.jpg,bottle-label-detection,train
bottle-label-detection_IMG_2587_jpg.rf.7317b7226c85f7c8997f0f67c78c60cd.jpg,bottle-label-detection,train
bottle-label-detection_IMG_2587_jpg.rf.9aec66cbe4ca3ae84a620e9415abd773.jpg,bottle-label-detection,train
bottle-label-detection_IMG_2587_jpg.rf.be8ab589fa100168155242937450c8ed.jpg,bottle-label-detection,train
bottle-label-detection_IMG_2588_jpg.rf.0670006effd760a88191f31b44ce003d.jpg,bottle-label-detection,train
bottle-label-detection_IMG_2588_jpg.rf.4c7d0ad93efeb6abcec03e83399dbe11.jpg,bottle-label-detection,train
bottle-label-detection_IMG_2588_jpg.rf.e2e3f29ef49e1dc75325184b7a1ef0f7.jpg,bottle-label-detection,train
bottle-label-detection_IMG_2589_jpg.rf.1a7f744c8f8ed1ee97f441f8cf3c7ed5.jpg,bottle-label-detection,train
bottle-label-detection_IMG_2589_jpg.rf.68bd8a97314099c8d9ce1d92dcc684fe.jpg,bottle-label-detection,train
bottle-label-detection_IMG_2589_jpg.rf.6de869c4be87cfe399463f6c84f19667.jpg,bottle-label-detection,train
bottle-label-detection_IMG_2590_jpg.rf.36cf356c4c8ddf65cf638ffa66e3728f.jpg,bottle-label-detection,train
bottle-label-detection_IMG_2590_jpg.rf.5050e4db0dcddf5be7a1a6f714d9e7c4.jpg,bottle-label-detection,train
bottle-label-detection_IMG_2591_jpg.rf.05cb5f26941b674495bf42e4a43dd36c.jpg,bottle-label-detection,train
bottle-label-detection_IMG_2591_jpg.rf.56d436e16c0da444e54ec69f3906aa31.jpg,bottle-label-detection,train
bottle-label-detection_IMG_2591_jpg.rf.5a110c00ff5aebe31d77d6d57624a28c.jpg,bottle-label-detection,train
bottle-label-detection_IMG_2592_jpg.rf.4fc59c9342dc75bb1e5a34ed692b73f4.jpg,bottle-label-detection,train
bottle-label-detection_IMG_2592_jpg.rf.753abce90c934517bb14be19f8210411.jpg,bottle-label-detection,train
bottle-label-detection_IMG_2592_jpg.rf.a1a3eb14e030654217666b6905203f6e.jpg,bottle-label-detection,train
bottle-label-detection_IMG_2595_jpg.rf.7a3cbf91a44907711c082eb9418838fd.jpg,bottle-label-detection,train
bottle-label-detection_IMG_2595_jpg.rf.a89f787cd43b55030cdb7bd21553ac18.jpg,bottle-label-detection,train
bottle-label-detection_IMG_2596_jpg.rf.2d962593393a87d6d783e219f6b010ce.jpg,bottle-label-detection,train
bottle-label-detection_IMG_2596_jpg.rf.8cd56139865923990d69448e97e75179.jpg,bottle-label-detection,train
bottle-label-detection_IMG_2597_jpg.rf.0408286e66a01ea08484bb690afee415.jpg,bottle-label-detection,train
bottle-label-detection_IMG_2597_jpg.rf.68ca8a9649276386e37afc3c6731e949.jpg,bottle-label-detection,train
bottle-label-detection_IMG_2598_jpg.rf.2949a525043d092e2db9fa5a86d02b79.jpg,bottle-label-detection,train
bottle-label-detection_IMG_2598_jpg.rf.a283b8f18b292540ac0746734b065309.jpg,bottle-label-detection,train
bottle-label-detection_IMG_2598_jpg.rf.aef47cebc84ec3a44f3ad48d6b578453.jpg,bottle-label-detection,train
bottle-label-detection_IMG_2599_jpg.rf.6d19efd18a16ac59d4b7b4e1ebbf38f8.jpg,bottle-label-detection,train
bottle-label-detection_IMG_2600_jpg.rf.6e405fa3ed4ec2c741d6e7c96fd5da33.jpg,bottle-label-detection,train
bottle-label-detection_IMG_2600_jpg.rf.82c30e31404a66729a5b57ad29f9afe1.jpg,bottle-label-detection,train
bottle-label-detection_IMG_2600_jpg.rf.ec9d5a0d3121f70c4ea8834aa19c2ea5.jpg,bottle-label-detection,train
bottle-label-detection_IMG_2601_jpg.rf.2dd12b0800d9cd4d0d1d51db72011ee8.jpg,bottle-label-detection,train
bottle-label-detection_IMG_2601_jpg.rf.7dd9e879ebd2bb6aa70965528d1cf478.jpg,bottle-label-detection,train
bottle-label-detection_IMG_2602_jpg.rf.58dde499ea39f91bad3ccf9bc2432528.jpg,bottle-label-detection,train
bottle-label-detection_IMG_2603_jpg.rf.0a2bc9a94b9e744d42a8993e6bc3b92c.jpg,bottle-label-detection,train
bottle-label-detection_IMG_2603_jpg.rf.27780e4b3e5317ab79acc549f135f6ef.jpg,bottle-label-detection,train
bottle-label-detection_IMG_2604_jpg.rf.2fc8e58baef800cc0469ec9c4eb3ec3d.jpg,bottle-label-detection,train
bottle-label-detection_IMG_2604_jpg.rf.94e4262263bdca2b3ab609b1a4ede058.jpg,bottle-label-detection,train
bottle-label-detection_IMG_2605_jpg.rf.38593979874d24a62b7f1a5b3b96eb80.jpg,bottle-label-detection,train
bottle-label-detection_IMG_2605_jpg.rf.472d54f1fd6f92498c37e97a02556b54.jpg,bottle-label-detection,train
bottle-label-detection_IMG_2605_jpg.rf.d1e4a7325ff99e90c4010df34b91b685.jpg,bottle-label-detection,train
bottle-label-detection_IMG_2606_jpg.rf.95f8cf66b8398e7c1cb4123255658372.jpg,bottle-label-detection,train
bottle-label-detection_IMG_2606_jpg.rf.d03762eac3ee0c18e9421cb55c356bb9.jpg,bottle-label-detection,train
bottle-label-detection_IMG_2606_jpg.rf.f381c0c9ee8a1522378e2941b08b5969.jpg,bottle-label-detection,train
bottle-label-detection_IMG_2607_jpg.rf.1bda66121e8d58442faf52ca862a5dcf.jpg,bottle-label-detection,train
bottle-label-detection_IMG_2607_jpg.rf.8b30dd2725ed645a237695f771dd4091.jpg,bottle-label-detection,train
bottle-label-detection_IMG_2607_jpg.rf.d6d2d7b57dd31a93bf4e0421cefc14be.jpg,bottle-label-detection,train
bottle-label-detection_IMG_2608_jpg.rf.593b642316a83abebb397eb736a5db54.jpg,bottle-label-detection,train
bottle-label-detection_IMG_2608_jpg.rf.a517649d83d9c4f5386004ec18b81345.jpg,bottle-label-detection,train
bottle-label-detection_IMG_2609_jpg.rf.0f6d106e55d4b5e8bbf02a8e28f55d9e.jpg,bottle-label-detection,train
bottle-label-detection_IMG_2609_jpg.rf.263e3e82cce45f2cecb3e5db0422e905.jpg,bottle-label-detection,train
bottle-label-detection_IMG_2609_jpg.rf.86adff5d5ee8eb6c971d284efe39c228.jpg,bottle-label-detection,train
bottle-label-detection_IMG_2611_jpg.rf.1fcf60aca5ee461eda1056ef62212dec.jpg,bottle-label-detection,train
bottle-label-detection_IMG_2611_jpg.rf.446ef5722f1a64e1d1a549ff1b6b8e1d.jpg,bottle-label-detection,train
bottle-label-detection_IMG_2611_jpg.rf.49a0a7b666d1267e72cfdd7f75293bac.jpg,bottle-label-detection,train
bottle-label-detection_IMG_2612_jpg.rf.885272d9ecab3828151ff28a350e2c2a.jpg,bottle-label-detection,train
bottle-label-detection_IMG_2612_jpg.rf.995d2c8a95f69ecfb4db60afb2b2cf14.jpg,bottle-label-detection,train
bottle-label-detection_IMG_2613_jpg.rf.11c5a19cbe294c781e200a989f77732e.jpg,bottle-label-detection,train
bottle-label-detection_IMG_2613_jpg.rf.12f22c606f7b6e04ef942c0d3f0d1b54.jpg,bottle-label-detection,train
bottle-label-detection_IMG_2613_jpg.rf.efb1aa2ee4283ed6f26ff707dfdfc339.jpg,bottle-label-detection,train
bottle-label-detection_IMG_2615_jpg.rf.4ad2655602b28c19816e57b00bdc06cc.jpg,bottle-label-detection,train
bottle-label-detection_IMG_2615_jpg.rf.738dbc8d95601761282191cdb83470c0.jpg,bottle-label-detection,train
bottle-label-detection_IMG_2615_jpg.rf.e9b6bb78f2a4e583965f13982c2cef16.jpg,bottle-label-detection,train
bottle-label-detection_IMG_2617_jpg.rf.5faf556ec2f04585b76efae9df1f8731.jpg,bottle-label-detection,train
bottle-label-detection_IMG_2617_jpg.rf.a31174372ec8353ab9a3b4030a51ab8c.jpg,bottle-label-detection,train
bottle-label-detection_IMG_2618_jpg.rf.141d64ae92916f8ae9d9acde9bfdd089.jpg,bottle-label-detection,train
bottle-label-detection_IMG_2618_jpg.rf.4336c2ee553a85a16db21acffab9b362.jpg,bottle-label-detection,train
bottle-label-detection_IMG_2618_jpg.rf.ee4b5983c773c2a93976369ccf302407.jpg,bottle-label-detection,train
bottle-label-detection_IMG_2621_jpg.rf.2f2874a3a0785efff987ca0935b6cccf.jpg,bottle-label-detection,train
bottle-label-detection_IMG_2621_jpg.rf.4c44df6c31c70c119143196f488a7b45.jpg,bottle-label-detection,train
bottle-label-detection_IMG_2621_jpg.rf.c36845bd70044ca148b496714afa0e95.jpg,bottle-label-detection,train
bottle-label-detection_IMG_2623_jpg.rf.46aabf8b1aeab8bed9905beada2a66ff.jpg,bottle-label-detection,train
bottle-label-detection_IMG_2623_jpg.rf.b7f816e552009c416a4d12d174941e18.jpg,bottle-label-detection,train
bottle-label-detection_IMG_2624_jpg.rf.2dbf11ea72cb6867e7eeca792ce1d772.jpg,bottle-label-detection,train
bottle-label-detection_IMG_2624_jpg.rf.7be96126e9adce223aa67ef481d0302f.jpg,bottle-label-detection,train
bottle-label-detection_IMG_2625_jpg.rf.efcf06def6f466418d8a5a74e755a392.jpg,bottle-label-detection,train
bottle-label-detection_IMG_2625_jpg.rf.fa1705e97885da4c617355f20c924103.jpg,bottle-label-detection,train
bottle-label-detection_IMG_2626_jpg.rf.ed5f5fd68f3878f301a71e52a504eaee.jpg,bottle-label-detection,train
bottle-label-detection_IMG_2627_jpg.rf.51cbf3b50c1967a2e33efe96df3b5164.jpg,bottle-label-detection,train
bottle-label-detection_IMG_2627_jpg.rf.987a4af51b9423f3954b708edf2bcdb0.jpg,bottle-label-detection,train
bottle-label-detection_IMG_2627_jpg.rf.dcccc4fbbfdaa8fc28a14ccb233061ce.jpg,bottle-label-detection,train
bottle-label-detection_IMG_2628_jpg.rf.52ef1671a55c19a8bfafeb6c6b46186a.jpg,bottle-label-detection,train
bottle-label-detection_IMG_2628_jpg.rf.e5852485cb1b52d19f579e57575af33f.jpg,bottle-label-detection,train
bottle-label-detection_IMG_2628_jpg.rf.f13ef05d99a0c8dc5ff00dffaff7c681.jpg,bottle-label-detection,train
bottle-label-detection_IMG_2629_jpg.rf.0ccd48a7550cb01ffe6666e17e73f568.jpg,bottle-label-detection,train
bottle-label-detection_IMG_2629_jpg.rf.7ed8a14125dd2b046239169e7afd42a9.jpg,bottle-label-detection,train
bottle-label-detection_IMG_2629_jpg.rf.9da6add42adddfe068d0d723562737a7.jpg,bottle-label-detection,train
bottle-label-detection_IMG_2630_jpg.rf.1f1ecaa9a6a8c671a5768c53a4362aa0.jpg,bottle-label-detection,train
bottle-label-detection_IMG_2630_jpg.rf.5ba882993de91ee5803128a9a5a9be73.jpg,bottle-label-detection,train
bottle-label-detection_IMG_2630_jpg.rf.c1360d9087ef7849d945afee6ad705b3.jpg,bottle-label-detection,train
bottle-label-detection_IMG_2631_jpg.rf.5a2572d2f4a728616bb6bdba43a1a395.jpg,bottle-label-detection,train
bottle-label-detection_IMG_2631_jpg.rf.685637d87cdd1a5065fada052b5aaab6.jpg,bottle-label-detection,train
bottle-label-detection_IMG_2632_jpg.rf.2997dd878342ed216882e9d3173c8a07.jpg,bottle-label-detection,train
bottle-label-detection_IMG_2632_jpg.rf.33ddce22e8d1ac3e14d709640c0a8963.jpg,bottle-label-detection,train
bottle-label-detection_IMG_2632_jpg.rf.a6e167257f3016079f1d65c12991f2dc.jpg,bottle-label-detection,train
bottle-label-detection_IMG_2633_jpg.rf.a63c16ac0dc9abc76409357dfbf3192d.jpg,bottle-label-detection,train
bottle-label-detection_IMG_2633_jpg.rf.ae9faba93d8350607048552c467c5a54.jpg,bottle-label-detection,train
bottle-label-detection_IMG_2634_jpg.rf.5d071508603a28070c82a865940e4cd2.jpg,bottle-label-detection,train
bottle-label-detection_IMG_2634_jpg.rf.e27c3b56276f0393e60a2c57681ee9b5.jpg,bottle-label-detection,train
bottle-label-detection_IMG_2636_jpg.rf.8a6b2bd4267553ed9952b0daaf1eba46.jpg,bottle-label-detection,train
bottle-label-detection_IMG_2636_jpg.rf.efc04591e4f4d44367241c25000c3b4b.jpg,bottle-label-detection,train
bottle-label-detection_IMG_2637_jpg.rf.3f051907d27ee2a24cf42acea56e4dc6.jpg,bottle-label-detection,train
bottle-label-detection_IMG_2637_jpg.rf.45efb38ebce9c32d635aab12191a15cd.jpg,bottle-label-detection,train
bottle-label-detection_IMG_2637_jpg.rf.c4d31aad3eed73751f45017cc37ca177.jpg,bottle-label-detection,train
bottle-label-detection_IMG_2638_jpg.rf.0bb678ef267852a16419af3b4434a30b.jpg,bottle-label-detection,train
bottle-label-detection_IMG_2638_jpg.rf.85e7a51c563e543a16cf85bb1b8b39c3.jpg,bottle-label-detection,train
bottle-label-detection_IMG_2638_jpg.rf.e4b1ca704e0e19aa38d3bb3fec877899.jpg,bottle-label-detection,train
bottle-label-detection_IMG_2639_jpg.rf.0bf77f4af66188bc258dd9e6e077ecf7.jpg,bottle-label-detection,train
bottle-label-detection_IMG_2639_jpg.rf.44e7ea32a3bd296a691780e01aaf7425.jpg,bottle-label-detection,train
bottle-label-detection_IMG_2639_jpg.rf.c24f82ce6c7d3b60d0d0cd26fbe02571.jpg,bottle-label-detection,train
bottle-label-detection_IMG_2641_jpg.rf.11f5e13e3900f17a900dbd94582ca23f.jpg,bottle-label-detection,train
bottle-label-detection_IMG_2641_jpg.rf.97faaa8b2c263505a66c617a6554ceb4.jpg,bottle-label-detection,train
bottle-label-detection_IMG_2642_jpg.rf.0a986547045683ea33c911599485dae6.jpg,bottle-label-detection,train
bottle-label-detection_IMG_2642_jpg.rf.2b1c05e3087ef6a2eb393f38625cef0d.jpg,bottle-label-detection,train
bottle-label-detection_IMG_2642_jpg.rf.8c687faa20b993a36e302af2def5fc31.jpg,bottle-label-detection,train
bottle-label-detection_IMG_2643_jpg.rf.30b6f5612921409395c9796cbad34ca6.jpg,bottle-label-detection,train
bottle-label-detection_IMG_2643_jpg.rf.4c5f4f34ebae2438f9ba40ec35892a5f.jpg,bottle-label-detection,train
bottle-label-detection_IMG_2643_jpg.rf.f99c7e1740508bdbdb9df7c0eec9b19d.jpg,bottle-label-detection,train
bottle-label-detection_IMG_2644_jpg.rf.3f39210917e36faf628771667387bce3.jpg,bottle-label-detection,train
bottle-label-detection_IMG_2644_jpg.rf.45ad12d6867262f5e352b0de0884643a.jpg,bottle-label-detection,train
bottle-label-detection_IMG_2645_jpg.rf.7477a56497fef51c7b27b5fb5ec98160.jpg,bottle-label-detection,train
bottle-label-detection_IMG_2645_jpg.rf.9887187ae5a993a8422a389496b7b8a2.jpg,bottle-label-detection,train
bottle-label-detection_IMG_2645_jpg.rf.e23ebe9f51499718f876f6d434b431d5.jpg,bottle-label-detection,train
bottle-label-detection_IMG_2647_jpg.rf.375627329441cdfa2113cee3452a86ef.jpg,bottle-label-detection,train
bottle-label-detection_IMG_2647_jpg.rf.583fbf3b5e19920504b638112939df3f.jpg,bottle-label-detection,train
bottle-label-detection_IMG_2647_jpg.rf.e6caaced82068cd255089f236ceaaa9e.jpg,bottle-label-detection,train
bottle-label-detection_IMG_2648_jpg.rf.7a31f20a6506e8b0cb5e562f742eb3d1.jpg,bottle-label-detection,train
bottle-label-detection_IMG_2648_jpg.rf.88d72ab6501ee7709df6180c77409645.jpg,bottle-label-detection,train
bottle-label-detection_IMG_2649_jpg.rf.29ee2256197aac102ba815d3166153b4.jpg,bottle-label-detection,train
bottle-label-detection_IMG_2649_jpg.rf.338df3d09685328cd176bec1dd086b8b.jpg,bottle-label-detection,train
bottle-label-detection_IMG_2649_jpg.rf.35d7aa8e11cbfb01159fcf2ede5ef93c.jpg,bottle-label-detection,train
bottle-label-detection_IMG_2650_jpg.rf.97a5d265516b9f2d019d34622f7248a4.jpg,bottle-label-detection,train
bottle-label-detection_IMG_2650_jpg.rf.c56a209c7296a3b8998fdd61eeef567d.jpg,bottle-label-detection,train
bottle-label-detection_IMG_2651_jpg.rf.23c7518bd4b19cb59bc34847b0c84321.jpg,bottle-label-detection,train
bottle-label-detection_IMG_2651_jpg.rf.b65c3d91bd7db43a3cabec1fc5fb9f1a.jpg,bottle-label-detection,train
bottle-label-detection_IMG_2652_jpg.rf.a77c043256befa8886db8221a856293f.jpg,bottle-label-detection,train
bottle-label-detection_IMG_2652_jpg.rf.ddfe4e6b9f64e63b4dd10d267fb4fb6f.jpg,bottle-label-detection,train
bottle-label-detection_IMG_2653_jpg.rf.4796fc9d4c02213c7543038a58ac9465.jpg,bottle-label-detection,train
bottle-label-detection_IMG_2653_jpg.rf.9aee993c0f9a8153dba4c154223a633f.jpg,bottle-label-detection,train
bottle-label-detection_IMG_2653_jpg.rf.cbfd3859e16b29ef42989c610c68b6c9.jpg,bottle-label-detection,train
bottle-label-detection_IMG_2654_jpg.rf.460e7a4ec94527fc16d6b549016e2665.jpg,bottle-label-detection,train
bottle-label-detection_IMG_2654_jpg.rf.535846b3100a4af6f7db761d2ab27ff5.jpg,bottle-label-detection,train
bottle-label-detection_IMG_2654_jpg.rf.cd1e37fde2dffdecd7656e5d50851679.jpg,bottle-label-detection,train
bottle-label-detection_IMG_2655_jpg.rf.b74dcb75b08cdef0499e1a36624cea2e.jpg,bottle-label-detection,train
bottle-label-detection_IMG_2655_jpg.rf.cd444288074c8c1c37e79da0f81f6532.jpg,bottle-label-detection,train
bottle-label-detection_IMG_2655_jpg.rf.e6e271b28d6cdfaaa8f2f33f876b0295.jpg,bottle-label-detection,train
bottle-label-detection_IMG_2657_jpg.rf.6c79949bfd13d8cdb23584801314ebef.jpg,bottle-label-detection,train
bottle-label-detection_IMG_2657_jpg.rf.81d0e76198bc1193bece11e3f0a20f45.jpg,bottle-label-detection,train
bottle-label-detection_IMG_2657_jpg.rf.cb71d3cf95c25eecac599bb446d60875.jpg,bottle-label-detection,train
bottle-label-detection_IMG_2658_jpg.rf.0fc5ac34b367d2d708d24f646c30c580.jpg,bottle-label-detection,train
bottle-label-detection_IMG_2658_jpg.rf.6cba1cf261e404c2b4f69fa42a5892bf.jpg,bottle-label-detection,train
bottle-label-detection_IMG_2658_jpg.rf.d6e421c6839476ea3ec16dcc4c4bc364.jpg,bottle-label-detection,train
bottle-label-detection_IMG_2659_jpg.rf.21c11da94767cec9abdd1136804ce16e.jpg,bottle-label-detection,train
bottle-label-detection_IMG_2659_jpg.rf.2cc9353d108320b830364759f5a7c852.jpg,bottle-label-detection,train
bottle-label-detection_IMG_2659_jpg.rf.55d6725a21f3d4b453fe0bbc20d62e5c.jpg,bottle-label-detection,train
bottle-label-detection_IMG_2661_jpg.rf.2167f7177f0d24faf8b5c7bcc9b6f442.jpg,bottle-label-detection,train
bottle-label-detection_IMG_2661_jpg.rf.5288e25e6882d3209c9aa44f483e66a2.jpg,bottle-label-detection,train
bottle-label-detection_IMG_2661_jpg.rf.72bed012f3bfd3874b7510d233f826e7.jpg,bottle-label-detection,train
bottle-label-detection_IMG_2662_jpg.rf.6fbe2f4bc3bb18bb57b931aa1bf0ad7e.jpg,bottle-label-detection,train
bottle-label-detection_IMG_2662_jpg.rf.a01db705ec97da4721dcfca6fa7d5808.jpg,bottle-label-detection,train
bottle-label-detection_IMG_2662_jpg.rf.f9d6ea5e9be08869478af1116eed98cb.jpg,bottle-label-detection,train
bottle-label-detection_IMG_2664_jpg.rf.283599bbf87af39f1bd54ac231c548ce.jpg,bottle-label-detection,train
bottle-label-detection_IMG_2664_jpg.rf.37c1e82bfc18abd25c5e137996bb6c61.jpg,bottle-label-detection,train
bottle-label-detection_IMG_2664_jpg.rf.e562e9a62310d5ee9adfee01dc516e63.jpg,bottle-label-detection,train
bottle-label-detection_IMG_2665_jpg.rf.ae7078302fcb2f636f9f6c5bdac8b0cd.jpg,bottle-label-detection,train
bottle-label-detection_IMG_2665_jpg.rf.d34e8614330c12eca4634005f07eaf2a.jpg,bottle-label-detection,train
bottle-label-detection_IMG_2665_jpg.rf.ecc945145eda8e401110015e85c3505e.jpg,bottle-label-detection,train
bottle-label-detection_IMG_2670_jpg.rf.b39c19add96966d31ef81ff2e37ab652.jpg,bottle-label-detection,train
bottle-label-detection_IMG_2670_jpg.rf.ee7fdfb5a6a564e5006ed71f248fef09.jpg,bottle-label-detection,train
bottle-label-detection_IMG_2670_jpg.rf.fadc7922e4a23c7a876ae340d226ae3f.jpg,bottle-label-detection,train
bottle-label-detection_IMG_2671_jpg.rf.2f2fa3e1a813b8694eeb10958706eb93.jpg,bottle-label-detection,train
bottle-label-detection_IMG_2671_jpg.rf.5e506665d3299f1d459a99b9e52cd8ac.jpg,bottle-label-detection,train
bottle-label-detection_IMG_2671_jpg.rf.d12576465c8e85457d64245a616d6a8b.jpg,bottle-label-detection,train
bottle-label-detection_IMG_2673_jpg.rf.0de2c58c5685c866306f0becc117384e.jpg,bottle-label-detection,train
bottle-label-detection_IMG_2673_jpg.rf.220dea606c681b61790623d29efff534.jpg,bottle-label-detection,train
bottle-label-detection_IMG_2673_jpg.rf.ad869687ac3b2d58afe082620a9d526a.jpg,bottle-label-detection,train
bottle-label-detection_IMG_2675_jpg.rf.026d2d12e1180a6aec5794a3668a216d.jpg,bottle-label-detection,train
bottle-label-detection_IMG_2675_jpg.rf.3eb61982b7ca8b325e7309868e46591e.jpg,bottle-label-detection,train
bottle-label-detection_IMG_2675_jpg.rf.78d3814a8a684595d49a123b91e4d443.jpg,bottle-label-detection,train
bottle-label-detection_IMG_2676_jpg.rf.10fb4ac880343617e9d590d9f8ac8330.jpg,bottle-label-detection,train
bottle-label-detection_IMG_2676_jpg.rf.6f337917f215463bdd294094c048f504.jpg,bottle-label-detection,train
bottle-label-detection_IMG_2676_jpg.rf.937e428e37c1df0f37974eac4fea43c7.jpg,bottle-label-detection,train
bottle-label-detection_IMG_2677_jpg.rf.3fb339f2c17ef52026cca5924328fceb.jpg,bottle-label-detection,train
bottle-label-detection_IMG_2677_jpg.rf.e46d6fc1ff5e63bf88ba3e0385458977.jpg,bottle-label-detection,train
bottle-label-detection_IMG_2677_jpg.rf.fe5c4abe13755e10e9b9d89f27ba23aa.jpg,bottle-label-detection,train
bottle-label-detection_IMG_2678_jpg.rf.4246ab892b909e6f6509638c71b4f8bb.jpg,bottle-label-detection,train
bottle-label-detection_IMG_2678_jpg.rf.9c40fbf59e6392b85c56c6cb6441f54f.jpg,bottle-label-detection,train
bottle-label-detection_IMG_2678_jpg.rf.f3a3a91be79b57f184c66396cf2872db.jpg,bottle-label-detection,train
bottle-label-detection_IMG_2679_jpg.rf.132bb879079bfbb593f417320181148c.jpg,bottle-label-detection,train
bottle-label-detection_IMG_2679_jpg.rf.1e4ed1c3554a69e16e412ad96db18881.jpg,bottle-label-detection,train
bottle-label-detection_IMG_2679_jpg.rf.95c9bc4451f82c173c0a9884de7fb370.jpg,bottle-label-detection,train
bottle-label-detection_IMG_2680_jpg.rf.2f735d45316f096ab86efd376ed67592.jpg,bottle-label-detection,train
bottle-label-detection_IMG_2680_jpg.rf.ccdace1795a3a2981173a1c2655ca269.jpg,bottle-label-detection,train
bottle-label-detection_IMG_2680_jpg.rf.e6c3dad370a3559ffa8c7db0353dc25a.jpg,bottle-label-detection,train
bottle-label-detection_IMG_2682_jpg.rf.070c0ac66402ba5674709f9b665e622f.jpg,bottle-label-detection,train
bottle-label-detection_IMG_2682_jpg.rf.1ac6484934edbfaa39ceae80e7fcdcfa.jpg,bottle-label-detection,train
bottle-label-detection_IMG_2682_jpg.rf.7cb8a277ae7788f280d0aecef99e1746.jpg,bottle-label-detection,train
bottle-label-detection_IMG_2683_jpg.rf.184ad05b527634bcfbfadd966ac10773.jpg,bottle-label-detection,train
bottle-label-detection_IMG_2683_jpg.rf.494d7d465ba0112238dad8e12bd9b6d7.jpg,bottle-label-detection,train
bottle-label-detection_IMG_2683_jpg.rf.a69b3ad10114683ececda990ca082dbb.jpg,bottle-label-detection,train
bottle-label-detection_IMG_2684_jpg.rf.7d525251dc89b0c03333e5946497b4a7.jpg,bottle-label-detection,train
bottle-label-detection_IMG_2684_jpg.rf.c6346a34a7bfaa94ca7e13280f9576e5.jpg,bottle-label-detection,train
bottle-label-detection_IMG_2684_jpg.rf.ec5ba3a2221447b70761a68556dd2836.jpg,bottle-label-detection,train
bottle-label-detection_IMG_2685_jpg.rf.91b270cbf33386da72a98d09ad185631.jpg,bottle-label-detection,train
bottle-label-detection_IMG_2685_jpg.rf.c3fa5d67df9f222cbe7a675118492704.jpg,bottle-label-detection,train
bottle-label-detection_IMG_2685_jpg.rf.f51f39438850947a62b7815cf7d747ab.jpg,bottle-label-detection,train
bottle-label-detection_IMG_2686_jpg.rf.3048d464921addbd82ca0ae9cabedb21.jpg,bottle-label-detection,train
bottle-label-detection_IMG_2686_jpg.rf.5179fdfe6cfa42ff34e99b48aa2b4e37.jpg,bottle-label-detection,train
bottle-label-detection_IMG_2686_jpg.rf.5d5e315cc7ad14c0074ed87b719a9ad9.jpg,bottle-label-detection,train
bottle-label-detection_IMG_2687_jpg.rf.326ee4912e07e631c50586509d3853bf.jpg,bottle-label-detection,train
bottle-label-detection_IMG_2687_jpg.rf.563ff4e060aedcff5b16df3713f0f72e.jpg,bottle-label-detection,train
bottle-label-detection_IMG_2687_jpg.rf.6b0fad6c30f24fd5647cb49ce8f3f074.jpg,bottle-label-detection,train
bottle-label-detection_IMG_2689_jpg.rf.4f79fb53f33a427f503f0143d1dd5544.jpg,bottle-label-detection,train
bottle-label-detection_IMG_2689_jpg.rf.93d1ec70cb73d226e3053796663f9102.jpg,bottle-label-detection,train
bottle-label-detection_IMG_2689_jpg.rf.da3aee908911c013fd1374bd0ee2c310.jpg,bottle-label-detection,train
bottle-label-detection_IMG_2690_jpg.rf.1ad4334028a05aa9ff10189b0d717c43.jpg,bottle-label-detection,train
bottle-label-detection_IMG_2690_jpg.rf.4783790813756fb9bff9e7435c4cb1df.jpg,bottle-label-detection,train
bottle-label-detection_IMG_2690_jpg.rf.4aaa8082a86f3f084d5734abbc676473.jpg,bottle-label-detection,train
bottle-label-detection_IMG_2691_jpg.rf.1d0e1ec57d35eacfb26aa31d570ab427.jpg,bottle-label-detection,train
bottle-label-detection_IMG_2691_jpg.rf.5a94640c2b4eea987239fca5e06d3d89.jpg,bottle-label-detection,train
bottle-label-detection_IMG_2692_jpg.rf.26e0f8e30418fa1c00aff80b3ee970f3.jpg,bottle-label-detection,train
bottle-label-detection_IMG_2692_jpg.rf.5da0e7739542ae3e31e469372dd9625f.jpg,bottle-label-detection,train
bottle-label-detection_IMG_2692_jpg.rf.720847598da701a9f3191c467141b2cf.jpg,bottle-label-detection,train
bottle-label-detection_IMG_2693_jpg.rf.5234e4c8eadd40c8b5324908c48f9ed5.jpg,bottle-label-detection,train
bottle-label-detection_IMG_2693_jpg.rf.85320d9ee08f3dcdb481d90dadfb95af.jpg,bottle-label-detection,train
bottle-label-detection_IMG_2693_jpg.rf.8c7612294b0e7ab30ee0bd0db65e0667.jpg,bottle-label-detection,train
bottle-label-detection_IMG_2694_jpg.rf.7a760df33a5747505c02e36b1a6a55e9.jpg,bottle-label-detection,train
bottle-label-detection_IMG_2694_jpg.rf.acd618bfbc8742fd0cfd34d460a73a87.jpg,bottle-label-detection,train
bottle-label-detection_IMG_2694_jpg.rf.d0938e9c975d515666bfa92247861ea7.jpg,bottle-label-detection,train
bottle-label-detection_IMG_2696_jpg.rf.693f5c1423a7448c7c0a96223a918cf1.jpg,bottle-label-detection,train
bottle-label-detection_IMG_2696_jpg.rf.6e1f0fc9c836464bb0d5a6ad7899ba4f.jpg,bottle-label-detection,train
bottle-label-detection_IMG_2696_jpg.rf.754c9cf561d13f11cbdf207339b237bc.jpg,bottle-label-detection,train
bottle-label-detection_IMG_2697_jpg.rf.582f17a486252491839a266f44e8c657.jpg,bottle-label-detection,train
bottle-label-detection_IMG_2697_jpg.rf.ea000a843a57a680e6cdcddd7846003a.jpg,bottle-label-detection,train
bottle-label-detection_IMG_2697_jpg.rf.ff18084c696877b7a9958ef458883b5b.jpg,bottle-label-detection,train
bottle-label-detection_IMG_2698_jpg.rf.da327e71b31e2d244910948a237b43c5.jpg,bottle-label-detection,train
bottle-label-detection_IMG_2698_jpg.rf.f08665ea6adb7343d355a33bb2a57393.jpg,bottle-label-detection,train
bottle-label-detection_IMG_2699_jpg.rf.4080a6bbe2480631bbbc8e6a7e590636.jpg,bottle-label-detection,train
bottle-label-detection_IMG_2699_jpg.rf.929b66bcb016dd5d9e48956ee8c72873.jpg,bottle-label-detection,train
bottle-label-detection_IMG_2699_jpg.rf.b22c13b4333e8b7c6505421c2b268913.jpg,bottle-label-detection,train
bottle-label-detection_IMG_2700_jpg.rf.37df2d227decfb3032970478d8dbd7aa.jpg,bottle-label-detection,train
bottle-label-detection_IMG_2700_jpg.rf.d578b4085863769fc27f8bc71c025fa2.jpg,bottle-label-detection,train
bottle-label-detection_IMG_2700_jpg.rf.dc0b9c739695f0647d35e9a02e99414c.jpg,bottle-label-detection,train
bottle-label-detection_IMG_2701_jpg.rf.35a0a9869cbc92ede2ae0a5a48d98a54.jpg,bottle-label-detection,train
bottle-label-detection_IMG_2701_jpg.rf.544047d8cabe485497e94a960a68c77d.jpg,bottle-label-detection,train
bottle-label-detection_IMG_2701_jpg.rf.75f32ea274c1a3e588f9347d772135ed.jpg,bottle-label-detection,train
bottle-label-detection_IMG_2702_jpg.rf.303dfafa574aad7a15b18b58a0752e05.jpg,bottle-label-detection,train
bottle-label-detection_IMG_2702_jpg.rf.7572b959efa4a424c1d61349e30fae74.jpg,bottle-label-detection,train
bottle-label-detection_IMG_2702_jpg.rf.cc58f2a8e83f714c2aaec19fa8a603b1.jpg,bottle-label-detection,train
bottle-label-detection_IMG_2704_jpg.rf.18b108d2328d20c7c4678815146fffdb.jpg,bottle-label-detection,train
bottle-label-detection_IMG_2704_jpg.rf.7d8cd7a6f8a90ade36f4f324f032b952.jpg,bottle-label-detection,train
bottle-label-detection_IMG_2704_jpg.rf.d1eed38c69540e930d8670df67a3eea2.jpg,bottle-label-detection,train
bottle-label-detection_IMG_2706_jpg.rf.0742573ea235e5193d3c69b559dd19aa.jpg,bottle-label-detection,train
bottle-label-detection_IMG_2706_jpg.rf.a94e6e3c77d548967bb6e001a3d967d7.jpg,bottle-label-detection,train
bottle-label-detection_IMG_2706_jpg.rf.d355a77f5ddce4b70c489671fca3c16e.jpg,bottle-label-detection,train
bottle-label-detection_IMG_2707_jpg.rf.08c1bdb5a004f6325c7fb627e465f2c3.jpg,bottle-label-detection,train
bottle-label-detection_IMG_2707_jpg.rf.357890ad3347b5fc225243cda52a074d.jpg,bottle-label-detection,train
bottle-label-detection_IMG_2709_jpg.rf.172a8e2cb6a4cdf2587e52ef50923683.jpg,bottle-label-detection,train
bottle-label-detection_IMG_2709_jpg.rf.5c5807477a929a3a886a72e8defe52d9.jpg,bottle-label-detection,train
bottle-label-detection_IMG_2709_jpg.rf.a404c93406c134a0a0a1b8b9941af2ce.jpg,bottle-label-detection,train
bottle-label-detection_IMG_2711_jpg.rf.5e231f51f8791f6d3eb673a8852104a9.jpg,bottle-label-detection,train
bottle-label-detection_IMG_2711_jpg.rf.84ef9b174cd5bbf88ace199d77c27d38.jpg,bottle-label-detection,train
bottle-label-detection_IMG_2711_jpg.rf.dc0e0e8dc9e26097d790b4719bba0c31.jpg,bottle-label-detection,train
bottle-label-detection_IMG_2712_jpg.rf.3b71f373ec487f7ab2e7e5ddafb7b035.jpg,bottle-label-detection,train
bottle-label-detection_IMG_2712_jpg.rf.78990b4d4929c34e2b0b44a22fba8f97.jpg,bottle-label-detection,train
bottle-label-detection_IMG_2712_jpg.rf.d10161d73d111b3a6946583a95af18b0.jpg,bottle-label-detection,train
bottle-label-detection_IMG_2713_jpg.rf.6503c6d51eb2242dd586bfb9cf14b171.jpg,bottle-label-detection,train
bottle-label-detection_IMG_2713_jpg.rf.d96974e2c381d520d828860521852a30.jpg,bottle-label-detection,train
bottle-label-detection_IMG_2713_jpg.rf.fa32747acc333bf886360817b4e9632d.jpg,bottle-label-detection,train
bottle-label-detection_IMG_2714_jpg.rf.34bf9c53ff1ee796184405e10a1f9144.jpg,bottle-label-detection,train
bottle-label-detection_IMG_2714_jpg.rf.3f1f5fda1f166216cc51b6900af0ac30.jpg,bottle-label-detection,train
bottle-label-detection_IMG_2714_jpg.rf.69940faf26190c781e4f9e2d32902fa1.jpg,bottle-label-detection,train
bottle-label-detection_IMG_2715_jpg.rf.101266adc243bd72ae1dd65f9e06866f.jpg,bottle-label-detection,train
bottle-label-detection_IMG_2715_jpg.rf.1c2838ed84bafacbd489bbe207751ccc.jpg,bottle-label-detection,train
bottle-label-detection_IMG_2715_jpg.rf.751f8d4c9c2aa6f132a3f33b3d4d99d8.jpg,bottle-label-detection,train
bottle-label-detection_IMG_2717_jpg.rf.40879a5129efedf9b48033c9b2f4363e.jpg,bottle-label-detection,train
bottle-label-detection_IMG_2717_jpg.rf.b701f0c9538600f6fc216c8b7773d38b.jpg,bottle-label-detection,train
bottle-label-detection_IMG_2717_jpg.rf.d19726ea4b3a5d287ca5a64c76d6b2d2.jpg,bottle-label-detection,train
bottle-label-detection_IMG_2718_jpg.rf.27d2161a50cf21154d556447f3353574.jpg,bottle-label-detection,train
bottle-label-detection_IMG_2718_jpg.rf.a6e8d47d0f22e75e035c366ff545a098.jpg,bottle-label-detection,train
bottle-label-detection_IMG_2718_jpg.rf.bab17d1c7101789a7a9e518e1e330674.jpg,bottle-label-detection,train
bottle-label-detection_IMG_2719_jpg.rf.6e151e2ed375c7fc62f845f9ae9f3da7.jpg,bottle-label-detection,train
bottle-label-detection_IMG_2719_jpg.rf.81642713c7585357e86fcc05f06436a9.jpg,bottle-label-detection,train
bottle-label-detection_IMG_2719_jpg.rf.b9a856de6431f7de9204c8d4b89098ca.jpg,bottle-label-detection,train
bottle-label-detection_IMG_2721_jpg.rf.98d9dd1c17bc41d9aede5e028dd67ed3.jpg,bottle-label-detection,train
bottle-label-detection_IMG_2721_jpg.rf.9a09c651625106adb3495df8d91a5797.jpg,bottle-label-detection,train
bottle-label-detection_IMG_2721_jpg.rf.9d2f379cbacd43cbfa1569d45f5e3ed0.jpg,bottle-label-detection,train
bottle-label-detection_IMG_2722_jpg.rf.96045f0a313633894b038dbb4197efca.jpg,bottle-label-detection,train
bottle-label-detection_IMG_2722_jpg.rf.bc23bcb6a7f36395dd86df5266dfc8c6.jpg,bottle-label-detection,train
bottle-label-detection_IMG_2722_jpg.rf.dde158cd7aa8d5c0ea328e1c6573f413.jpg,bottle-label-detection,train
bottle-label-detection_IMG_2723_jpg.rf.63701c8e754ab25d21f35e04b84677d4.jpg,bottle-label-detection,train
bottle-label-detection_IMG_2723_jpg.rf.8e1795b9d22be7fae0cac811fd45bdb8.jpg,bottle-label-detection,train
bottle-label-detection_IMG_2723_jpg.rf.d043794a354dbd196535f53a55c9a1a5.jpg,bottle-label-detection,train
bottle-label-detection_IMG_2724_jpg.rf.7f8556ff36880e0a60f026d4af55f044.jpg,bottle-label-detection,train
bottle-label-detection_IMG_2724_jpg.rf.993aaf2c9cc2c09aad00b3f1cc9a331b.jpg,bottle-label-detection,train
bottle-label-detection_IMG_2724_jpg.rf.ae5affdd7d4242aa45f2906e757ef0d1.jpg,bottle-label-detection,train
bottle-label-detection_IMG_2726_jpg.rf.1add15b1b3f202d189e38ba5c290fbd3.jpg,bottle-label-detection,train
bottle-label-detection_IMG_2726_jpg.rf.284f1e6707d344bb629deb11fbc11292.jpg,bottle-label-detection,train
bottle-label-detection_IMG_2726_jpg.rf.65adfe1c982b1626e7b6a8f653ee01c5.jpg,bottle-label-detection,train
bottle-label-detection_IMG_2727_jpg.rf.0f4013d96a51d43c9710139ac912fc94.jpg,bottle-label-detection,train
bottle-label-detection_IMG_2727_jpg.rf.63444935a1fa22839f8297d1fda61941.jpg,bottle-label-detection,train
bottle-label-detection_IMG_2727_jpg.rf.c49053315da8ce61d6765618358e5df2.jpg,bottle-label-detection,train
bottle-label-detection_IMG_2728_jpg.rf.4e9b514345d2430fb84d01aaba85e99e.jpg,bottle-label-detection,train
bottle-label-detection_IMG_2728_jpg.rf.968f51c67de5db7d2117c1bb57205186.jpg,bottle-label-detection,train
bottle-label-detection_IMG_2728_jpg.rf.99aa3c043d7cf118af22a3365a46f71c.jpg,bottle-label-detection,train
bottle-label-detection_IMG_2729_jpg.rf.041a6d1c79bb3369622795f14f55bd24.jpg,bottle-label-detection,train
bottle-label-detection_IMG_2729_jpg.rf.100a5c8b69f00fb89bfa31ca3d06b6ba.jpg,bottle-label-detection,train
bottle-label-detection_IMG_2729_jpg.rf.5eb1941cb7a72f8cd40f877ef87c163b.jpg,bottle-label-detection,train
bottle-label-detection_IMG_2730_jpg.rf.72a201030548faa088ce2e1f12e238b5.jpg,bottle-label-detection,train
bottle-label-detection_IMG_2730_jpg.rf.7c245225779cf7ec8f71304da068c0da.jpg,bottle-label-detection,train
bottle-label-detection_IMG_2730_jpg.rf.e56aaf52259f842a3cb49ae165831ed8.jpg,bottle-label-detection,train
bottle-label-detection_IMG_2731_jpg.rf.04200948b76d0e74794ca2d6b4c98e0d.jpg,bottle-label-detection,train
bottle-label-detection_IMG_2731_jpg.rf.6c0c584b5e869a209910dd783ce9e847.jpg,bottle-label-detection,train
bottle-label-detection_IMG_2731_jpg.rf.e180ef24ea35ccc8427542365557b951.jpg,bottle-label-detection,train
bottle-label-detection_IMG_2733_jpg.rf.3c803e7ee7e5056bdbfba96dff858eec.jpg,bottle-label-detection,train
bottle-label-detection_IMG_2733_jpg.rf.3cb0ccf4d1b32cc6bf397945f0a807f3.jpg,bottle-label-detection,train
bottle-label-detection_IMG_2733_jpg.rf.bfe7b30cc24d8cdcfaad9de0868df0c1.jpg,bottle-label-detection,train
bottle-label-detection_IMG_2734_jpg.rf.75a409c3f850b78bd1237a43ab964f44.jpg,bottle-label-detection,train
bottle-label-detection_IMG_2734_jpg.rf.86e618dc18d81076e51e798519e36839.jpg,bottle-label-detection,train
bottle-label-detection_IMG_2734_jpg.rf.c092a4f15e935d18ec9c4eadfa557e0a.jpg,bottle-label-detection,train
bottle-label-detection_IMG_2735_jpg.rf.0c751e43295c0d8e9b7fede964369eba.jpg,bottle-label-detection,train
bottle-label-detection_IMG_2735_jpg.rf.770506acf2ca1d0cf8777091fca017bb.jpg,bottle-label-detection,train
bottle-label-detection_IMG_2736_jpg.rf.0113fd3582fde2eb07c47139bfa2f43d.jpg,bottle-label-detection,train
bottle-label-detection_IMG_2736_jpg.rf.df6fd63bab92f6f62274bb323ed05ad4.jpg,bottle-label-detection,train
bottle-label-detection_IMG_2736_jpg.rf.f448c6f2ae21c162df45330a5a5f33bd.jpg,bottle-label-detection,train
bottle-label-detection_IMG_2737_jpg.rf.06963986550f39bf364a73e6a9402a69.jpg,bottle-label-detection,train
bottle-label-detection_IMG_2737_jpg.rf.8ef7bc05a9fe790a3e7c371524d06846.jpg,bottle-label-detection,train
bottle-label-detection_IMG_2737_jpg.rf.b91b45014707c3fad3a86aeee74385dc.jpg,bottle-label-detection,train
bottle-label-detection_IMG_2739_jpg.rf.05da10fa6dfd9eb3900d3516bed4a573.jpg,bottle-label-detection,train
bottle-label-detection_IMG_2739_jpg.rf.394665287858647880b061cbf29fdb78.jpg,bottle-label-detection,train
bottle-label-detection_IMG_2739_jpg.rf.83ca48aa613f32d8b98f131e29f55eb2.jpg,bottle-label-detection,train
bottle-label-detection_IMG_2740_jpg.rf.45fb4a9da444f601b5d0cca99b612309.jpg,bottle-label-detection,train
bottle-label-detection_IMG_2740_jpg.rf.aec5ae8000f7bfde0c6cb79cf831626a.jpg,bottle-label-detection,train
bottle-label-detection_IMG_2740_jpg.rf.bdd81590afcf851b5038367d51770622.jpg,bottle-label-detection,train
bottle-label-detection_IMG_2741_jpg.rf.74b205cd099bb7cc9c05a4f82ae1cd67.jpg,bottle-label-detection,train
bottle-label-detection_IMG_2741_jpg.rf.e0a5148deb127b3c47dd27e09c816b57.jpg,bottle-label-detection,train
bottle-label-detection_IMG_2743_jpg.rf.5e04b7c6d9b1c4a8a292c33efbc9e884.jpg,bottle-label-detection,train
bottle-label-detection_IMG_2743_jpg.rf.de7bf3535f267ff0e1a86b15a494fd4a.jpg,bottle-label-detection,train
bottle-label-detection_IMG_2743_jpg.rf.e63d9b61e5efbceab4b1823cca4e8f23.jpg,bottle-label-detection,train
bottle-label-detection_IMG_2744_jpg.rf.53c1bc0afd3639b6fd24a7e5ee7a111e.jpg,bottle-label-detection,train
bottle-label-detection_IMG_2744_jpg.rf.5554d99416dd4bd34a0c0d3b9c444b22.jpg,bottle-label-detection,train
bottle-label-detection_IMG_2744_jpg.rf.7d57a169c62b94cf9357798995392235.jpg,bottle-label-detection,train
bottle-label-detection_IMG_2745_jpg.rf.125ec60324ae2eaf8af678f50e25b16e.jpg,bottle-label-detection,train
bottle-label-detection_IMG_2745_jpg.rf.5e841758f820cdfeb6239885cbbaa8d3.jpg,bottle-label-detection,train
bottle-label-detection_IMG_2745_jpg.rf.c7eb7af641178fe7d9a8f42ee1ef097e.jpg,bottle-label-detection,train
bottle-label-detection_IMG_2747_jpg.rf.49c2da639ae10923f158e24ceadae345.jpg,bottle-label-detection,train
bottle-label-detection_IMG_2747_jpg.rf.83fe30877e33c9a76c2822bb7a31a893.jpg,bottle-label-detection,train
bottle-label-detection_IMG_2747_jpg.rf.eb7e157f8e07bae4824089a2a7e6849a.jpg,bottle-label-detection,train
bottle-label-detection_IMG_2748_jpg.rf.1717761867fe10e4a9ab81701381dd8b.jpg,bottle-label-detection,train
bottle-label-detection_IMG_2748_jpg.rf.26db0942ace66b23aee014a3a92fb6aa.jpg,bottle-label-detection,train
bottle-label-detection_IMG_2748_jpg.rf.deb4fb37e6c44b3ce03c66a4712ade6d.jpg,bottle-label-detection,train
bottle-label-detection_IMG_2749_jpg.rf.78a7eebc4721bbb07c4b620f60a2b209.jpg,bottle-label-detection,train
bottle-label-detection_IMG_2749_jpg.rf.806c64972e53cd4dd95b2bf57ccd1f92.jpg,bottle-label-detection,train
bottle-label-detection_IMG_2749_jpg.rf.89fadca7ff6aa6a953b8a55e255b4a58.jpg,bottle-label-detection,train
bottle-label-detection_IMG_2750_jpg.rf.5337d74d551e6d9c795cdb3d6e8f235f.jpg,bottle-label-detection,train
bottle-label-detection_IMG_2750_jpg.rf.65e2a2a73e9cac94b406ca83f4f62bb9.jpg,bottle-label-detection,train
bottle-label-detection_IMG_2750_jpg.rf.ababc147ef91af408dcfdea7aba8143c.jpg,bottle-label-detection,train
bottle-label-detection_IMG_2751_jpg.rf.0a71656a912870c8f0b2b7c00f057da5.jpg,bottle-label-detection,train
bottle-label-detection_IMG_2751_jpg.rf.0c09cf8e6e894f5666dc39023847c237.jpg,bottle-label-detection,train
bottle-label-detection_IMG_2751_jpg.rf.cd3dd79d0d80601c467d0abbe75d80ff.jpg,bottle-label-detection,train
bottle-label-detection_IMG_2752_jpg.rf.3134e828bf7a1bcf478cdc826bf38807.jpg,bottle-label-detection,train
bottle-label-detection_IMG_2752_jpg.rf.64c5979d2ca9e5761733984c8299c749.jpg,bottle-label-detection,train
bottle-label-detection_IMG_2752_jpg.rf.659be194c8a5e7408f4d3a023891b270.jpg,bottle-label-detection,train
bottle-label-detection_IMG_2754_jpg.rf.22e0bbd97ee2026152d60c2802362a88.jpg,bottle-label-detection,train
bottle-label-detection_IMG_2754_jpg.rf.c970a13bb76b997db62229b3cc84f86a.jpg,bottle-label-detection,train
bottle-label-detection_IMG_2754_jpg.rf.db9178e11b5adea3cbb68ed5d47e56cd.jpg,bottle-label-detection,train
bottle-label-detection_IMG_2755_jpg.rf.79aecf0c3f20689b80825b6a6cd71808.jpg,bottle-label-detection,train
bottle-label-detection_IMG_2755_jpg.rf.f604e879dc1ea6e9e8ea3bafbe400dc6.jpg,bottle-label-detection,train
bottle-label-detection_IMG_2756_jpg.rf.47d9ef90c7b4451b00a8cb241d532ab8.jpg,bottle-label-detection,train
bottle-label-detection_IMG_2756_jpg.rf.512b0670d684d94bb619157aa088af4d.jpg,bottle-label-detection,train
bottle-label-detection_IMG_2756_jpg.rf.f869aa4505ab0838c95d32db17bb363a.jpg,bottle-label-detection,train
bottle-label-detection_IMG_2757_jpg.rf.2b333259b8c53334538ac881acb43b75.jpg,bottle-label-detection,train
bottle-label-detection_IMG_2757_jpg.rf.31fc27f095447c62d4571eabbfbb1951.jpg,bottle-label-detection,train
bottle-label-detection_IMG_2757_jpg.rf.e6e30dc6ad1b216ec6950e513327f235.jpg,bottle-label-detection,train
bottle-label-detection_IMG_2758_jpg.rf.4abb74705c8a326f33ef04fbee26b1f2.jpg,bottle-label-detection,train
bottle-label-detection_IMG_2758_jpg.rf.f15d77b4adff99b625c75376cd37fad6.jpg,bottle-label-detection,train
bottle-label-detection_IMG_2758_jpg.rf.f5bb2bb72834b14bda841b2bed922a7b.jpg,bottle-label-detection,train
bottle-label-detection_IMG_2759_jpg.rf.44eb091da786865e96f6b67c88acbbf1.jpg,bottle-label-detection,train
bottle-label-detection_IMG_2759_jpg.rf.5a436d4e80154df4bd2871d3a933a4a2.jpg,bottle-label-detection,train
bottle-label-detection_IMG_2760_jpg.rf.0a6a6d601cabf43524e905636e520e54.jpg,bottle-label-detection,train
bottle-label-detection_IMG_2760_jpg.rf.20d7e90e4d0a5cb273b20063120727c4.jpg,bottle-label-detection,train
bottle-label-detection_IMG_2760_jpg.rf.7e56beb1902b71e5fa71370b6a7c881c.jpg,bottle-label-detection,train
bottle-label-detection_IMG_2761_jpg.rf.91725080fcf09def1dd0da9467701d56.jpg,bottle-label-detection,train
bottle-label-detection_IMG_2761_jpg.rf.e3b8ee3299bfe42f2e1b56a0928da91a.jpg,bottle-label-detection,train
bottle-label-detection_IMG_2762_jpg.rf.3bf1d2788ecfb41302290ea819c20f6b.jpg,bottle-label-detection,train
bottle-label-detection_IMG_2762_jpg.rf.bdc222ccb3633fc13eae66bc1fd825e5.jpg,bottle-label-detection,train
bottle-label-detection_IMG_2762_jpg.rf.ef94fc58daa89afff50837ee922d688a.jpg,bottle-label-detection,train
bottle-label-detection_IMG_2763_jpg.rf.1a9a45cba4bf8de135845b0560864731.jpg,bottle-label-detection,train
bottle-label-detection_IMG_2763_jpg.rf.c847eec97995e316dc1fb53590ea8878.jpg,bottle-label-detection,train
bottle-label-detection_IMG_2763_jpg.rf.d80d69f0d66d29d280bf7d1182ce50b7.jpg,bottle-label-detection,train
bottle-label-detection_IMG_2764_jpg.rf.396c6b53a37343ea57c43078f7766e5d.jpg,bottle-label-detection,train
bottle-label-detection_IMG_2764_jpg.rf.7a269c3107252f5986049a3286270b1e.jpg,bottle-label-detection,train
bottle-label-detection_IMG_2764_jpg.rf.9c65af54c8600f0eab07dd8522dd737d.jpg,bottle-label-detection,train
bottle-label-detection_IMG_2765_jpg.rf.47c8c3ab65405c03b8943d4cd9e108cd.jpg,bottle-label-detection,train
bottle-label-detection_IMG_2765_jpg.rf.b72861d970ed79968fdc37dfa05b2241.jpg,bottle-label-detection,train
bottle-label-detection_IMG_2766_jpg.rf.2c6c69b0adf9be16f97e88cf7621071e.jpg,bottle-label-detection,train
bottle-label-detection_IMG_2766_jpg.rf.89fe1e2d15525d8075da582fa901dc5d.jpg,bottle-label-detection,train
bottle-label-detection_IMG_2766_jpg.rf.e87841aebe124cec109ae5d16d4c11fa.jpg,bottle-label-detection,train
bottle-label-detection_IMG_2769_jpg.rf.5884497252120f721e6229061eb55448.jpg,bottle-label-detection,train
bottle-label-detection_IMG_2769_jpg.rf.b7576a8faedfb45c830e861646c96d0a.jpg,bottle-label-detection,train
bottle-label-detection_IMG_2769_jpg.rf.c7c67c6ea80d65d197df410110d20f13.jpg,bottle-label-detection,train
bottle-label-detection_IMG_2770_jpg.rf.052b4c600e2f0b8fcb96df08906c9960.jpg,bottle-label-detection,train
bottle-label-detection_IMG_2770_jpg.rf.8c55f1c16751180675aea5c4bab2aa52.jpg,bottle-label-detection,train
bottle-label-detection_IMG_2771_jpg.rf.7a0f927c8e867e243a6857398e017162.jpg,bottle-label-detection,train
bottle-label-detection_IMG_2771_jpg.rf.7d2e5636a660b918fc7afd559345cd84.jpg,bottle-label-detection,train
bottle-label-detection_IMG_2771_jpg.rf.98bd1c4e0d6e1b8758118d64898cbff6.jpg,bottle-label-detection,train
bottle-label-detection_IMG_2772_jpg.rf.238e58788f6e75547ea607af16534d9c.jpg,bottle-label-detection,train
bottle-label-detection_IMG_2772_jpg.rf.6197389750019158d02ac8effe98b053.jpg,bottle-label-detection,train
bottle-label-detection_IMG_2772_jpg.rf.c2be755414bd5b46ee39c42e1bfa2f36.jpg,bottle-label-detection,train
bottle-label-detection_IMG_2773_jpg.rf.6c7f6c784ff5d103f2f604f553542a21.jpg,bottle-label-detection,train
bottle-label-detection_IMG_2773_jpg.rf.8e86b71ad30f06d5de26a0dc7e3ece55.jpg,bottle-label-detection,train
bottle-label-detection_IMG_2773_jpg.rf.cfdeb1296316099f1ac2710711446403.jpg,bottle-label-detection,train
bottle-label-detection_IMG_2774_jpg.rf.6e9a464f3d7bf6afef3672853e220ad7.jpg,bottle-label-detection,train
bottle-label-detection_IMG_2774_jpg.rf.b3df4e4716841737df1f68621fe4284f.jpg,bottle-label-detection,train
bottle-label-detection_IMG_2774_jpg.rf.e93f837a25908c5d812759edefaa39d6.jpg,bottle-label-detection,train
bottle-label-detection_IMG_2775_jpg.rf.46a857aa3b8e8047b5d4c834bb03af5c.jpg,bottle-label-detection,train
bottle-label-detection_IMG_2775_jpg.rf.62c49b4d5acb5d0abfa4fb32cdc9e9c9.jpg,bottle-label-detection,train
bottle-label-detection_IMG_2775_jpg.rf.be2b4621c7213498ed1b62e8ddbed719.jpg,bottle-label-detection,train
bottle-label-detection_IMG_2777_jpg.rf.42c222bb84b635f046432ebec9e4875d.jpg,bottle-label-detection,train
bottle-label-detection_IMG_2777_jpg.rf.941404147769079b5d38120fb7ac5512.jpg,bottle-label-detection,train
bottle-label-detection_IMG_2777_jpg.rf.e1c3ac2c43cdf1d0771b3e62f19baea5.jpg,bottle-label-detection,train
bottle-label-detection_IMG_2778_jpg.rf.873a04313c4310f3e89260f309cc93d5.jpg,bottle-label-detection,train
bottle-label-detection_IMG_2778_jpg.rf.9501b1ef4f0aae87104515b445e31644.jpg,bottle-label-detection,train
bottle-label-detection_IMG_2778_jpg.rf.9ef94f55fad99c44f8790cba8a5c2718.jpg,bottle-label-detection,train
bottle-label-detection_IMG_2779_jpg.rf.421216f09e125f08bf7af7fd42e0fdb1.jpg,bottle-label-detection,train
bottle-label-detection_IMG_2779_jpg.rf.48ad32708c2f619cc77f7b37bb5b36ee.jpg,bottle-label-detection,train
bottle-label-detection_IMG_2779_jpg.rf.7f49aceae9bcf755f7a1bb8920db8f8e.jpg,bottle-label-detection,train
bottle-label-detection_IMG_2781_jpg.rf.3208a7ddac5016f48ee4e419f3fe860f.jpg,bottle-label-detection,train
bottle-label-detection_IMG_2781_jpg.rf.4c55ae7bc5d21165334dadadf7deb43d.jpg,bottle-label-detection,train
bottle-label-detection_IMG_2781_jpg.rf.a459c54f32879658b2b86ffe28248ea9.jpg,bottle-label-detection,train
bottle-label-detection_IMG_2782_jpg.rf.3f9fb781deac2027cb2a2b0b5c10f3e0.jpg,bottle-label-detection,train
bottle-label-detection_IMG_2782_jpg.rf.8b0f260443dda093c32e1b4b29ae764d.jpg,bottle-label-detection,train
bottle-label-detection_IMG_2782_jpg.rf.9faf1acfbb89e2cfd56dcf8c89cbd856.jpg,bottle-label-detection,train
bottle-label-detection_IMG_2783_jpg.rf.5839c875c26f8ae1bded198f248eb011.jpg,bottle-label-detection,train
bottle-label-detection_IMG_2783_jpg.rf.8cc3f2b9db98e2dd3bbdc48f12bb5a4a.jpg,bottle-label-detection,train
bottle-label-detection_IMG_2783_jpg.rf.a95a3f91b47bcc4f9249eb011353e9fb.jpg,bottle-label-detection,train
bottle-label-detection_IMG_2785_jpg.rf.4b33515827a0eee8095d79686f21cf08.jpg,bottle-label-detection,train
bottle-label-detection_IMG_2785_jpg.rf.61aadc1c5f09c2d037e9d62cf3b61886.jpg,bottle-label-detection,train
bottle-label-detection_IMG_2785_jpg.rf.e08f289eb97270e4cbc52f77bb6c7610.jpg,bottle-label-detection,train
bottle-label-detection_IMG_2786_jpg.rf.35c5122929f3ef7679f70361e57bc62d.jpg,bottle-label-detection,train
bottle-label-detection_IMG_2786_jpg.rf.a1991cff7a2438ee1067776e9505a973.jpg,bottle-label-detection,train
bottle-label-detection_IMG_2786_jpg.rf.fd68b6c0088c9217fba55e8a6baa2b49.jpg,bottle-label-detection,train
bottle-label-detection_IMG_2787_jpg.rf.0bd245440fc17aad6960d97f33e36fca.jpg,bottle-label-detection,train
bottle-label-detection_IMG_2787_jpg.rf.29a7927de7ab091cb577fcc41c9fcf86.jpg,bottle-label-detection,train
bottle-label-detection_IMG_2788_jpg.rf.927b7ecff4d7055e09ee4d4793373bbe.jpg,bottle-label-detection,train
bottle-label-detection_IMG_2788_jpg.rf.b2a92ddcc0e4a574bca4e3fc938fb668.jpg,bottle-label-detection,train
bottle-label-detection_IMG_2788_jpg.rf.e9204c84dad74b7d100ac84f5612ac1a.jpg,bottle-label-detection,train
bottle-label-detection_IMG_2789_jpg.rf.334a94adf5b660f99ce3b2e8c457bde3.jpg,bottle-label-detection,train
bottle-label-detection_IMG_2789_jpg.rf.6089683ee5507d9d2d5020426550b199.jpg,bottle-label-detection,train
bottle-label-detection_IMG_2789_jpg.rf.f4ea7fcdba1b825592dc7020f6f5961e.jpg,bottle-label-detection,train
bottle-label-detection_IMG_2790_jpg.rf.0f23eaede1563302f9d42a09d1e9fa90.jpg,bottle-label-detection,train
bottle-label-detection_IMG_2790_jpg.rf.5ea6b7d65dabe8a8df3499922d880e7b.jpg,bottle-label-detection,train
bottle-label-detection_IMG_2790_jpg.rf.e0be3edda86671a13e2c0d98565dd8b6.jpg,bottle-label-detection,train
bottle-label-detection_IMG_2791_jpg.rf.7cfd023ff5cbfb4e46ce7c0c476a3734.jpg,bottle-label-detection,train
bottle-label-detection_IMG_2791_jpg.rf.8f2e064aaf3b34e6d05ac9f5077935f3.jpg,bottle-label-detection,train
bottle-label-detection_IMG_2791_jpg.rf.ce58868daaffbd421a25af1cfee455f6.jpg,bottle-label-detection,train
bottle-label-detection_IMG_2793_jpg.rf.0079542b24637725eb82fd8bf1e6cefc.jpg,bottle-label-detection,train
bottle-label-detection_IMG_2793_jpg.rf.e1ea912290c12f284608d59308383ca1.jpg,bottle-label-detection,train
bottle-label-detection_IMG_2793_jpg.rf.e970eb98acbedd81210d38191310027e.jpg,bottle-label-detection,train
bottle-label-detection_IMG_2797_jpg.rf.07e5200c4d31029f9a98b5e0ba71ec63.jpg,bottle-label-detection,train
bottle-label-detection_IMG_2797_jpg.rf.98a30827067cee2ac7c448308706cdff.jpg,bottle-label-detection,train
bottle-label-detection_IMG_2797_jpg.rf.c8d04b6ce26bb4afc6d2b9f940808afc.jpg,bottle-label-detection,train
bottle-label-detection_WIN_20250209_18_28_41_Pro_jpg.rf.a61ba2dd6b5597b1c1a2209961c2ec31.jpg,bottle-label-detection,train
bottle-label-detection_WIN_20250209_18_29_17_Pro_jpg.rf.4bef5e54436f6d1fcad2871adf41fe55.jpg,bottle-label-detection,train
bottle-label-detection_WIN_20250209_18_29_17_Pro_jpg.rf.9618a85677906133bd2ba6ce49ae649a.jpg,bottle-label-detection,train
bottle-label-detection_WIN_20250209_18_29_17_Pro_jpg.rf.f58fe5e51e627470c06ca51f74707b48.jpg,bottle-label-detection,train
bottle-label-detection_WIN_20250209_18_29_40_Pro_jpg.rf.26edc79b2a247a42c7c21b8fed7476d8.jpg,bottle-label-detection,train
bottle-label-detection_WIN_20250209_18_29_40_Pro_jpg.rf.b430e9421e18221bfd7f74b2fd980e42.jpg,bottle-label-detection,train
bottle-label-detection_WIN_20250209_18_29_40_Pro_jpg.rf.eb6319a0ca7307027d75daa66059b5e7.jpg,bottle-label-detection,train
bottle-label-detection_WIN_20250209_18_29_58_Pro_jpg.rf.275e21ed5c5738b3fdb9b5aaa24c3676.jpg,bottle-label-detection,train
bottle-label-detection_WIN_20250209_18_29_58_Pro_jpg.rf.673eea87e0a8e5224a6abba3888b37c8.jpg,bottle-label-detection,train
bottle-label-detection_WIN_20250209_18_29_58_Pro_jpg.rf.a5ba5f7c824e5d9705c4ccace95eaaff.jpg,bottle-label-detection,train
bottle-label-detection_WIN_20250209_18_30_08_Pro_jpg.rf.15a026782e8c6a7c6eef12752e56f1e0.jpg,bottle-label-detection,train
bottle-label-detection_WIN_20250209_18_30_08_Pro_jpg.rf.3e74c691fa2bc9fc382eacd1e89bbf8b.jpg,bottle-label-detection,train
bottle-label-detection_WIN_20250209_18_30_08_Pro_jpg.rf.c38944e4dac096247d357880fb05a291.jpg,bottle-label-detection,train
bottle-label-detection_WIN_20250209_18_30_26_Pro_jpg.rf.97a310cc1c202791b82b767324305b29.jpg,bottle-label-detection,train
bottle-label-detection_WIN_20250209_18_30_26_Pro_jpg.rf.cae10b1aee046b0ea157289847674f4a.jpg,bottle-label-detection,train
bottle-label-detection_WIN_20250209_18_30_26_Pro_jpg.rf.db7170da3ba83976eaf3ad65f0d41585.jpg,bottle-label-detection,train
bottle-label-detection_WIN_20250209_18_30_38_Pro_jpg.rf.7daedcd56f7cd2c6192191158f6af920.jpg,bottle-label-detection,train
bottle-label-detection_WIN_20250209_18_30_38_Pro_jpg.rf.dbd48a9c2e6dec6e95593bfb4697b3dd.jpg,bottle-label-detection,train
bottle-label-detection_WIN_20250209_18_31_22_Pro_jpg.rf.324fe91bced98d50c3289923e23fd1df.jpg,bottle-label-detection,train
bottle-label-detection_WIN_20250209_18_31_22_Pro_jpg.rf.c4251ebadb634aeda5a846e19b214f31.jpg,bottle-label-detection,train
bottle-label-detection_WIN_20250209_18_31_35_Pro_jpg.rf.b2cd8df76fe028979fee5baa385953f2.jpg,bottle-label-detection,train
bottle-label-detection_WIN_20250209_18_31_35_Pro_jpg.rf.d4616528c1bf389e72b4c620a1d36a60.jpg,bottle-label-detection,train
bottle-label-detection_WIN_20250209_18_31_46_Pro_jpg.rf.18f62e6f2b54967533be30a6a6d46fcb.jpg,bottle-label-detection,train
bottle-label-detection_WIN_20250209_18_31_46_Pro_jpg.rf.7ee5c2704617b595e243e400e27219b4.jpg,bottle-label-detection,train
bottle-label-detection_WIN_20250209_18_32_29_Pro_jpg.rf.67738b220759a4e6b651380e87258fc7.jpg,bottle-label-detection,train
bottle-label-detection_WIN_20250209_18_32_29_Pro_jpg.rf.ba688ff685e0d9bd89b2430950c56bf3.jpg,bottle-label-detection,train
bottle-label-detection_WIN_20250209_18_32_36_Pro_jpg.rf.6179f6c57c2b424cd81dd4d8d34e6ee0.jpg,bottle-label-detection,train
bottle-label-detection_WIN_20250209_18_32_36_Pro_jpg.rf.c3725ddd9793ba5824e722e5d371bf1f.jpg,bottle-label-detection,train
bottle-label-detection_WIN_20250209_18_33_19_Pro_jpg.rf.36825b34bd0616bb1b71d5b9869e886b.jpg,bottle-label-detection,train
bottle-label-detection_WIN_20250209_18_33_19_Pro_jpg.rf.405b5bef020f25ad71fedaa03d8b670c.jpg,bottle-label-detection,train
bottle-label-detection_WIN_20250209_18_33_19_Pro_jpg.rf.ed5978268e7d3fe6befb97f6598f6692.jpg,bottle-label-detection,train
bottle-label-detection_WIN_20250209_18_33_25_Pro_jpg.rf.c117754465319f619e0991a4292149fc.jpg,bottle-label-detection,train
bottle-label-detection_WIN_20250209_18_33_25_Pro_jpg.rf.c7a15af3838290852672cfcc02391961.jpg,bottle-label-detection,train
bottle-label-detection_WIN_20250209_18_33_25_Pro_jpg.rf.f9e07202d13e5ea7c8c3339461d705b3.jpg,bottle-label-detection,train
bottle-label-detection_WIN_20250209_18_33_32_Pro_jpg.rf.175f4cceee2836e3001628085b0748a9.jpg,bottle-label-detection,train
bottle-label-detection_WIN_20250209_18_33_32_Pro_jpg.rf.64b978227dc3aff8e2bab89e60e6f0d7.jpg,bottle-label-detection,train
bottle-label-detection_WIN_20250209_18_33_32_Pro_jpg.rf.ef6f5b5134773835e0e4e8b920c47884.jpg,bottle-label-detection,train
bottle-label-detection_WIN_20250209_18_33_45_Pro_jpg.rf.54ea5580cc5e797e4c1a65a71b9cfc9f.jpg,bottle-label-detection,train
bottle-label-detection_WIN_20250209_18_33_45_Pro_jpg.rf.b09479fe3618ce132bfe6b60472c241a.jpg,bottle-label-detection,train
bottle-label-detection_WIN_20250209_18_34_08_Pro_jpg.rf.02e8df46bde7f2b08935fd4423bd2a94.jpg,bottle-label-detection,train
bottle-label-detection_WIN_20250209_18_34_08_Pro_jpg.rf.9a7d448b93e6ef3c60fcb7b3776c5788.jpg,bottle-label-detection,train
bottle-label-detection_WIN_20250209_18_34_16_Pro_jpg.rf.81e900b5389114300f0c70dd8fff609b.jpg,bottle-label-detection,train
bottle-label-detection_WIN_20250209_18_34_16_Pro_jpg.rf.8c65c5236b68c0d3ae50ad9825afe702.jpg,bottle-label-detection,train
bottle-label-detection_WIN_20250209_18_34_35_Pro_jpg.rf.51fb3760c3fe3579943724bf27598b49.jpg,bottle-label-detection,train
bottle-label-detection_WIN_20250209_18_34_35_Pro_jpg.rf.ea3188e193a4a99ebd8c7e6ca11351bc.jpg,bottle-label-detection,train
bottle-label-detection_WIN_20250209_18_34_35_Pro_jpg.rf.fbd763f862d333c4a274230be65ec9ec.jpg,bottle-label-detection,train
bottle-label-detection_WIN_20250209_18_34_43_Pro_jpg.rf.45eceb49ff4de82b683a8a54b67d67eb.jpg,bottle-label-detection,train
bottle-label-detection_WIN_20250209_18_34_43_Pro_jpg.rf.8e6d090a7c2c43d39d624b056a886cdc.jpg,bottle-label-detection,train
bottle-label-detection_WIN_20250209_18_34_43_Pro_jpg.rf.9c0ba369dbfeed5b314cfb9b4d9f8ed0.jpg,bottle-label-detection,train
bottle-label-detection_WIN_20250209_18_35_14_Pro_jpg.rf.042ac8e376824111b6c0cffec9de0cc2.jpg,bottle-label-detection,train
bottle-label-detection_WIN_20250209_18_35_14_Pro_jpg.rf.0f434e6c8d4f61d8aeea7a03781f8f29.jpg,bottle-label-detection,train
bottle-label-detection_WIN_20250209_18_35_14_Pro_jpg.rf.74bc42964a7edab078b19911bfa61092.jpg,bottle-label-detection,train
bottle-label-detection_WIN_20250209_18_35_30_Pro_jpg.rf.04de8807323da32e0e78cd9edd5c3e0c.jpg,bottle-label-detection,train
bottle-label-detection_WIN_20250209_18_35_30_Pro_jpg.rf.82da391c483f882a2d84d030e2e8fdde.jpg,bottle-label-detection,train
bottle-label-detection_WIN_20250209_18_35_30_Pro_jpg.rf.99192199e3cdd63a15f14b3a724808bc.jpg,bottle-label-detection,train
bottle-label-detection_WIN_20250209_18_36_39_Pro_jpg.rf.103abebe23f1332819571d107149a240.jpg,bottle-label-detection,train
bottle-label-detection_WIN_20250209_18_36_39_Pro_jpg.rf.99d9c757d57aa3516195508e940ea454.jpg,bottle-label-detection,train
bottle-label-detection_WIN_20250209_18_36_39_Pro_jpg.rf.9a80381b36863188e37a759b4172feb9.jpg,bottle-label-detection,train
bottle-label-detection_WIN_20250209_18_37_04_Pro_jpg.rf.73a60031c1e2bd7de126feccc20a885b.jpg,bottle-label-detection,train
bottle-label-detection_WIN_20250209_18_37_04_Pro_jpg.rf.f4bb29ccfa7ff85e3522c39ac1292a59.jpg,bottle-label-detection,train
bottle-label-detection_WIN_20250209_18_40_04_Pro_jpg.rf.1dd41ca959f020ecfc536c2ecd3bad2a.jpg,bottle-label-detection,train
bottle-label-detection_WIN_20250209_18_40_04_Pro_jpg.rf.5dcedc11e386e91ab862ef7fdaebce91.jpg,bottle-label-detection,train
bottle-label-detection_WIN_20250209_18_40_04_Pro_jpg.rf.fbfb96d81f4109a433605fb61f10e9ed.jpg,bottle-label-detection,train
bottle-label-detection_WIN_20250209_18_40_15_Pro_jpg.rf.65070f91c3e0fea61f02173309d18944.jpg,bottle-label-detection,train
bottle-label-detection_WIN_20250209_18_40_15_Pro_jpg.rf.b1d24e1ff0e95c5fb7947c4574d4dc50.jpg,bottle-label-detection,train
bottle-label-detection_WIN_20250209_18_40_15_Pro_jpg.rf.e8ddd6de6f221be6babfa3fe8f3623da.jpg,bottle-label-detection,train
bottle-label-detection_WIN_20250209_18_40_35_Pro_jpg.rf.559fa769cb89965a09cc9d04e84c48e6.jpg,bottle-label-detection,train
bottle-label-detection_WIN_20250209_18_40_35_Pro_jpg.rf.c7e12207bc926dfb20db05645644e497.jpg,bottle-label-detection,train
bottle-label-detection_WIN_20250209_18_40_42_Pro_jpg.rf.167b58059a7318eaf40d7087a41b0153.jpg,bottle-label-detection,train
bottle-label-detection_WIN_20250209_18_40_42_Pro_jpg.rf.59969cdb32607735fd9607bde272d2c2.jpg,bottle-label-detection,train
bottle-label-detection_WIN_20250209_18_40_42_Pro_jpg.rf.63f343cee14b6a5e35b4d159c4f7604a.jpg,bottle-label-detection,train
bottle-label-detection_WIN_20250209_18_40_48_Pro_jpg.rf.361bab73a4f795b46c55560a1e5de5a3.jpg,bottle-label-detection,train
bottle-label-detection_WIN_20250209_18_40_48_Pro_jpg.rf.7063f3eee37e5b5c490d0563fe67565d.jpg,bottle-label-detection,train
bottle-label-detection_WIN_20250209_18_40_48_Pro_jpg.rf.e4ae1682067775c595672e3d36cec32f.jpg,bottle-label-detection,train
bottle-label-detection_WIN_20250209_18_40_55_Pro_jpg.rf.1287cfac78d0735e66c4ec7f1e6df946.jpg,bottle-label-detection,train
bottle-label-detection_WIN_20250209_18_40_55_Pro_jpg.rf.243cb366842622a629f327f521d0c730.jpg,bottle-label-detection,train
bottle-label-detection_WIN_20250209_18_41_01_Pro_jpg.rf.4ac12737dd2112c485e2620b82a7091c.jpg,bottle-label-detection,train
bottle-label-detection_WIN_20250209_18_41_01_Pro_jpg.rf.4f80d5978974f3c01b1dad8f18a832e2.jpg,bottle-label-detection,train
bottle-label-detection_WIN_20250209_18_41_01_Pro_jpg.rf.be387dcbcb6198b37d18980700c6b675.jpg,bottle-label-detection,train
bottle-label-detection_WIN_20250209_18_41_07_Pro_jpg.rf.24658b1426b2621cf88c2fe538bdf4c5.jpg,bottle-label-detection,train
bottle-label-detection_WIN_20250209_18_41_07_Pro_jpg.rf.f2528f0a942eb47329195a08589e0922.jpg,bottle-label-detection,train
bottle-label-detection_WIN_20250209_18_41_27_Pro_jpg.rf.1057935a5805c6d287ab242ec94fcc2d.jpg,bottle-label-detection,train
bottle-label-detection_WIN_20250209_18_41_27_Pro_jpg.rf.44d71e6062b770a91a97b4a9beeb3b3a.jpg,bottle-label-detection,train
bottle-label-detection_WIN_20250209_18_41_27_Pro_jpg.rf.896fcabe91780c38362e9d9e2432d360.jpg,bottle-label-detection,train
bottle-label-detection_WIN_20250209_18_41_40_Pro_jpg.rf.15c634fa8b824b21c88684ee6be8143c.jpg,bottle-label-detection,train
bottle-label-detection_WIN_20250209_18_41_40_Pro_jpg.rf.a64ed4ed5be7bc538f445f788f6ebcce.jpg,bottle-label-detection,train
bottle-label-detection_WIN_20250209_18_41_40_Pro_jpg.rf.cc449a854ef1d81442475640f8c57684.jpg,bottle-label-detection,train
bottle-label-detection_WIN_20250209_18_41_44_Pro_jpg.rf.3012718a7522bc011d224fbc06f6a5ca.jpg,bottle-label-detection,train
bottle-label-detection_WIN_20250209_18_41_44_Pro_jpg.rf.8c5b36e5b6f5a51e85a801e85a6ebee2.jpg,bottle-label-detection,train
bottle-label-detection_WIN_20250209_18_41_44_Pro_jpg.rf.bfa8d3f0491aad9878b6f1b090f7512d.jpg,bottle-label-detection,train
bottle-label-detection_WIN_20250209_18_42_01_Pro_jpg.rf.06515212603e4af0a90c7bd1c9249fcb.jpg,bottle-label-detection,train
bottle-label-detection_WIN_20250209_18_42_01_Pro_jpg.rf.ba6ec5b48c25bf8d6bc8c4c164469742.jpg,bottle-label-detection,train
bottle-label-detection_WIN_20250209_18_42_01_Pro_jpg.rf.e6bd5cdf793109b5ef3d43ff8c32e161.jpg,bottle-label-detection,train
bottle-label-detection_WIN_20250209_18_42_23_Pro_jpg.rf.04ee30293478e7a7d8a604f0060bacf5.jpg,bottle-label-detection,train
bottle-label-detection_WIN_20250209_18_42_23_Pro_jpg.rf.11d68bf66d7cc29ad4de78e49e404bee.jpg,bottle-label-detection,train
bottle-label-detection_WIN_20250209_18_42_23_Pro_jpg.rf.d0a0681434d06372e027ffee1767058b.jpg,bottle-label-detection,train
bottle-label-detection_WIN_20250209_18_42_37_Pro_jpg.rf.024a5a6bab1004d4db41f098e436a1e7.jpg,bottle-label-detection,train
bottle-label-detection_WIN_20250209_18_42_37_Pro_jpg.rf.8937368d93fbedbb5be6877f909a2a60.jpg,bottle-label-detection,train
bottle-label-detection_WIN_20250209_18_42_37_Pro_jpg.rf.a6b0df9f27447c5e9d64d0fe70fb19e4.jpg,bottle-label-detection,train
bottle-label-detection_WIN_20250209_18_43_09_Pro_jpg.rf.793296b904ddb5255588fa8cf98e6591.jpg,bottle-label-detection,train
bottle-label-detection_WIN_20250209_18_43_09_Pro_jpg.rf.c9c49f0f5bd7df260bfdd1304be4f115.jpg,bottle-label-detection,train
bottle-label-detection_WIN_20250209_18_43_09_Pro_jpg.rf.edacd3e59c9419bba522cb0b0dd40674.jpg,bottle-label-detection,train
bottle-label-detection_WIN_20250209_18_43_21_Pro_jpg.rf.0752b894cf4e3c4946c8e040657b5858.jpg,bottle-label-detection,train
bottle-label-detection_WIN_20250209_18_43_21_Pro_jpg.rf.44d39afff6d5acb5dcec4073143c6eda.jpg,bottle-label-detection,train
bottle-label-detection_WIN_20250209_18_44_08_Pro_jpg.rf.29409e9f31db1149b2230ce87483fbb4.jpg,bottle-label-detection,train
bottle-label-detection_WIN_20250209_18_44_08_Pro_jpg.rf.86080820e581cb03458cb9035e9800fe.jpg,bottle-label-detection,train
bottle-label-detection_WIN_20250209_18_44_13_Pro_jpg.rf.736cfa442d91271b28bb8a9fb1431c23.jpg,bottle-label-detection,train
bottle-label-detection_WIN_20250209_18_44_13_Pro_jpg.rf.f9038fff78d44a9bac0a5847f73f7c0e.jpg,bottle-label-detection,train
bottle-label-detection_WIN_20250209_18_44_19_Pro_jpg.rf.62188291d769adf57c026544faa9bac7.jpg,bottle-label-detection,train
bottle-label-detection_WIN_20250209_18_44_19_Pro_jpg.rf.e0ffbcb696b43303546b940376e7827d.jpg,bottle-label-detection,train
bottle-label-detection_WIN_20250209_18_44_25_Pro_jpg.rf.ad8131164276257689de3b6f924cee7d.jpg,bottle-label-detection,train
bottle-label-detection_WIN_20250209_18_44_25_Pro_jpg.rf.fdb1ca22c9901bcdb01c953ba5ba9d44.jpg,bottle-label-detection,train
bottle-label-detection_WIN_20250209_18_44_29_Pro_jpg.rf.0b3755bb5bedadd228182f31d844db46.jpg,bottle-label-detection,train
bottle-label-detection_WIN_20250209_18_44_29_Pro_jpg.rf.7d8fe5d13f4a47a9697a3b9cf1d01953.jpg,bottle-label-detection,train
bottle-label-detection_WIN_20250209_18_44_47_Pro_jpg.rf.cf5c26e43e16b73d2f6504dc9addbe2a.jpg,bottle-label-detection,train
bottle-label-detection_WIN_20250209_18_44_50_Pro_jpg.rf.8fbc466493c5497600d25d513b9bc0da.jpg,bottle-label-detection,train
bottle-label-detection_WIN_20250209_18_44_50_Pro_jpg.rf.f2b5edf3819b6c5f1a1a8b88dcc59cac.jpg,bottle-label-detection,train
bottle-label-detection_WIN_20250209_18_44_53_Pro_jpg.rf.047d735dc667e6904403884156795436.jpg,bottle-label-detection,train
bottle-label-detection_WIN_20250209_18_44_53_Pro_jpg.rf.a7f47e9e9156ec5da13237b5b3726b18.jpg,bottle-label-detection,train
bottle-label-detection_WIN_20250209_18_46_46_Pro_jpg.rf.959f50da7738db334dc5fae1442e66dd.jpg,bottle-label-detection,train
bottle-label-detection_WIN_20250209_18_46_46_Pro_jpg.rf.9fed3592868066b08d0dad18db97d7f2.jpg,bottle-label-detection,train
bottle-label-detection_WIN_20250209_18_46_52_Pro_jpg.rf.868f875a49a959fb7eb0b1fe09f7d4a1.jpg,bottle-label-detection,train
bottle-label-detection_WIN_20250209_18_46_52_Pro_jpg.rf.c16bbad5ecfab8637cfcdc58da8937fb.jpg,bottle-label-detection,train
bottle-label-detection_WIN_20250209_18_46_52_Pro_jpg.rf.ec12faf6dc694f64c735aa0f45adb983.jpg,bottle-label-detection,train
bottle-label-detection_WIN_20250209_18_47_06_Pro_jpg.rf.19068b60894635e9ebb2da326d86c889.jpg,bottle-label-detection,train
bottle-label-detection_WIN_20250209_18_47_06_Pro_jpg.rf.41ce083b38b0671bf0cca55c87a6722d.jpg,bottle-label-detection,train
bottle-label-detection_WIN_20250209_18_47_06_Pro_jpg.rf.fb3cff0d02b02f1076a6f7b6501a61e2.jpg,bottle-label-detection,train
bottle-label-detection_WIN_20250209_18_47_19_Pro_jpg.rf.c3f49a6955fcc231a4c93df2ec00a6bf.jpg,bottle-label-detection,train
bottle-label-detection_WIN_20250209_18_47_19_Pro_jpg.rf.c449a96347acfceda9d79174805465f2.jpg,bottle-label-detection,train
bottle-label-detection_WIN_20250209_18_47_25_Pro_jpg.rf.06aeaf70dc672a65d01a82d39e8d860c.jpg,bottle-label-detection,train
bottle-label-detection_WIN_20250209_18_47_25_Pro_jpg.rf.807eb31a7b0552b8c2f76db41c0ef567.jpg,bottle-label-detection,train
bottle-label-detection_WIN_20250209_18_47_25_Pro_jpg.rf.e05a61921d7b06530cfed69dba376441.jpg,bottle-label-detection,train
bottle-label-detection_WIN_20250209_18_47_32_Pro_jpg.rf.48d03ae92a1f4317a3df3ae3e08ece82.jpg,bottle-label-detection,train
bottle-label-detection_WIN_20250209_18_47_32_Pro_jpg.rf.71baf3489b6a2d65f294a984dce272b5.jpg,bottle-label-detection,train
bottle-label-detection_WIN_20250209_18_47_32_Pro_jpg.rf.f61486d05d25caef5429eb84b208590f.jpg,bottle-label-detection,train
bottle-label-detection_WIN_20250209_19_35_17_Pro_jpg.rf.7aff48dff9ae3891f77d1c3f65ed486a.jpg,bottle-label-detection,train
bottle-label-detection_WIN_20250209_19_35_17_Pro_jpg.rf.82eb3704a69927c462750de5ce831e35.jpg,bottle-label-detection,train
bottle-label-detection_WIN_20250209_19_35_17_Pro_jpg.rf.cdb50759d4348a4e6b992be2e27e87c3.jpg,bottle-label-detection,train
bottle-label-detection_WIN_20250209_19_35_33_Pro_jpg.rf.b9b3a60c34fe2ccbb92c8570558cc316.jpg,bottle-label-detection,train
bottle-label-detection_WIN_20250209_19_35_33_Pro_jpg.rf.e48616a0b98d63bdfc646e0c314245af.jpg,bottle-label-detection,train
bottle-label-detection_WIN_20250209_19_35_56_Pro_jpg.rf.15807fa9bb3cb32ce9e88de6330dd65a.jpg,bottle-label-detection,train
bottle-label-detection_WIN_20250209_19_35_56_Pro_jpg.rf.585e51ff946e918085a088ce5b4bc489.jpg,bottle-label-detection,train
bottle-label-detection_WIN_20250209_19_35_56_Pro_jpg.rf.ca8f242ee554eb067d74ddd9f649144f.jpg,bottle-label-detection,train
bottle-label-detection_WIN_20250209_19_36_01_Pro_jpg.rf.057a1ce3418e72300ff4a1fc1bc2d9af.jpg,bottle-label-detection,train
bottle-label-detection_WIN_20250209_19_36_01_Pro_jpg.rf.394a4fa6847e4650de2b20855acd9903.jpg,bottle-label-detection,train
bottle-label-detection_WIN_20250209_19_36_01_Pro_jpg.rf.40ef7e42aac7dadfa3c26be5e7057461.jpg,bottle-label-detection,train
bottle-label-detection_WIN_20250209_19_36_18_Pro_jpg.rf.7b189c0edf084b2c39c0b9e5c081b054.jpg,bottle-label-detection,train
bottle-label-detection_WIN_20250209_19_36_18_Pro_jpg.rf.883503e6b10daf37f7480be5f37c73d7.jpg,bottle-label-detection,train
bottle-label-detection_WIN_20250209_19_36_18_Pro_jpg.rf.cd31b8ae5bdf7c416ace0af5d8294774.jpg,bottle-label-detection,train
bottle-label-detection_WIN_20250209_19_36_27_Pro_jpg.rf.3cf201069653bf813b0352c14992561c.jpg,bottle-label-detection,train
bottle-label-detection_WIN_20250209_19_36_51_Pro_jpg.rf.05babbcca9af9b0c3009a69026e606e9.jpg,bottle-label-detection,train
bottle-label-detection_WIN_20250209_19_36_51_Pro_jpg.rf.d4b115efd5eb5bec938ad271f1b5938b.jpg,bottle-label-detection,train
bottle-label-detection_WIN_20250209_19_36_57_Pro_jpg.rf.86645d8faa616ffa64af1be71b30a064.jpg,bottle-label-detection,train
bottle-label-detection_WIN_20250209_19_36_57_Pro_jpg.rf.86a83c144cdb30a7b400e69b5dbdf92a.jpg,bottle-label-detection,train
bottle-label-detection_WIN_20250209_19_37_03_Pro_jpg.rf.7b251e9f692898f262ca37a7e6ec84c0.jpg,bottle-label-detection,train
bottle-label-detection_WIN_20250209_19_37_03_Pro_jpg.rf.ca8f70438bc9a73ba769ed0ef31d14b9.jpg,bottle-label-detection,train
bottle-label-detection_WIN_20250209_19_37_11_Pro_jpg.rf.3d2c85ce624e373ff7bd308630c39524.jpg,bottle-label-detection,train
bottle-label-detection_WIN_20250209_19_37_11_Pro_jpg.rf.40f45d7b52bd87020d3ff23a2b4b07ff.jpg,bottle-label-detection,train
bottle-label-detection_WIN_20250209_19_37_24_Pro_jpg.rf.2c6782df406dd9600d844ba2d5876268.jpg,bottle-label-detection,train
bottle-label-detection_WIN_20250209_19_37_24_Pro_jpg.rf.f68dd3fca22b589241d3488f6dab514b.jpg,bottle-label-detection,train
bottle-label-detection_WIN_20250209_19_37_39_Pro_jpg.rf.5d5c91fd4c70615092c8473aede19d31.jpg,bottle-label-detection,train
bottle-label-detection_WIN_20250209_19_37_39_Pro_jpg.rf.72c5dc5138ba6e5ad92ebb6d7b4a9ce0.jpg,bottle-label-detection,train
bottle-label-detection_WIN_20250209_19_38_12_Pro_jpg.rf.11ebc6b153e361ba300ea27484b6049b.jpg,bottle-label-detection,train
bottle-label-detection_WIN_20250209_19_38_12_Pro_jpg.rf.a7c081cfbe3a2572fa10e6c1684e1426.jpg,bottle-label-detection,train
bottle-label-detection_WIN_20250209_19_38_12_Pro_jpg.rf.c85c244c233c20e4ca781ebf8f20b6bc.jpg,bottle-label-detection,train
bottle-label-detection_WIN_20250209_19_38_18_Pro_jpg.rf.07fb971eb28fe80d3bc5c5342fc17fe4.jpg,bottle-label-detection,train
bottle-label-detection_WIN_20250209_19_38_18_Pro_jpg.rf.1250c71ad8cf2d11e5057465012720a9.jpg,bottle-label-detection,train
bottle-label-detection_WIN_20250209_19_38_18_Pro_jpg.rf.2be4a19b1fe7b8229e53d91682a6f677.jpg,bottle-label-detection,train
bottle-label-detection_WIN_20250209_19_38_23_Pro_jpg.rf.33c6ec7e8c260513982d86d4b0a7e755.jpg,bottle-label-detection,train
bottle-label-detection_WIN_20250209_19_38_23_Pro_jpg.rf.42e0ae11000ca00662371c502ccd346f.jpg,bottle-label-detection,train
bottle-label-detection_WIN_20250209_19_38_23_Pro_jpg.rf.b8904c6ec5b7adbca7d7841320f8ea21.jpg,bottle-label-detection,train
bottle-label-detection_WIN_20250209_19_38_30_Pro_jpg.rf.85a8dfd4c16c3b54e6705c707ec58fb7.jpg,bottle-label-detection,train
bottle-label-detection_WIN_20250209_19_38_30_Pro_jpg.rf.940244e13c56a268bca49701793a465b.jpg,bottle-label-detection,train
bottle-label-detection_WIN_20250209_19_38_30_Pro_jpg.rf.d634eec95ef4df0a9849cae0bf81d094.jpg,bottle-label-detection,train
bottle-label-detection_WIN_20250209_19_38_35_Pro_jpg.rf.4ccbe60695ef95d7411e823aed1498a3.jpg,bottle-label-detection,train
bottle-label-detection_WIN_20250209_19_38_35_Pro_jpg.rf.e2cd948fbab7cf3a148de7f5771571e1.jpg,bottle-label-detection,train
bottle-label-detection_WIN_20250209_19_38_43_Pro_jpg.rf.0ddccca0eeedaa620a038406a6d1ca23.jpg,bottle-label-detection,train
bottle-label-detection_WIN_20250209_19_38_43_Pro_jpg.rf.4a0da289d6af52c5039b0f2c85bee385.jpg,bottle-label-detection,train
bottle-label-detection_WIN_20250209_19_38_51_Pro_jpg.rf.47dacb0391137a602e13ea900a2b4d76.jpg,bottle-label-detection,train
bottle-label-detection_WIN_20250209_19_38_51_Pro_jpg.rf.90d571f31daf073d67da4891a7312a21.jpg,bottle-label-detection,train
bottle-label-detection_WIN_20250209_19_38_59_Pro_jpg.rf.0d3541e484f6681b9433829ece4b707d.jpg,bottle-label-detection,train
bottle-label-detection_WIN_20250209_19_38_59_Pro_jpg.rf.95004f61a0c3fd40fe601726d020ae92.jpg,bottle-label-detection,train
bottle-label-detection_WIN_20250209_19_38_59_Pro_jpg.rf.e8e79363a217baab8bad9e3187c9fd14.jpg,bottle-label-detection,train
bottle-label-detection_WIN_20250209_19_59_20_Pro_jpg.rf.8f3784de4af609383f0d027889db53ee.jpg,bottle-label-detection,train
bottle-label-detection_WIN_20250209_19_59_20_Pro_jpg.rf.b818c4684677daba368961a05676efd7.jpg,bottle-label-detection,train
bottle-label-detection_WIN_20250209_19_59_29_Pro_jpg.rf.33876dcae2907d368538072ea09d0da1.jpg,bottle-label-detection,train
bottle-label-detection_WIN_20250209_19_59_37_Pro_jpg.rf.6cce18aa024dfc8e90fe158795ce085e.jpg,bottle-label-detection,train
bottle-label-detection_WIN_20250209_19_59_37_Pro_jpg.rf.8ab204b149a9a62886388722697909b9.jpg,bottle-label-detection,train
bottle-label-detection_WIN_20250209_19_59_37_Pro_jpg.rf.b36cc9cce3437855a8440703260a4d16.jpg,bottle-label-detection,train
bottle-label-detection_WIN_20250209_19_59_53_Pro_jpg.rf.b705053334f88e0e4fc2d306d5fc3ded.jpg,bottle-label-detection,train
bottle-label-detection_WIN_20250209_19_59_53_Pro_jpg.rf.d1b37729907bb95ddcab0575487fba27.jpg,bottle-label-detection,train
bottle-label-detection_WIN_20250209_19_59_53_Pro_jpg.rf.f615d18ff59b2bc2ce8f22285eb669a8.jpg,bottle-label-detection,train
bottle-label-detection_WIN_20250209_20_00_01_Pro_jpg.rf.4315a15217dfa94eb164af5d7f16632c.jpg,bottle-label-detection,train
bottle-label-detection_WIN_20250209_20_00_01_Pro_jpg.rf.51f6d01523594b2744143ff3e44a1b5a.jpg,bottle-label-detection,train
bottle-label-detection_WIN_20250209_20_00_01_Pro_jpg.rf.e99ebaaf1a881196bea8701d6cbf91a5.jpg,bottle-label-detection,train
bottle-label-detection_WIN_20250209_20_00_04_Pro_jpg.rf.36721fa4ff22e9fa81a2db42d9f63980.jpg,bottle-label-detection,train
bottle-label-detection_WIN_20250209_20_00_04_Pro_jpg.rf.7ae0888691e8ff82db51d12f8d090fda.jpg,bottle-label-detection,train
bottle-label-detection_WIN_20250209_20_00_21_Pro_jpg.rf.20b9831856a59aaa07c8189aba3a5136.jpg,bottle-label-detection,train
bottle-label-detection_WIN_20250209_20_00_21_Pro_jpg.rf.eec853afd3082e248828106c955b9077.jpg,bottle-label-detection,train
bottle-label-detection_WIN_20250209_20_00_31_Pro_jpg.rf.133683197a9be85c72d5c8971f291839.jpg,bottle-label-detection,train
bottle-label-detection_WIN_20250209_20_00_31_Pro_jpg.rf.35872e9032e8fbe76cd4be1271ed2804.jpg,bottle-label-detection,train
bottle-label-detection_WIN_20250209_20_00_31_Pro_jpg.rf.7bc593bcbe5a925f13bdb62519e3325c.jpg,bottle-label-detection,train
bottle-label-detection_WIN_20250209_20_00_48_Pro_jpg.rf.9ce6dd5b8cc7712749af8c190f813748.jpg,bottle-label-detection,train
bottle-label-detection_WIN_20250209_20_00_48_Pro_jpg.rf.cd7089b8eb86ededd7a01403461eb86c.jpg,bottle-label-detection,train
bottle-label-detection_WIN_20250209_20_01_04_Pro_jpg.rf.30d8456e8c67f117d42a74bf04389f8f.jpg,bottle-label-detection,train
bottle-label-detection_WIN_20250209_20_01_04_Pro_jpg.rf.c3207663d2120f135c7c3f0910da8ab2.jpg,bottle-label-detection,train
bottle-label-detection_WIN_20250209_20_01_04_Pro_jpg.rf.d23ec1ccac173e7d7b8bfdb1392568f2.jpg,bottle-label-detection,train
bottle-label-detection_WIN_20250209_20_01_08_Pro_jpg.rf.9462003cc0db2bebce2be3c9fb9590ee.jpg,bottle-label-detection,train
bottle-label-detection_WIN_20250209_20_01_08_Pro_jpg.rf.d47a8d8f7370378313cd9303cfa8975b.jpg,bottle-label-detection,train
bottle-label-detection_WIN_20250209_20_01_17_Pro_jpg.rf.23a5b72d285c647e6b3b67e1d69cc012.jpg,bottle-label-detection,train
bottle-label-detection_WIN_20250209_20_01_17_Pro_jpg.rf.35dd6ecbef561d773712700b40b02926.jpg,bottle-label-detection,train
bottle-label-detection_WIN_20250209_20_01_17_Pro_jpg.rf.fef39caf3cf8af21dbbcdf0bb41261d4.jpg,bottle-label-detection,train
bottle-label-detection_WIN_20250209_20_01_25_Pro_jpg.rf.08ef4cdcf791afd533f397e89de08a7e.jpg,bottle-label-detection,train
bottle-label-detection_WIN_20250209_20_01_25_Pro_jpg.rf.147be812e16bca4860ef086353325053.jpg,bottle-label-detection,train
bottle-label-detection_WIN_20250209_20_01_25_Pro_jpg.rf.7f2fac6f3fee5f8499458d6fafb06da2.jpg,bottle-label-detection,train
bottle-label-detection_WIN_20250209_20_01_30_Pro_jpg.rf.0e9849beb520e21cad72b69a76c1590e.jpg,bottle-label-detection,train
bottle-label-detection_WIN_20250209_20_01_30_Pro_jpg.rf.528f7eee39883beb58acf9a411e04ba4.jpg,bottle-label-detection,train
bottle-label-detection_WIN_20250209_21_35_17_Pro_jpg.rf.765ea6876b108701aa3621c243d3bbfc.jpg,bottle-label-detection,train
bottle-label-detection_WIN_20250209_21_35_17_Pro_jpg.rf.78e2971d6b81693a2671812217ff30e1.jpg,bottle-label-detection,train
bottle-label-detection_WIN_20250209_21_35_17_Pro_jpg.rf.7b32065090b77b7df0ad471cd4b54b69.jpg,bottle-label-detection,train
bottle-label-detection_WIN_20250209_21_35_28_Pro_jpg.rf.50a41f6fb082f8a9d4d691c053521a85.jpg,bottle-label-detection,train
bottle-label-detection_WIN_20250209_21_35_28_Pro_jpg.rf.682decfe59e113186c2304764f1c0f6a.jpg,bottle-label-detection,train
bottle-label-detection_WIN_20250209_21_35_28_Pro_jpg.rf.fbc338d4fc62393eb97fe731595ff868.jpg,bottle-label-detection,train
bottle-label-detection_WIN_20250209_21_38_52_Pro_jpg.rf.0c4d02f757cdee67614b991d70172194.jpg,bottle-label-detection,train
bottle-label-detection_WIN_20250209_21_38_52_Pro_jpg.rf.c311d14e7c14d210dee62bc132756b5b.jpg,bottle-label-detection,train
bottle-label-detection_WIN_20250209_21_38_52_Pro_jpg.rf.e76c36e99d108b8bb8449f575536ae55.jpg,bottle-label-detection,train
bottle-label-detection_WIN_20250209_21_41_40_Pro_jpg.rf.c366387dd8f649254afb2ae0282384ce.jpg,bottle-label-detection,train
bottle-label-detection_WIN_20250209_21_41_46_Pro_jpg.rf.51189a92ed4c3f7ebf61436927c50e95.jpg,bottle-label-detection,train
bottle-label-detection_WIN_20250209_21_41_46_Pro_jpg.rf.d407d8c82ab007d47bf563d89df81e30.jpg,bottle-label-detection,train
bottle-label-detection_WIN_20250209_21_42_32_Pro_jpg.rf.96409fc6857a64d0b66826bdd18132e8.jpg,bottle-label-detection,train
bottle-label-detection_WIN_20250209_21_42_32_Pro_jpg.rf.d2c91119424c5f3d2ceff750b13103a5.jpg,bottle-label-detection,train
bottle-label-detection_WIN_20250209_21_42_32_Pro_jpg.rf.d46b5445142fa6bb7c74e312afc963ea.jpg,bottle-label-detection,train
bottle-label-detection_WIN_20250209_21_43_20_Pro_jpg.rf.1c0c42a0ddc444e0c58d053ae871d841.jpg,bottle-label-detection,train
bottle-label-detection_WIN_20250209_21_43_20_Pro_jpg.rf.3a4e3ef933009faa05c8b6e0dd638c7d.jpg,bottle-label-detection,train
bottle-label-detection_WIN_20250209_21_43_20_Pro_jpg.rf.8f518536c0d1560107e2640aafe49b54.jpg,bottle-label-detection,train
bottle-label-detection_WIN_20250209_21_43_34_Pro_jpg.rf.9db5a86b4a8f82bd95f42cbaa54a5a2c.jpg,bottle-label-detection,train
bottle-label-detection_WIN_20250209_21_43_34_Pro_jpg.rf.ac58e834e07e8fa5d60b81d305cf79d5.jpg,bottle-label-detection,train
bottle-label-detection_WIN_20250209_21_43_34_Pro_jpg.rf.c378ce4f2606ff35e8ba325f08cd4f82.jpg,bottle-label-detection,train
bottle-label-detection_WIN_20250209_21_43_38_Pro_jpg.rf.1aab51ce47af38556e54a2d8e181d65b.jpg,bottle-label-detection,train
bottle-label-detection_WIN_20250209_21_43_38_Pro_jpg.rf.ad3168dc1e62bab178f06a655dc7d464.jpg,bottle-label-detection,train
bottle-label-detection_WIN_20250209_21_43_50_Pro_jpg.rf.0ddb9704b422dcd524ca23b02e8d9a6b.jpg,bottle-label-detection,train
bottle-label-detection_WIN_20250209_21_43_50_Pro_jpg.rf.32c654a11633534effa12b0c707a35e1.jpg,bottle-label-detection,train
bottle-label-detection_WIN_20250209_21_43_58_Pro_jpg.rf.0575ce1be9c48d918a145dc0bc060133.jpg,bottle-label-detection,train
bottle-label-detection_WIN_20250209_21_43_58_Pro_jpg.rf.722a99ffd072e167e973df21cd9142c4.jpg,bottle-label-detection,train
bottle-label-detection_WIN_20250209_21_43_58_Pro_jpg.rf.9ecf840b8f97b11ec8942b38f4b4ed16.jpg,bottle-label-detection,train
bottle-label-detection_WIN_20250209_21_44_06_Pro_jpg.rf.35f2a664cc66841dc4f2cde47435f871.jpg,bottle-label-detection,train
bottle-label-detection_WIN_20250209_21_44_06_Pro_jpg.rf.de5eb29986223cf8f82946fd0b3bfb2f.jpg,bottle-label-detection,train
bottle-label-detection_WIN_20250209_21_45_18_Pro_jpg.rf.0a137404f7a4b5d1a378128847a85279.jpg,bottle-label-detection,train
bottle-label-detection_WIN_20250209_21_45_18_Pro_jpg.rf.c55e54727006e9c260835fe7d40d02d1.jpg,bottle-label-detection,train
bottle-label-detection_WIN_20250209_21_45_35_Pro_jpg.rf.0bacc5d1507d220dd122b88eb3ebb3b3.jpg,bottle-label-detection,train
bottle-label-detection_WIN_20250209_21_45_35_Pro_jpg.rf.427b9a566026ca09198c2036ed654d7a.jpg,bottle-label-detection,train
bottle-label-detection_WIN_20250209_21_49_48_Pro_jpg.rf.35dde8e03490e9f18bebd16cd77b56ae.jpg,bottle-label-detection,train
bottle-label-detection_WIN_20250209_21_49_48_Pro_jpg.rf.849aa1e2dd11bec2ccf155432ba98b2b.jpg,bottle-label-detection,train
bottle-label-detection_WIN_20250209_21_49_48_Pro_jpg.rf.d902c947a089fc3b1788e446d108adb0.jpg,bottle-label-detection,train
bottle-label-detection_WIN_20250209_21_50_01_Pro_jpg.rf.2e76729d4ef2e1666a6d2399e48570c1.jpg,bottle-label-detection,train
bottle-label-detection_WIN_20250209_21_50_01_Pro_jpg.rf.4ca703bbb99b5e1b240d39772801cd59.jpg,bottle-label-detection,train
bottle-label-detection_WIN_20250209_21_50_17_Pro_jpg.rf.0010c0cce8699758c4cae0145cb5fa29.jpg,bottle-label-detection,train
bottle-label-detection_WIN_20250209_21_50_17_Pro_jpg.rf.19b8d415234ec13ea24c00b1938c0d8b.jpg,bottle-label-detection,train
bottle-label-detection_WIN_20250209_21_50_17_Pro_jpg.rf.2a1339f2be6ea14155a9e14a747f5e02.jpg,bottle-label-detection,train
bottle-label-detection_WIN_20250209_21_50_29_Pro_jpg.rf.20c46fe6af06366b4ea57a228fa4f821.jpg,bottle-label-detection,train
bottle-label-detection_WIN_20250209_21_50_29_Pro_jpg.rf.4970044525bb75e5fcb76d1ad20f1be5.jpg,bottle-label-detection,train
bottle-label-detection_WIN_20250209_21_50_29_Pro_jpg.rf.bc51b5b66313c3b6a5b3e42253954b92.jpg,bottle-label-detection,train
bottle-label-detection_WIN_20250209_21_50_47_Pro_jpg.rf.252d32831981a48ec3b12e87a954baa2.jpg,bottle-label-detection,train
bottle-label-detection_WIN_20250209_21_50_47_Pro_jpg.rf.43ad1ea6c7ec7de57f556f36c99d9d23.jpg,bottle-label-detection,train
bottle-label-detection_WIN_20250209_21_50_47_Pro_jpg.rf.6c989957b7f46d3ebd468e2ab2b2ae2f.jpg,bottle-label-detection,train
bottle-label-detection_WIN_20250209_21_50_52_Pro_jpg.rf.25d7e72836e69e81747de8098b093d4e.jpg,bottle-label-detection,train
bottle-label-detection_WIN_20250209_21_50_52_Pro_jpg.rf.e7a4a8f3cf10e8bd01953210c1177003.jpg,bottle-label-detection,train
bottle-label-detection_WIN_20250209_21_50_52_Pro_jpg.rf.ef36f1c864d65e827237c39fa49f72d0.jpg,bottle-label-detection,train
bottle-label-detection_WIN_20250209_21_51_08_Pro_jpg.rf.288c088a06d9f58c29db9d0bd07d3861.jpg,bottle-label-detection,train
bottle-label-detection_WIN_20250209_21_51_08_Pro_jpg.rf.8a2d05f15f9e1ea1b11c34c3ba10d403.jpg,bottle-label-detection,train
bottle-label-detection_WIN_20250209_21_51_19_Pro_jpg.rf.02905ad5a5d6ca0639f21fc2bce8ff39.jpg,bottle-label-detection,train
bottle-label-detection_WIN_20250209_21_51_19_Pro_jpg.rf.7a0583e2ec49362e7019cda1d3ad33e8.jpg,bottle-label-detection,train
bottle-label-detection_WIN_20250209_21_51_19_Pro_jpg.rf.e05ff4b4f87edfb539dcf29dfd6f7370.jpg,bottle-label-detection,train
bottle-label-detection_WIN_20250209_21_51_33_Pro_jpg.rf.56efc9fe2e5cf37253e802aaf91bec9c.jpg,bottle-label-detection,train
bottle-label-detection_WIN_20250209_21_51_33_Pro_jpg.rf.b9fde0ee20e4fb62d3c055c86b029772.jpg,bottle-label-detection,train
bottle-label-detection_WIN_20250209_21_51_33_Pro_jpg.rf.f29b20eaa2d4b1386e9a0a55f6bb4267.jpg,bottle-label-detection,train
bottle-label-detection_WIN_20250209_21_51_37_Pro_jpg.rf.0580357a98d2ba48aabf8d3a53dbfd02.jpg,bottle-label-detection,train
bottle-label-detection_WIN_20250209_21_51_37_Pro_jpg.rf.5239e2dddb9877d33127ddacd74f0a20.jpg,bottle-label-detection,train
bottle-label-detection_WIN_20250209_21_51_53_Pro_jpg.rf.338c4fb7706ab737db0c0f6745b61248.jpg,bottle-label-detection,train
bottle-label-detection_WIN_20250209_21_51_53_Pro_jpg.rf.e1aa9fd053166638ad0c4f52f71045bf.jpg,bottle-label-detection,train
bottle-label-detection_WIN_20250209_21_52_02_Pro_jpg.rf.1f21457e21329088f94d07d22ccb88d8.jpg,bottle-label-detection,train
bottle-label-detection_WIN_20250209_21_52_02_Pro_jpg.rf.4eafb352b5c71c49c4f236313fc869e5.jpg,bottle-label-detection,train
bottle-label-detection_WIN_20250209_21_52_02_Pro_jpg.rf.64afe75dcd3189dc64cc942bf977c6d3.jpg,bottle-label-detection,train
bottle-label-detection_WIN_20250209_21_52_18_Pro_jpg.rf.57558a99506febb55341b9b05acfadcc.jpg,bottle-label-detection,train
bottle-label-detection_WIN_20250209_21_52_18_Pro_jpg.rf.5c12f9efa10ed643c1bd625a62b6ef95.jpg,bottle-label-detection,train
bottle-label-detection_WIN_20250209_21_52_18_Pro_jpg.rf.79a5ec329c6a4d0ffea315d08bf392c5.jpg,bottle-label-detection,train
bottle-label-detection_WIN_20250209_21_52_27_Pro_jpg.rf.8b73f8742553067695bd529f5a3d4168.jpg,bottle-label-detection,train
bottle-label-detection_WIN_20250209_21_52_27_Pro_jpg.rf.ca2a355f60b1b2cd8a347cde9daf574a.jpg,bottle-label-detection,train
bottle-label-detection_WIN_20250209_21_52_47_Pro_jpg.rf.aaa4464cc3ffa354d9ab46cdef28524f.jpg,bottle-label-detection,train
bottle-label-detection_WIN_20250209_21_52_47_Pro_jpg.rf.adaa20af419168cf375b7be18b28ac26.jpg,bottle-label-detection,train
bottle-label-detection_WIN_20250209_21_52_57_Pro_jpg.rf.1de5986adb2794c876c0762dc7cc32ff.jpg,bottle-label-detection,train
bottle-label-detection_WIN_20250209_21_52_57_Pro_jpg.rf.50ee39ee246184d32185d268b056c32f.jpg,bottle-label-detection,train
bottle-label-detection_WIN_20250209_21_52_57_Pro_jpg.rf.87bb58f7329f3e47f7cd7740f9c00afa.jpg,bottle-label-detection,train
bottle-label-detection_WIN_20250209_21_53_07_Pro_jpg.rf.0824a9a03ecc10ee42c8f97462c93bf6.jpg,bottle-label-detection,train
bottle-label-detection_WIN_20250209_21_53_07_Pro_jpg.rf.7bb2d1e8da7ff0dd8093c041a70879f8.jpg,bottle-label-detection,train
bottle-label-detection_WIN_20250209_21_53_11_Pro_jpg.rf.27b3aca547e6021d8f9f19b6f3ca932b.jpg,bottle-label-detection,train
bottle-label-detection_WIN_20250209_21_53_11_Pro_jpg.rf.aaa0aa0b1d7b772c5dd46dde21d15cde.jpg,bottle-label-detection,train
bottle-label-detection_WIN_20250209_21_53_33_Pro_jpg.rf.cc7c433c18517f0e7b8c899047114c95.jpg,bottle-label-detection,train
bottle-label-detection_WIN_20250209_21_53_33_Pro_jpg.rf.d1cc28d0c05059c801e0f57d2cde2055.jpg,bottle-label-detection,train
bottle-label-detection_WIN_20250209_21_53_33_Pro_jpg.rf.e339da3ee22271f33bed03058a37bfd6.jpg,bottle-label-detection,train
bottle-label-detection_WIN_20250209_21_53_43_Pro_jpg.rf.0b240f6407f9872e0bfda17406e341a7.jpg,bottle-label-detection,train
bottle-label-detection_WIN_20250209_21_53_43_Pro_jpg.rf.293ffa18ecffb46a9b59af62e3da8824.jpg,bottle-label-detection,train
bottle-label-detection_WIN_20250209_21_53_43_Pro_jpg.rf.d1a5f54b803216bebb0f0f331296ccdc.jpg,bottle-label-detection,train
bottle-label-detection_WIN_20250209_21_53_47_Pro_jpg.rf.2c0ace5fb259662f3d79e30ce5b8941b.jpg,bottle-label-detection,train
bottle-label-detection_WIN_20250209_21_53_47_Pro_jpg.rf.5a59c745575b7e730afdbfc677ac8327.jpg,bottle-label-detection,train
bottle-label-detection_WIN_20250209_21_53_47_Pro_jpg.rf.82d2866f8b80a83d14c615568f6080fc.jpg,bottle-label-detection,train
bottle-label-detection_WIN_20250209_21_53_49_Pro_jpg.rf.3dbfa9f9f2ffd2a27a6eac149b75047b.jpg,bottle-label-detection,train
bottle-label-detection_WIN_20250209_21_53_49_Pro_jpg.rf.d2a78727c7a4f2651145f390ddd2fa4b.jpg,bottle-label-detection,train
bottle-label-detection_WIN_20250209_21_54_12_Pro_jpg.rf.06cc8b69cb5b3b3725bfd115a7d8acb2.jpg,bottle-label-detection,train
bottle-label-detection_WIN_20250209_21_54_12_Pro_jpg.rf.9d5bb9ff8f4c1ade6ca34cd4f5164daa.jpg,bottle-label-detection,train
bottle-label-detection_WIN_20250209_21_54_12_Pro_jpg.rf.a2003894895adb3511c705723ecc7a9e.jpg,bottle-label-detection,train
bottle-label-detection_WIN_20250209_21_54_21_Pro_jpg.rf.2cbc451b18150db2879f1def88609c7f.jpg,bottle-label-detection,train
bottle-label-detection_WIN_20250209_21_54_21_Pro_jpg.rf.8786a0a338a45b3ee966463ddd1db260.jpg,bottle-label-detection,train
bottle-label-detection_WIN_20250209_21_54_21_Pro_jpg.rf.f6409fb3cbf784e3531c8d5f03302818.jpg,bottle-label-detection,train
bottle-label-detection_WIN_20250209_21_54_26_Pro_jpg.rf.01f8289065f54f29378c1b878e9b8bd4.jpg,bottle-label-detection,train
bottle-label-detection_WIN_20250209_21_54_26_Pro_jpg.rf.18dc7bbfc63004a2b95886fc5505761f.jpg,bottle-label-detection,train
bottle-label-detection_WIN_20250209_21_54_26_Pro_jpg.rf.d60a6283716e0704277c3f89516f0b76.jpg,bottle-label-detection,train
bottle-label-detection_WIN_20250209_21_54_32_Pro_jpg.rf.0149d04612f25802ef5246faa567fce2.jpg,bottle-label-detection,train
bottle-label-detection_WIN_20250209_21_54_32_Pro_jpg.rf.3976a8eca5d0064416ad8d5156224d3e.jpg,bottle-label-detection,train
bottle-label-detection_WIN_20250209_21_54_32_Pro_jpg.rf.dc3f6169b446f5ace07cc67f37020d82.jpg,bottle-label-detection,train
bottle-label-detection_WIN_20250209_21_54_36_Pro_jpg.rf.2a382ed80e2b6257227176096197cac2.jpg,bottle-label-detection,train
bottle-label-detection_WIN_20250209_21_54_36_Pro_jpg.rf.8f4dd5b2789afc877da1ce796e27f99a.jpg,bottle-label-detection,train
bottle-label-detection_WIN_20250209_21_54_36_Pro_jpg.rf.ad2da6c36cca0415aecb6b1b6c77b9c8.jpg,bottle-label-detection,train
bottle-label-detection_WIN_20250209_21_54_39_Pro_jpg.rf.0b42d17655a88a3a0ddffc7f1ded6d20.jpg,bottle-label-detection,train
bottle-label-detection_WIN_20250209_21_54_39_Pro_jpg.rf.b874bb065abc40fa9b4911ec0133e2c1.jpg,bottle-label-detection,train
bottle-label-detection_WIN_20250209_21_56_59_Pro_jpg.rf.4c4af0195e60b5536569a0c7a8b102d1.jpg,bottle-label-detection,train
bottle-label-detection_WIN_20250209_21_56_59_Pro_jpg.rf.aaee3a3349bfd85792a5e1ac1315c885.jpg,bottle-label-detection,train
bottle-label-detection_WIN_20250209_21_56_59_Pro_jpg.rf.d58ee144e0953fe36f01a0e0ec3b5dca.jpg,bottle-label-detection,train
bottle-label-detection_WIN_20250209_21_57_57_Pro_jpg.rf.081a1fd77eacd16b1d357392f5f51128.jpg,bottle-label-detection,train
bottle-label-detection_WIN_20250209_21_57_57_Pro_jpg.rf.47e14e1c02d23b576a1ac2899ad3caa5.jpg,bottle-label-detection,train
bottle-label-detection_WIN_20250209_21_57_57_Pro_jpg.rf.725a0318559e43b9f9787f99dad7a7b2.jpg,bottle-label-detection,train
bottle-label-detection_WIN_20250209_21_57_59_Pro_jpg.rf.177bee19c39ca24b0d3d894e078dd6b8.jpg,bottle-label-detection,train
bottle-label-detection_WIN_20250209_21_57_59_Pro_jpg.rf.27ff1d7dfae4fbb4ac92291b080e2bd8.jpg,bottle-label-detection,train
bottle-label-detection_WIN_20250209_21_58_05_Pro_jpg.rf.1f1073dc894bf328a6e559da5043514b.jpg,bottle-label-detection,train
bottle-label-detection_WIN_20250209_21_58_05_Pro_jpg.rf.969b615be6741b97619d35ce3f8d48da.jpg,bottle-label-detection,train
bottle-label-detection_WIN_20250209_21_58_10_Pro_jpg.rf.2cab5819eeb2dae1bc286342d5ec1c10.jpg,bottle-label-detection,train
bottle-label-detection_WIN_20250209_21_58_10_Pro_jpg.rf.790f2c482f4e77c85e74ea25d35556f1.jpg,bottle-label-detection,train
bottle-label-detection_WIN_20250209_21_58_10_Pro_jpg.rf.e6da13108a9fca1f99a2921c6e4d8eec.jpg,bottle-label-detection,train
bottle-label-detection_WIN_20250209_21_59_10_Pro_jpg.rf.63cb9a374172a677fbc3d19bfa11a006.jpg,bottle-label-detection,train
bottle-label-detection_WIN_20250209_21_59_10_Pro_jpg.rf.9013ad4eef6e86497c2b3abff89fabcb.jpg,bottle-label-detection,train
bottle-label-detection_WIN_20250209_21_59_21_Pro_jpg.rf.73653054231d1e326b33f96e762a79e2.jpg,bottle-label-detection,train
bottle-label-detection_WIN_20250209_21_59_21_Pro_jpg.rf.fa37bc74d3a303863358be4d92d65e45.jpg,bottle-label-detection,train
bottle-label-detection_WIN_20250209_21_59_28_Pro_jpg.rf.8f7e77fbfd5826699c050a48ac4a34f9.jpg,bottle-label-detection,train
bottle-label-detection_WIN_20250209_21_59_33_Pro_jpg.rf.96030736b34192ad1e569cb9169bfa22.jpg,bottle-label-detection,train
bottle-label-detection_WIN_20250209_21_59_33_Pro_jpg.rf.9da669dd61e0d80329ad0ac0ad61c0a2.jpg,bottle-label-detection,train
bottle-label-detection_WIN_20250209_21_59_33_Pro_jpg.rf.ca09ba34bab4fcc324118155df2d79b7.jpg,bottle-label-detection,train
bottle-label-detection_WIN_20250209_21_59_41_Pro_jpg.rf.41f22edccadb6382f1531e70253119ef.jpg,bottle-label-detection,train
bottle-label-detection_WIN_20250209_21_59_41_Pro_jpg.rf.e3209ce8fd451d39394db5d2fb671027.jpg,bottle-label-detection,train
bottle-label-detection_WIN_20250209_21_59_41_Pro_jpg.rf.ebb517c744b680fc846af9b183c88873.jpg,bottle-label-detection,train
bottle-label-detection_WIN_20250209_21_59_55_Pro_jpg.rf.026ff9eece395aac761f823ced3e3c6c.jpg,bottle-label-detection,train
bottle-label-detection_WIN_20250209_21_59_55_Pro_jpg.rf.251cd0b4c78c74793f4670c43958d3f6.jpg,bottle-label-detection,train
bottle-label-detection_WIN_20250209_21_59_55_Pro_jpg.rf.2cb496e23a90761138fb528911948d24.jpg,bottle-label-detection,train
bottle-label-detection_WIN_20250209_22_03_18_Pro_jpg.rf.07a41a79cb9f66c9f91fea89c8b4b394.jpg,bottle-label-detection,train
bottle-label-detection_WIN_20250209_22_03_18_Pro_jpg.rf.86fd607b1b69f02a5095456ca5067a61.jpg,bottle-label-detection,train
bottle-label-detection_WIN_20250209_22_03_18_Pro_jpg.rf.b25632a0561e2c9cdcb53b7bf71c4754.jpg,bottle-label-detection,train
bottle-label-detection_WIN_20250209_22_03_22_Pro_jpg.rf.71ed0b7a7d810aad6e7022f2ee490b1d.jpg,bottle-label-detection,train
bottle-label-detection_WIN_20250209_22_03_22_Pro_jpg.rf.eea007a2fb9ccfe6df0cd56bfd7cd737.jpg,bottle-label-detection,train
bottle-label-detection_WIN_20250209_22_06_55_Pro_jpg.rf.ebf3fd984a3d0c33b5ac57bdc0269c72.jpg,bottle-label-detection,train
bottle-label-detection_WIN_20250209_22_07_02_Pro_jpg.rf.37a1840252b74a43fe99deac87dfc845.jpg,bottle-label-detection,train
bottle-label-detection_WIN_20250209_22_07_02_Pro_jpg.rf.7df4a48a633c636950f81c0e7983563c.jpg,bottle-label-detection,train
bottle-label-detection_WIN_20250209_22_07_08_Pro_jpg.rf.554cf3b877a5e01595972cb6ca83e3db.jpg,bottle-label-detection,train
bottle-label-detection_WIN_20250209_22_07_08_Pro_jpg.rf.eb1ba676071803f71308a4fe15a03978.jpg,bottle-label-detection,train
bottle-label-detection_WIN_20250209_22_08_34_Pro_jpg.rf.26c9398c1c6674b31e64fc1399abf4bd.jpg,bottle-label-detection,train
bottle-label-detection_WIN_20250209_22_08_34_Pro_jpg.rf.cbeba5a37c5cbbd9f99d226de07f22b7.jpg,bottle-label-detection,train
bottle-label-detection_WIN_20250209_22_08_34_Pro_jpg.rf.fe5fc3bfc0617a5167b5c58c799ab50c.jpg,bottle-label-detection,train
bottle-label-detection_WIN_20250209_22_08_43_Pro_jpg.rf.36c0096998a6cf7812fd7e3354d40348.jpg,bottle-label-detection,train
bottle-label-detection_WIN_20250209_22_08_43_Pro_jpg.rf.b75570b8a51994e4a0efa694bbec8f0c.jpg,bottle-label-detection,train
bottle-label-detection_WIN_20250209_22_08_43_Pro_jpg.rf.c29da76e82a18a854768bf16774754b1.jpg,bottle-label-detection,train
bottle-label-detection_WIN_20250209_22_11_21_Pro_jpg.rf.1ed49cc7ff32fefb4d2363aab7f78fc2.jpg,bottle-label-detection,train
bottle-label-detection_WIN_20250209_22_11_21_Pro_jpg.rf.2c8f24d7c8f36f68f6e03a9d21546862.jpg,bottle-label-detection,train
bottle-label-detection_WIN_20250209_22_11_21_Pro_jpg.rf.69bc1f65c1acffdb2dfc6f1286e00846.jpg,bottle-label-detection,train
bottle-label-detection_WIN_20250209_22_11_30_Pro_jpg.rf.9b3d3ed8bdb6f6d1acb38348f31fef1a.jpg,bottle-label-detection,train
bottle-label-detection_WIN_20250209_22_11_30_Pro_jpg.rf.d860d8016433d742596a1223dade58d9.jpg,bottle-label-detection,train
bottle-label-detection_WIN_20250209_22_12_14_Pro_jpg.rf.7a945fbf56697156e374f295feaca8a2.jpg,bottle-label-detection,train
bottle-label-detection_WIN_20250209_22_12_14_Pro_jpg.rf.fd61ae94e6dd3a7387e878fd9d1570b1.jpg,bottle-label-detection,train
bottle-label-detection_WIN_20250209_22_12_49_Pro_jpg.rf.4595c7a836ea765f339f741a35552733.jpg,bottle-label-detection,train
bottle-label-detection_WIN_20250209_22_12_49_Pro_jpg.rf.466bd5d23b293a78ac63a038c631b701.jpg,bottle-label-detection,train
bottle-label-detection_WIN_20250209_22_12_49_Pro_jpg.rf.aee5cdbe0fe13393e07c0ad26e74ad03.jpg,bottle-label-detection,train
bottle-label-detection_WIN_20250209_22_12_55_Pro_jpg.rf.5eaef8b0c7a498516cea952463205986.jpg,bottle-label-detection,train
bottle-label-detection_WIN_20250209_22_12_55_Pro_jpg.rf.94a0aab22a759ad387f64642c95606d8.jpg,bottle-label-detection,train
bottle-label-detection_WIN_20250209_22_13_09_Pro_jpg.rf.ec4bde65d888ba2ec63a318d7b8021d3.jpg,bottle-label-detection,train
bottle-label-detection_WIN_20250209_22_13_31_Pro_jpg.rf.e605a00a6b1ecb5f090bb824cf89a650.jpg,bottle-label-detection,train
bottle-label-detection_WIN_20250209_22_13_35_Pro_jpg.rf.7286d8b5d0a4f71e0336c125cdbb5aa3.jpg,bottle-label-detection,train
bottle-label-detection_WIN_20250209_22_13_35_Pro_jpg.rf.78b36a896143045d7abda47bf7a2cb0e.jpg,bottle-label-detection,train
bottle-label-detection_WIN_20250209_22_13_41_Pro_jpg.rf.49cf39adf1e1a630cd3a1e215b734289.jpg,bottle-label-detection,train
bottle-label-detection_WIN_20250209_22_13_41_Pro_jpg.rf.89c7f8432ca9b1339def27e7d093dc22.jpg,bottle-label-detection,train
bottle-label-detection_WIN_20250209_22_13_48_Pro_jpg.rf.4d489ef37ac83355df42f4078621bde2.jpg,bottle-label-detection,train
bottle-label-detection_WIN_20250209_22_13_48_Pro_jpg.rf.5e5bf730a15bbfaa07e81aba2614365e.jpg,bottle-label-detection,train
bottle-label-detection_WIN_20250209_22_14_07_Pro_jpg.rf.9677e6fddfc63cc64b76650e01301fdf.jpg,bottle-label-detection,train
bottle-label-detection_WIN_20250209_22_14_07_Pro_jpg.rf.b057161df3463b7b54d7de88d3d657a9.jpg,bottle-label-detection,train
bottle-label-detection_WIN_20250209_22_14_12_Pro_jpg.rf.0bbfb12ad11c6f702cef0e92e5082d9a.jpg,bottle-label-detection,train
bottle-label-detection_WIN_20250209_22_14_12_Pro_jpg.rf.b9da9665d7c6cc726ae239177ec20f08.jpg,bottle-label-detection,train
bottle-label-detection_WIN_20250209_22_14_12_Pro_jpg.rf.da9af731f53ce829906dbdbe51e83a05.jpg,bottle-label-detection,train
bottle-label-detection_WIN_20250209_22_14_17_Pro_jpg.rf.779b9bf56ef3cea9bbd1ae4c2905e791.jpg,bottle-label-detection,train
bottle-label-detection_WIN_20250209_22_14_17_Pro_jpg.rf.b62936162739eb79311b8f353d382328.jpg,bottle-label-detection,train
bottle-label-detection_WIN_20250209_22_15_43_Pro_jpg.rf.89b67a411533b3e313a8cccedf1b127a.jpg,bottle-label-detection,train
bottle-label-detection_WIN_20250209_22_15_43_Pro_jpg.rf.e1281576bd404727d3311efd4551ebf4.jpg,bottle-label-detection,train
bottle-label-detection_WIN_20250209_22_15_50_Pro_jpg.rf.927ea64a3be09988bec93c26e7c43a45.jpg,bottle-label-detection,train
bottle-label-detection_WIN_20250209_22_15_50_Pro_jpg.rf.bf38cfb2368ba9d26a0da5634a1e7311.jpg,bottle-label-detection,train
bottle-label-detection_WIN_20250209_22_16_03_Pro_jpg.rf.3a81a399a06d9ceedc60221b2618f313.jpg,bottle-label-detection,train
bottle-label-detection_WIN_20250209_22_16_03_Pro_jpg.rf.46c452fe0921a85457d938f6d8a86ba7.jpg,bottle-label-detection,train
bottle-label-detection_WIN_20250209_22_18_20_Pro_jpg.rf.792da9a2a3940ded7f2e1cb233df3654.jpg,bottle-label-detection,train
bottle-label-detection_WIN_20250209_22_18_26_Pro_jpg.rf.cb4c5897f633aeaeff7210fc55a2bf39.jpg,bottle-label-detection,train
bottle-label-detection_WIN_20250209_22_18_26_Pro_jpg.rf.d522442ba486bcdb6c4debb1903e6302.jpg,bottle-label-detection,train
bottle-label-detection_WIN_20250209_22_18_32_Pro_jpg.rf.ce3f66023a4e9dc48a548f09da62eaa2.jpg,bottle-label-detection,train
bottle-label-detection_WIN_20250209_22_18_52_Pro_jpg.rf.8bd2d5c401f3d3a5c825d4bef92ce5e6.jpg,bottle-label-detection,train
bottle-label-detection_WIN_20250209_22_18_52_Pro_jpg.rf.b69767983b0e3913f5ae41018c7baebd.jpg,bottle-label-detection,train
bottle-label-detection_WIN_20250209_22_18_52_Pro_jpg.rf.ce3ba3834ef5674169f9e82166d104be.jpg,bottle-label-detection,train
bottle-label-detection_WIN_20250209_22_18_59_Pro_jpg.rf.3c8c422335c47b27247e1b062e1563da.jpg,bottle-label-detection,train
bottle-label-detection_WIN_20250209_22_18_59_Pro_jpg.rf.a7885fc6ca10467f612ca70d056a5e6a.jpg,bottle-label-detection,train
bottle-label-detection_WIN_20250209_22_19_04_Pro_jpg.rf.a4e18882a8606a6e88d8e0a4f0d7baf6.jpg,bottle-label-detection,train
bottle-label-detection_WIN_20250209_22_19_10_Pro_jpg.rf.50edc8b354c3bf755e9d49df60f05565.jpg,bottle-label-detection,train
bottle-label-detection_WIN_20250209_22_19_10_Pro_jpg.rf.f7d6971ae0846d861986a129baf81471.jpg,bottle-label-detection,train
bottle-label-detection_WIN_20250209_22_19_33_Pro_jpg.rf.08912c97a7ff61397c0f33ec502fb6f2.jpg,bottle-label-detection,train
bottle-label-detection_WIN_20250209_22_19_33_Pro_jpg.rf.d6e31f0acdbb79d64a8613e033b72aef.jpg,bottle-label-detection,train
bottle-label-detection_WIN_20250209_22_19_39_Pro_jpg.rf.a975bd45e5f98cc55bb4e14ca5fba430.jpg,bottle-label-detection,train
bottle-label-detection_WIN_20250209_22_19_39_Pro_jpg.rf.bf7e28c6fd537c4c4de74727c255a081.jpg,bottle-label-detection,train
bottle-label-detection_WIN_20250209_22_19_45_Pro_jpg.rf.99715f187b671d0715cf6958b4207c6a.jpg,bottle-label-detection,train
bottle-label-detection_WIN_20250209_22_19_50_Pro_jpg.rf.7ddaf9104852f47d554f074e67a36bc5.jpg,bottle-label-detection,train
bottle-label-detection_WIN_20250209_22_19_50_Pro_jpg.rf.ee90813b1d5ed00403cdabe26c9aa2cc.jpg,bottle-label-detection,train
bottle-label-detection_WIN_20250209_22_20_07_Pro_jpg.rf.4eb61ce0720a88e4d26be197be486a28.jpg,bottle-label-detection,train
bottle-label-detection_WIN_20250209_22_20_07_Pro_jpg.rf.a1ae256303e5a1a238521308991997dd.jpg,bottle-label-detection,train
bottle-label-detection_WIN_20250209_22_20_14_Pro_jpg.rf.f3decb9aaa51ace567e00872168da02e.jpg,bottle-label-detection,train
bottle-label-detection_WIN_20250209_22_20_24_Pro_jpg.rf.229e2c795979fa96c43df6e8611936da.jpg,bottle-label-detection,train
bottle-label-detection_WIN_20250209_22_20_31_Pro_jpg.rf.38cfd1b2eb213b6c786d8cbcc981eb7d.jpg,bottle-label-detection,train
bottle-label-detection_WIN_20250209_22_20_31_Pro_jpg.rf.a358cf2cd778cd61851dad27bf11facc.jpg,bottle-label-detection,train
bottle-label-detection_WIN_20250209_22_20_42_Pro_jpg.rf.12bdde1097e11db374ebc23e88c5726c.jpg,bottle-label-detection,train
bottle-label-detection_WIN_20250209_22_20_42_Pro_jpg.rf.d4221158bcf3a5ee9db37f567b27b6e6.jpg,bottle-label-detection,train
bottle-label-detection_WIN_20250209_22_20_48_Pro_jpg.rf.781beeb7377330e9e8e37487bb48fc50.jpg,bottle-label-detection,train
bottle-label-detection_WIN_20250209_22_20_48_Pro_jpg.rf.a1cb3cc16fd20b0c23c7e7afe86b9928.jpg,bottle-label-detection,train
bottle-label-detection_WIN_20250209_22_20_54_Pro_jpg.rf.56f495d14c79e0d0aff5bbfdd382a695.jpg,bottle-label-detection,train
bottle-label-detection_WIN_20250209_22_20_54_Pro_jpg.rf.f589b9eba65f83e58409773b09460aee.jpg,bottle-label-detection,train
bottle-label-detection_WIN_20250209_22_20_59_Pro_jpg.rf.a4307625a68afb3c1284bdbd6dfd430f.jpg,bottle-label-detection,train
bottle-label-detection_WIN_20250209_22_20_59_Pro_jpg.rf.e9e8c7a6ec7e49d3185a266ca4c3de3c.jpg,bottle-label-detection,train
bottle-label-detection_WIN_20250209_22_22_21_Pro_jpg.rf.0698e73be92bcfcdafa78a3598081c3d.jpg,bottle-label-detection,train
bottle-label-detection_WIN_20250209_22_25_46_Pro_jpg.rf.b497e274f6edbd3fd9385b879bf1aec8.jpg,bottle-label-detection,train
bottle-label-detection_WIN_20250209_22_25_52_Pro_jpg.rf.1b4a0a8050deda21eb393c40df9ea2f0.jpg,bottle-label-detection,train
bottle-label-detection_WIN_20250209_22_25_52_Pro_jpg.rf.b6803bf5a7821f87f3cc661c6d487316.jpg,bottle-label-detection,train
bottle-label-detection_WIN_20250209_22_25_57_Pro_jpg.rf.bfba8963483a3809caa9a70157408f3f.jpg,bottle-label-detection,train
bottle-label-detection_WIN_20250209_22_26_02_Pro_jpg.rf.e4629258b35f29de773c6e640e1c58d1.jpg,bottle-label-detection,train
bottle-label-detection_WIN_20250209_22_26_21_Pro_jpg.rf.2c641af24b753dddc91bc4026a1f2c69.jpg,bottle-label-detection,train
bottle-label-detection_WIN_20250209_22_26_26_Pro_jpg.rf.b5867cd20cb2528877616dce1b39c8b0.jpg,bottle-label-detection,train
bottle-label-detection_WIN_20250209_22_26_31_Pro_jpg.rf.64766e639b922de6d5fe8e51a7bf1524.jpg,bottle-label-detection,train
bottle-label-detection_WIN_20250209_22_26_31_Pro_jpg.rf.88a914b0eaa7bd9bdafe90faa2bd784a.jpg,bottle-label-detection,train
bottle-label-detection_WIN_20250209_22_26_42_Pro_jpg.rf.80b800d5462c145697203b3aaadac431.jpg,bottle-label-detection,train
bottle-label-detection_WIN_20250209_22_26_56_Pro_jpg.rf.a7f2c43d4cf75151765783e70c03656e.jpg,bottle-label-detection,train
bottle-label-detection_WIN_20250209_22_26_56_Pro_jpg.rf.d5487ca81de82a10e2554d8b5e626306.jpg,bottle-label-detection,train
bottle-label-detection_WIN_20250209_22_27_00_Pro_jpg.rf.485753c405e365963c98d441cb9d5a6d.jpg,bottle-label-detection,train
bottle-label-detection_WIN_20250209_22_27_00_Pro_jpg.rf.fe08d5a65672d6288378bab96640858e.jpg,bottle-label-detection,train
bottle-label-detection_WIN_20250209_22_27_05_Pro_jpg.rf.19958a5cf54449e62789ca6b2f77bcb5.jpg,bottle-label-detection,train
bottle-label-detection_WIN_20250209_22_27_05_Pro_jpg.rf.e8f0b24330054076ebd9c1f6362e6bd0.jpg,bottle-label-detection,train
bottle-label-detection_WIN_20250209_22_27_14_Pro_jpg.rf.076e5e5fa213a317933370df65bb1591.jpg,bottle-label-detection,train
bottle-label-detection_WIN_20250209_22_27_14_Pro_jpg.rf.4072502b05aa2cbc6a0e4efd310d8435.jpg,bottle-label-detection,train
bottle-label-detection_WIN_20250209_22_27_19_Pro_jpg.rf.768fe1f86a86a0f1dd7e0d5954f3e396.jpg,bottle-label-detection,train
bottle-label-detection_WIN_20250209_22_27_35_Pro_jpg.rf.16a11e3b7f0379f9ede746606340d6b5.jpg,bottle-label-detection,train
bottle-label-detection_WIN_20250209_22_27_35_Pro_jpg.rf.a56987ff62d6ad184425aaf5b53763a2.jpg,bottle-label-detection,train
bottle-label-detection_WIN_20250209_22_27_42_Pro_jpg.rf.16cb1cafa2eb3b2762bbdf8b707e82c7.jpg,bottle-label-detection,train
bottle-label-detection_WIN_20250209_22_27_42_Pro_jpg.rf.1dd55f2f4de3a983808b24dbd21626e1.jpg,bottle-label-detection,train
bottle-label-detection_WIN_20250209_22_27_46_Pro_jpg.rf.1ed6c23e58cedd1e9c07e28f636a2e45.jpg,bottle-label-detection,train
bottle-label-detection_WIN_20250209_22_27_53_Pro_jpg.rf.15b4582115b9c910aa202a56c8697589.jpg,bottle-label-detection,train
bottle-label-detection_WIN_20250209_22_27_53_Pro_jpg.rf.d34297b1758d376efd8fd09f1a243f21.jpg,bottle-label-detection,train
bottle-label-detection_WIN_20250209_22_27_58_Pro_jpg.rf.09e6ae77e66122a1a9ba33b4e02f88df.jpg,bottle-label-detection,train
bottle-label-detection_WIN_20250209_22_27_58_Pro_jpg.rf.5cf5cc910f357c8a3fd5b8c1a3d61b84.jpg,bottle-label-detection,train
bottle-label-detection_IMG_2321_jpg.rf.6db4a91f5b1792a2266c366ec5021751.jpg,bottle-label-detection,val
bottle-label-detection_IMG_2337_jpg.rf.93c799c6951696a3b852fba76088f67e.jpg,bottle-label-detection,val
bottle-label-detection_IMG_2338_jpg.rf.13ec4aa49ce1eb2972e09d9018de7d99.jpg,bottle-label-detection,val
bottle-label-detection_IMG_2344_jpg.rf.adba3e8a26a8a4e0036853fbf818cd84.jpg,bottle-label-detection,val
bottle-label-detection_IMG_2357_jpg.rf.72195c4ef2cd244dae2463f2f66a26fd.jpg,bottle-label-detection,val
bottle-label-detection_IMG_2360_jpg.rf.ddd685b259d53f5539f9b72d033fae79.jpg,bottle-label-detection,val
bottle-label-detection_IMG_2383_jpg.rf.d9f4b024147041199b074253c8d3630f.jpg,bottle-label-detection,val
bottle-label-detection_IMG_2398_jpg.rf.afb648cd435fde1f32b2db39a8a861ce.jpg,bottle-label-detection,val
bottle-label-detection_IMG_2412_jpg.rf.24147f6d8f03f47ee1f3b2dbc427d0c7.jpg,bottle-label-detection,val
bottle-label-detection_IMG_2431_jpg.rf.7799e46e7d0ac2311645d74e101335db.jpg,bottle-label-detection,val
bottle-label-detection_IMG_2436_jpg.rf.1fba2294512017185adc44814306ac09.jpg,bottle-label-detection,val
bottle-label-detection_IMG_2594_jpg.rf.7fe93956b3adcb3917f58a3315b1c698.jpg,bottle-label-detection,val
bottle-label-detection_IMG_2610_jpg.rf.8b600ef69520f4b2fa3c35915073484c.jpg,bottle-label-detection,val
bottle-label-detection_IMG_2622_jpg.rf.07e2a676ffdb784e1c76d44f98d8bde6.jpg,bottle-label-detection,val
bottle-label-detection_IMG_2656_jpg.rf.a8f1624207e70619400bb27d6032d2bf.jpg,bottle-label-detection,val
bottle-label-detection_IMG_2663_jpg.rf.51ac8691459e0f6aca0161990d99b954.jpg,bottle-label-detection,val
bottle-label-detection_IMG_2666_jpg.rf.96fe2c4fb9c01dfffa58ed91897fc61b.jpg,bottle-label-detection,val
bottle-label-detection_IMG_2667_jpg.rf.e5ce4d96d7fe06050c6b28ffe0d33cad.jpg,bottle-label-detection,val
bottle-label-detection_IMG_2668_jpg.rf.c71d27fc9f76912df1bcb891b56557af.jpg,bottle-label-detection,val
bottle-label-detection_IMG_2672_jpg.rf.7fc60c09168790a9a44dba40367419eb.jpg,bottle-label-detection,val
bottle-label-detection_IMG_2674_jpg.rf.0a1314c0a7f24c957be52553e88a7e49.jpg,bottle-label-detection,val
bottle-label-detection_IMG_2681_jpg.rf.1cacbfec443a660b87c1554dad6cf482.jpg,bottle-label-detection,val
bottle-label-detection_IMG_2688_jpg.rf.3f945e97d1ce1f58ebafeae5f08a28be.jpg,bottle-label-detection,val
bottle-label-detection_IMG_2695_jpg.rf.14f19a6a21a883c76b59374095e3c0b2.jpg,bottle-label-detection,val
bottle-label-detection_IMG_2703_jpg.rf.a93927312e6053211c50b3b8fdf67170.jpg,bottle-label-detection,val
bottle-label-detection_IMG_2705_jpg.rf.d12eb63fc8dadcc6323531fb63f07798.jpg,bottle-label-detection,val
bottle-label-detection_IMG_2708_jpg.rf.4ab52d659979def2b949ee18ad4ca0d4.jpg,bottle-label-detection,val
bottle-label-detection_IMG_2710_jpg.rf.a91a5e0293ef8a61b59d00527b4cc993.jpg,bottle-label-detection,val
bottle-label-detection_IMG_2716_jpg.rf.829ec57308ca55139d46da3f77be5528.jpg,bottle-label-detection,val
bottle-label-detection_IMG_2725_jpg.rf.f3053dbdcf158f58412b779f7403ac04.jpg,bottle-label-detection,val
bottle-label-detection_IMG_2732_jpg.rf.6ab5f4e9d9edb6b7ce5663bef3d25227.jpg,bottle-label-detection,val
bottle-label-detection_IMG_2738_jpg.rf.34593a4fbdfb6c17c02dd6da8bb955f5.jpg,bottle-label-detection,val
bottle-label-detection_IMG_2742_jpg.rf.f574ba82a9b0664c1bacfdc9652bf498.jpg,bottle-label-detection,val
bottle-label-detection_IMG_2746_jpg.rf.7e64d31ec63c123049c0e5ff7a21fccb.jpg,bottle-label-detection,val
bottle-label-detection_IMG_2753_jpg.rf.974a1e6ee18959f9b2cc7f29d12fe3f9.jpg,bottle-label-detection,val
bottle-label-detection_IMG_2767_jpg.rf.950f83553ca0f421c99b3d7e3639e529.jpg,bottle-label-detection,val
bottle-label-detection_IMG_2768_jpg.rf.67e4f79d400c537e5d68209c07e53f14.jpg,bottle-label-detection,val
bottle-label-detection_IMG_2776_jpg.rf.fd16cc47eaff1654a2470f02b380bd89.jpg,bottle-label-detection,val
bottle-label-detection_IMG_2780_jpg.rf.3e2975224ea454330003345885f3449d.jpg,bottle-label-detection,val
bottle-label-detection_IMG_2792_jpg.rf.3f4662be8f19f69f83e9077fd81fa447.jpg,bottle-label-detection,val
bottle-label-detection_IMG_2794_jpg.rf.5f20de62f814d4eae1cefab2d7a2091e.jpg,bottle-label-detection,val
bottle-label-detection_WIN_20250209_18_33_56_Pro_jpg.rf.4f206dbb52f588bff58bd486b6cc96ce.jpg,bottle-label-detection,val
bottle-label-detection_WIN_20250209_18_36_16_Pro_jpg.rf.8ab520832adc5423f9f02c4a01fbb743.jpg,bottle-label-detection,val
bottle-label-detection_WIN_20250209_18_40_29_Pro_jpg.rf.8ba835ea2e35062570ad0211e9ed6267.jpg,bottle-label-detection,val
bottle-label-detection_WIN_20250209_18_43_14_Pro_jpg.rf.e476db8ecd254a3ad82cac5dc870270d.jpg,bottle-label-detection,val
bottle-label-detection_WIN_20250209_19_35_30_Pro_jpg.rf.f79363c50355fe0d8da75206aa67fe18.jpg,bottle-label-detection,val
bottle-label-detection_WIN_20250209_19_59_42_Pro_jpg.rf.5d9117739b512766d36b47c6c59a7e09.jpg,bottle-label-detection,val
bottle-label-detection_WIN_20250209_20_00_20_Pro_jpg.rf.559de5fbfaed739036afbc7996bb2343.jpg,bottle-label-detection,val
bottle-label-detection_WIN_20250209_21_51_00_Pro_jpg.rf.3fab66ff3a860ba2721cd2c117b3a384.jpg,bottle-label-detection,val
bottle-label-detection_WIN_20250209_21_51_05_Pro_jpg.rf.4fb48a3d3b370f70072c14cd3205531c.jpg,bottle-label-detection,val
bottle-label-detection_WIN_20250209_21_57_50_Pro_jpg.rf.511370809338f8ec837fdf537f620bf5.jpg,bottle-label-detection,val
bottle-label-detection_WIN_20250209_21_58_19_Pro_jpg.rf.fab5d6c85397f5836a1ff7568031da8e.jpg,bottle-label-detection,val
bottle-label-detection_IMG_2331_jpg.rf.5283be987108386a4a7e0603f4afe116.jpg,bottle-label-detection,test
bottle-label-detection_IMG_2364_jpg.rf.484e51836decc5d9947f757641013e18.jpg,bottle-label-detection,test
bottle-label-detection_IMG_2409_jpg.rf.701176ce9d77b96056bc96b726f631d2.jpg,bottle-label-detection,test
bottle-label-detection_IMG_2561_jpg.rf.47c13dea135c715bab233a8893f25dce.jpg,bottle-label-detection,test
bottle-label-detection_IMG_2572_jpg.rf.453cfd273772dc8f73e2dcf423a1c62e.jpg,bottle-label-detection,test
bottle-label-detection_IMG_2614_jpg.rf.d7e2dca26e445e03ab17bca6c8d7d314.jpg,bottle-label-detection,test
bottle-label-detection_IMG_2646_jpg.rf.2d9a6616127d4497a9a5b6f8abb8a426.jpg,bottle-label-detection,test
bottle-label-detection_IMG_2669_jpg.rf.51d4deeefec4ce3012375fbc68b0f5c3.jpg,bottle-label-detection,test
bottle-label-detection_IMG_2720_jpg.rf.da8ce1bcc6a4d6f1c3f3edeefaf92030.jpg,bottle-label-detection,test
bottle-label-detection_IMG_2784_jpg.rf.c1bc91a4feff221786fa79130e78d5e4.jpg,bottle-label-detection,test
bottle-label-detection_WIN_20250209_21_58_14_Pro_jpg.rf.230b55abf30d0354e15019f74616060a.jpg,bottle-label-detection,test
bottle-label-detection_WIN_20250209_22_12_34_Pro_jpg.rf.b530fb2fc0c860b2db385b89294038f6.jpg,bottle-label-detection,test
