image,source,origin_split
dataset-1_00ake_jpg.rf.54511023aa4723b487256cd397af6d6a.jpg,dataset-1,train
dataset-1_00ake_jpg.rf.bf14a6b4b7465c6cd67c11c5183fd39c.jpg,dataset-1,train
dataset-1_101_jpg.rf.8fd6260fc299566b99c61eb7f5183b23.jpg,dataset-1,train
dataset-1_103_jpg.rf.16725e09594c66233de952f8bf57e0b6.jpg,dataset-1,train
dataset-1_103_jpg.rf.a2f47995f26dfff71d438dba9bc82d4b.jpg,dataset-1,train
dataset-1_111_jpg.rf.0325e5651e0fc99e47b6b976c69a9d16.jpg,dataset-1,train
dataset-1_111_jpg.rf.551905323ecf51998bb301cc091bca37.jpg,dataset-1,train
dataset-1_111_jpg.rf.9b5bc789811c23811658a9ec7b859c16.jpg,dataset-1,train
dataset-1_133_jpg.rf.35c0b11e7226900aafc12d62ebbc916d.jpg,dataset-1,train
dataset-1_133_jpg.rf.370f90f109e1ba968d7f7bba5f91deab.jpg,dataset-1,train
dataset-1_133_jpg.rf.4937b52d17a69a858d03ebb9413eea58.jpg,dataset-1,train
dataset-1_145_jpg.rf.1631c148d5139a3343d13d6c1802f5e7.jpg,dataset-1,train
dataset-1_145_jpg.rf.2bf7f5d4c29ec97f296648725a56d127.jpg,dataset-1,train
dataset-1_145_jpg.rf.4ca75f8fa73830ddaa512c522fccc0ce.jpg,dataset-1,train
dataset-1_14_jpg.rf.0acf5f27221d4b20a6045313c858349d.jpg,dataset-1,train
dataset-1_14_jpg.rf.bd39ac0822604886fae6f722054afabe.jpg,dataset-1,train
dataset-1_14_jpg.rf.c600e23d587017c2b7fcbed6fda8f8ea.jpg,dataset-1,train
dataset-1_1_jpg.rf.0d2e053d482befc31c93f4d7c62b0051.jpg,dataset-1,train
dataset-1_1_jpg.rf.359ef4c4bd208b311ea90c00e8239f1e.jpg,dataset-1,train
dataset-1_1_jpg.rf.3e4a83aeec81990f36e7aac45148d32e.jpg,dataset-1,train
dataset-1_20220125_175448_jpg.rf.18d3b8179f3a370bd8e5d5f91e33b034.jpg,dataset-1,train
dataset-1_20220125_175448_jpg.rf.8f3b7222761d2edc036e74a7ee953d7b.jpg,dataset-1,train
dataset-1_20220125_175458_jpg.rf.3422b7d7c6d6bb655ea28c6cb9b8cf58.jpg,dataset-1,train
dataset-1_20220125_175458_jpg.rf.e7cf90b54cc76203e3e6e63cad6fa1d3.jpg,dataset-1,train
dataset-1_20220125_175510_jpg.rf.a7f31fe895157d5e19ff6986cfd8b444.jpg,dataset-1,train
dataset-1_20220125_175510_jpg.rf.d3308c3b33343107e101af9366a73a3e.jpg,dataset-1,train
dataset-1_20220125_175510_jpg.rf.e1592808aa4e435c8993eea9be873cf4.jpg,dataset-1,train
dataset-1_20220125_175510_jpg.rf.e68ce46a5fa7bd6ea4d6a5e6de54e54e.jpg,dataset-1,train
dataset-1_20220125_175519_jpg.rf.83e5f273fbf3f93c57f7196278b19e65.jpg,dataset-1,train
dataset-1_20220125_175519_jpg.rf.b0d90afc538b43101844ce273f63c974.jpg,dataset-1,train
dataset-1_20220125_175519_jpg.rf.bc6284ad3d074149851ab77bff7febc5.jpg,dataset-1,train
dataset-1_20220125_175525_jpg.rf.11bc180f88dd08797055585ba083a741.jpg,dataset-1,train
dataset-1_20220125_175525_jpg.rf.b1cf37663bd7928096c99a8db81a5730.jpg,dataset-1,train
dataset-1_20220125_175525_jpg.rf.b848205ec6367f4ac6db7bce858e2642.jpg,dataset-1,train
dataset-1_20220125_175525_jpg.rf.f6df480488db3da12ceff86393c362e5.jpg,dataset-1,train
dataset-1_20220125_175604_jpg.rf.564c4ba17e3419eafabae6ae7de749be.jpg,dataset-1,train
dataset-1_20220125_175604_jpg.rf.961a4f5f0a4454658e8d95ce62417141.jpg,dataset-1,train
dataset-1_20220125_175619_jpg.rf.64c706414b7a6081afc214bfed35d57a.jpg,dataset-1,train
dataset-1_20220125_175622_jpg.rf.a38b7134c91149b9bde86c819d014ea8.jpg,dataset-1,train
dataset-1_20220125_175630_jpg.rf.0916d581718436c6329b19775fc0221a.jpg,dataset-1,train
dataset-1_20220125_175630_jpg.rf.3e75912aa9f666d7ae9e0477918c2735.jpg,dataset-1,train
dataset-1_20220125_175630_jpg.rf.6c5566a6d0da828d19de156daffb5cc7.jpg,dataset-1,train
dataset-1_20220125_175630_jpg.rf.ac8076f9e193fea0626660ff16837402.jpg,dataset-1,train
dataset-1_20220125_175647_jpg.rf.d44313ed73ec640b43afc1ec49f01c5c.jpg,dataset-1,train
dataset-1_20220125_175710_jpg.rf.7027706940e105d878ca67cdee5d135a.jpg,dataset-1,train
dataset-1_20220125_175714_jpg.rf.1121790417f61a224c7cc09fa084545f.jpg,dataset-1,train
dataset-1_20220125_175714_jpg.rf.1180d711690a2d12222f7c0f085e7b12.jpg,dataset-1,train
dataset-1_20220125_175715_jpg.rf.3febf8a4d5edc436ec3d32404fe8c4a4.jpg,dataset-1,train
dataset-1_20220125_175715_jpg.rf.a471751a2eb108a138983f3c3c987e27.jpg,dataset-1,train
dataset-1_20220125_175715_jpg.rf.ff495ba1dca865fca2c614e701d641ee.jpg,dataset-1,train
dataset-1_20220125_175717_jpg.rf.18846d27edc44c82355905ecf5f4539a.jpg,dataset-1,train
dataset-1_20220125_175732_jpg.rf.6b80186e492eb70a8bd8b490ec1f0b63.jpg,dataset-1,train
dataset-1_20220125_175732_jpg.rf.8da5b9707b439bd69e8b9cf4346ba78e.jpg,dataset-1,train
dataset-1_20220125_175732_jpg.rf.8ef3dbeb51f4c297b675ae42afdc9931.jpg,dataset-1,train
dataset-1_20220125_175738_jpg.rf.4e1b40488b9f8887e74e11eccb5b16b0.jpg,dataset-1,train
dataset-1_20220125_175738_jpg.rf.87b3ffee47b0e2fce4fa11474c2a7b67.jpg,dataset-1,train
dataset-1_20220125_175738_jpg.rf.ae3c9e804fb6a488b690478ad775b607.jpg,dataset-1,train
dataset-1_20220125_175738_jpg.rf.cb946d36fe0838535b6fce160f3877ef.jpg,dataset-1,train
dataset-1_20220125_175746_jpg.rf.4f216e69a9ddb2b772fb5dbad9cec001.jpg,dataset-1,train
dataset-1_20220125_175746_jpg.rf.cf5912b274413f243b46f493f7e589b9.jpg,dataset-1,train
dataset-1_20220125_175751_jpg.rf.110fb56f9ce148ae33fd502c1d3b40ad.jpg,dataset-1,train
dataset-1_20220125_175756_jpg.rf.23a2d332ae3b302135c79fc22797c208.jpg,dataset-1,train
dataset-1_20220125_175756_jpg.rf.3c378d16a35c1a7f1bd716e461f8f60f.jpg,dataset-1,train
dataset-1_20220125_175756_jpg.rf.6bb8f1bf74413dd4ebed3901f1d72950.jpg,dataset-1,train
dataset-1_20220125_175756_jpg.rf.bf3e2055fcf21d9b5e05d3be484d3572.jpg,dataset-1,train
dataset-1_20220125_175800_jpg.rf.1e227778c06ef78acc89a516e0045f91.jpg,dataset-1,train
dataset-1_20220125_175800_jpg.rf.6157f5469b64a87bbc61cf3028c78586.jpg,dataset-1,train
dataset-1_20220125_175800_jpg.rf.a6ad06ce765289daaf5d236f7700e157.jpg,dataset-1,train
dataset-1_20220125_175806_jpg.rf.1ac9a2cb0ac611ffa54e57677d8aa06a.jpg,dataset-1,train
dataset-1_20220125_175813_jpg.rf.1f759891ee16012ad93f25e97123ad31.jpg,dataset-1,train
dataset-1_20220125_175813_jpg.rf.69946073190b600a6ff033b003f5acca.jpg,dataset-1,train
dataset-1_20220125_175814_jpg.rf.0126142ad2ea3601a8e203fb9e16509a.jpg,dataset-1,train
dataset-1_20220125_175814_jpg.rf.0fa5de1782089b3b9081693095799cf8.jpg,dataset-1,train
dataset-1_20220125_175814_jpg.rf.17775d43be12278fca1103f104ac6498.jpg,dataset-1,train
dataset-1_20220125_175814_jpg.rf.3b6766d34f0b8b62014e6ddd568d3db7.jpg,dataset-1,train
dataset-1_20220125_181501_jpg.rf.781465aa02f7dbe86a2d75ec4b91c40f.jpg,dataset-1,train
dataset-1_20220125_181501_jpg.rf.d838116acbe45831ac8c1f248f4c719c.jpg,dataset-1,train
dataset-1_20220125_181623_jpg.rf.1903e84cfea1534e5a585f913c3b2a4c.jpg,dataset-1,train
dataset-1_20220125_181623_jpg.rf.5207b61965f699d8418d7fced9f2d23c.jpg,dataset-1,train
dataset-1_20220125_181623_jpg.rf.6552f0c1ee26ec40a33a3b3215f395f7.jpg,dataset-1,train
dataset-1_20220125_181626_jpg.rf.0ffbf4b168b2c22fc9340f0a2de6334c.jpg,dataset-1,train
dataset-1_20220125_181626_jpg.rf.14d66537d698e93950d200ed3dba2ef6.jpg,dataset-1,train
dataset-1_20220125_181636_jpg.rf.467ba2b5ac5b888377c0d445514cb0e1.jpg,dataset-1,train
dataset-1_20220125_181638_jpg.rf.7c131e9ac30ccc24f9f3582a9c29c749.jpg,dataset-1,train
dataset-1_20220125_181638_jpg.rf.b58a74c9c7f0c8c8c97dc8e0f7456ea4.jpg,dataset-1,train
dataset-1_20220125_181640_jpg.rf.2ac64a6d0c5112b05fc97b0fecd35140.jpg,dataset-1,train
dataset-1_20220125_181640_jpg.rf.2fe6c957ff224260b773271b031f516e.jpg,dataset-1,train
dataset-1_20220125_181640_jpg.rf.e54787700d4a08656a82f3e36f099d07.jpg,dataset-1,train
dataset-1_20220125_181645_jpg.rf.16318e16f720a31906deb02057c12e4d.jpg,dataset-1,train
dataset-1_20220125_181645_jpg.rf.248fb49b8e425c49c52ca00bc042e634.jpg,dataset-1,train
dataset-1_20220125_181645_jpg.rf.902489529d1b18044cf2ec7edf710a5f.jpg,dataset-1,train
dataset-1_20220125_181657_jpg.rf.3ed7bcc4f390f3e4468e8555b5ada14c.jpg,dataset-1,train
dataset-1_20220125_181657_jpg.rf.4ee999b66ec6598ddb96d374d8a31796.jpg,dataset-1,train
dataset-1_20220125_181659_jpg.rf.2f87a190eb8caf1986fb0f8202edb3cd.jpg,dataset-1,train
dataset-1_20220125_181659_jpg.rf.9b51956b8c15c15440d0d2aeea27c531.jpg,dataset-1,train
dataset-1_20220125_181701_jpg.rf.065a9ce0f8c5f08757fd59fe550d42fa.jpg,dataset-1,train
dataset-1_20220125_181701_jpg.rf.5b0a35b48d72eb8a39f25ed452d295da.jpg,dataset-1,train
dataset-1_20220125_181701_jpg.rf.5dc3a34527d5b8b0cb2d17151702c258.jpg,dataset-1,train
dataset-1_20220125_181701_jpg.rf.d53ce320a0dd4f14c6732fa1bf22dc95.jpg,dataset-1,train
dataset-1_20220125_181703_jpg.rf.031f93c7dd82331406272d6c3937c8ad.jpg,dataset-1,train
dataset-1_20220125_181703_jpg.rf.347a0da0525729a3142e9d6f431191a3.jpg,dataset-1,train
dataset-1_20220125_181703_jpg.rf.c6e1a444d5db9801a6973e8cd6b56d7c.jpg,dataset-1,train
dataset-1_20220125_181703_jpg.rf.e05d21a436c75573b2f5e518ec495434.jpg,dataset-1,train
dataset-1_20220211_182114_jpg.rf.86b831b1e3c4623ae184888cbcbda785.jpg,dataset-1,train
dataset-1_20220211_182117_jpg.rf.5fbbfa60a53ff1c6988c989d11a346b0.jpg,dataset-1,train
dataset-1_20220211_182117_jpg.rf.d53b8824bc4ac35f0b34e7d6bcd288cc.jpg,dataset-1,train
dataset-1_20220211_182120_jpg.rf.6ba4f2b779e2dd59b6223b17b057113d.jpg,dataset-1,train
dataset-1_20220211_182120_jpg.rf.81989cbbbd4d377e6a02cac3d94b9105.jpg,dataset-1,train
dataset-1_20220211_182120_jpg.rf.95a6db5db94a45ca84d397e5367c3a18.jpg,dataset-1,train
dataset-1_20220211_182124_jpg.rf.20c3fc039d2f318e9a28e62a3144ba93.jpg,dataset-1,train
dataset-1_20220211_182124_jpg.rf.9f565c399fa4be921721efe215febc0f.jpg,dataset-1,train
dataset-1_20220211_182140_jpg.rf.27c003fc1558ce3b8127dcc8c8a9d55f.jpg,dataset-1,train
dataset-1_20220211_182140_jpg.rf.5c4f80eb7fe05b242d741b638d7bc0ed.jpg,dataset-1,train
dataset-1_20220211_182142_jpg.rf.0dcfc2603a6128f53d162ac520e25a41.jpg,dataset-1,train
dataset-1_20220211_182142_jpg.rf.99e42727d91cc53f9bdd0ca129886868.jpg,dataset-1,train
dataset-1_20220211_182145_jpg.rf.9f7a91820c2b410c81c846b9cc772b3f.jpg,dataset-1,train
dataset-1_20220211_182152_jpg.rf.3e66bf2a499b6a5f683654867d26bb29.jpg,dataset-1,train
dataset-1_20220211_182152_jpg.rf.57c8f0c049868d383e3866227840e526.jpg,dataset-1,train
dataset-1_20220211_182154_jpg.rf.40efda85b9f34f1121c08f73deb0cc99.jpg,dataset-1,train
dataset-1_20220211_182154_jpg.rf.944ad0bc296c7504e4b27a2fea8597fd.jpg,dataset-1,train
dataset-1_20220211_182157_jpg.rf.0e507c5d698d72ec43fc3c23a606df50.jpg,dataset-1,train
dataset-1_20220211_182157_jpg.rf.662223ebb9161048de27ea9b99e7480a.jpg,dataset-1,train
dataset-1_20220211_182159_jpg.rf.0261f63fe91f581dfa5128e22f00609c.jpg,dataset-1,train
dataset-1_20220211_182208_jpg.rf.32629f630927ecc7fe3a578fa9b12d29.jpg,dataset-1,train
dataset-1_20220211_182208_jpg.rf.7f4d60e37d8ffda7814c737e3cc73f24.jpg,dataset-1,train
dataset-1_20220211_182223_jpg.rf.295f75443f55e239b4302cfce3442318.jpg,dataset-1,train
dataset-1_20220211_182233_jpg.rf.2f601ae03178e5777947a4c8188aa6b4.jpg,dataset-1,train
dataset-1_20220211_182233_jpg.rf.64fdb66b7921b42bc68611c53060978b.jpg,dataset-1,train
dataset-1_20220211_182239_jpg.rf.026ea1e8ce0b89bfa31ca659ec7b87f7.jpg,dataset-1,train
dataset-1_20220211_182239_jpg.rf.6847b22b0a6cb3aa0ed81bc6367eb851.jpg,dataset-1,train
dataset-1_20220211_182246_jpg.rf.434f06158f4b9761a44eb9d4e9ff31dd.jpg,dataset-1,train
dataset-1_20220211_182246_jpg.rf.5947289d5d72e0acec2f411e8e8bbf51.jpg,dataset-1,train
dataset-1_20220211_182246_jpg.rf.805a5ae7c5f49122ba349737451b93aa.jpg,dataset-1,train
dataset-1_20220211_182250_jpg.rf.321b64214a60bd2566b7750da3e8372e.jpg,dataset-1,train
dataset-1_20220211_182252_jpg.rf.956d51912e9bdc4beb8451774e6f4be3.jpg,dataset-1,train
dataset-1_20220211_182252_jpg.rf.a9029c345b024dab5d0daa68b460d0f9.jpg,dataset-1,train
dataset-1_20220211_182257_jpg.rf.b25a453cacbaf1dc1f6158e2f8168e14.jpg,dataset-1,train
dataset-1_20220211_182257_jpg.rf.c6d73145575c225c363c9c0060b24ba1.jpg,dataset-1,train
dataset-1_20220211_182257_jpg.rf.dcb5cdda818ced5992773bf2220c54aa.jpg,dataset-1,train
dataset-1_20220211_182259_jpg.rf.113eecf2af023b891305d5b5b9ec6ad1.jpg,dataset-1,train
dataset-1_20220211_182259_jpg.rf.240f90f2ffdabb39cb2785a647a78397.jpg,dataset-1,train
dataset-1_20220211_182259_jpg.rf.5586cc7eafc9624100102fb1558fc898.jpg,dataset-1,train
dataset-1_20220211_182303_jpg.rf.1ad5abda6837789463f84ce7e3149c19.jpg,dataset-1,train
dataset-1_20220211_182303_jpg.rf.395fed9409b3f2cf560c1a3a198392b4.jpg,dataset-1,train
dataset-1_20220211_182303_jpg.rf.eac19b897248db5a2ab97bfb47afbede.jpg,dataset-1,train
dataset-1_20220211_182308_jpg.rf.0d7c4b58f2a1d4462aabfbf1d396bd67.jpg,dataset-1,train
dataset-1_20220211_182308_jpg.rf.1037cea60385419a1bb57f217ffd4879.jpg,dataset-1,train
dataset-1_20220211_182310_jpg.rf.09f70a286b8c770c504298ddff7bcdf8.jpg,dataset-1,train
dataset-1_20220211_182310_jpg.rf.308db763552f2f4ce8c27d5819674cf0.jpg,dataset-1,train
dataset-1_20220211_182312_jpg.rf.6111e0f86736fe63871f5aadfdab8200.jpg,dataset-1,train
dataset-1_20220211_182312_jpg.rf.6121571d87428f669cabc15813d824c8.jpg,dataset-1,train
dataset-1_20220211_182312_jpg.rf.c16951962389d5e1d18688e8be468931.jpg,dataset-1,train
dataset-1_20220211_182316_jpg.rf.75f1aae9c4f94d6f52e46dc06ea76f61.jpg,dataset-1,train
dataset-1_20220211_182316_jpg.rf.e474ee9cdba51adc06cdf5567ac96866.jpg,dataset-1,train
dataset-1_20220211_182321_jpg.rf.cf7052371049dc45bf678466e62675c2.jpg,dataset-1,train
dataset-1_20220211_182323_jpg.rf.8ebde21f8233888302e0134e0fdb43c0.jpg,dataset-1,train
dataset-1_20220211_182323_jpg.rf.c7b9f81b727fb44ce18fd934549b970c.jpg,dataset-1,train
dataset-1_20220211_182326_jpg.rf.3cd76fcd8cfd6a001c4fc93fe6bb1075.jpg,dataset-1,train
dataset-1_20220211_182326_jpg.rf.3e351ba4c0d10c4706ed5310e6e0f829.jpg,dataset-1,train
dataset-1_20220211_182326_jpg.rf.5e6f08e2b906a034ea969bd4800ccbcb.jpg,dataset-1,train
dataset-1_20220211_182344_jpg.rf.6ef8ae729260bf57b23c8debeaa7f010.jpg,dataset-1,train
dataset-1_20220211_182344_jpg.rf.9e695020615f41afe0a36ec038e5d0e1.jpg,dataset-1,train
dataset-1_20220211_182344_jpg.rf.c8c86c4709fa5b0dd98de117ecff536a.jpg,dataset-1,train
dataset-1_20220211_182348_jpg.rf.3e46bbb13973037c82ed46642fd2dc20.jpg,dataset-1,train
dataset-1_20220211_182348_jpg.rf.5c122df2980cd44e2be53d18b3086c3a.jpg,dataset-1,train
dataset-1_20220211_182348_jpg.rf.94f1d56fec39caebe0949669b0babb5a.jpg,dataset-1,train
dataset-1_20220211_182403_jpg.rf.7c1c6fb651c5e242f03387c5fceab907.jpg,dataset-1,train
dataset-1_20220211_182406_jpg.rf.49b1ee3f2973d6b953ba20e999176425.jpg,dataset-1,train
dataset-1_20220211_182406_jpg.rf.860e54e352e4b727699a976aa6091168.jpg,dataset-1,train
dataset-1_20220211_182440_jpg.rf.0c5f3b1ffaef27efd8153607956e3300.jpg,dataset-1,train
dataset-1_20220211_182453_jpg.rf.00fc99f3925ac4c5e41869cfa0cc0bd3.jpg,dataset-1,train
dataset-1_20220211_182453_jpg.rf.0421615c2341e291f5cbea8e7b60aa2f.jpg,dataset-1,train
dataset-1_20220211_182453_jpg.rf.32a575a72033701efd810a3bf81067d4.jpg,dataset-1,train
dataset-1_20220211_182453_jpg.rf.d8270a0352ce27b828cffd8064fa14de.jpg,dataset-1,train
dataset-1_20220211_182505_jpg.rf.33bd51968b6da2fefcc66643f83a7344.jpg,dataset-1,train
dataset-1_20220211_182505_jpg.rf.591be036a13326a580736b5a3f05037b.jpg,dataset-1,train
dataset-1_20220211_182505_jpg.rf.9b8a6982fac58cb0c772e0028e9724e0.jpg,dataset-1,train
dataset-1_20220211_182513_jpg.rf.3512d2b8dcf776c24e841709cdd37af0.jpg,dataset-1,train
dataset-1_20220211_182544_jpg.rf.9015b21601696390119204515bed5b8c.jpg,dataset-1,train
dataset-1_20220211_182544_jpg.rf.c9612e748101179de0967673683e786f.jpg,dataset-1,train
dataset-1_20220211_182549_jpg.rf.529be09c6207ec4248693ce44e3264f6.jpg,dataset-1,train
dataset-1_20220211_182549_jpg.rf.8ef5a2ca1ad6c1b876de371933661a78.jpg,dataset-1,train
dataset-1_20220211_182549_jpg.rf.db30f0509c0a2b601d98c7517f99ea45.jpg,dataset-1,train
dataset-1_20220211_182558_jpg.rf.342a9fb68f1ce11015201d84f83c8d7d.jpg,dataset-1,train
dataset-1_20220211_182558_jpg.rf.a9457bdf3785750ffe41fda1a4bfd3a3.jpg,dataset-1,train
dataset-1_20220211_182558_jpg.rf.b6e8e88ad998f177ccfbe5e1a4c757f3.jpg,dataset-1,train
dataset-1_20220211_182558_jpg.rf.eb45b8ea9e30a0c05c3a8ac1b6d6eab1.jpg,dataset-1,train
dataset-1_20220211_192739_jpg.rf.5595a51fabf15dd913a93a6b4c35f743.jpg,dataset-1,train
dataset-1_20220211_192740_jpg.rf.03eb98b6af6331d09d6a471fe81f8b9a.jpg,dataset-1,train
dataset-1_20220211_192740_jpg.rf.6a981d06e8d2233e7425688a67931498.jpg,dataset-1,train
dataset-1_20220211_192740_jpg.rf.9079ac8f1eb20faff6a9265259c31179.jpg,dataset-1,train
dataset-1_20220211_192757_jpg.rf.6ab8baf329e15596874ebe051f5bbc0d.jpg,dataset-1,train
dataset-1_20220211_192759_jpg.rf.293ad8348d524b8b47eda8558520158f.jpg,dataset-1,train
dataset-1_20220211_192759_jpg.rf.bf1785984659ec4c07dd180a409134cd.jpg,dataset-1,train
dataset-1_20220211_192800_jpg.rf.5c09db10bc668d80d025fd397f8dfdc0.jpg,dataset-1,train
dataset-1_20220211_192800_jpg.rf.624cf4110e3009ecfe091e8f0feb28a2.jpg,dataset-1,train
dataset-1_20220211_192808_jpg.rf.34b092c781b55d05e3e4cf9a8ca24919.jpg,dataset-1,train
dataset-1_20220211_192810_jpg.rf.7411c8b50d889138ee4ae06029420243.jpg,dataset-1,train
dataset-1_20220211_192813_jpg.rf.1aa0fe7e9fb79398838670890a8a027c.jpg,dataset-1,train
dataset-1_20220211_192813_jpg.rf.32b81f3e885f74e04a727fe1d8f2d013.jpg,dataset-1,train
dataset-1_20220211_192813_jpg.rf.ab2b4bf49097871b09c14a013efa1ea0.jpg,dataset-1,train
dataset-1_20220211_192822_jpg.rf.0fcf434915931a0c635fca0a17607eaa.jpg,dataset-1,train
dataset-1_20220211_192826_jpg.rf.630dfc9802ffc34e7233d301686778cc.jpg,dataset-1,train
dataset-1_20220211_192826_jpg.rf.6465cd1b3939bca8f84641b6e702e383.jpg,dataset-1,train
dataset-1_20220211_192829_jpg.rf.4729bf77d2d6e50e0afdef49bc818c5e.jpg,dataset-1,train
dataset-1_20220211_192837_jpg.rf.40bbff245103aaaafbdf0014097d23d9.jpg,dataset-1,train
dataset-1_20220211_192837_jpg.rf.592ada950c3616e93d664a2e8570fe46.jpg,dataset-1,train
dataset-1_20220211_192839_jpg.rf.42c131f20b7747fc76abbed7f724e328.jpg,dataset-1,train
dataset-1_20220211_192841_jpg.rf.44f565ae818601362b0fa6f9cf36d1db.jpg,dataset-1,train
dataset-1_20220211_192841_jpg.rf.54021a2bc3eb0716bec995727095501f.jpg,dataset-1,train
dataset-1_20220211_192858_jpg.rf.73d326aa4b647967af270f177e230fc7.jpg,dataset-1,train
dataset-1_20220211_192858_jpg.rf.9487d4b22c0cc20fc4ec970185eaa6bc.jpg,dataset-1,train
dataset-1_20220211_192904_jpg.rf.2fbb5c0d30d766a21b78e01064512516.jpg,dataset-1,train
dataset-1_20220211_192907_jpg.rf.2ade5487953ee773e763ba782e1a48dd.jpg,dataset-1,train
dataset-1_20220211_192907_jpg.rf.7a20eb813c4980d89d9590002eafeb27.jpg,dataset-1,train
dataset-1_20220211_192909_jpg.rf.04af778a98261cde60bcef0fea54cfca.jpg,dataset-1,train
dataset-1_20220211_192909_jpg.rf.60f1b9b101a17d93daf65b45ec187228.jpg,dataset-1,train
dataset-1_20220211_192914_jpg.rf.0fde5fe811f1ac03cb3cab0631d75966.jpg,dataset-1,train
dataset-1_20220211_192915_jpg.rf.0893411a700570ed8e6f447174cdb05f.jpg,dataset-1,train
dataset-1_20220211_192915_jpg.rf.39eade17db366f3543de75c5167cedbf.jpg,dataset-1,train
dataset-1_20220211_192915_jpg.rf.abbdeb2fe426967101fceb5c8c8205a2.jpg,dataset-1,train
dataset-1_20220211_192918_jpg.rf.4ff52a961672b24a5d9ea9fc321cb964.jpg,dataset-1,train
dataset-1_20220211_192920_jpg.rf.2f8eb53a9f6d6d8a35b59a46f4fa7b0a.jpg,dataset-1,train
dataset-1_20220211_192931_jpg.rf.00193dca07b822aadd48b1597ff0020c.jpg,dataset-1,train
dataset-1_20220211_192933_jpg.rf.41a38525c0b47d5a4bd5339bb221ad37.jpg,dataset-1,train
dataset-1_20220211_192933_jpg.rf.bd8de50fa4f10b54ac44420b6b2524b7.jpg,dataset-1,train
dataset-1_20220211_192935_jpg.rf.26dfd791df1278183ba09f176e57c97f.jpg,dataset-1,train
dataset-1_20220211_192935_jpg.rf.638ad8c840ffe9c4f3bc1d1e74e4c640.jpg,dataset-1,train
dataset-1_20220211_192935_jpg.rf.6d44d206ed1f94a08f65990d839ab377.jpg,dataset-1,train
dataset-1_20220216_201440_jpg.rf.1d37d681c322e49e662c5aee61953c06.jpg,dataset-1,train
dataset-1_20220216_201440_jpg.rf.1fcbaf71d14a63178be214340bffbc71.jpg,dataset-1,train
dataset-1_20220216_201440_jpg.rf.669a7b0c0dbf15cb5bd3cafff65d37af.jpg,dataset-1,train
dataset-1_20220216_201442_jpg.rf.2f7efe2a87a4bf70d7001b26ba833aae.jpg,dataset-1,train
dataset-1_20220216_201443_jpg.rf.02ed11520426fb9e81e8f225ff6f0458.jpg,dataset-1,train
dataset-1_20220216_201450_jpg.rf.171f94eb74f4bf68e5bdd2a738f179a5.jpg,dataset-1,train
dataset-1_20220216_201450_jpg.rf.17af9a046f274405ba726b5953e08ceb.jpg,dataset-1,train
dataset-1_20220216_201450_jpg.rf.ba063b568f0e0fc3f81007b331dbd7fb.jpg,dataset-1,train
dataset-1_20220216_201452_jpg.rf.16086588229a3f1504e515be5497fdac.jpg,dataset-1,train
dataset-1_20220216_201452_jpg.rf.73342870469796516f3efe06ba4e4fec.jpg,dataset-1,train
dataset-1_20220216_201452_jpg.rf.a0e1c39ae96bcc8d6ac8450283c087dd.jpg,dataset-1,train
dataset-1_20220216_201452_jpg.rf.bc285dcd0b5070dd4f068122e29c35c6.jpg,dataset-1,train
dataset-1_20220216_201456_jpg.rf.3f1f00b94d924f6ec32f8eb50e6fd91a.jpg,dataset-1,train
dataset-1_20220216_201456_jpg.rf.a036ae9d38d0d9883c2638048c2c45cd.jpg,dataset-1,train
dataset-1_20220216_201500_jpg.rf.4b3b5ca9adbb4fc250f469f534dddb36.jpg,dataset-1,train
dataset-1_20220216_201501_jpg.rf.8735c88bbf49192d4dee653093309b67.jpg,dataset-1,train
dataset-1_20220216_201503_jpg.rf.3107cbe79f93f9f2a1bc6c4876069b4d.jpg,dataset-1,train
dataset-1_20220216_201503_jpg.rf.b9fba9f0628b453406e158dc4cc519b9.jpg,dataset-1,train
dataset-1_20220216_201508_jpg.rf.44be8802b9928fe45674ad3ebde377ac.jpg,dataset-1,train
dataset-1_20220216_201509_jpg.rf.4ca8a03467b5bfbf486408df21a14913.jpg,dataset-1,train
dataset-1_20220216_201511_jpg.rf.03c32222ec2844c3154eeb45110dcfd8.jpg,dataset-1,train
dataset-1_20220216_201511_jpg.rf.8e48c7a5b2f5690e535ad0b7605f1b69.jpg,dataset-1,train
dataset-1_20220216_201511_jpg.rf.b97f6fb1e10b750143f2fea674205425.jpg,dataset-1,train
dataset-1_20220216_201515_jpg.rf.090d50ef1b209aa5ff99791312c87032.jpg,dataset-1,train
dataset-1_20220216_201515_jpg.rf.3e3c29cb527a87dd0611f7ca814aea67.jpg,dataset-1,train
dataset-1_20220216_201515_jpg.rf.d1ab613d0911e4ffcef859c4aec7fa74.jpg,dataset-1,train
dataset-1_20220216_201518_jpg.rf.093b2f666fedaa3fc19087189c38a5af.jpg,dataset-1,train
dataset-1_20220216_201518_jpg.rf.2ba77a76665ae4bdf18497141cbb575c.jpg,dataset-1,train
dataset-1_20220216_201523_jpg.rf.0405b13b424f56ea0cd565e1a3d4ed7f.jpg,dataset-1,train
dataset-1_20220216_201523_jpg.rf.0e6c08e5ed01609c6fb59f3f2b92c9a4.jpg,dataset-1,train
dataset-1_20220216_201523_jpg.rf.2af37e7e4bbe3a0c97a7edea32db7340.jpg,dataset-1,train
dataset-1_20220216_201528_jpg.rf.29b8713bfa2297c95fe81340a64533db.jpg,dataset-1,train
dataset-1_20220216_201528_jpg.rf.7f4bba353a49c252fc304d994c560b64.jpg,dataset-1,train
dataset-1_20220216_201528_jpg.rf.c6f9a349d8cf74620214475ce17e19e0.jpg,dataset-1,train
dataset-1_20220216_201533_jpg.rf.0eb43d6439f31b1ac3636b5826bb7ddf.jpg,dataset-1,train
dataset-1_20220216_201533_jpg.rf.11af512a01c7b90728dc7482f4f7d340.jpg,dataset-1,train
dataset-1_20220216_201533_jpg.rf.1d801b077bb8091627b775aa9020df29.jpg,dataset-1,train
dataset-1_20220216_201533_jpg.rf.658edcd85a3a3462e2b79387782f000a.jpg,dataset-1,train
dataset-1_20220216_201537_jpg.rf.12ec1769d1ee2978dd563172f71849bf.jpg,dataset-1,train
dataset-1_20220216_201539_jpg.rf.69f26c31a2ec048377f5fbbb9d433965.jpg,dataset-1,train
dataset-1_20220216_201541_jpg.rf.0f757f5e34f7b11d40565a0d0a2f9fd1.jpg,dataset-1,train
dataset-1_20220216_201541_jpg.rf.4935bbb3a28a7bec7c749bf833f342e4.jpg,dataset-1,train
dataset-1_20220216_201541_jpg.rf.616b6cbd0d054818ad50f51a4d7b86cb.jpg,dataset-1,train
dataset-1_20220216_201543_jpg.rf.1586a32e67a93f2aa9f0b987f9ed2db5.jpg,dataset-1,train
dataset-1_20220216_201543_jpg.rf.435b4b3be59c38c8749bd39458b262a8.jpg,dataset-1,train
dataset-1_20220216_201543_jpg.rf.f38c565016041fc1a4ab9ab486ba437c.jpg,dataset-1,train
dataset-1_20220216_201619_jpg.rf.39ae0896b77d7ba6985d1940ece0957c.jpg,dataset-1,train
dataset-1_20220216_201619_jpg.rf.4a1ccac91fd749e5a39111c9b6ab9ba4.jpg,dataset-1,train
dataset-1_20220216_201619_jpg.rf.4b71003076498aa70e3b4d817bdbe34c.jpg,dataset-1,train
dataset-1_20220216_201619_jpg.rf.6e1d72c74c46431af323356bdcf1afec.jpg,dataset-1,train
dataset-1_20220216_201619_jpg.rf.ce54c4979e14734e6ab65b31fa8543fd.jpg,dataset-1,train
dataset-1_20220216_201622_jpg.rf.53ec71387a0d2be631826e15be41a7b7.jpg,dataset-1,train
dataset-1_20220216_201622_jpg.rf.6afb51c49b6d6551ceaf4f3572d00cf1.jpg,dataset-1,train
dataset-1_20220216_201622_jpg.rf.84a6fbe2370eea6b477391f1ee0549bc.jpg,dataset-1,train
dataset-1_20220216_201625_jpg.rf.87fcb09922c37a7871b8fbf10726ba9e.jpg,dataset-1,train
dataset-1_20220216_201625_jpg.rf.af6cd5fc8ef6ee3c7407b05ccd92461b.jpg,dataset-1,train
dataset-1_20220216_201632_jpg.rf.12c6bc6ae2a029f40164fe80c6cf6498.jpg,dataset-1,train
dataset-1_20220216_201632_jpg.rf.25f33f3f91b9e8806f79580639f686eb.jpg,dataset-1,train
dataset-1_20220216_201653_jpg.rf.05d6a8c1b4bc0e7e693ef78768f9bf9e.jpg,dataset-1,train
dataset-1_20220216_201653_jpg.rf.2c937e8df22cfa42ee508763ae6b1eac.jpg,dataset-1,train
dataset-1_20220216_201653_jpg.rf.58d81061bdb2ee450addb5bb9c2c6c25.jpg,dataset-1,train
dataset-1_20220216_201656_jpg.rf.20b7de784c789fc08b9df0d47007835b.jpg,dataset-1,train
dataset-1_20220216_201656_jpg.rf.574191be1a6162cab277d53212697faf.jpg,dataset-1,train
dataset-1_20220216_201659_jpg.rf.3a1196db66845c690610d95a2229dabd.jpg,dataset-1,train
dataset-1_20220216_201701_jpg.rf.49e13d05c1a1ca73b124d559caf73405.jpg,dataset-1,train
dataset-1_20220216_201701_jpg.rf.a23f4f0aa0caa70c3b3f26d493070801.jpg,dataset-1,train
dataset-1_20220216_201701_jpg.rf.a274a186b017687862241f604d15035a.jpg,dataset-1,train
dataset-1_20220216_201701_jpg.rf.ac63fd920935f24806f2def8d8fe846b.jpg,dataset-1,train
dataset-1_20220216_201707_jpg.rf.014ec4fe093ef7d8ebc60e8c70cdcb74.jpg,dataset-1,train
dataset-1_20220216_201707_jpg.rf.07941d5de1456a1d0cc19d8c9dfb6999.jpg,dataset-1,train
dataset-1_20220216_201707_jpg.rf.35f62af6d64a33660b84a2e21f519c4f.jpg,dataset-1,train
dataset-1_20220216_201707_jpg.rf.e20c19d1fb640e4ec518a5708d59fa76.jpg,dataset-1,train
dataset-1_20220216_201709_jpg.rf.3ab52314064d6b201f8e10724d412968.jpg,dataset-1,train
dataset-1_20220216_201714_jpg.rf.2500a449cf72238ed7691c81bcc0106e.jpg,dataset-1,train
dataset-1_20220216_201714_jpg.rf.328528b1d35d78a2960b5624253f26de.jpg,dataset-1,train
dataset-1_20220216_201714_jpg.rf.ed9ca5474ddb4c20cbb9ca12e27305dd.jpg,dataset-1,train
dataset-1_20220216_201724_jpg.rf.147263cca24729b774b3a213b3d63511.jpg,dataset-1,train
dataset-1_20220216_201724_jpg.rf.3c05c476720039d8860d5ed86897ed45.jpg,dataset-1,train
dataset-1_20220216_201729_jpg.rf.3a2f5d7bc4cbc4817b597c2159f72391.jpg,dataset-1,train
dataset-1_20220216_201729_jpg.rf.640e4117c9b653d53cf365523d484ffe.jpg,dataset-1,train
dataset-1_20220216_201729_jpg.rf.746a3b04b6143274e0bfc5209bcaec3a.jpg,dataset-1,train
dataset-1_20220216_201734_jpg.rf.00f622e7adc88f21d70e4c43368cff64.jpg,dataset-1,train
dataset-1_20220216_201734_jpg.rf.a97276de9ba1109b2c275f65f5afd372.jpg,dataset-1,train
dataset-1_20220216_201734_jpg.rf.cbfd733c9f35a7a2f28c440513584c0d.jpg,dataset-1,train
dataset-1_20220216_201737_jpg.rf.80f181dd01acbada44f131343baf71b1.jpg,dataset-1,train
dataset-1_20220216_201740_jpg.rf.0dc5c588e0108897d434231d2c00b43e.jpg,dataset-1,train
dataset-1_20220216_201740_jpg.rf.1748a0c9cb40ed701887a6248c55cf59.jpg,dataset-1,train
dataset-1_20220216_201740_jpg.rf.186f29e6027449ae8e74aea5b93d38c6.jpg,dataset-1,train
dataset-1_20220216_201740_jpg.rf.6b48d2df63d70c8569a8f16fffb7b59f.jpg,dataset-1,train
dataset-1_20220216_201748_jpg.rf.016f05dde3c39ab134ceba0efc3be250.jpg,dataset-1,train
dataset-1_20220216_201748_jpg.rf.3922be2be9367611fa2cba5bdde51296.jpg,dataset-1,train
dataset-1_20220216_201748_jpg.rf.43eb4d40e013f8b3ef4d7539229d039d.jpg,dataset-1,train
dataset-1_20220216_201751_jpg.rf.319aa0a16c2494e6ce58b97e3540db99.jpg,dataset-1,train
dataset-1_20220216_201751_jpg.rf.3aa18cca87cb5e7914002170f03365d9.jpg,dataset-1,train
dataset-1_20220216_201751_jpg.rf.74e0f38a4a44898f30ab5dfc2b2271bc.jpg,dataset-1,train
dataset-1_20220216_201751_jpg.rf.7d8e1e1bc542da51ad2f0043e545d143.jpg,dataset-1,train
dataset-1_20220216_201800_jpg.rf.504cfbf82b70cd1e3b8c1faaf16a712d.jpg,dataset-1,train
dataset-1_20220216_201802_jpg.rf.5f5dc9049519790c6db686d17fe1699b.jpg,dataset-1,train
dataset-1_20220216_201802_jpg.rf.7ff90ed63269e209c9877c12d00dbd76.jpg,dataset-1,train
dataset-1_20220216_201813_jpg.rf.38f59502b3db874f466bb2b134aa4fa9.jpg,dataset-1,train
dataset-1_20220216_201817_jpg.rf.43fa7af72bd7774f8bb5550d6427a283.jpg,dataset-1,train
dataset-1_20220216_201817_jpg.rf.523e47356f1beac5334d4eead4f888bb.jpg,dataset-1,train
dataset-1_20220216_201819_jpg.rf.0c6167ec3d168ea80bf0c6a5c3d5a7ae.jpg,dataset-1,train
dataset-1_20220216_201821_jpg.rf.2dcbc1ddb7ade48e5fc36480e7b0b436.jpg,dataset-1,train
dataset-1_20220216_201826_jpg.rf.375ca4ec1746507afbcc5407a6234480.jpg,dataset-1,train
dataset-1_20220216_201826_jpg.rf.707442c8cf15968df432b6ab1d918968.jpg,dataset-1,train
dataset-1_20220216_201828_jpg.rf.02b34f16fa6b05b6bc14d5e3cc1a1757.jpg,dataset-1,train
dataset-1_20220216_201828_jpg.rf.412b6435b8e7bfcc97c72c1b4b5887ff.jpg,dataset-1,train
dataset-1_20220216_201828_jpg.rf.be720c0cba59da6e3454dc9a7d820381.jpg,dataset-1,train
dataset-1_20220216_201828_jpg.rf.c200823e90157a1f984602ee37b15610.jpg,dataset-1,train
dataset-1_20220216_201903_jpg.rf.2b94775a74a09b394e0921cf07ec7928.jpg,dataset-1,train
dataset-1_20220216_201903_jpg.rf.4f160ebe8316c4e4bbc4e6d974512c3c.jpg,dataset-1,train
dataset-1_20220216_201903_jpg.rf.732758772ecd6246d3ad8cc5cfa1c737.jpg,dataset-1,train
dataset-1_20220216_201908_jpg.rf.2b6ef09195d5a836cfdd3e90dd36d6e2.jpg,dataset-1,train
dataset-1_20220216_201908_jpg.rf.5c037ca5896af919551317c14b97e1bd.jpg,dataset-1,train
dataset-1_20220216_201908_jpg.rf.c869700c1b6bb6e2570ec135834b1f6c.jpg,dataset-1,train
dataset-1_20220216_201908_jpg.rf.e4efe8ffbde305d5207723c571aeed7e.jpg,dataset-1,train
dataset-1_20220216_201910_jpg.rf.3cdfc5cd4bbd7d192fdb38ca678617ad.jpg,dataset-1,train
dataset-1_20220216_201910_jpg.rf.4b7bb16470b9f60a5dc78468df8c90ca.jpg,dataset-1,train
dataset-1_20220216_201915_jpg.rf.07a90711688511a6f91b8298601e10cb.jpg,dataset-1,train
dataset-1_20220216_201915_jpg.rf.17e934f9618850fa69e4e8d0c57ec748.jpg,dataset-1,train
dataset-1_20220216_201915_jpg.rf.4af9ad30ae65849c59cc4f8c63a69a6c.jpg,dataset-1,train
dataset-1_20220216_201920_jpg.rf.9d853e51e4e47303401f1531f058fb62.jpg,dataset-1,train
dataset-1_20220216_201920_jpg.rf.f0b7e7031e8f414ff8f009c97caa93cd.jpg,dataset-1,train
dataset-1_20220216_201929_jpg.rf.01c8a117c32dd9215b947bfd2722790d.jpg,dataset-1,train
dataset-1_20220216_201929_jpg.rf.c83ec2addcb4a0697f0ed17b9311b8c3.jpg,dataset-1,train
dataset-1_20220216_201934_jpg.rf.043c9eed8cb0c9e221ba655c9cff4df3.jpg,dataset-1,train
dataset-1_20220216_201934_jpg.rf.120e4deb663d030fbfb35e38904b548a.jpg,dataset-1,train
dataset-1_20220216_201934_jpg.rf.791c079993453bb7c11ebe341b61ac0e.jpg,dataset-1,train
dataset-1_20220216_201934_jpg.rf.f88de7b8a760965c6ccfdb27259b1541.jpg,dataset-1,train
dataset-1_20220216_201942_jpg.rf.04169e43d754c024ca631000e4235163.jpg,dataset-1,train
dataset-1_20220216_201942_jpg.rf.0c7126fad4f7a00ac6f3d837d89479fc.jpg,dataset-1,train
dataset-1_20220216_201942_jpg.rf.81158c3b78d532e135da8a27d5ab5fbc.jpg,dataset-1,train
dataset-1_20220216_201942_jpg.rf.9e7cb53400a2df4d8528b1fc9eebc225.jpg,dataset-1,train
dataset-1_20220216_201945_jpg.rf.0ec841cbcafc8783c773b13936651ada.jpg,dataset-1,train
dataset-1_20220216_201945_jpg.rf.3a1b540a91cab6af0855329cf5421130.jpg,dataset-1,train
dataset-1_20220216_201945_jpg.rf.966f768b9f7d9197b32050ceee27b2fa.jpg,dataset-1,train
dataset-1_20220216_202002_jpg.rf.17e1dafe1d4b5f7c8caa447072b8cebe.jpg,dataset-1,train
dataset-1_20220216_202002_jpg.rf.54d4c12e52c49c8ef5d8755e16bd991a.jpg,dataset-1,train
dataset-1_20220216_202002_jpg.rf.943c785d3e03bd6c38c59e1441495ddd.jpg,dataset-1,train
dataset-1_20220216_202010_jpg.rf.25c0f467560f157d9e95950d106bb626.jpg,dataset-1,train
dataset-1_20220216_202010_jpg.rf.2cfbad850cb9e62883515e3b3ec5f4ef.jpg,dataset-1,train
dataset-1_20220216_202013_jpg.rf.12555d4b3ae063f48e4edf1cf2519e94.jpg,dataset-1,train
dataset-1_20220216_202013_jpg.rf.a53b1d567e22307ed3cbf01a7028fe6d.jpg,dataset-1,train
dataset-1_20220216_202013_jpg.rf.a6caea1051459036de46427e5de5210a.jpg,dataset-1,train
dataset-1_20220216_202013_jpg.rf.fb46ded70a7175be559a6fa8b38333ec.jpg,dataset-1,train
dataset-1_20220216_202016_jpg.rf.41a524e85c40401f3d0a6a1f6cd646d6.jpg,dataset-1,train
dataset-1_20220216_202024_jpg.rf.0d75da2f85d8af63d30c9d1459d0a7cc.jpg,dataset-1,train
dataset-1_20220216_202027_jpg.rf.51d952d6564421a3bbe209ac29ee0dbb.jpg,dataset-1,train
dataset-1_20220216_202027_jpg.rf.cb4200f7aeb80dd8768b3c4a5f8bc6d9.jpg,dataset-1,train
dataset-1_20220216_202033_jpg.rf.27bd4671e1e7a9f26cec2fcc44769661.jpg,dataset-1,train
dataset-1_20220216_202035_jpg.rf.a9104d93d10d2e08eaf67d7e2865a7dd.jpg,dataset-1,train
dataset-1_20220216_202038_jpg.rf.6c5df60693f852909e6e57baf320504c.jpg,dataset-1,train
dataset-1_20220216_202103_jpg.rf.4db36d102a92217582607c8ed57c62c4.jpg,dataset-1,train
dataset-1_20220216_202103_jpg.rf.94bc8d0a537ae9c922d86e88f7363b21.jpg,dataset-1,train
dataset-1_20220216_202103_jpg.rf.a3fc1f80cd0ef85ae056abd88e1538be.jpg,dataset-1,train
dataset-1_20220216_202105_jpg.rf.1a08b12037de21cd8a402e6e9fa64ba5.jpg,dataset-1,train
dataset-1_20220216_202105_jpg.rf.4afa0be53f1412a59230415114680494.jpg,dataset-1,train
dataset-1_20220216_202105_jpg.rf.873f4857ffaad67e9d07fd47e7ebfd1f.jpg,dataset-1,train
dataset-1_20220216_202108_jpg.rf.0d7bd5e99de8684b88ff210bee9a897f.jpg,dataset-1,train
dataset-1_20220216_202119_jpg.rf.4c18bc0789b90a22f27345ea7e55e849.jpg,dataset-1,train
dataset-1_20220216_202119_jpg.rf.5cf3e87645cca3ee0f10193e9f1d27fa.jpg,dataset-1,train
dataset-1_20220216_202119_jpg.rf.7317ff18aa113e19edc110f019c7042c.jpg,dataset-1,train
dataset-1_20220216_202119_jpg.rf.a0beac530496549443011ea8c13567c5.jpg,dataset-1,train
dataset-1_20220216_202119_jpg.rf.edc77a3a3a84f0b69c07cc4ac2343c16.jpg,dataset-1,train
dataset-1_20220216_202121_jpg.rf.0dc23c15a2144d34bdfd12e045046c19.jpg,dataset-1,train
dataset-1_20220216_202121_jpg.rf.2a672016e31bff6ca16d07047c25d5b1.jpg,dataset-1,train
dataset-1_20220216_202121_jpg.rf.2b0f4cfaacd464fb0376b55c3085e1e2.jpg,dataset-1,train
dataset-1_20220216_202121_jpg.rf.bbe3df22909c6d76ff1bd151e8a4e807.jpg,dataset-1,train
dataset-1_20220216_202121_jpg.rf.c444636b141fd10a785fe58bed6c3728.jpg,dataset-1,train
dataset-1_20220216_202137_jpg.rf.515d2b48ae6cccd92a8d08298dbe54cf.jpg,dataset-1,train
dataset-1_20220216_202144_jpg.rf.cc578b8f1ed2d6dc310eadeffec86be9.jpg,dataset-1,train
dataset-1_20220216_202144_jpg.rf.dd8cf97a367bbbe1dbf73a6c7288294e.jpg,dataset-1,train
dataset-1_20220216_202144_jpg.rf.e7a676b0cb46167459a13c141deb9b49.jpg,dataset-1,train
dataset-1_20220216_202150_jpg.rf.579442b9b0bedce9cf92406f720259a3.jpg,dataset-1,train
dataset-1_20220216_202150_jpg.rf.adda335c844ae0f9d2acde2915a1710b.jpg,dataset-1,train
dataset-1_20220216_202155_jpg.rf.6819145a83ef5c6b35693e13230cbd2e.jpg,dataset-1,train
dataset-1_20220216_202213_jpg.rf.282c0d76ef4c2ddb231bdd58e92644a7.jpg,dataset-1,train
dataset-1_20220216_202213_jpg.rf.2def5c57985c62bed569c62bf4cc827f.jpg,dataset-1,train
dataset-1_20220216_202213_jpg.rf.58810a1e0707a5fea78a587e351d896b.jpg,dataset-1,train
dataset-1_20220216_202213_jpg.rf.7dbb277e5091c25e9e835e5f82e57ea9.jpg,dataset-1,train
dataset-1_20220216_202218_jpg.rf.41a1aae2ed051a28da9775fde0481e29.jpg,dataset-1,train
dataset-1_20220216_202222_jpg.rf.05b5980175777664bac4d62d61ca63f1.jpg,dataset-1,train
dataset-1_20220216_202259_jpg.rf.1ffcd82bf0cfc70080b7fd5abfe33b9a.jpg,dataset-1,train
dataset-1_20220216_202259_jpg.rf.43300f32cde6412bfbdf211d57655cfe.jpg,dataset-1,train
dataset-1_20220216_202304_jpg.rf.bdc304af9cb15451822645ee547e93df.jpg,dataset-1,train
dataset-1_20220216_202308_jpg.rf.1f4065d5e8d43f3e1cc30ad0748998dd.jpg,dataset-1,train
dataset-1_20220216_202308_jpg.rf.6800aa08dcadb60f8c8d6eedf7e67d80.jpg,dataset-1,train
dataset-1_20220216_202310_jpg.rf.3a851adfa40f8c32a71a317f32cd6fb9.jpg,dataset-1,train
dataset-1_20220216_202310_jpg.rf.6ba862117b5f3c904e6262aed98ae834.jpg,dataset-1,train
dataset-1_20220216_202316_jpg.rf.16ff14e38723859b0f355430c9964d88.jpg,dataset-1,train
dataset-1_20220216_202316_jpg.rf.b602281e203816450e65e43cb5844246.jpg,dataset-1,train
dataset-1_20220216_202339_jpg.rf.48d81064c02005866f46d099f7038f77.jpg,dataset-1,train
dataset-1_20220216_202343_jpg.rf.22a8ea65729cd7d48c70c3579060f7a2.jpg,dataset-1,train
dataset-1_20220216_202343_jpg.rf.e5b0c7420fb10d6063444bff2d4f5b22.jpg,dataset-1,train
dataset-1_20220216_202348_jpg.rf.22182c3e2a91d919053bd5f73be0381e.jpg,dataset-1,train
dataset-1_20220216_202348_jpg.rf.6a9557d1218f192aff28d4fd126b006d.jpg,dataset-1,train
dataset-1_20220216_202353_jpg.rf.10ec49e6a7bd89a42a5b30080b8d2904.jpg,dataset-1,train
dataset-1_20220216_202353_jpg.rf.876e7cc0d42a7fd63fdb9d5e08a8c5e9.jpg,dataset-1,train
dataset-1_20220216_202356_jpg.rf.4ab96a2f9c903b7c73d532668ade1e85.jpg,dataset-1,train
dataset-1_20220216_202356_jpg.rf.a0299ae862c355ec2f6e92f8df9e9be0.jpg,dataset-1,train
dataset-1_20220216_202356_jpg.rf.b6f7abfba094d13fd8b0acaefdc63b6f.jpg,dataset-1,train
dataset-1_20220216_202356_jpg.rf.c1237a78cfbf3d0ae48aa12ce7e005bc.jpg,dataset-1,train
dataset-1_20220216_202356_jpg.rf.d35577eb4e0376abe7f0760716073f7b.jpg,dataset-1,train
dataset-1_20220216_202400_jpg.rf.3ff80919541479c749ebac055760c9ad.jpg,dataset-1,train
dataset-1_20220216_202400_jpg.rf.cf94191bcf986e6d9f5d1a0b1a60b192.jpg,dataset-1,train
dataset-1_20220216_202408_jpg.rf.129ea7ccd3d8dbfbad6a294bfa8d65f3.jpg,dataset-1,train
dataset-1_20220216_202412_jpg.rf.1b28ff815cfaf0a999538b0a14566df2.jpg,dataset-1,train
dataset-1_20220216_202422_jpg.rf.00c29c89641b8b88f9d5e0d46f0aeb81.jpg,dataset-1,train
dataset-1_20220216_202422_jpg.rf.2a6968abb11cc196447849e4a1e5ba5c.jpg,dataset-1,train
dataset-1_20220216_202422_jpg.rf.6e0d1db0ffcf665af1129c450bfddb3d.jpg,dataset-1,train
dataset-1_20220216_202425_jpg.rf.2129611217ee55d0e6acc0a089c4b4b9.jpg,dataset-1,train
dataset-1_20220216_202425_jpg.rf.3e289ff91095029053517cd6eba5870a.jpg,dataset-1,train
dataset-1_20220216_202434_jpg.rf.1041f5e8f382174092df60cbc0b61929.jpg,dataset-1,train
dataset-1_20220216_202434_jpg.rf.77c617e84440d9d64c1bd79a4b30cffc.jpg,dataset-1,train
dataset-1_20220216_202440_jpg.rf.0f7083ae2906de11ecb428446f7fea57.jpg,dataset-1,train
dataset-1_20220216_202440_jpg.rf.1acee0113ae5cc1dbbb5a2763f2dbc2a.jpg,dataset-1,train
dataset-1_20220216_202440_jpg.rf.73feec1b0366e1fc8e58f3dbe41a8504.jpg,dataset-1,train
dataset-1_20220216_202440_jpg.rf.ad592f625116104590d2b2c2fc151880.jpg,dataset-1,train
dataset-1_20220216_202446_jpg.rf.7f9ab079d5253b8e9ca91a63134b6bae.jpg,dataset-1,train
dataset-1_20220216_202446_jpg.rf.ef9b3d0ed20f24458240953214b57e8d.jpg,dataset-1,train
dataset-1_20220216_202502_jpg.rf.cfdc6ba36da2e8b689aa9780d0b9b4f5.jpg,dataset-1,train
dataset-1_20220216_202504_jpg.rf.10931c53122ae2416f1d754db15bedd9.jpg,dataset-1,train
dataset-1_20220216_202504_jpg.rf.5066769711656645eae84a650256f90b.jpg,dataset-1,train
dataset-1_20220216_202504_jpg.rf.a6ff3e6aaf36b9318cda3acca90e8429.jpg,dataset-1,train
dataset-1_20220216_202511_jpg.rf.105c03757e68b032f3c60493d22c4b94.jpg,dataset-1,train
dataset-1_20220216_202515_jpg.rf.b643b3441fad4a0305c8d5f86404d30b.jpg,dataset-1,train
dataset-1_20220216_202515_jpg.rf.dc04ee9b73068c1f82b0bddbc72aba0c.jpg,dataset-1,train
dataset-1_20220216_202515_jpg.rf.e9a1e5cda98da47862814cabe84cad5b.jpg,dataset-1,train
dataset-1_20220216_202520_jpg.rf.25a86ee305fc804dc4edc45ad76f506c.jpg,dataset-1,train
dataset-1_20220216_202523_jpg.rf.2e6edab27652833dabb8f869673e19cf.jpg,dataset-1,train
dataset-1_20220216_202523_jpg.rf.6a74e7ef930c35457adad5d08b1e873c.jpg,dataset-1,train
dataset-1_20220216_202529_jpg.rf.0f8a025536ca249decd6d2de323637bf.jpg,dataset-1,train
dataset-1_20220216_202529_jpg.rf.1c701f637241b9650fe470c6694aee22.jpg,dataset-1,train
dataset-1_20220216_202532_jpg.rf.5ba6e851f50b7670a9bb3a2e972049e1.jpg,dataset-1,train
dataset-1_20220216_202534_jpg.rf.12d016b822d1e618fb4a533d5322d1e4.jpg,dataset-1,train
dataset-1_20220216_202534_jpg.rf.1ce8f281253a144f146ea33e8892eb73.jpg,dataset-1,train
dataset-1_20220216_202534_jpg.rf.1f895619c1ce8868f068ef62ba4f1d80.jpg,dataset-1,train
dataset-1_20220216_202537_jpg.rf.12355261acda021c2249187e7478ac0a.jpg,dataset-1,train
dataset-1_20220216_202537_jpg.rf.30e12b255fc9b676df8457f7e0d147f1.jpg,dataset-1,train
dataset-1_20220216_202537_jpg.rf.3e6d789db4c0dafa12d88cc9d83edc83.jpg,dataset-1,train
dataset-1_20220216_202537_jpg.rf.ebc6550b975a378cbe2fa0e2f7cb963e.jpg,dataset-1,train
dataset-1_20220216_202539_jpg.rf.43cd14080f01ee7fb612caca66cea507.jpg,dataset-1,train
dataset-1_20220216_202539_jpg.rf.d2e5bf3dfafbb67f5fc5d88f3c2e57b1.jpg,dataset-1,train
dataset-1_20220216_202608_jpg.rf.389e90470d640dadfcf3595f70604a92.jpg,dataset-1,train
dataset-1_20220216_202608_jpg.rf.898e4fa22e43887579f0d6d40ae9a8ab.jpg,dataset-1,train
dataset-1_20220216_202608_jpg.rf.fe88292685f9f9a1059a7ea8ec681c00.jpg,dataset-1,train
dataset-1_20220216_202610_jpg.rf.597db2e9789fe6b0df1918d20d34d5f7.jpg,dataset-1,train
dataset-1_20220216_202610_jpg.rf.b00a6441fc5f3d8e816ceafdb995301b.jpg,dataset-1,train
dataset-1_20220216_202612_jpg.rf.08a05a6527879da60ba8993dc03e89b2.jpg,dataset-1,train
dataset-1_20220216_202612_jpg.rf.5907a28be90b514cbdc63b9c69b087a5.jpg,dataset-1,train
dataset-1_20220216_202616_jpg.rf.425cfe9cd024cefee49b5ff9fe6b99fe.jpg,dataset-1,train
dataset-1_20220216_202616_jpg.rf.4bb58511c481b8e00c52b1e52283afc0.jpg,dataset-1,train
dataset-1_20220216_202616_jpg.rf.59d310a6e6960c429e0ef7111c2d8994.jpg,dataset-1,train
dataset-1_20220216_202616_jpg.rf.b0f20e7e1d7c0f4ce9c179c2f83f0dbb.jpg,dataset-1,train
dataset-1_20220216_202618_jpg.rf.5fa56f5aa0a62c6ad25ae751e36c0a88.jpg,dataset-1,train
dataset-1_20220216_202621_jpg.rf.2862c1ccf3f62b6b20d3a71fea561c89.jpg,dataset-1,train
dataset-1_20220216_202621_jpg.rf.3a007da8b03391aef78ddb0f1290647c.jpg,dataset-1,train
dataset-1_20220216_202624_jpg.rf.0a4c236a8bb43472300b76a1db25c009.jpg,dataset-1,train
dataset-1_20220216_202627_jpg.rf.2e89ae2353fec16a19d28b3bc4dc6a96.jpg,dataset-1,train
dataset-1_20220216_202627_jpg.rf.95e907a635dff4fbeeb2205c222c72de.jpg,dataset-1,train
dataset-1_20220216_202627_jpg.rf.96f2ea712185de65e98d3cf8d610357c.jpg,dataset-1,train
dataset-1_20220216_202632_jpg.rf.2f2d71283585da34b5b63bb334d3fd9e.jpg,dataset-1,train
dataset-1_20220216_202632_jpg.rf.a697eda3ca4cf56cffe962a837efa801.jpg,dataset-1,train
dataset-1_20220216_202634_jpg.rf.6320c1edf433adaf56e6e32692d60f62.jpg,dataset-1,train
dataset-1_20220216_202634_jpg.rf.73e53afa07cd0fba72f06c1a4798b14f.jpg,dataset-1,train
dataset-1_20220216_202640_jpg.rf.16d393505d7ec9bf1c38e7cf1efa80ba.jpg,dataset-1,train
dataset-1_20220216_202640_jpg.rf.6bec1b1f8318e846cae1ba6790685ce0.jpg,dataset-1,train
dataset-1_20220216_202647_jpg.rf.0931b84e8f3c9a9b17414d35265a9bea.jpg,dataset-1,train
dataset-1_20220216_202651_jpg.rf.08ff19240c522b02908d3d092f975e5b.jpg,dataset-1,train
dataset-1_20220216_202651_jpg.rf.5f537d7a26ce24d0ce9b5930395445ad.jpg,dataset-1,train
dataset-1_20220216_202658_jpg.rf.2e8db62ca2de633d75f614e47a336b09.jpg,dataset-1,train
dataset-1_20220216_202658_jpg.rf.33292cb761b37616c5817b8c22a8197f.jpg,dataset-1,train
dataset-1_20220216_202658_jpg.rf.9552db252c81cc61b57a509a397cd4ba.jpg,dataset-1,train
dataset-1_20220216_202658_jpg.rf.f9624b5dd3eb126d3c824b7aff04ce38.jpg,dataset-1,train
dataset-1_20220216_202704_jpg.rf.049a3f757171be934148d96486fd5f6d.jpg,dataset-1,train
dataset-1_20220216_202704_jpg.rf.06288efdbb3e73c7dfb134f29defc63a.jpg,dataset-1,train
dataset-1_20220216_202704_jpg.rf.154a26c9637a6304219ed9914e326f82.jpg,dataset-1,train
dataset-1_20220216_202704_jpg.rf.7c0eee96bc74b9171c6466f1354e85f4.jpg,dataset-1,train
dataset-1_20220216_202707_jpg.rf.07276728ac671e50b60abc6860409fdd.jpg,dataset-1,train
dataset-1_20220216_202715_jpg.rf.200bc55d45b1546b67c641f36b936bf0.jpg,dataset-1,train
dataset-1_20220216_202715_jpg.rf.243903b9e4b7e09496b5b5170ba342cb.jpg,dataset-1,train
dataset-1_20220216_202729_jpg.rf.237f5dbd12f91e5cc5b1c868bfbbaf06.jpg,dataset-1,train
dataset-1_20220216_202729_jpg.rf.76d21a0b8cfe35175777dc1d4eb39692.jpg,dataset-1,train
dataset-1_20220216_202736_jpg.rf.3cd12796943b8ae342b358a379ba477b.jpg,dataset-1,train
dataset-1_20220216_202736_jpg.rf.f86c893ede9c9b840e65a0411f657eb5.jpg,dataset-1,train
dataset-1_20220216_202743_jpg.rf.015306a3cd12bab6c5752c64f3422b8c.jpg,dataset-1,train
dataset-1_20220216_202743_jpg.rf.16f183e75d446ca4778c9a519ec0e35e.jpg,dataset-1,train
dataset-1_20220216_202743_jpg.rf.8c66fef999169f70517a92e19b6184ef.jpg,dataset-1,train
dataset-1_20220216_202747_jpg.rf.287f1e4121112abaf0e085f4a3e4c587.jpg,dataset-1,train
dataset-1_20220216_202750_jpg.rf.7f68f8d6db126db7744b46afe6ca49b3.jpg,dataset-1,train
dataset-1_20220216_202750_jpg.rf.ce65bd45cc3745fd97d353263d747411.jpg,dataset-1,train
dataset-1_20220216_202750_jpg.rf.eef552af2b85856ce10af7d0e9258fb0.jpg,dataset-1,train
dataset-1_20220216_202753_jpg.rf.3ce479e96fbe548443704ceec6d027ed.jpg,dataset-1,train
dataset-1_20220216_202753_jpg.rf.612f77acdeb9407f39cd0647d45a15c8.jpg,dataset-1,train
dataset-1_20220216_202823_jpg.rf.0d133d142aab2c54badea7fe3379e655.jpg,dataset-1,train
dataset-1_20220216_202823_jpg.rf.17298185bd91863cedd9d9f62c7216ab.jpg,dataset-1,train
dataset-1_20220216_202823_jpg.rf.7dab6a45805a3e369774d805e5e5cfc3.jpg,dataset-1,train
dataset-1_20220216_202823_jpg.rf.f558dfb179a66dd24b29b9e727765e85.jpg,dataset-1,train
dataset-1_20220216_202827_jpg.rf.42c65933706157017c2508d3f1036ea1.jpg,dataset-1,train
dataset-1_20220216_202830_jpg.rf.42b3757d6f19b924fd884cb8ee49fa79.jpg,dataset-1,train
dataset-1_20220216_202830_jpg.rf.d60592630fa24ef0b08aca8b59555d76.jpg,dataset-1,train
dataset-1_20220216_202839_jpg.rf.7d7b120297fc4e810d699cb3f41406e6.jpg,dataset-1,train
dataset-1_20220216_202839_jpg.rf.c91afdb1774b05bf94095645bb960d55.jpg,dataset-1,train
dataset-1_20220216_202841_jpg.rf.53632b75d62668881e461ea9dd685d4b.jpg,dataset-1,train
dataset-1_20220216_202843_jpg.rf.265dfbee9428b56ce224d08315d1b7aa.jpg,dataset-1,train
dataset-1_20220216_202843_jpg.rf.b8a800bd661846dce5be03b93f151877.jpg,dataset-1,train
dataset-1_20220216_202843_jpg.rf.be03be723410a4b067fba3ef4b0b8490.jpg,dataset-1,train
dataset-1_20220216_202843_jpg.rf.c7a4939a9e91cb1e0fd1e2027eb98a9b.jpg,dataset-1,train
dataset-1_20220216_202923_jpg.rf.6e13dfd237ccc02eac12a2fcbfbf96de.jpg,dataset-1,train
dataset-1_20220216_202923_jpg.rf.7225bf7594e080e52539818487ad1068.jpg,dataset-1,train
dataset-1_20220216_202925_jpg.rf.3f718ac804ec22f65031c2f35612ec8b.jpg,dataset-1,train
dataset-1_20220216_202934_jpg.rf.0a39ba1bbe12bddd711a0789fe9e5256.jpg,dataset-1,train
dataset-1_20220216_202934_jpg.rf.1e90856f6c98163bde79bfcd594bdf2c.jpg,dataset-1,train
dataset-1_20220216_202934_jpg.rf.38298f25842432b2d11bfbfb59c2ba1f.jpg,dataset-1,train
dataset-1_20220216_202934_jpg.rf.d7c5adefe1ea24311072e1e2e9fdbea9.jpg,dataset-1,train
dataset-1_20220216_202936_jpg.rf.b65e7c6fb1f5dd19cb3acec5ea4c727a.jpg,dataset-1,train
dataset-1_20220216_202940_jpg.rf.35498a9f94dc72463ef19bd4b3d574a6.jpg,dataset-1,train
dataset-1_20220216_202940_jpg.rf.fc3f53b230aa37db0da7dfb6e8474f04.jpg,dataset-1,train
dataset-1_20220216_202941_jpg.rf.169375166b9ca659ed8f64e43d12a727.jpg,dataset-1,train
dataset-1_20220216_202941_jpg.rf.6d110306ca82f5ac5c7df62ccd633a22.jpg,dataset-1,train
dataset-1_20220216_202945_jpg.rf.0480fb489c98f54ec267cdb93eed7120.jpg,dataset-1,train
dataset-1_20220216_202945_jpg.rf.0c4d82bcd4db8cc5ea6c5ab28bd50787.jpg,dataset-1,train
dataset-1_20220216_202945_jpg.rf.569134707a2fe5ccd2db2e63ed197f69.jpg,dataset-1,train
dataset-1_20220216_202945_jpg.rf.9bc3889e85560ba14d631412848579e5.jpg,dataset-1,train
dataset-1_20220216_202950_jpg.rf.2e4a7aaedb8d03ccb5d3134ec8f5f633.jpg,dataset-1,train
dataset-1_20220216_202950_jpg.rf.92a0763632f3031b63991546764e9bef.jpg,dataset-1,train
dataset-1_20220216_202952_jpg.rf.31c1c3aa2f9cc42acf868939098f1349.jpg,dataset-1,train
dataset-1_20220216_202958_jpg.rf.60dacbef1cfecd2a61de9baa9c5da067.jpg,dataset-1,train
dataset-1_20220216_202958_jpg.rf.77e9c61ab765c46d763ca85fce265815.jpg,dataset-1,train
dataset-1_20220216_202958_jpg.rf.9f64fe98d30bc83c134ae82a99320b3c.jpg,dataset-1,train
dataset-1_20220216_202958_jpg.rf.b27979e1187c33bb5643465acd05822b.jpg,dataset-1,train
dataset-1_20220216_203049_jpg.rf.0bb098e478110e73c4e7199618bb7e30.jpg,dataset-1,train
dataset-1_20220216_203049_jpg.rf.1dbcc9380c2d34a33da0f8b3998d8986.jpg,dataset-1,train
dataset-1_20220216_203055_jpg.rf.78485a5b13bd4a05eab49f44b963bfa6.jpg,dataset-1,train
dataset-1_20220216_203055_jpg.rf.90facf1ae4a7c7640552dbae55485a5e.jpg,dataset-1,train
dataset-1_20220216_203057_jpg.rf.0f375e8ec92231e9d1051b7e5a5e7fcf.jpg,dataset-1,train
dataset-1_20220216_203101_jpg.rf.8868d6eb419b0af14719dcbb885977ff.jpg,dataset-1,train
dataset-1_20220216_203103_jpg.rf.8d7bc611814e35da9e735510273141e5.jpg,dataset-1,train
dataset-1_20220216_203103_jpg.rf.926e217cafcdb103d95cce29234d8ffc.jpg,dataset-1,train
dataset-1_20220216_203103_jpg.rf.9e3d720c2a8b78b21c89d6f28aacca2d.jpg,dataset-1,train
dataset-1_20220216_203103_jpg.rf.e3f6b084f792a62513048d2a0fe21c32.jpg,dataset-1,train
dataset-1_20220216_203110_jpg.rf.24c83450078c5b5e8bd62a52560b1972.jpg,dataset-1,train
dataset-1_20220216_203110_jpg.rf.3952ae71475a13ece8b416f626138a57.jpg,dataset-1,train
dataset-1_20220216_203110_jpg.rf.95b1e6314b1c479f3ad996311b12d652.jpg,dataset-1,train
dataset-1_20220216_203114_jpg.rf.1f26f915470a0aba3f0705d1397da2e0.jpg,dataset-1,train
dataset-1_20220216_203114_jpg.rf.359a1fd6932c8ccbe29d5e142335d6c2.jpg,dataset-1,train
dataset-1_20220216_203114_jpg.rf.5440b693e6f68a0e48371337880288fe.jpg,dataset-1,train
dataset-1_20220216_203114_jpg.rf.66c83d0140664da699e50b72d69fdee2.jpg,dataset-1,train
dataset-1_20220216_203119_jpg.rf.30f682b7ae047a06f64327f340364832.jpg,dataset-1,train
dataset-1_20220216_203119_jpg.rf.96573710fbd9fd9b969e940a271eb662.jpg,dataset-1,train
dataset-1_20220216_203121_jpg.rf.ad93569c6a9fb473caba893c3653bcd1.jpg,dataset-1,train
dataset-1_20220216_203121_jpg.rf.bc84031ad53dc52124fabeb33258ddb0.jpg,dataset-1,train
dataset-1_20220216_203126_jpg.rf.03e2e0fbeae52c7095c86dacdb5de8bb.jpg,dataset-1,train
dataset-1_20220216_203126_jpg.rf.941b2cd7c55a77084ac1273df960449e.jpg,dataset-1,train
dataset-1_20220216_203126_jpg.rf.a8a3284f1dfe635424ad1e80f2faf9f5.jpg,dataset-1,train
dataset-1_20220216_203130_jpg.rf.1ac9ef9885713756dbc393c27dbff60c.jpg,dataset-1,train
dataset-1_20220216_203141_jpg.rf.2bec336c3b303d4fe7dc9c52951bed12.jpg,dataset-1,train
dataset-1_20220216_203143_jpg.rf.09986959a0eca83bf2cdc1d985a3792b.jpg,dataset-1,train
dataset-1_20220216_203143_jpg.rf.0f708f315606ca536a6e720272cafee2.jpg,dataset-1,train
dataset-1_20220216_203146_jpg.rf.45f74e524f31054c9e9ce97c6db0a5b7.jpg,dataset-1,train
dataset-1_20220216_203146_jpg.rf.e69c6023c2d8c4cd97fccb0549ed6359.jpg,dataset-1,train
dataset-1_20220216_203150_jpg.rf.0a5103ef4d39f18fc79876528db86a8a.jpg,dataset-1,train
dataset-1_20220216_203150_jpg.rf.0bf6d79d2c277ca252199cd70ca912d1.jpg,dataset-1,train
dataset-1_20220216_203150_jpg.rf.9f1e2487bbfe4e84c1e8662a6dff7a74.jpg,dataset-1,train
dataset-1_20220216_203150_jpg.rf.f56d8fee196457a34a9fd5be58946cc5.jpg,dataset-1,train
dataset-1_20220216_203218_jpg.rf.04e125bae6d8d19523155796f2d4e5f0.jpg,dataset-1,train
dataset-1_20220216_203222_jpg.rf.17bdb43d71d18c8f6a754c70b6c32eef.jpg,dataset-1,train
dataset-1_20220216_203222_jpg.rf.70299500a3d8e97cbeda1e6d92f54dbd.jpg,dataset-1,train
dataset-1_20220216_203225_jpg.rf.080416cee1bff13b2b4315287c85049a.jpg,dataset-1,train
dataset-1_20220216_203227_jpg.rf.51304ab0238ca22f0c1d941d7a35fefe.jpg,dataset-1,train
dataset-1_20220216_203227_jpg.rf.e96b7573e0c779c396f45e7c25903ed6.jpg,dataset-1,train
dataset-1_25_jpg.rf.86d21b6b4d11f122b25a03384b06be39.jpg,dataset-1,train
dataset-1_40_jpg.rf.5028682b3e1bed74cbb32438800900c9.jpg,dataset-1,train
dataset-1_40_jpg.rf.847416e59a44d19ed5f1be21c9f4cc38.jpg,dataset-1,train
dataset-1_44_jpg.rf.14b298514d785d013f1c1eff4c880d3b.jpg,dataset-1,train
dataset-1_44_jpg.rf.d0b35d3dbd7ba3e2cee0844fbd80835d.jpg,dataset-1,train
dataset-1_49_jpg.rf.2ecc2e8486e1ffbbbbda668f0a0c00cb.jpg,dataset-1,train
dataset-1_50_jpg.rf.a3115815c32550c1ec667322d5ba5afd.jpg,dataset-1,train
dataset-1_53_jpg.rf.5dd571bb5cf7d00bc25c4b5a6b9367d1.jpg,dataset-1,train
dataset-1_53_jpg.rf.6b619bc3f1b6bcad1b7c5c1051d1f169.jpg,dataset-1,train
dataset-1_6_jpg.rf.27bfc353368b2aaad04bccf98336e4b1.jpg,dataset-1,train
dataset-1_6_jpg.rf.2e9fc51efac8cafb489bac888455a9dd.jpg,dataset-1,train
dataset-1_72_jpg.rf.1f5183e35b7c6bf271edf085622b8576.jpg,dataset-1,train
dataset-1_76_jpg.rf.00ad340ed419f9d52e33892df6ab5646.jpg,dataset-1,train
dataset-1_80_jpg.rf.41a0f24573f395619e42882021c2c69f.jpg,dataset-1,train
dataset-1_80_jpg.rf.9a73723e3410cbba0039b6fa3d18e1c9.jpg,dataset-1,train
dataset-1_80_jpg.rf.b63e996d819cbaf45e48083f49235985.jpg,dataset-1,train
dataset-1_80_jpg.rf.f5cdeb0e2ff2d1a4adbb301fdbbe5d0e.jpg,dataset-1,train
dataset-1_81_jpg.rf.0b0d0e34a47d0ee60d064ff96afcd10e.jpg,dataset-1,train
dataset-1_81_jpg.rf.0d38b79dd81e0b5a97417524c202837f.jpg,dataset-1,train
dataset-1_81_jpg.rf.b55eb29485993496b33c3d557baac31a.jpg,dataset-1,train
dataset-1_83_jpg.rf.05a26bd727a6f613b7e2e7a881075ab7.jpg,dataset-1,train
dataset-1_83_jpg.rf.7e0b6f82679ed82c2d4a190b6179e3d3.jpg,dataset-1,train
dataset-1_85_jpg.rf.3ce8371e98939f1233010a69b949c5ef.jpg,dataset-1,train
dataset-1_85_jpg.rf.5c59955a5296b7149b2d0fcffb44e224.jpg,dataset-1,train
dataset-1_85_jpg.rf.9bf683fa79daf016f3d394db35f0f4d3.jpg,dataset-1,train
dataset-1_85_jpg.rf.ed2b4cf2b30ae5d9c77d6500509efced.jpg,dataset-1,train
dataset-1_87_jpg.rf.65c2f61aa3333e019ddbe1b3a213da3f.jpg,dataset-1,train
dataset-1_90ajek_jpg.rf.11e7762eb40b8dbf313aa160d39f8449.jpg,dataset-1,train
dataset-1_90ajek_jpg.rf.994a2789db48e133f6519614f859e2b4.jpg,dataset-1,train
dataset-1_91_jpg.rf.3ee75600726725e9e03573f48b00e8b5.jpg,dataset-1,train
dataset-1_91_jpg.rf.6ad243cd41c34ba1be80aa7a6f84fc33.jpg,dataset-1,train
dataset-1_91_jpg.rf.ecb76e436778c4d8e1c14832abec92c7.jpg,dataset-1,train
dataset-1_93_jpg.rf.2d4031c48a9d371f5dfcb478cdafcc13.jpg,dataset-1,train
dataset-1_94_jpg.rf.328a5716e34db962c79db4bcf012ade4.jpg,dataset-1,train
dataset-1_94_jpg.rf.6789e5ede60d24e65bd40ebf9204efcd.jpg,dataset-1,train
dataset-1_94_jpg.rf.6fdef21d20f8850a6571bae4065443bb.jpg,dataset-1,train
dataset-1_97_jpg.rf.0f67785a0bb379d6d91d748f133c2ec2.jpg,dataset-1,train
dataset-1_97_jpg.rf.1a24cb79a4bc5192ccd0cc98a6ce48b3.jpg,dataset-1,train
dataset-1_97_jpg.rf.1c1e60801f566bd3d8a87b357257c502.jpg,dataset-1,train
dataset-1_97_jpg.rf.41536a09c00186789dd8065b5a4259b4.jpg,dataset-1,train
dataset-1_98_jpg.rf.9ec627ab0f834aaad81a995c08e8cded.jpg,dataset-1,train
dataset-1_98_jpg.rf.e3e7c45c04c75f1a7f5cb5ff6f77df48.jpg,dataset-1,train
dataset-1_9_jpg.rf.4500cf9604d82dbede2844d88c8627ab.jpg,dataset-1,train
dataset-1_am4i_jpg.rf.0c65a9403875228faa592f337c80d038.jpg,dataset-1,train
dataset-1_aron-l-7uhR_TA0ank-unsplash_jpg.rf.6c1d16d022f932bf3923d9b553abd854.jpg,dataset-1,train
dataset-1_beverage_cans-104_jpg.rf.288164f9239b5c89525d0a22d158c218.jpg,dataset-1,train
dataset-1_beverage_cans-104_jpg.rf.44f274edcd6f53d960047e69f04edc12.jpg,dataset-1,train
dataset-1_beverage_cans-104_jpg.rf.5fa10b36ddb2774182b293ba488893a8.jpg,dataset-1,train
dataset-1_beverage_cans-104_jpg.rf.cb3e174b3e1966b8b489e712a736ff88.jpg,dataset-1,train
dataset-1_beverage_cans-107_jpg.rf.0c07fe59000d04d4f08648eb3f07650c.jpg,dataset-1,train
dataset-1_beverage_cans-107_jpg.rf.27bee0eb90286681d58a12c1d4db6689.jpg,dataset-1,train
dataset-1_beverage_cans-108_jpg.rf.0cc8bc1ea45ca31de74402344da3aad0.jpg,dataset-1,train
dataset-1_beverage_cans-108_jpg.rf.7354725b03e6a921bb736451e59bf2f2.jpg,dataset-1,train
dataset-1_beverage_cans-108_jpg.rf.d2da0add4bb351ad1f3177927938a37b.jpg,dataset-1,train
dataset-1_beverage_cans-110_jpg.rf.240b4cf7728e6107380ebc6a6f472413.jpg,dataset-1,train
dataset-1_beverage_cans-110_jpg.rf.323da161389fcd87a3e0490ac6b9646b.jpg,dataset-1,train
dataset-1_beverage_cans-110_jpg.rf.7a11ad0d07ea4248b8cbcb9314f09653.jpg,dataset-1,train
dataset-1_beverage_cans-110_jpg.rf.aeba5f4362952a1e13c889ccf644880f.jpg,dataset-1,train
dataset-1_beverage_cans-111_jpg.rf.9ca0164d89a54aaec52af8457772dae0.jpg,dataset-1,train
dataset-1_beverage_cans-111_jpg.rf.cae21d77409125c15723a19129fded47.jpg,dataset-1,train
dataset-1_beverage_cans-119_jpg.rf.0a411adc69883167387232d6cf3ca62f.jpg,dataset-1,train
dataset-1_beverage_cans-119_jpg.rf.17851410edbaaff5d5626cee14733f52.jpg,dataset-1,train
dataset-1_beverage_cans-119_jpg.rf.61049968c71824cf174f6ea7d8734585.jpg,dataset-1,train
dataset-1_beverage_cans-119_jpg.rf.649b26a9fd7435a13255096fc9bdb3e2.jpg,dataset-1,train
dataset-1_beverage_cans-119_jpg.rf.9cf76914710b9b551472356bad81f700.jpg,dataset-1,train
dataset-1_beverage_cans-119_jpg.rf.d78820186b03214f03e24c291b8c6947.jpg,dataset-1,train
dataset-1_beverage_cans-121_jpg.rf.13fac10f47518ff1392c6acaa0715813.jpg,dataset-1,train
dataset-1_beverage_cans-121_jpg.rf.5e1d04f37f2dc23e0aedfa797f8d16ea.jpg,dataset-1,train
dataset-1_beverage_cans-121_jpg.rf.ae3df76e6ea337e73fc7c3f3965d3f3b.jpg,dataset-1,train
dataset-1_beverage_cans-121_jpg.rf.f947b43e258c4f70fa4b3e25c11413d8.jpg,dataset-1,train
dataset-1_beverage_cans-122_jpg.rf.0d1b9c2fdcb29c9f8ef9f80549e2413a.jpg,dataset-1,train
dataset-1_beverage_cans-122_jpg.rf.3f2cb9d7b262dea3da17880a6ecc30e3.jpg,dataset-1,train
dataset-1_beverage_cans-122_jpg.rf.8f5e8eebf237b8958dd0a352fc9c04bd.jpg,dataset-1,train
dataset-1_beverage_cans-122_jpg.rf.dbf99a8eccc5abd3ba896a0580710b14.jpg,dataset-1,train
dataset-1_beverage_cans-123_jpg.rf.1360253dae7a072f2d42773db77c2055.jpg,dataset-1,train
dataset-1_beverage_cans-123_jpg.rf.2bf022ccf380587ac96995edafd83994.jpg,dataset-1,train
dataset-1_beverage_cans-123_jpg.rf.a401e34dda6e17c28bff2625f1ceffb6.jpg,dataset-1,train
dataset-1_beverage_cans-124_jpg.rf.08e7779d5eddf5249dbbba6ef0caa466.jpg,dataset-1,train
dataset-1_beverage_cans-124_jpg.rf.5aeb2cd0e0aeac52c75e527edb5fee48.jpg,dataset-1,train
dataset-1_beverage_cans-125_jpg.rf.655ffd277df0d6ed59653e6d30ae759c.jpg,dataset-1,train
dataset-1_beverage_cans-125_jpg.rf.7b52b860ec5b9b8ba71963c4145868ff.jpg,dataset-1,train
dataset-1_beverage_cans-128_jpg.rf.0fd68125c7925a845a35060fa3e64949.jpg,dataset-1,train
dataset-1_beverage_cans-128_jpg.rf.3a30e6fb48a1631dbdddb0b23542b4c4.jpg,dataset-1,train
dataset-1_beverage_cans-128_jpg.rf.4c94c10dcf1a0db1ddf05b1a17452b0f.jpg,dataset-1,train
dataset-1_beverage_cans-128_jpg.rf.7772286744ae539597f1f10255330634.jpg,dataset-1,train
dataset-1_beverage_cans-128_jpg.rf.a98db2be0e1b7d6ce68b7a012dfe7766.jpg,dataset-1,train
dataset-1_beverage_cans-129_jpg.rf.05f4ceb0c87d57dfa5994af88aaf933b.jpg,dataset-1,train
dataset-1_beverage_cans-131_jpg.rf.168999b8cf1661594b602000d0392bff.jpg,dataset-1,train
dataset-1_beverage_cans-131_jpg.rf.345f6f8feeadfcd1787f7a72722f8e77.jpg,dataset-1,train
dataset-1_beverage_cans-131_jpg.rf.5050c7df6954d9c73d7e6d197502be8c.jpg,dataset-1,train
dataset-1_beverage_cans-133_jpg.rf.0339ee7264881db343839f8421c86413.jpg,dataset-1,train
dataset-1_beverage_cans-133_jpg.rf.0ab60b3c5870a810a2046bd69c68f432.jpg,dataset-1,train
dataset-1_beverage_cans-133_jpg.rf.2929a14026b88d532a5945f063e72a86.jpg,dataset-1,train
dataset-1_beverage_cans-133_jpg.rf.772fcfe15b4f6aee39e9838d2d3f4ba2.jpg,dataset-1,train
dataset-1_beverage_cans-134_jpg.rf.085f61f1dbfc598192fd72e7087bc9c1.jpg,dataset-1,train
dataset-1_beverage_cans-134_jpg.rf.500e028d493ab04dc2a72fe6bdd9e0cf.jpg,dataset-1,train
dataset-1_beverage_cans-135_jpg.rf.20852636764211ba36ba92bae2c3b0de.jpg,dataset-1,train
dataset-1_beverage_cans-135_jpg.rf.2a22ae947a99d39cf04f5444757b7f38.jpg,dataset-1,train
dataset-1_beverage_cans-135_jpg.rf.2aa7dd57c9e3d62a192f02e2415f0e7f.jpg,dataset-1,train
dataset-1_beverage_cans-135_jpg.rf.2b77eb952f8de26283fd4a96dae84e19.jpg,dataset-1,train
dataset-1_beverage_cans-135_jpg.rf.79ac6fb2d802de7ca9e57b58d614d8a2.jpg,dataset-1,train
dataset-1_beverage_cans-135_jpg.rf.ff9f9ca0328e779fb0b8b1c26cfa9a28.jpg,dataset-1,train
dataset-1_beverage_cans-136_jpg.rf.24d08534aeae996cd8588becc59979f9.jpg,dataset-1,train
dataset-1_beverage_cans-136_jpg.rf.6b7aee507b4f720c916aa2dd594db3c6.jpg,dataset-1,train
dataset-1_beverage_cans-140_jpg.rf.10ef93877bf2ba76298a69689d13f624.jpg,dataset-1,train
dataset-1_beverage_cans-140_jpg.rf.132fd339d5a44adc1d8bb3fab3ebc589.jpg,dataset-1,train
dataset-1_beverage_cans-140_jpg.rf.16f404796bfc4409afbc1ebefea03500.jpg,dataset-1,train
dataset-1_beverage_cans-140_jpg.rf.1d62033c2fc1804c1e06428b6254f0fe.jpg,dataset-1,train
dataset-1_beverage_cans-140_jpg.rf.7182b99b5426e21ace87c031ad12e69d.jpg,dataset-1,train
dataset-1_beverage_cans-141_jpg.rf.0ed419c5b1420a2753d75eebfffe6651.jpg,dataset-1,train
dataset-1_beverage_cans-141_jpg.rf.aba77cea1b230ce93e193782755722d9.jpg,dataset-1,train
dataset-1_beverage_cans-141_jpg.rf.c9cad776c16cb5556841d0fc53bc8e06.jpg,dataset-1,train
dataset-1_beverage_cans-141_jpg.rf.ce13f74ee98ecbe742b87c7068faa20e.jpg,dataset-1,train
dataset-1_beverage_cans-141_jpg.rf.e13d4f04905a5ad68d34feb010e58111.jpg,dataset-1,train
dataset-1_beverage_cans-141_jpg.rf.f94a6a92ecfc15304f1a46aca5b9bbf5.jpg,dataset-1,train
dataset-1_beverage_cans-142_jpg.rf.11218f49d91354d4fbded67debecee79.jpg,dataset-1,train
dataset-1_beverage_cans-142_jpg.rf.a8a6291c6105e264d227bf8d50611630.jpg,dataset-1,train
dataset-1_beverage_cans-142_jpg.rf.c3a254e410063c4eca6d4c3fdb67989a.jpg,dataset-1,train
dataset-1_beverage_cans-149_jpg.rf.25f1e57a3d764fdffcdada1fa97ab54e.jpg,dataset-1,train
dataset-1_beverage_cans-149_jpg.rf.2be1a8141eb11cbf6b3f6d9c64095848.jpg,dataset-1,train
dataset-1_beverage_cans-149_jpg.rf.66c089511a1d259981bfee6ad8d85bd7.jpg,dataset-1,train
dataset-1_beverage_cans-149_jpg.rf.87251e2ad0e3e1998c46a7afe0754380.jpg,dataset-1,train
dataset-1_beverage_cans-150_jpg.rf.0c9c977d51338887e4be2e0b6323b577.jpg,dataset-1,train
dataset-1_beverage_cans-150_jpg.rf.3c91bc685c9bdbad9d07adedef3f3bef.jpg,dataset-1,train
dataset-1_beverage_cans-150_jpg.rf.aacccf554271a74ba0921272241c59f1.jpg,dataset-1,train
dataset-1_beverage_cans-150_jpg.rf.eac8b806a99d9532db92d0c7ebfe8cfb.jpg,dataset-1,train
dataset-1_beverage_cans-159_jpg.rf.0787a6bab25623f967e48c2a23a55d04.jpg,dataset-1,train
dataset-1_beverage_cans-159_jpg.rf.1611f9655774dfb35a93d1f93570eb1b.jpg,dataset-1,train
dataset-1_beverage_cans-159_jpg.rf.2fe70376f107581760a45d45168aead8.jpg,dataset-1,train
dataset-1_beverage_cans-159_jpg.rf.4af81d64d96dab0ccb88274bb405a9c0.jpg,dataset-1,train
dataset-1_beverage_cans-159_jpg.rf.6976529c431b2c33b8f96468951e9500.jpg,dataset-1,train
dataset-1_beverage_cans-167_jpg.rf.043d50fefd5988228b95746ed096a3a8.jpg,dataset-1,train
dataset-1_beverage_cans-167_jpg.rf.2ad08798b334acadddd4e862e742ea96.jpg,dataset-1,train
dataset-1_beverage_cans-167_jpg.rf.3d2c88a9e96e3e3693b7463bbc1c548a.jpg,dataset-1,train
dataset-1_beverage_cans-167_jpg.rf.48f60e47667c2c967e5907095d2786bd.jpg,dataset-1,train
dataset-1_beverage_cans-167_jpg.rf.794a3323e31a0fb59a3d24f38b1766dd.jpg,dataset-1,train
dataset-1_beverage_cans-173_jpg.rf.0da116c236bd521ca7d9ef69577e35b1.jpg,dataset-1,train
dataset-1_beverage_cans-173_jpg.rf.28ad9f88efb9e8faac63295e5199b501.jpg,dataset-1,train
dataset-1_beverage_cans-173_jpg.rf.29e733403d83d517ab6be2ffbefcc8a0.jpg,dataset-1,train
dataset-1_beverage_cans-173_jpg.rf.9f92803b7ec1bc6a1c09b7baac4c6b77.jpg,dataset-1,train
dataset-1_beverage_cans-173_jpg.rf.b27bd1b749d6b11984af694f368f436b.jpg,dataset-1,train
dataset-1_beverage_cans-176_jpg.rf.1a6315e105720215398310bb57fc7fc9.jpg,dataset-1,train
dataset-1_beverage_cans-176_jpg.rf.346bf8118c7c2701618d761304526177.jpg,dataset-1,train
dataset-1_beverage_cans-176_jpg.rf.493637d1302b6a25166278c6b0fc8ee9.jpg,dataset-1,train
dataset-1_beverage_cans-176_jpg.rf.5c98c4eeb171d9c2a69af9771c077261.jpg,dataset-1,train
dataset-1_beverage_cans-176_jpg.rf.693cc69355ea62ffc842d9b481eeac98.jpg,dataset-1,train
dataset-1_beverage_cans-176_jpg.rf.c6f035a55867c0f93552bf1c0d7d27e0.jpg,dataset-1,train
dataset-1_beverage_cans-179_jpg.rf.45453d92c405a05e171da470f3068de0.jpg,dataset-1,train
dataset-1_beverage_cans-179_jpg.rf.59a2859c8dbbafbd6ec8b7e6e9deee70.jpg,dataset-1,train
dataset-1_beverage_cans-179_jpg.rf.c6b4093cb5ddbdabec83bb9cb66ffa62.jpg,dataset-1,train
dataset-1_beverage_cans-179_jpg.rf.d14bb89e4291fc6b927f78ee64bc8d7e.jpg,dataset-1,train
dataset-1_beverage_cans-179_jpg.rf.f6be402526baceda39d41c3948f24205.jpg,dataset-1,train
dataset-1_beverage_cans-181_jpg.rf.165e05755d3bcc34034227d3e8d8fab4.jpg,dataset-1,train
dataset-1_beverage_cans-181_jpg.rf.2d31505f26dff8964c1a8ef44d7c290a.jpg,dataset-1,train
dataset-1_beverage_cans-181_jpg.rf.3791b7a0c87a399c1e00978f5939598a.jpg,dataset-1,train
dataset-1_beverage_cans-181_jpg.rf.6c2cae984dd5c832d14a8995bd925c86.jpg,dataset-1,train
dataset-1_beverage_cans-181_jpg.rf.b8b7fdc144f76f9e912305ca49115bfd.jpg,dataset-1,train
dataset-1_beverage_cans-187_jpg.rf.252d84992dc39962b4abb3c5647ffdb5.jpg,dataset-1,train
dataset-1_beverage_cans-187_jpg.rf.358d329e4b88df760101d07a6ee62543.jpg,dataset-1,train
dataset-1_beverage_cans-187_jpg.rf.3ea43f8f9c5501d17bb7487834033eeb.jpg,dataset-1,train
dataset-1_beverage_cans-187_jpg.rf.71bfdba90eb7b87b52ef171bc0a5f945.jpg,dataset-1,train
dataset-1_beverage_cans-189_jpg.rf.60ecfce7154bb92ebdea53acf2e79a73.jpg,dataset-1,train
dataset-1_beverage_cans-18_jpg.rf.12be254e5655a165e0af0e916f73c05a.jpg,dataset-1,train
dataset-1_beverage_cans-18_jpg.rf.1b2ebca79f9daac1f69f6fd5202f2e5c.jpg,dataset-1,train
dataset-1_beverage_cans-18_jpg.rf.1c70b394bec0622666ca9a15deb7f04e.jpg,dataset-1,train
dataset-1_beverage_cans-18_jpg.rf.4166db8b5415f171f28303b575013ce7.jpg,dataset-1,train
dataset-1_beverage_cans-18_jpg.rf.61d0d98d33c87f007a1149a733b37a2f.jpg,dataset-1,train
dataset-1_beverage_cans-18_jpg.rf.6ce918fa2e307872f5b1913ed27a1ca4.jpg,dataset-1,train
dataset-1_beverage_cans-18_jpg.rf.f922e2ccf6056b3461d8b52305d4c34c.jpg,dataset-1,train
dataset-1_beverage_cans-192_jpg.rf.90a4651230eef0e1aa0aa3e7c92f1216.jpg,dataset-1,train
dataset-1_beverage_cans-192_jpg.rf.acfb57449cd1488484008d4c7e2b0507.jpg,dataset-1,train
dataset-1_beverage_cans-196_jpg.rf.2d7addee6b893d2a1dcbd907facc98d7.jpg,dataset-1,train
dataset-1_beverage_cans-196_jpg.rf.4f91141e651ec6192208e299a2bfb0f0.jpg,dataset-1,train
dataset-1_beverage_cans-196_jpg.rf.b39dff5e4d9a4658b5262715afc3c59b.jpg,dataset-1,train
dataset-1_beverage_cans-197_jpg.rf.372ab59b40cf10d7ef60fca48bb628f0.jpg,dataset-1,train
dataset-1_beverage_cans-197_jpg.rf.6fe17efcf14ec241e1b22c18097cfaee.jpg,dataset-1,train
dataset-1_beverage_cans-197_jpg.rf.79aea4865a7df325448bafecab9db28d.jpg,dataset-1,train
dataset-1_beverage_cans-197_jpg.rf.79bf70ffa8aeb6c6e1d2cedcd169da7e.jpg,dataset-1,train
dataset-1_beverage_cans-197_jpg.rf.e8115a125c533a2ca43f7f1b6c6c6376.jpg,dataset-1,train
dataset-1_beverage_cans-1_jpg.rf.71b7e282c499bdd32c768b0cc792c6be.jpg,dataset-1,train
dataset-1_beverage_cans-1_jpg.rf.817dd5098b1d2cba805ffaf5c796c6bf.jpg,dataset-1,train
dataset-1_beverage_cans-1_jpg.rf.9c2b4611ff479a0b65e20e664fe94ffb.jpg,dataset-1,train
dataset-1_beverage_cans-1_jpg.rf.c281bc398659889af66c0a489d016395.jpg,dataset-1,train
dataset-1_beverage_cans-1_jpg.rf.ebc71f058312bfb2c916016fd82f7308.jpg,dataset-1,train
dataset-1_beverage_cans-200_jpg.rf.11b433f01c1b6c0abdbed58e4dbd7335.jpg,dataset-1,train
dataset-1_beverage_cans-200_jpg.rf.12bbf23e9903f56e6f56c045c6e60a79.jpg,dataset-1,train
dataset-1_beverage_cans-200_jpg.rf.327d9ea704bef04090bcf37d03a2f896.jpg,dataset-1,train
dataset-1_beverage_cans-200_jpg.rf.38422b8eaf919b8d5ded9ddb84b93e7f.jpg,dataset-1,train
dataset-1_beverage_cans-200_jpg.rf.4bd569cef53f9a744af832d531a27ee1.jpg,dataset-1,train
dataset-1_beverage_cans-205_jpg.rf.0512be9b96589e00d50e91f3f2b34311.jpg,dataset-1,train
dataset-1_beverage_cans-205_jpg.rf.06f4085d5a834cb328fc90a0571fc41d.jpg,dataset-1,train
dataset-1_beverage_cans-205_jpg.rf.f25c14dd75eb48a0ada250bac5e18aaa.jpg,dataset-1,train
dataset-1_beverage_cans-205_jpg.rf.f2ec92395dd8742e6ac1b3b5fd084da0.jpg,dataset-1,train
dataset-1_beverage_cans-205_jpg.rf.ff46ef8f29eb6be95d1951afef4fb960.jpg,dataset-1,train
dataset-1_beverage_cans-20_jpg.rf.43e200acfe6cb32cfcac36b28af1a5e0.jpg,dataset-1,train
dataset-1_beverage_cans-20_jpg.rf.b5efecab01df270aba7cd07fce59c633.jpg,dataset-1,train
dataset-1_beverage_cans-215_jpg.rf.0c5f9234a340b6ca78e4a7b55333e17a.jpg,dataset-1,train
dataset-1_beverage_cans-215_jpg.rf.1ffba9da2b431b76be92a7119a67cba7.jpg,dataset-1,train
dataset-1_beverage_cans-215_jpg.rf.4b46c188bf2f74b2fe721469bbc51ce1.jpg,dataset-1,train
dataset-1_beverage_cans-215_jpg.rf.c33e00265cbd4f7047bd82a463c35511.jpg,dataset-1,train
dataset-1_beverage_cans-215_jpg.rf.eea01924b571d9d45b62fa47248af7ce.jpg,dataset-1,train
dataset-1_beverage_cans-21_jpg.rf.5ee6fd32d8fe5e4ecadd928c7be92d94.jpg,dataset-1,train
dataset-1_beverage_cans-21_jpg.rf.756c9a282c982cb191e5d2c9004e9e0e.jpg,dataset-1,train
dataset-1_beverage_cans-21_jpg.rf.98a234e70f750e1319b00dca0786032f.jpg,dataset-1,train
dataset-1_beverage_cans-225_jpg.rf.1281b8677efd9a9c8f25146ac175afbb.jpg,dataset-1,train
dataset-1_beverage_cans-225_jpg.rf.1f1ad7008bfaca1a888abfb346b9eeb8.jpg,dataset-1,train
dataset-1_beverage_cans-225_jpg.rf.26a2ad8c417b9e9b66047423b21965d8.jpg,dataset-1,train
dataset-1_beverage_cans-225_jpg.rf.312a2fb134b651555f2e973224fac82d.jpg,dataset-1,train
dataset-1_beverage_cans-225_jpg.rf.4467f0dee811b551b47eb5b173fa37de.jpg,dataset-1,train
dataset-1_beverage_cans-225_jpg.rf.ec65727fa48c6c1ed2694e85ac33b0ec.jpg,dataset-1,train
dataset-1_beverage_cans-234_jpg.rf.05d5cd75a530272149c433d3df2c4840.jpg,dataset-1,train
dataset-1_beverage_cans-234_jpg.rf.231225c8786f401ecc841c8f52fffd16.jpg,dataset-1,train
dataset-1_beverage_cans-234_jpg.rf.6552a98b7e2e1f1e05551351a81d4e52.jpg,dataset-1,train
dataset-1_beverage_cans-234_jpg.rf.994a6c67ea52214642775c11e9039d61.jpg,dataset-1,train
dataset-1_beverage_cans-239_jpg.rf.00f186374789221cde622ee8eb503986.jpg,dataset-1,train
dataset-1_beverage_cans-239_jpg.rf.5d6f1fc6188da9b521fc213dbd16eeb0.jpg,dataset-1,train
dataset-1_beverage_cans-239_jpg.rf.93ecc3b7944a6e6009192c2542ce0488.jpg,dataset-1,train
dataset-1_beverage_cans-239_jpg.rf.9574f3f68059cc8d3595d281af57ed32.jpg,dataset-1,train
dataset-1_beverage_cans-239_jpg.rf.b45192c42452912f080fc0272fa0a56d.jpg,dataset-1,train
dataset-1_beverage_cans-240_jpg.rf.02dd6319e0414c357b43d6f1b37567fc.jpg,dataset-1,train
dataset-1_beverage_cans-240_jpg.rf.17987de74ae32597d22659af9aa8a20b.jpg,dataset-1,train
dataset-1_beverage_cans-251_jpg.rf.062b4a626f2d37fa0cb075989204a9f9.jpg,dataset-1,train
dataset-1_beverage_cans-251_jpg.rf.10db86347df5fa851c9952e2ca555c50.jpg,dataset-1,train
dataset-1_beverage_cans-251_jpg.rf.3c0d1e439407999f2115303748bd807c.jpg,dataset-1,train
dataset-1_beverage_cans-251_jpg.rf.52e863542948c4a7ab103a5a402e19ed.jpg,dataset-1,train
dataset-1_beverage_cans-251_jpg.rf.b725c0765b6a057602e0583af220b387.jpg,dataset-1,train
dataset-1_beverage_cans-251_jpg.rf.db17f482ae4692d81dbff1a10f6253c8.jpg,dataset-1,train
dataset-1_beverage_cans-251_jpg.rf.f8d248ac7cbf8acef81d71fa699ffed6.jpg,dataset-1,train
dataset-1_beverage_cans-25_jpg.rf.49eb54ee2acaa0a02577406e018ab4ca.jpg,dataset-1,train
dataset-1_beverage_cans-25_jpg.rf.4fc45b54ab48919f04d4780e72fb2d6e.jpg,dataset-1,train
dataset-1_beverage_cans-25_jpg.rf.781741ddf5adf85ee80c84e2a9de669c.jpg,dataset-1,train
dataset-1_beverage_cans-260_jpg.rf.348909204c7a5fc15bf535bd326e2fba.jpg,dataset-1,train
dataset-1_beverage_cans-260_jpg.rf.5a9318b7fb6b76940197c8d90b6403b9.jpg,dataset-1,train
dataset-1_beverage_cans-260_jpg.rf.7cde9eae93d1c4b4ce5b2b39caae58e2.jpg,dataset-1,train
dataset-1_beverage_cans-260_jpg.rf.812d83dae0b10adacfa99c185018d1d9.jpg,dataset-1,train
dataset-1_beverage_cans-260_jpg.rf.e0a0d6a8459ed2c1e12c381261b2dc39.jpg,dataset-1,train
dataset-1_beverage_cans-261_jpg.rf.1b93561ad92bd0da1899619c3a849681.jpg,dataset-1,train
dataset-1_beverage_cans-261_jpg.rf.834296598b857fecd9987f3e5ebcc1a5.jpg,dataset-1,train
dataset-1_beverage_cans-26_jpg.rf.65b50c1fb2aab87444ee0c2438774b7a.jpg,dataset-1,train
dataset-1_beverage_cans-26_jpg.rf.7a832192094656c305744097873cb809.jpg,dataset-1,train
dataset-1_beverage_cans-26_jpg.rf.a2eac8401c7b6c9718c34be6e4f00300.jpg,dataset-1,train
dataset-1_beverage_cans-271_jpg.rf.0688e916a414411cc9297122bec77833.jpg,dataset-1,train
dataset-1_beverage_cans-271_jpg.rf.43ef5445f7e974fa1eb3b8093d51bb10.jpg,dataset-1,train
dataset-1_beverage_cans-271_jpg.rf.49ad78d7acbc8dbc653f94a92f67c6b2.jpg,dataset-1,train
dataset-1_beverage_cans-271_jpg.rf.7b6682c4d8502180e7ce24f833a561cb.jpg,dataset-1,train
dataset-1_beverage_cans-273_jpg.rf.2d2ad1cdef5ed514171a5e87f353eaa9.jpg,dataset-1,train
dataset-1_beverage_cans-273_jpg.rf.3c8f6f9c3d9ff2a37b502faff5d806fd.jpg,dataset-1,train
dataset-1_beverage_cans-277_jpg.rf.3260df08e5d7ca15facdeacb60df8bfd.jpg,dataset-1,train
dataset-1_beverage_cans-277_jpg.rf.345fac87d27ac30df6ee2d83fbf8b5b6.jpg,dataset-1,train
dataset-1_beverage_cans-277_jpg.rf.384b804abf1e622763a1a5f88bd66174.jpg,dataset-1,train
dataset-1_beverage_cans-277_jpg.rf.3d487deb9fd2d7608e906f1469298c79.jpg,dataset-1,train
dataset-1_beverage_cans-277_jpg.rf.94e0407175e868087512a7a3545762d6.jpg,dataset-1,train
dataset-1_beverage_cans-277_jpg.rf.c76596789fb7c760b1c3c16e3839ca86.jpg,dataset-1,train
dataset-1_beverage_cans-277_jpg.rf.de3c9683db324110228f72a071f9271c.jpg,dataset-1,train
dataset-1_beverage_cans-302_jpg.rf.221037a00e8662fb8840c28b8101ae47.jpg,dataset-1,train
dataset-1_beverage_cans-307_jpg.rf.3c4752427689f0a89e35b437b2b8c5d1.jpg,dataset-1,train
dataset-1_beverage_cans-307_jpg.rf.5d16447609e393a3d70886bc8cf11f23.jpg,dataset-1,train
dataset-1_beverage_cans-307_jpg.rf.60f3d86f34c2004b50f5c157b9ce4031.jpg,dataset-1,train
dataset-1_beverage_cans-307_jpg.rf.bd53486394f19d0eef5b563a3613bed8.jpg,dataset-1,train
dataset-1_beverage_cans-308_jpg.rf.0a9ab397a1f13aee311daf157e2de66c.jpg,dataset-1,train
dataset-1_beverage_cans-308_jpg.rf.0dd8ba5ce656bfdea109bfb0d0ffb10c.jpg,dataset-1,train
dataset-1_beverage_cans-308_jpg.rf.2f58c93a053582325bf0ab7c60d1bd67.jpg,dataset-1,train
dataset-1_beverage_cans-308_jpg.rf.5d8197b8106051850f276261624e14ea.jpg,dataset-1,train
dataset-1_beverage_cans-308_jpg.rf.8bbec9fc1a2f79f9da93f242f0d0d2e6.jpg,dataset-1,train
dataset-1_beverage_cans-308_jpg.rf.8fb8f1794235a3d05a7d782668181a1d.jpg,dataset-1,train
dataset-1_beverage_cans-308_jpg.rf.fc760e2c8fa1ee9d4d7859cbd871c11a.jpg,dataset-1,train
dataset-1_beverage_cans-312_jpg.rf.114b1075ef86a3d65ab649b5eec7b966.jpg,dataset-1,train
dataset-1_beverage_cans-315_jpg.rf.12c93cad6abed735ea2664f53ba18b9b.jpg,dataset-1,train
dataset-1_beverage_cans-315_jpg.rf.53aad8236e69091a1a36dc377a058082.jpg,dataset-1,train
dataset-1_beverage_cans-315_jpg.rf.56c29978b053784e86519ba3118144c6.jpg,dataset-1,train
dataset-1_beverage_cans-315_jpg.rf.800b8d616dda9593a611b864ac05dfb9.jpg,dataset-1,train
dataset-1_beverage_cans-315_jpg.rf.91cb6d55310b5352e94ebff2bc02e354.jpg,dataset-1,train
dataset-1_beverage_cans-315_jpg.rf.d781d23b82223481d72d138262b44459.jpg,dataset-1,train
dataset-1_beverage_cans-328_jpg.rf.133cfa8a23523f3877e89d2675b6b69f.jpg,dataset-1,train
dataset-1_beverage_cans-328_jpg.rf.16c2fee246ead20bd338d9421c62f448.jpg,dataset-1,train
dataset-1_beverage_cans-328_jpg.rf.293f04e1c23850ab597e2fa66c978985.jpg,dataset-1,train
dataset-1_beverage_cans-328_jpg.rf.510d6692984b1a643f806405f9246ba8.jpg,dataset-1,train
dataset-1_beverage_cans-328_jpg.rf.89fd2c52a68608416284fc1785669bba.jpg,dataset-1,train
dataset-1_beverage_cans-338_jpg.rf.42423801b16b75456460c0446a17bb40.jpg,dataset-1,train
dataset-1_beverage_cans-341_jpg.rf.154c6c75763b07b3e57e65d1d94966a0.jpg,dataset-1,train
dataset-1_beverage_cans-341_jpg.rf.5b00b240a64f7defba5528544e23dbb3.jpg,dataset-1,train
dataset-1_beverage_cans-341_jpg.rf.6c766f41361b263493f72b6a3bff28b7.jpg,dataset-1,train
dataset-1_beverage_cans-341_jpg.rf.6ccc93f5d74ecc359f274fed595e022a.jpg,dataset-1,train
dataset-1_beverage_cans-356_jpg.rf.0813ed56dcd4f7714a4fef64728ada91.jpg,dataset-1,train
dataset-1_beverage_cans-357_jpg.rf.08bc44c6ae96034827e9b2e23689ac8a.jpg,dataset-1,train
dataset-1_beverage_cans-357_jpg.rf.343f1cfdd692981a03f77a4477611506.jpg,dataset-1,train
dataset-1_beverage_cans-357_jpg.rf.82e4f9c455320d89010abe4e4e7c3863.jpg,dataset-1,train
dataset-1_beverage_cans-359_jpg.rf.40847623076983d04333327378e60b05.jpg,dataset-1,train
dataset-1_beverage_cans-367_jpg.rf.0a016ab95e2608051dcf8883885a1842.jpg,dataset-1,train
dataset-1_beverage_cans-367_jpg.rf.1e9ea7cb0b066395f2f1bc2d9bf0295c.jpg,dataset-1,train
dataset-1_beverage_cans-367_jpg.rf.2029efea7326892be6d47dcfa13a3843.jpg,dataset-1,train
dataset-1_beverage_cans-367_jpg.rf.6d4845776d8c8baf94ca9f5d1aa82c33.jpg,dataset-1,train
dataset-1_beverage_cans-370_jpg.rf.5374852e8a77f2c11b1dd30fff098ca3.jpg,dataset-1,train
dataset-1_beverage_cans-370_jpg.rf.5a6aad1dbc74d3a9e6570b4434ebbb05.jpg,dataset-1,train
dataset-1_beverage_cans-370_jpg.rf.650af559f702130abc05c31e5d0645b5.jpg,dataset-1,train
dataset-1_beverage_cans-371_jpg.rf.09f8ee40d44ab5f4a9e4dd8b281ff045.jpg,dataset-1,train
dataset-1_beverage_cans-371_jpg.rf.94f3479d0ebef4767e320d4657993355.jpg,dataset-1,train
dataset-1_beverage_cans-372_jpg.rf.1129a6d4aa1effac5cf10361dea729e2.jpg,dataset-1,train
dataset-1_beverage_cans-376_jpg.rf.6295557c095e75cb24385e758cff090a.jpg,dataset-1,train
dataset-1_beverage_cans-376_jpg.rf.85a3917ffb299db343caaebdbe95c2f1.jpg,dataset-1,train
dataset-1_beverage_cans-376_jpg.rf.a0d109359e53fdc6fa2a7e1613b0fc98.jpg,dataset-1,train
dataset-1_beverage_cans-376_jpg.rf.d16908f73e0df62d79ac2c5aa487fb76.jpg,dataset-1,train
dataset-1_beverage_cans-376_jpg.rf.ea81db89e525696d50240498b9d880f9.jpg,dataset-1,train
dataset-1_beverage_cans-377_jpg.rf.20b7b2034b6f69650d78b3fc1fccc150.jpg,dataset-1,train
dataset-1_beverage_cans-377_jpg.rf.39bb9065393e5bf9ac0bb68c52b753d4.jpg,dataset-1,train
dataset-1_beverage_cans-377_jpg.rf.97b7d4e7ceccb8e8b6f3c72319ca2d40.jpg,dataset-1,train
dataset-1_beverage_cans-377_jpg.rf.f1c26cb5bc4831f37cba7a1b42b01733.jpg,dataset-1,train
dataset-1_beverage_cans-379_jpg.rf.15163abd1e9758555dcaf056e4c67a7c.jpg,dataset-1,train
dataset-1_beverage_cans-379_jpg.rf.5ea82cb413ee317fd2a4c88a07a93a5e.jpg,dataset-1,train
dataset-1_beverage_cans-379_jpg.rf.acbd5f7bd99fc8ee72a160a3b4b20982.jpg,dataset-1,train
dataset-1_beverage_cans-379_jpg.rf.b5593a9f998cd86f6c19641c8827b47c.jpg,dataset-1,train
dataset-1_beverage_cans-389_jpg.rf.1a36903c1045978508dbff0b4a5c2935.jpg,dataset-1,train
dataset-1_beverage_cans-389_jpg.rf.56bb530c53b222f81cfffe5ff13648a0.jpg,dataset-1,train
dataset-1_beverage_cans-389_jpg.rf.59ecd87b13edc9288cc8ec81635707a1.jpg,dataset-1,train
dataset-1_beverage_cans-389_jpg.rf.66e2a2bcd0d0b33b48382ea1b4840fa5.jpg,dataset-1,train
dataset-1_beverage_cans-389_jpg.rf.d33768a109616c538520a98f271025db.jpg,dataset-1,train
dataset-1_beverage_cans-393_jpg.rf.087588abc9944923aa9335bcc700e859.jpg,dataset-1,train
dataset-1_beverage_cans-393_jpg.rf.0f04270fae8eab849acc2fb2b73b018a.jpg,dataset-1,train
dataset-1_beverage_cans-393_jpg.rf.4b12523adac26ce2980021195f9bcbc4.jpg,dataset-1,train
dataset-1_beverage_cans-393_jpg.rf.75d12a2c2cbb134d24ef4bdff0213cd7.jpg,dataset-1,train
dataset-1_beverage_cans-396_jpg.rf.83a08aacd1b57b797bf7890ad000c861.jpg,dataset-1,train
dataset-1_beverage_cans-398_jpg.rf.180c04a7ca019a7e89a0ac26e7ebdb29.jpg,dataset-1,train
dataset-1_beverage_cans-398_jpg.rf.1e1014dedac296ffc364d176bcff38f3.jpg,dataset-1,train
dataset-1_beverage_cans-398_jpg.rf.40cc022cb072f65f668a31fd3530bf9a.jpg,dataset-1,train
dataset-1_beverage_cans-399_jpg.rf.38048666260c1b38c7d5e5d0001acb71.jpg,dataset-1,train
dataset-1_beverage_cans-399_jpg.rf.781a04126a2e3eaa398bd9061bfb25de.jpg,dataset-1,train
dataset-1_beverage_cans-399_jpg.rf.bd985d622acfe6a3dad6de45754339e1.jpg,dataset-1,train
dataset-1_beverage_cans-403_jpg.rf.0f0b4889b4034eb433144308ec2cde42.jpg,dataset-1,train
dataset-1_beverage_cans-403_jpg.rf.0f54729fac196618eec2040e2428eb42.jpg,dataset-1,train
dataset-1_beverage_cans-403_jpg.rf.134ebb4ca101c2cf59fa837abfb1c08a.jpg,dataset-1,train
dataset-1_beverage_cans-403_jpg.rf.9d2ce26f9b9d76588444441b99bca575.jpg,dataset-1,train
dataset-1_beverage_cans-403_jpg.rf.a09d5a9cfce12c2a4d4c8a552e2a6d9d.jpg,dataset-1,train
dataset-1_beverage_cans-403_jpg.rf.a46062cdddc3eb20ea45e7e570eddde6.jpg,dataset-1,train
dataset-1_beverage_cans-403_jpg.rf.a5b51c26ee1ab200a46609503f45f3b7.jpg,dataset-1,train
dataset-1_beverage_cans-403_jpg.rf.c0787c197a17f3e5d28636bbee96dfba.jpg,dataset-1,train
dataset-1_beverage_cans-403_jpg.rf.ea189550a59aa82c5734c54a224d8460.jpg,dataset-1,train
dataset-1_beverage_cans-413_jpg.rf.244fd7ed479c5ce2676a64034ba50a81.jpg,dataset-1,train
dataset-1_beverage_cans-413_jpg.rf.3bb74e50e8109d92f048b401a3820fa5.jpg,dataset-1,train
dataset-1_beverage_cans-413_jpg.rf.531d5295cf8a93b5ac81518cff793fa7.jpg,dataset-1,train
dataset-1_beverage_cans-413_jpg.rf.692621c6355d73cddfd632004bfb8ebf.jpg,dataset-1,train
dataset-1_beverage_cans-413_jpg.rf.bfff1b0437e373d8c81d28841a11c5a3.jpg,dataset-1,train
dataset-1_beverage_cans-421_jpg.rf.06524dae27310ce3115d9878c3f5bde4.jpg,dataset-1,train
dataset-1_beverage_cans-421_jpg.rf.599c9241030841a9086203070639fdec.jpg,dataset-1,train
dataset-1_beverage_cans-428_jpg.rf.412505904a263f1d3d9b2d93a07f0430.jpg,dataset-1,train
dataset-1_beverage_cans-431_jpg.rf.05b47b5ba9c67ed67b19c3fea540d713.jpg,dataset-1,train
dataset-1_beverage_cans-431_jpg.rf.0e4747f1da6cb0964fece47c0b175517.jpg,dataset-1,train
dataset-1_beverage_cans-431_jpg.rf.0fd6069d9dda60514942ca4964822de9.jpg,dataset-1,train
dataset-1_beverage_cans-431_jpg.rf.30dfb18b9708acd21c3903b6fb43aa31.jpg,dataset-1,train
dataset-1_beverage_cans-431_jpg.rf.5d8e15e38e274b8f33f67bdc7acbbce1.jpg,dataset-1,train
dataset-1_beverage_cans-445_jpg.rf.2278765437f9ac0cdeeec5a1ec7b56b9.jpg,dataset-1,train
dataset-1_beverage_cans-445_jpg.rf.45eb36a1517a15608b66f2a5c0698dc1.jpg,dataset-1,train
dataset-1_beverage_cans-44_jpg.rf.1dd6c07f84e5d6d97142fe2d6f62db29.jpg,dataset-1,train
dataset-1_beverage_cans-44_jpg.rf.36f927282059ca842d8025212f8f52df.jpg,dataset-1,train
dataset-1_beverage_cans-44_jpg.rf.69200ba9eab7db48379bdccb5a119c72.jpg,dataset-1,train
dataset-1_beverage_cans-44_jpg.rf.777fb6801aa2a8df4acc2d50254f4153.jpg,dataset-1,train
dataset-1_beverage_cans-44_jpg.rf.d298f250f66baf4b254d34f8137523ec.jpg,dataset-1,train
dataset-1_beverage_cans-44_jpg.rf.dd774554ce8e9632076d34e87d2e54c6.jpg,dataset-1,train
dataset-1_beverage_cans-484_jpg.rf.04c919624ba359ea15bc52c8881baf6d.jpg,dataset-1,train
dataset-1_beverage_cans-484_jpg.rf.309331cf08506857db4c6e784d2f1b78.jpg,dataset-1,train
dataset-1_beverage_cans-484_jpg.rf.57b8aeac40b92811735e6b08b1c60b7b.jpg,dataset-1,train
dataset-1_beverage_cans-484_jpg.rf.5f56f652863852595bc4637409080c13.jpg,dataset-1,train
dataset-1_beverage_cans-484_jpg.rf.6b4edeb439b9a3d0b5b116fce759cc90.jpg,dataset-1,train
dataset-1_beverage_cans-484_jpg.rf.fec618ec390766bc4d2ca00ad03e7d1f.jpg,dataset-1,train
dataset-1_beverage_cans-488_jpg.rf.24da568fcced0790628f1586ef92837f.jpg,dataset-1,train
dataset-1_beverage_cans-488_jpg.rf.32ad5585e3b5ed99117555990c4113c9.jpg,dataset-1,train
dataset-1_beverage_cans-488_jpg.rf.34f5386ddefd041faef4dbf7e6043424.jpg,dataset-1,train
dataset-1_beverage_cans-488_jpg.rf.54c8c53fd598a56dc8bd2088aa20c493.jpg,dataset-1,train
dataset-1_beverage_cans-488_jpg.rf.5a62033bb4922dd8bbbd8fd6b6f98931.jpg,dataset-1,train
dataset-1_beverage_cans-488_jpg.rf.a7bc50d5fc739fe61d21b479b63c6ed4.jpg,dataset-1,train
dataset-1_beverage_cans-48_jpg.rf.339d3fc2509311798586c68ba7ce6899.jpg,dataset-1,train
dataset-1_beverage_cans-48_jpg.rf.3d57bdb0e0749e05520207e60508bea8.jpg,dataset-1,train
dataset-1_beverage_cans-48_jpg.rf.420f52c473480a04a5f47f5e931e2c1b.jpg,dataset-1,train
dataset-1_beverage_cans-48_jpg.rf.5cf80fce8f78fd3db8232e8d4298747c.jpg,dataset-1,train
dataset-1_beverage_cans-50_jpg.rf.31175462c515bc03d8aed780084ee4b6.jpg,dataset-1,train
dataset-1_beverage_cans-50_jpg.rf.4187175cac5679539f7774de369ad200.jpg,dataset-1,train
dataset-1_beverage_cans-521_jpg.rf.29826d76b3b70667eea19c2a241dfd44.jpg,dataset-1,train
dataset-1_beverage_cans-521_jpg.rf.4764c6c6824ae3c4672a451851028036.jpg,dataset-1,train
dataset-1_beverage_cans-521_jpg.rf.74ed7f32cecc89a94588b9553a0fa370.jpg,dataset-1,train
dataset-1_beverage_cans-521_jpg.rf.8eb04c2873e3c30cbc08677860daf094.jpg,dataset-1,train
dataset-1_beverage_cans-524_jpg.rf.151e19321aff257dbd06d07e14b04c00.jpg,dataset-1,train
dataset-1_beverage_cans-524_jpg.rf.23ef5b9165f87ff21478e856472ebbbe.jpg,dataset-1,train
dataset-1_beverage_cans-524_jpg.rf.68ba7a0c51c9d39e591aaacdb0fa22a3.jpg,dataset-1,train
dataset-1_beverage_cans-524_jpg.rf.953d1e45c6cd350285812cc2d54be356.jpg,dataset-1,train
dataset-1_beverage_cans-524_jpg.rf.ad07ec3572c41656ffee1a755cb54884.jpg,dataset-1,train
dataset-1_beverage_cans-524_jpg.rf.d4de07a3f1faf17e117cd92ca044c004.jpg,dataset-1,train
dataset-1_beverage_cans-525_jpg.rf.2e98143855155d75690e5bb133deea51.jpg,dataset-1,train
dataset-1_beverage_cans-525_jpg.rf.520bc748b53627ca8eecbb5f25e04bff.jpg,dataset-1,train
dataset-1_beverage_cans-525_jpg.rf.5e47a06df90d736a6d515ed8ca2cc406.jpg,dataset-1,train
dataset-1_beverage_cans-525_jpg.rf.778a1e68bb6e026797d7879830345407.jpg,dataset-1,train
dataset-1_beverage_cans-525_jpg.rf.7b36c86f74147273155f47eaf6b0ed87.jpg,dataset-1,train
dataset-1_beverage_cans-528_jpg.rf.3fa6ff226827cf4d54c7c7470426bd08.jpg,dataset-1,train
dataset-1_beverage_cans-528_jpg.rf.520fad67f18ac3244ebdc8e3c49f8fe3.jpg,dataset-1,train
dataset-1_beverage_cans-528_jpg.rf.9ff6e9f43d5287884f4a2ffa8164e21c.jpg,dataset-1,train
dataset-1_beverage_cans-535_jpg.rf.4c9adfd2f66918060ab4def5a48abb49.jpg,dataset-1,train
dataset-1_beverage_cans-535_jpg.rf.5ad5a4f2aca67ddcd2cb05bd97126a21.jpg,dataset-1,train
dataset-1_beverage_cans-535_jpg.rf.8c191b5cba8555fb7edc21658282ed26.jpg,dataset-1,train
dataset-1_beverage_cans-536_jpg.rf.b08f34f5ff19c9b3a8a4add08b1606b7.jpg,dataset-1,train
dataset-1_beverage_cans-538_jpg.rf.3d90b2432ffcc507338954c32d474ed3.jpg,dataset-1,train
dataset-1_beverage_cans-538_jpg.rf.5b0dad0bac31f5e8da001714d97b443e.jpg,dataset-1,train
dataset-1_beverage_cans-538_jpg.rf.a62a2e0b3ae825f725c48609cf6185ed.jpg,dataset-1,train
dataset-1_beverage_cans-538_jpg.rf.b69bbd2b99ad65fddba85e449ce8db25.jpg,dataset-1,train
dataset-1_beverage_cans-538_jpg.rf.ed300ecf108aa3e42feba63ae757a30d.jpg,dataset-1,train
dataset-1_beverage_cans-543_jpg.rf.4d28e5eb1972d15d64e356282b465ec1.jpg,dataset-1,train
dataset-1_beverage_cans-545_jpg.rf.16419b97d841d641fa32e7fe7f536c47.jpg,dataset-1,train
dataset-1_beverage_cans-545_jpg.rf.196522a137967665180efe15fd93dc96.jpg,dataset-1,train
dataset-1_beverage_cans-545_jpg.rf.6f135f899690fc9bfcc69d6593b06ddf.jpg,dataset-1,train
dataset-1_beverage_cans-545_jpg.rf.6f8940dd20a6379afbe9ac203efe2c6d.jpg,dataset-1,train
dataset-1_beverage_cans-545_jpg.rf.77ca39f923489593d3d4a021088d2e28.jpg,dataset-1,train
dataset-1_beverage_cans-546_jpg.rf.02bda773e40a21a75c432db589aa9904.jpg,dataset-1,train
dataset-1_beverage_cans-546_jpg.rf.0afc0a7e83f3dca3f83303f21d18cc71.jpg,dataset-1,train
dataset-1_beverage_cans-546_jpg.rf.926b3ff99eb1e781975d5be802cb84ff.jpg,dataset-1,train
dataset-1_beverage_cans-546_jpg.rf.e84b690e5e9f4503994b888c7ef4d3c3.jpg,dataset-1,train
dataset-1_beverage_cans-552_jpg.rf.05ea2e08eb8130cc3299d0b766df0fc8.jpg,dataset-1,train
dataset-1_beverage_cans-552_jpg.rf.117de48b7c0c79da96fd53f468583c24.jpg,dataset-1,train
dataset-1_beverage_cans-552_jpg.rf.271258aaac129baa64c1bc99e91f4499.jpg,dataset-1,train
dataset-1_beverage_cans-552_jpg.rf.90e8c6d75536ec3fd447e706ec0f948c.jpg,dataset-1,train
dataset-1_beverage_cans-561_jpg.rf.2c14dd0cfafd08d947160a06535e89b7.jpg,dataset-1,train
dataset-1_beverage_cans-561_jpg.rf.35393f808651597b146df2bc87d3920c.jpg,dataset-1,train
dataset-1_beverage_cans-561_jpg.rf.f40ca9ef690f809f7f3e704b91a93a0b.jpg,dataset-1,train
dataset-1_beverage_cans-585_jpg.rf.0074a90bebc85dcbc2bf8d99938fc65d.jpg,dataset-1,train
dataset-1_beverage_cans-585_jpg.rf.67079238852744a745d68c16eadbba89.jpg,dataset-1,train
dataset-1_beverage_cans-585_jpg.rf.a2cfcda052ad5f5c89b527174b99b6e9.jpg,dataset-1,train
dataset-1_beverage_cans-585_jpg.rf.ad987ba20a8496fc8d939be4a7c6820b.jpg,dataset-1,train
dataset-1_beverage_cans-585_jpg.rf.d0d471c45be7d83848b433a6f2a44ca9.jpg,dataset-1,train
dataset-1_beverage_cans-588_jpg.rf.0ac50185bd7f5d8379c678243acfe144.jpg,dataset-1,train
dataset-1_beverage_cans-588_jpg.rf.3f51e39451ce454b86e22862cc6154fe.jpg,dataset-1,train
dataset-1_beverage_cans-593_jpg.rf.1e38c5029a95ab90f2b1008c5feea205.jpg,dataset-1,train
dataset-1_beverage_cans-593_jpg.rf.412c5335618903ea5985a10eae924dc7.jpg,dataset-1,train
dataset-1_beverage_cans-596_jpg.rf.0dbfd98b6812b1eecd480ec87469ae9a.jpg,dataset-1,train
dataset-1_beverage_cans-596_jpg.rf.0fdac55c1bb6f5bc3d05f960fa0964da.jpg,dataset-1,train
dataset-1_beverage_cans-596_jpg.rf.1585f1f1697dee21a272d85f67a410d0.jpg,dataset-1,train
dataset-1_beverage_cans-596_jpg.rf.622160eb1c00f8a5858f71572c1f0662.jpg,dataset-1,train
dataset-1_beverage_cans-5_jpg.rf.0db988d32798a0037a25077a02918df8.jpg,dataset-1,train
dataset-1_beverage_cans-5_jpg.rf.3066e4cb1a2d983b2b0f047672854347.jpg,dataset-1,train
dataset-1_beverage_cans-5_jpg.rf.44132cccc462c6608553975f86ce639b.jpg,dataset-1,train
dataset-1_beverage_cans-5_jpg.rf.5614e6395f0b42e68614e380426dfe0a.jpg,dataset-1,train
dataset-1_beverage_cans-5_jpg.rf.75b3868540359e2395dbe91b0289f160.jpg,dataset-1,train
dataset-1_beverage_cans-5_jpg.rf.82852220dd7faeeced4c607f5eee7ebd.jpg,dataset-1,train
dataset-1_beverage_cans-5_jpg.rf.ac1839b428fb1f5b75448a7cec6264dd.jpg,dataset-1,train
dataset-1_beverage_cans-640_jpg.rf.2821dca389c5998fe109fb51a9994636.jpg,dataset-1,train
dataset-1_beverage_cans-640_jpg.rf.523f7f8e59055e90cf71aad14458b0a1.jpg,dataset-1,train
dataset-1_beverage_cans-640_jpg.rf.a49097b1a9668230a26273c8b494dd22.jpg,dataset-1,train
dataset-1_beverage_cans-640_jpg.rf.dc9f9e188724e5735a04c0c2f7218104.jpg,dataset-1,train
dataset-1_beverage_cans-640_jpg.rf.e45b2fad8cfdfb61da0672640a0e9662.jpg,dataset-1,train
dataset-1_beverage_cans-64_jpg.rf.0f6ddc44e89c728e37061c4d959ff43f.jpg,dataset-1,train
dataset-1_beverage_cans-64_jpg.rf.76c887bd6e1bf5736c1154bdb56c3b58.jpg,dataset-1,train
dataset-1_beverage_cans-64_jpg.rf.8bc607bd14a0be2b4e6bb4efee7e16c8.jpg,dataset-1,train
dataset-1_beverage_cans-64_jpg.rf.8dfe6397f77f970da9fda9335889cbce.jpg,dataset-1,train
dataset-1_beverage_cans-671_jpg.rf.04916020c9046c65c1c628d6f781dbac.jpg,dataset-1,train
dataset-1_beverage_cans-691_jpg.rf.15e05f56fe57322b6aa2cb8c2e5b3414.jpg,dataset-1,train
dataset-1_beverage_cans-691_jpg.rf.19546ee157dd493328b30872289e588e.jpg,dataset-1,train
dataset-1_beverage_cans-691_jpg.rf.1a2286b9c15ce7ac4eec37544e9b274b.jpg,dataset-1,train
dataset-1_beverage_cans-701_jpg.rf.1d18ae7a238342d91076b93daf06ff11.jpg,dataset-1,train
dataset-1_beverage_cans-706_jpg.rf.042a320376535ef2d3367370bb907b8d.jpg,dataset-1,train
dataset-1_beverage_cans-706_jpg.rf.420e6b298a6563aa0dc8bc5d48055dcf.jpg,dataset-1,train
dataset-1_beverage_cans-706_jpg.rf.aae6b6ebbcd069ddb906e577ba0e77c8.jpg,dataset-1,train
dataset-1_beverage_cans-717_jpg.rf.04057659eac4f161b2e243d2a867479a.jpg,dataset-1,train
dataset-1_beverage_cans-717_jpg.rf.31efff0d27e1bc5fc579d577bc4233fe.jpg,dataset-1,train
dataset-1_beverage_cans-717_jpg.rf.4c454eb066616b84afbe765b9ae261f1.jpg,dataset-1,train
dataset-1_beverage_cans-717_jpg.rf.82cb8797b1ee9e7f925f9fcd2c173bf0.jpg,dataset-1,train
dataset-1_beverage_cans-726_jpg.rf.03fbdfd22934ca30fe7c8033bd9dc84f.jpg,dataset-1,train
dataset-1_beverage_cans-726_jpg.rf.1955132bc89ba8a15c9fd5fe93f20088.jpg,dataset-1,train
dataset-1_beverage_cans-726_jpg.rf.324eaa0e6dd9907eca165139b7920be8.jpg,dataset-1,train
dataset-1_beverage_cans-726_jpg.rf.5238118ea0e32ed197b1d4ca148456b7.jpg,dataset-1,train
dataset-1_beverage_cans-726_jpg.rf.5ed23057369effa6a00a0b292686ae6d.jpg,dataset-1,train
dataset-1_beverage_cans-726_jpg.rf.e071906fc5054cbab14b86cf6cc68aef.jpg,dataset-1,train
dataset-1_beverage_cans-72_jpg.rf.1a62a4512668d9ff19721f4f7800ca3b.jpg,dataset-1,train
dataset-1_beverage_cans-72_jpg.rf.2c8eb0870feba024b485e12ed781dcca.jpg,dataset-1,train
dataset-1_beverage_cans-738_jpg.rf.337ef4334fe0d952e8124504f2ebfe9b.jpg,dataset-1,train
dataset-1_beverage_cans-738_jpg.rf.8adf62c741667580ef15515ec587312c.jpg,dataset-1,train
dataset-1_beverage_cans-73_jpg.rf.05f92a67a63672659b83750debf93de5.jpg,dataset-1,train
dataset-1_beverage_cans-73_jpg.rf.14d252347caacb6faf821df7cdcb1015.jpg,dataset-1,train
dataset-1_beverage_cans-73_jpg.rf.3d200135a52fb44adcf740f50a7b5f9e.jpg,dataset-1,train
dataset-1_beverage_cans-73_jpg.rf.419edf8a8cfe105653f29656bff4175c.jpg,dataset-1,train
dataset-1_beverage_cans-73_jpg.rf.4c662faa30b351e0d51554a5ecbf6ba4.jpg,dataset-1,train
dataset-1_beverage_cans-73_jpg.rf.bd4d2c831a0d20219970c2b5bf0e9916.jpg,dataset-1,train
dataset-1_beverage_cans-73_jpg.rf.c0d2cdc8ee475cb4c76508170f245221.jpg,dataset-1,train
dataset-1_beverage_cans-755_jpg.rf.0ed8a15196f6a2d1e56722850f05fdc5.jpg,dataset-1,train
dataset-1_beverage_cans-755_jpg.rf.1a451952560d1fe480f94e13a0d034e5.jpg,dataset-1,train
dataset-1_beverage_cans-755_jpg.rf.35f3cca1d05e5f58b67457b020af2ea5.jpg,dataset-1,train
dataset-1_beverage_cans-756_jpg.rf.40db00dd86d68d11c6c6a0dbfec3435c.jpg,dataset-1,train
dataset-1_beverage_cans-756_jpg.rf.4e41b1f6671b249574b1cf0ea508470a.jpg,dataset-1,train
dataset-1_beverage_cans-756_jpg.rf.5e4b466f9fab8530854e841c17809dc4.jpg,dataset-1,train
dataset-1_beverage_cans-756_jpg.rf.7d0c19577288a3374c2515dcc2ff4add.jpg,dataset-1,train
dataset-1_beverage_cans-756_jpg.rf.ab358a4ab6cfbba1317ec51ffd4edbc7.jpg,dataset-1,train
dataset-1_beverage_cans-756_jpg.rf.cb8fbf15874f67b8d7edb11d529ddc0a.jpg,dataset-1,train
dataset-1_beverage_cans-758_jpg.rf.0e1adf3b3fb2ac0af2c43ba6679a9dd7.jpg,dataset-1,train
dataset-1_beverage_cans-758_jpg.rf.185c1f0ff5818cb9dd4e8fe6f6076bdb.jpg,dataset-1,train
dataset-1_beverage_cans-758_jpg.rf.252c4833e9f21055e5dc25657a652a65.jpg,dataset-1,train
dataset-1_beverage_cans-758_jpg.rf.4a8be5051b2d9ca713e34f49184499c0.jpg,dataset-1,train
dataset-1_beverage_cans-758_jpg.rf.68d4935d4e9c438c921b7843bd8746de.jpg,dataset-1,train
dataset-1_beverage_cans-758_jpg.rf.70dd872be8f2bdadfb5f2693beb59f85.jpg,dataset-1,train
dataset-1_beverage_cans-758_jpg.rf.7b88e99229140c33732518d6f65c10a3.jpg,dataset-1,train
dataset-1_beverage_cans-758_jpg.rf.e288b509a11c9589db4c5abd62f75692.jpg,dataset-1,train
dataset-1_beverage_cans-763_jpg.rf.02e3a4fbdc73d83c1fc5f9cce4b6cdd6.jpg,dataset-1,train
dataset-1_beverage_cans-763_jpg.rf.1096c3cae5875625431e2cba69dfb567.jpg,dataset-1,train
dataset-1_beverage_cans-763_jpg.rf.2b41bb22b1897579b2014a9a124bfc3e.jpg,dataset-1,train
dataset-1_beverage_cans-763_jpg.rf.3c58c8db68c8f40d003256d2cd3bbe7d.jpg,dataset-1,train
dataset-1_beverage_cans-763_jpg.rf.4de78c29fe81ce96be7970d52c3b2022.jpg,dataset-1,train
dataset-1_beverage_cans-764_jpg.rf.20cfe48097b1a8ab1505b7fe5b06d33d.jpg,dataset-1,train
dataset-1_beverage_cans-764_jpg.rf.2516f742ef421cc7710f300d13658e6f.jpg,dataset-1,train
dataset-1_beverage_cans-764_jpg.rf.5aed6237424f1efd2cada8ced4d93dc5.jpg,dataset-1,train
dataset-1_beverage_cans-77_jpg.rf.3473f113138d0a57785e71c7f6c44a30.jpg,dataset-1,train
dataset-1_beverage_cans-782_jpg.rf.10addaf90a7c09e68caeb108db5c201d.jpg,dataset-1,train
dataset-1_beverage_cans-782_jpg.rf.37aeaa90656e952c76f956cc888e52f1.jpg,dataset-1,train
dataset-1_beverage_cans-782_jpg.rf.3e81bdf0d70ebf136335f6ee779703f0.jpg,dataset-1,train
dataset-1_beverage_cans-783_jpg.rf.054cbe98d0348743b4e5deeac4c335ca.jpg,dataset-1,train
dataset-1_beverage_cans-783_jpg.rf.13719d169a85eb9032e159acdc6b03ad.jpg,dataset-1,train
dataset-1_beverage_cans-783_jpg.rf.27a77f54731083fc505cef5e3f979381.jpg,dataset-1,train
dataset-1_beverage_cans-783_jpg.rf.48d3a522ec4fb8003411c2c859403c5a.jpg,dataset-1,train
dataset-1_beverage_cans-784_jpg.rf.33e7e2d5ff2aaba001041d938ed53b23.jpg,dataset-1,train
dataset-1_beverage_cans-784_jpg.rf.3df193462d902490444087a01436a417.jpg,dataset-1,train
dataset-1_beverage_cans-794_jpg.rf.25b0182bec6e5f4a2ba42d3825ee2f3a.jpg,dataset-1,train
dataset-1_beverage_cans-794_jpg.rf.629e7cd9fbce14bd872d56c5f48a572e.jpg,dataset-1,train
dataset-1_beverage_cans-794_jpg.rf.ddb2b3212f28b678d7c2060cab3f2ac6.jpg,dataset-1,train
dataset-1_beverage_cans-7_jpg.rf.3ab35df6e1aa2c8a94330aa4f35cbddc.jpg,dataset-1,train
dataset-1_beverage_cans-7_jpg.rf.5b5cd26cfce78a041b593cb364a7a6c6.jpg,dataset-1,train
dataset-1_beverage_cans-7_jpg.rf.6074e9e845fd71b826597050063640d4.jpg,dataset-1,train
dataset-1_beverage_cans-806_jpg.rf.0c7dbd4ea4acca8c67e4607809b4e7d8.jpg,dataset-1,train
dataset-1_beverage_cans-806_jpg.rf.3fae2726007d2e09fd380b7bf3afdd5d.jpg,dataset-1,train
dataset-1_beverage_cans-808_jpg.rf.017c4d6167b8b7f5dfecd8e2b0e717cd.jpg,dataset-1,train
dataset-1_beverage_cans-808_jpg.rf.25094817066ec30b3ce903d5d05a2a4e.jpg,dataset-1,train
dataset-1_beverage_cans-814_jpg.rf.a39dc30ab4413433272300c41ae17a9c.jpg,dataset-1,train
dataset-1_beverage_cans-814_jpg.rf.ed499ac6b9001c751f90fea8144ee0d4.jpg,dataset-1,train
dataset-1_beverage_cans-843_jpg.rf.44733d9587769a02de93a93e0cc9d49e.jpg,dataset-1,train
dataset-1_beverage_cans-843_jpg.rf.472bb71810b9d83916784a8256a84000.jpg,dataset-1,train
dataset-1_beverage_cans-843_jpg.rf.4accbfde2bda7cabefa5a199901ec2d0.jpg,dataset-1,train
dataset-1_beverage_cans-852_jpg.rf.57150cb54fa0f064d7e074fd4a9e6028.jpg,dataset-1,train
dataset-1_beverage_cans-852_jpg.rf.a14fca236214cec2f665ddc05d742898.jpg,dataset-1,train
dataset-1_beverage_cans-852_jpg.rf.a68871dac0c01d099f662babbfce28c2.jpg,dataset-1,train
dataset-1_beverage_cans-852_jpg.rf.e3b7df0059bd81c3d98575487cd03d0b.jpg,dataset-1,train
dataset-1_beverage_cans-857_jpg.rf.1c55c4cafdf7ed93c08117933d2dcfbf.jpg,dataset-1,train
dataset-1_beverage_cans-870_jpg.rf.5853949bdbae0d388b6977522761eeac.jpg,dataset-1,train
dataset-1_beverage_cans-871_jpg.rf.434dcfc26f7e8a7e9f39d2ac59cbc00a.jpg,dataset-1,train
dataset-1_beverage_cans-871_jpg.rf.a795cc0825b8190672fe330410b9789f.jpg,dataset-1,train
dataset-1_beverage_cans-881_jpg.rf.3cb766247a7928b1ae9e747200681809.jpg,dataset-1,train
dataset-1_beverage_cans-886_jpg.rf.25da5bb8d5a718b990375b4a5f9fd3f7.jpg,dataset-1,train
dataset-1_beverage_cans-913_jpg.rf.0bc0eb6a263548bad6f8965ce4bae9f3.jpg,dataset-1,train
dataset-1_beverage_cans-913_jpg.rf.874a5b38c1e5d89db35ea02cac58beae.jpg,dataset-1,train
dataset-1_beverage_cans-919_jpg.rf.4a3f678f83d534020ba5bf68ca29934f.jpg,dataset-1,train
dataset-1_beverage_cans-919_jpg.rf.4b02c9b9c861888707e2a47126a6698a.jpg,dataset-1,train
dataset-1_beverage_cans-925_jpg.rf.238a2943d8e3231cd75145cbaba9e102.jpg,dataset-1,train
dataset-1_beverage_cans-925_jpg.rf.c774c33076402a049e215628a7841b89.jpg,dataset-1,train
dataset-1_beverage_cans-935_jpg.rf.2d109fe6cbc69adc166b33887b140be9.jpg,dataset-1,train
dataset-1_beverage_cans-935_jpg.rf.3ea751268cef8cecbb35a50cdbb66e85.jpg,dataset-1,train
dataset-1_beverage_cans-935_jpg.rf.4071df52a159c3faa524f050bc71de96.jpg,dataset-1,train
dataset-1_beverage_cans-935_jpg.rf.75eaa9bf5c150c59453170ee9fa40937.jpg,dataset-1,train
dataset-1_beverage_cans-961_jpg.rf.42cf8cf20008def884b738849c9c9b00.jpg,dataset-1,train
dataset-1_beverage_cans-961_jpg.rf.569b63ebe86aadd9b21e03da392a3e19.jpg,dataset-1,train
dataset-1_beverage_cans-961_jpg.rf.8fc7f3cdfeced0033013846cae580a4c.jpg,dataset-1,train
dataset-1_beverage_cans-969_jpg.rf.124f20716eab54a03595705941928783.jpg,dataset-1,train
dataset-1_beverage_cans-975_jpg.rf.01a43054725eb1e126d84871e7c20ec3.jpg,dataset-1,train
dataset-1_beverage_cans-975_jpg.rf.b2b4e630e3a72f9d935768b34a3f2f0d.jpg,dataset-1,train
dataset-1_beverage_cans-975_jpg.rf.f8282178fe38bbf28dae961f8473603f.jpg,dataset-1,train
dataset-1_beverage_cans-975_jpg.rf.fdc35f8c827698d0b710a3095109a64e.jpg,dataset-1,train
dataset-1_beverage_cans-976_jpg.rf.3394b97f41bfcedfc673deb5fd73e9fd.jpg,dataset-1,train
dataset-1_beverage_cans-976_jpg.rf.3690c86f6c66f02a1338a41b484677c9.jpg,dataset-1,train
dataset-1_beverage_cans-976_jpg.rf.4c9c7459f003086757809639d3b24b00.jpg,dataset-1,train
dataset-1_beverage_cans-97_jpg.rf.027b421b820af10ff4377e617b5ffc73.jpg,dataset-1,train
dataset-1_beverage_cans-97_jpg.rf.0297b368ab6ad13b5b71321164f452d6.jpg,dataset-1,train
dataset-1_beverage_cans-97_jpg.rf.2fbc42324083b326c74497de970d122a.jpg,dataset-1,train
dataset-1_beverage_cans-981_jpg.rf.08fe31714db1152bc75a36aa21eed6e0.jpg,dataset-1,train
dataset-1_beverage_cans-981_jpg.rf.4861871e1451bab608a6819d3043f595.jpg,dataset-1,train
dataset-1_brandon-green-hMmC1UPWfWE-unsplash_jpg.rf.136890d5bd338709ef9f36364a6b8cb8.jpg,dataset-1,train
dataset-1_crook-marker-vwUSB1-3Qxo-unsplash_jpg.rf.adfcec0c9c6a5eb3d18c567f477e4deb.jpg,dataset-1,train
dataset-1_crook-marker-vwUSB1-3Qxo-unsplash_jpg.rf.cd560c9869f10dd1ec1ea26a01d11add.jpg,dataset-1,train
dataset-1_douglas-bagg-ArFB6Tz7it8-unsplash_jpg.rf.32d846240c630c01a289cc338fbc531d.jpg,dataset-1,train
dataset-1_douglas-bagg-ArFB6Tz7it8-unsplash_jpg.rf.a966f01cfe7ea4cc568cd28b1ce1619c.jpg,dataset-1,train
dataset-1_front_es-3-full_jpg.rf.0295f500f5380d80ebcc40291e1ffd23.jpg,dataset-1,train
dataset-1_front_es-3-full_jpg.rf.5a02964fff573ef7db70da7480b9328c.jpg,dataset-1,train
dataset-1_front_es-3-full_jpg.rf.8707d32fff6ec6a72bdff868bc7f75d5.jpg,dataset-1,train
dataset-1_gonzalo-esteguy-11MRJs0NHNI-unsplash_jpg.rf.12de4188c8bf40f36b90be73ac733c44.jpg,dataset-1,train
dataset-1_gonzalo-esteguy-11MRJs0NHNI-unsplash_jpg.rf.bc68c45d49430ca69bb3834fe038b5f1.jpg,dataset-1,train
dataset-1_inskd_jpg.rf.14776248429a51b79d6a9d4c74c3b4db.jpg,dataset-1,train
dataset-1_inskd_jpg.rf.7008228429b550fc2db72eddd0738dfd.jpg,dataset-1,train
dataset-1_intsd_jpg.rf.a18378b64fc7af7f28284b32f5075a17.jpg,dataset-1,train
dataset-1_intsd_jpg.rf.b3073478b52f7301f2a8a49a49cb9055.jpg,dataset-1,train
dataset-1_james-yarema-qbGauEOjoAs-unsplash_jpg.rf.3aad9ef9ec664ed75c5fb1c045be922b.jpg,dataset-1,train
dataset-1_josh-olalde-BlRD1oZR-4s-unsplash_jpg.rf.37f7d1891e7bf448e7d7794cd8b26ade.jpg,dataset-1,train
dataset-1_josh-olalde-ntUHd_fGMQk-unsplash_jpg.rf.705d31e6ee11e1434dabe4bdd0e618c8.jpg,dataset-1,train
dataset-1_keo-oran-3Lm8M58Wt-E-unsplash_jpg.rf.76b7d4cddf8920448286a94140b77d5c.jpg,dataset-1,train
dataset-1_mae-mu-z8PEoNIlGlg-unsplash_jpg.rf.6ada7bcf923463e323ddddddcda573c3.jpg,dataset-1,train
dataset-1_mae-mu-z8PEoNIlGlg-unsplash_jpg.rf.7b8f5d5b7c8063f0814dc68ebde69b38.jpg,dataset-1,train
dataset-1_mk5_jpg.rf.2cc45d1ee5c11a5e8563afa75645b562.jpg,dataset-1,train
dataset-1_mmmas_jpg.rf.185d73f75a265effe0fb6dcba4ee2c8c.jpg,dataset-1,train
dataset-1_mmmas_jpg.rf.4eaa682f81b1c516210c43ab25cccd3a.jpg,dataset-1,train
dataset-1_mmmas_jpg.rf.57b5c7263a8d24572576ae1c7fbd3358.jpg,dataset-1,train
dataset-1_mns4k_jpg.rf.5c9981903a6b6ec98df4fdce2a1508a2.jpg,dataset-1,train
dataset-1_mns4k_jpg.rf.b555560c7396e262a41546d4637ecfbb.jpg,dataset-1,train
dataset-1_nagy-arnold-CqY5To2ZU8E-unsplash_jpg.rf.74a18b768b9a241bdea1d405f3217ac2.jpg,dataset-1,train
dataset-1_somr_jpg.rf.193de70fc45b8beac9519b6b419d1cc8.jpg,dataset-1,train
dataset-1_somr_jpg.rf.629b16fe93f622e722f0d2c422b845ca.jpg,dataset-1,train
dataset-1_studio-blackthorns-6Ono6vc6_i4-unsplash_jpg.rf.1a0a12575b39e2529f51b30af2a00feb.jpg,dataset-1,train
dataset-1_tyler-nix-KQkJszDUtD4-unsplash_jpg.rf.10401a2c376cf7d81038a548787a6e73.jpg,dataset-1,train
dataset-1_WhatsApp-Image-2022-02-11-at-6-30-09-PM-1-_jpeg_jpg.rf.65236790a16df0bc9bf08977c73dca68.jpg,dataset-1,train
dataset-1_WhatsApp-Image-2022-02-11-at-6-30-09-PM-1-_jpeg_jpg.rf.c8a193b84a1338e52b7dbb1bcc74dc0e.jpg,dataset-1,train
dataset-1_WhatsApp-Image-2022-02-11-at-6-30-09-PM-1-_jpeg_jpg.rf.ce6e3ce1fb9a6f6eaf63c468d924d75e.jpg,dataset-1,train
dataset-1_WhatsApp-Image-2022-02-11-at-6-30-09-PM-1-_jpeg_jpg.rf.f7340fbdb88059760ff23e0e15530946.jpg,dataset-1,train
dataset-1_WhatsApp-Image-2022-02-11-at-6-30-09-PM_jpeg_jpg.rf.00784621e4556b0aee6af866d08320e3.jpg,dataset-1,train
dataset-1_WhatsApp-Image-2022-02-11-at-6-30-09-PM_jpeg_jpg.rf.08119c7bb2e3c337bfc6e846b6c6d7f8.jpg,dataset-1,train
dataset-1_WhatsApp-Image-2022-02-11-at-6-30-09-PM_jpeg_jpg.rf.1cebb3ca5d38c85aff570143266fed15.jpg,dataset-1,train
dataset-1_WhatsApp-Image-2022-02-11-at-6-30-10-PM-1-_jpeg_jpg.rf.3712c17474274448682eb9539833638b.jpg,dataset-1,train
dataset-1_WhatsApp-Image-2022-02-11-at-6-30-11-PM-1-_jpeg_jpg.rf.638742d075e9d0dc44f169fda6f7ed47.jpg,dataset-1,train
dataset-1_WhatsApp-Image-2022-02-11-at-6-30-12-PM-1-_jpeg_jpg.rf.71f576ec432f0297ade57042f5a07dd3.jpg,dataset-1,train
dataset-1_WhatsApp-Image-2022-02-11-at-6-30-12-PM-1-_jpeg_jpg.rf.72f83be02eae37294bb03fdcc06c0bb1.jpg,dataset-1,train
dataset-1_WhatsApp-Image-2022-02-11-at-6-30-12-PM_jpeg_jpg.rf.523907e3adbbd15a6de6013c175e7c13.jpg,dataset-1,train
dataset-1_WhatsApp-Image-2022-02-11-at-6-30-15-PM_jpeg_jpg.rf.01bfa307680bc76be3865185b413a92b.jpg,dataset-1,train
dataset-1_WhatsApp-Image-2022-02-11-at-6-30-15-PM_jpeg_jpg.rf.67784f6e9ce0aec0d838a725924b2ae3.jpg,dataset-1,train
dataset-1_WhatsApp-Image-2022-02-11-at-6-30-15-PM_jpeg_jpg.rf.b5c8f3917fc1e76c96b1d4591a7318d0.jpg,dataset-1,train
dataset-1_WhatsApp-Image-2022-02-11-at-6-30-15-PM_jpeg_jpg.rf.bf168dda817a1d078cab0c7884dc72a2.jpg,dataset-1,train
dataset-1_WhatsApp-Image-2022-02-11-at-6-30-16-PM_jpeg_jpg.rf.320abdd49c417403ae0421fac91436c8.jpg,dataset-1,train
dataset-1_WhatsApp-Image-2022-02-11-at-6-30-16-PM_jpeg_jpg.rf.8d9f7df592feed7cb71cab951e6b6c86.jpg,dataset-1,train
dataset-1_WhatsApp-Image-2022-02-11-at-6-30-16-PM_jpeg_jpg.rf.af3c5db1c7a7abbd99d27adaf92c5ad4.jpg,dataset-1,train
dataset-1_WhatsApp-Image-2022-02-11-at-6-30-16-PM_jpeg_jpg.rf.ce1fa9d9bfcd1d6b646b970a5abfdff7.jpg,dataset-1,train
dataset-1_WhatsApp-Image-2022-02-11-at-6-30-17-PM_jpeg_jpg.rf.05876c50709fe4e8367accc38825a27d.jpg,dataset-1,train
dataset-1_WhatsApp-Image-2022-02-11-at-6-30-18-PM-1-_jpeg_jpg.rf.50309b4f09e18af3315744b5340b00ac.jpg,dataset-1,train
dataset-1_WhatsApp-Image-2022-02-11-at-6-30-18-PM-1-_jpeg_jpg.rf.9c595df85c1d71cd5ffccc9fd069ad96.jpg,dataset-1,train
dataset-1_WhatsApp-Image-2022-02-11-at-6-30-18-PM-1-_jpeg_jpg.rf.ba84bafd72f0b134af896567628bf200.jpg,dataset-1,train
dataset-1_WhatsApp-Image-2022-02-11-at-6-30-18-PM-1-_jpeg_jpg.rf.d8ed3aaaa6be354ff6d908550605c1c3.jpg,dataset-1,train
dataset-1_WhatsApp-Image-2022-02-11-at-6-30-18-PM_jpeg_jpg.rf.21ec319e462ba33ac821e8dd0728398f.jpg,dataset-1,train
dataset-1_WhatsApp-Image-2022-02-11-at-6-30-18-PM_jpeg_jpg.rf.4c70c2faa600ac3e5d4bfb2019f9254a.jpg,dataset-1,train
dataset-1_WhatsApp-Image-2022-02-11-at-6-30-19-PM-1-_jpeg_jpg.rf.2927ae18ddca67cdbbc83c1e74fe4f0d.jpg,dataset-1,train
dataset-1_WhatsApp-Image-2022-02-11-at-6-30-19-PM-1-_jpeg_jpg.rf.3bb1da06ad1e899a2634ce9672d4cd58.jpg,dataset-1,train
dataset-1_WhatsApp-Image-2022-02-11-at-6-30-20-PM-1-_jpeg_jpg.rf.05896d4863f8309cc19f583312f2fadf.jpg,dataset-1,train
dataset-1_WhatsApp-Image-2022-02-11-at-6-30-20-PM-1-_jpeg_jpg.rf.47c21da5792f4b7acfe7e7c4dcb2b231.jpg,dataset-1,train
dataset-1_WhatsApp-Image-2022-02-11-at-6-30-20-PM_jpeg_jpg.rf.3a86caebfdee9043dd300347566aef8d.jpg,dataset-1,train
dataset-1_WhatsApp-Image-2022-02-11-at-6-30-21-PM-1-_jpeg_jpg.rf.27cbcc2638076ea2dc45e1799f2a994b.jpg,dataset-1,train
dataset-1_WhatsApp-Image-2022-02-11-at-6-30-21-PM_jpeg_jpg.rf.5a9354fe17851f6ae0b92f479d48f462.jpg,dataset-1,train
dataset-1_WhatsApp-Image-2022-02-11-at-6-30-22-PM_jpeg_jpg.rf.7a1c57d7f444032d3a9480ac3da8a899.jpg,dataset-1,train
dataset-1_WhatsApp-Image-2022-02-11-at-6-30-22-PM_jpeg_jpg.rf.8d3bd193d1710bddc3cfb2e061a907fc.jpg,dataset-1,train
dataset-1_WhatsApp-Image-2022-02-11-at-6-30-22-PM_jpeg_jpg.rf.c03ebf60dd0fceeea682cfb35708f922.jpg,dataset-1,train
dataset-1_WhatsApp-Image-2022-02-11-at-6-30-23-PM-1-_jpeg_jpg.rf.4ea394ee24e2a0d8c10ff629a06cbf64.jpg,dataset-1,train
dataset-1_WhatsApp-Image-2022-02-11-at-6-30-23-PM-1-_jpeg_jpg.rf.c8ae868441e5568616110d3bd686e599.jpg,dataset-1,train
dataset-1_WhatsApp-Image-2022-02-11-at-6-30-23-PM-1-_jpeg_jpg.rf.d6431bfe21c015fe7f71fcdbee184354.jpg,dataset-1,train
dataset-1_WhatsApp-Image-2022-02-11-at-6-30-23-PM_jpeg_jpg.rf.23066f287fbfb31ab0e9407978d9bcaa.jpg,dataset-1,train
dataset-1_WhatsApp-Image-2022-02-11-at-6-30-23-PM_jpeg_jpg.rf.356802144c4230cb38c906a2b0c09b32.jpg,dataset-1,train
dataset-1_WhatsApp-Image-2022-02-11-at-6-30-23-PM_jpeg_jpg.rf.60ce885eed45b3d881164ae570f1b5a6.jpg,dataset-1,train
dataset-1_yesmore-content-aQQJYg6jwK4-unsplash_jpg.rf.65f3219e4fe56aa31078d2baa805a7f2.jpg,dataset-1,train
dataset-1_yesmore-content-aQQJYg6jwK4-unsplash_jpg.rf.9dad26313751259a42e4ffb9c9b7821d.jpg,dataset-1,train
dataset-1_0a93_jpg.rf.0cabac497522a0364fa373f28f876c08.jpg,dataset-1,valid
dataset-1_102_jpg.rf.3ccfbb77910d7ccc2299cc5eb8cc16ed.jpg,dataset-1,valid
dataset-1_20220125_175519_jpg.rf.bdf0333c3ea45f463c19c4c12c1c10c2.jpg,dataset-1,valid
dataset-1_20220125_175600_jpg.rf.de2a1d92a333ce748f62678c273b8aed.jpg,dataset-1,valid
dataset-1_20220125_175622_jpg.rf.c114f31261b2422dbbed643675208098.jpg,dataset-1,valid
dataset-1_20220125_175647_jpg.rf.cda81b6bd50cc7f83f59ece0e62288c8.jpg,dataset-1,valid
dataset-1_20220125_175658_jpg.rf.6875edd17cb3458059790528077adfb9.jpg,dataset-1,valid
dataset-1_20220125_175658_jpg.rf.bdf537722f69127bdcfc3c41d233a5b7.jpg,dataset-1,valid
dataset-1_20220125_175718_jpg.rf.dfec65b6b061e0f28bd8bba2ba28d5e2.jpg,dataset-1,valid
dataset-1_20220125_175725_jpg.rf.0ead481e62e86767f1e3ba8e36dbec8e.jpg,dataset-1,valid
dataset-1_20220125_175746_jpg.rf.3a37f565ac28ac93f19b9f7e59c6f8cc.jpg,dataset-1,valid
dataset-1_20220125_175751_jpg.rf.192bf39dfef2162c71049e28296a6a59.jpg,dataset-1,valid
dataset-1_20220125_175813_jpg.rf.a330308cde2eb235b507b6b81457926d.jpg,dataset-1,valid
dataset-1_20220125_181501_jpg.rf.42c10c9ebf23a0cd60ed84f7b0b622a0.jpg,dataset-1,valid
dataset-1_20220125_181643_jpg.rf.b69c06a62d8705d2f0ad377b38bc12f2.jpg,dataset-1,valid
dataset-1_20220125_181643_jpg.rf.c19c0bd5c2c04fe84302bb962fa74082.jpg,dataset-1,valid
dataset-1_20220211_182117_jpg.rf.83b0cba6c9278f3e4f68b6921d222d2f.jpg,dataset-1,valid
dataset-1_20220211_182221_jpg.rf.cfc4cb34e9beb21f99f04f582279cf19.jpg,dataset-1,valid
dataset-1_20220211_182252_jpg.rf.720635e853fa2c1ac983a60cefa23ab4.jpg,dataset-1,valid
dataset-1_20220211_182436_jpg.rf.440b8efe81b5a6c67c03bd09bb1d73b8.jpg,dataset-1,valid
dataset-1_20220211_182436_jpg.rf.4d141463411f2328f2d4f33bba26d165.jpg,dataset-1,valid
dataset-1_20220211_182513_jpg.rf.eca3e7581220fc92e219847712a3fc9f.jpg,dataset-1,valid
dataset-1_20220211_192808_jpg.rf.368686c6fe471fbdf7428f0c7b79a2b6.jpg,dataset-1,valid
dataset-1_20220211_192824_jpg.rf.dd5d07454c8920347288b19bcab0fd4f.jpg,dataset-1,valid
dataset-1_20220211_192839_jpg.rf.4f98a2888315aae1bea1a2a7edebdd28.jpg,dataset-1,valid
dataset-1_20220211_192858_jpg.rf.d3a2cdc749b60dba1e789e3f7a6d20be.jpg,dataset-1,valid
dataset-1_20220211_192902_jpg.rf.22dc296de4c6f1d2654c921b9593ba3a.jpg,dataset-1,valid
dataset-1_20220211_192902_jpg.rf.bd5dbcc390689541fce7b42b8830f5a5.jpg,dataset-1,valid
dataset-1_20220211_192904_jpg.rf.b0e4a69008e147ab22d0154989688b47.jpg,dataset-1,valid
dataset-1_20220211_192907_jpg.rf.631cabb0200972e93470440fdc0bece6.jpg,dataset-1,valid
dataset-1_20220211_192931_jpg.rf.1680547569d30e1749b44256fd28ac70.jpg,dataset-1,valid
dataset-1_20220211_192933_jpg.rf.07d8838e59dab20e0866940b0c411f5e.jpg,dataset-1,valid
dataset-1_20220211_192937_jpg.rf.ea7f821b7d812e68291c7795bbc2ff9f.jpg,dataset-1,valid
dataset-1_20220216_201442_jpg.rf.600d0780bb7be93532d32089a50d6ae2.jpg,dataset-1,valid
dataset-1_20220216_201447_jpg.rf.ad551537fae3b9df65dfc0503968b355.jpg,dataset-1,valid
dataset-1_20220216_201455_jpg.rf.2f0aa06169fc7f7bb3609af4fa2d1023.jpg,dataset-1,valid
dataset-1_20220216_201455_jpg.rf.55c113046438cbbef12cf3466038156f.jpg,dataset-1,valid
dataset-1_20220216_201500_jpg.rf.460f1e04ab7f23b0f2f7750e939f394a.jpg,dataset-1,valid
dataset-1_20220216_201501_jpg.rf.418960c410cf5f453bb77d1699bca249.jpg,dataset-1,valid
dataset-1_20220216_201509_jpg.rf.2871abad395b1f1277d5e4914f48f236.jpg,dataset-1,valid
dataset-1_20220216_201518_jpg.rf.7cbef784b042041242b83637b27a17ac.jpg,dataset-1,valid
dataset-1_20220216_201531_jpg.rf.7bb6852de74f7e3bd0d822b97c0776bc.jpg,dataset-1,valid
dataset-1_20220216_201531_jpg.rf.c257b08535b1d6cd2745d7fcf50ce8ee.jpg,dataset-1,valid
dataset-1_20220216_201537_jpg.rf.4bb74d9903e03e4588cc14586ef6c82f.jpg,dataset-1,valid
dataset-1_20220216_201539_jpg.rf.06a8aac059c28f48e2954feb4ba2fb1b.jpg,dataset-1,valid
dataset-1_20220216_201632_jpg.rf.91bf5be623b3cec13956c9854f67feb1.jpg,dataset-1,valid
dataset-1_20220216_201659_jpg.rf.5fa6d34d435f0a34642faff820dab8de.jpg,dataset-1,valid
dataset-1_20220216_201709_jpg.rf.518ce7443c5cf52a34600bc4f239dccd.jpg,dataset-1,valid
dataset-1_20220216_201737_jpg.rf.752dd11e3addc12d3e5d35cc49234421.jpg,dataset-1,valid
dataset-1_20220216_201757_jpg.rf.8ea11312ac5774b5333dfb7fd97cad99.jpg,dataset-1,valid
dataset-1_20220216_201800_jpg.rf.3ec0b673ed9454419c2f9de39cb12a7b.jpg,dataset-1,valid
dataset-1_20220216_201809_jpg.rf.d829fe81e3f8c7b8c1abd346dbcc0a4a.jpg,dataset-1,valid
dataset-1_20220216_201813_jpg.rf.1e6a719388295a3829b8d05b4e31d739.jpg,dataset-1,valid
dataset-1_20220216_201819_jpg.rf.22a23c60f9376a55c06403d3fc866ca3.jpg,dataset-1,valid
dataset-1_20220216_201858_jpg.rf.1cc502b6a540b60c11e9563be15417b3.jpg,dataset-1,valid
dataset-1_20220216_201858_jpg.rf.6703075c2079522f283dd1580969b35a.jpg,dataset-1,valid
dataset-1_20220216_201917_jpg.rf.f5d15261b4c54632287d83aefa4a3ed1.jpg,dataset-1,valid
dataset-1_20220216_201929_jpg.rf.52eb7c31565f96d7fd9b5b9830cdf0ee.jpg,dataset-1,valid
dataset-1_20220216_201932_jpg.rf.72adcecf04e1a85a50f894ba390611ff.jpg,dataset-1,valid
dataset-1_20220216_201932_jpg.rf.ddb114d577027100659208996ccedfbb.jpg,dataset-1,valid
dataset-1_20220216_202010_jpg.rf.e8dd0cc0279b1efdf9df7e7d1d53ac7d.jpg,dataset-1,valid
dataset-1_20220216_202027_jpg.rf.029a0bba2c5fb5de27a4338634d4d4e6.jpg,dataset-1,valid
dataset-1_20220216_202033_jpg.rf.732f508bca103afb77c8a185a7cdef26.jpg,dataset-1,valid
dataset-1_20220216_202035_jpg.rf.344a511b954515d7be3e26416602d56e.jpg,dataset-1,valid
dataset-1_20220216_202038_jpg.rf.a25c64643f86a96c42e84481957407ec.jpg,dataset-1,valid
dataset-1_20220216_202108_jpg.rf.0bb961f798668472202cb90fb6fcd78d.jpg,dataset-1,valid
dataset-1_20220216_202137_jpg.rf.e0074d15d8679c6b2ea620b4941a82fd.jpg,dataset-1,valid
dataset-1_20220216_202150_jpg.rf.bb4eabd4d131463819e7827f58bebc86.jpg,dataset-1,valid
dataset-1_20220216_202158_jpg.rf.95e2e9637bda178150fb57c20019f2ae.jpg,dataset-1,valid
dataset-1_20220216_202203_jpg.rf.19d4d890756ba5bd9b201e2aea175876.jpg,dataset-1,valid
dataset-1_20220216_202218_jpg.rf.54410d5bd457489d13a76c905e9ab3f3.jpg,dataset-1,valid
dataset-1_20220216_202304_jpg.rf.f291c9a0e1f1da6a4fe3ce32c75298c7.jpg,dataset-1,valid
dataset-1_20220216_202318_jpg.rf.c8ea2b70821872c4b45559b4708b5d49.jpg,dataset-1,valid
dataset-1_20220216_202339_jpg.rf.b60d09f58f986bd743f5da8ade4abf3e.jpg,dataset-1,valid
dataset-1_20220216_202348_jpg.rf.2fcca23f5381efe9ed93e71cc60a6dd2.jpg,dataset-1,valid
dataset-1_20220216_202408_jpg.rf.c646ce3462554a3c858c5f57c6458f01.jpg,dataset-1,valid
dataset-1_20220216_202511_jpg.rf.a0cd7a143f6a8167c38e8a6d3c23eaa4.jpg,dataset-1,valid
dataset-1_20220216_202520_jpg.rf.2bdfac8026d613b13ccdade640fd1e0a.jpg,dataset-1,valid
dataset-1_20220216_202610_jpg.rf.a20c05fdb4f3716d8a4834564c52f939.jpg,dataset-1,valid
dataset-1_20220216_202612_jpg.rf.107d7cb15d8d21041a1397ec5d922c2f.jpg,dataset-1,valid
dataset-1_20220216_202624_jpg.rf.0035e778a14beff4cee6156f7f608760.jpg,dataset-1,valid
dataset-1_20220216_202642_jpg.rf.e0e6a71f4b19fd86c90f31c0301f06b0.jpg,dataset-1,valid
dataset-1_20220216_202701_jpg.rf.60c377264961f699ffedce59cb6f268b.jpg,dataset-1,valid
dataset-1_20220216_202701_jpg.rf.a0e756c9b7980fb134e43f047a5406c0.jpg,dataset-1,valid
dataset-1_20220216_202707_jpg.rf.f4bc326563d8e40df79e46cbfa3680aa.jpg,dataset-1,valid
dataset-1_20220216_202729_jpg.rf.ab2402a5f4ba297d9d021eede90f350d.jpg,dataset-1,valid
dataset-1_20220216_202736_jpg.rf.2f053b68d7a7812f63e9bdb3bb9ef92a.jpg,dataset-1,valid
dataset-1_20220216_202740_jpg.rf.1e37ca4a3f571b82fb18580753d7fcfe.jpg,dataset-1,valid
dataset-1_20220216_202740_jpg.rf.57d6cb11385e999d4c1332a1bad1705d.jpg,dataset-1,valid
dataset-1_20220216_202747_jpg.rf.402cb6d7ae42da166f27155a1f937e63.jpg,dataset-1,valid
dataset-1_20220216_202839_jpg.rf.57cf687f9d2f323d57106bd2d2fa5b1b.jpg,dataset-1,valid
dataset-1_20220216_202841_jpg.rf.efe1e62075bcbdb451402d44a68ce9b9.jpg,dataset-1,valid
dataset-1_20220216_202925_jpg.rf.96fa16a0ceb2208a38962c5983fe91d3.jpg,dataset-1,valid
dataset-1_20220216_202950_jpg.rf.b3e6f4beaa971683ed0e57bf6db59e58.jpg,dataset-1,valid
dataset-1_20220216_202952_jpg.rf.291b7ee553803ccaf2f9ea56b933b461.jpg,dataset-1,valid
dataset-1_20220216_203055_jpg.rf.780bb78a15b764dcf7e44097a3517002.jpg,dataset-1,valid
dataset-1_20220216_203141_jpg.rf.a01e9b88e42f4f8474ab2e0aa140ee0b.jpg,dataset-1,valid
dataset-1_20220216_203218_jpg.rf.3019574ec80e9a96191773b760ab05f3.jpg,dataset-1,valid
dataset-1_20220216_203220_jpg.rf.6f64c74b53e273ac2e2112cf846140df.jpg,dataset-1,valid
dataset-1_20220216_203220_jpg.rf.9eaf9d89db26b8ee194fa045aa57f688.jpg,dataset-1,valid
dataset-1_20220216_203225_jpg.rf.45dc42fb1d129c242a671f66930ec634.jpg,dataset-1,valid
dataset-1_26_jpg.rf.65f2c7b3c30bea17ae3722fadea64645.jpg,dataset-1,valid
dataset-1_26_jpg.rf.ea2bb751938e02b64e92db768d1b9033.jpg,dataset-1,valid
dataset-1_76_jpg.rf.ea3727219f0823f575f455c0d6d93726.jpg,dataset-1,valid
dataset-1_8sex_jpg.rf.0cab32ee0ea3f5d97c2863fa0f5db611.jpg,dataset-1,valid
dataset-1_8sex_jpg.rf.2d0b24fd588c6be9f121c76f3f91bc16.jpg,dataset-1,valid
dataset-1_91_jpg.rf.caa1f50723d8b12a2378cd7b6037e646.jpg,dataset-1,valid
dataset-1_98_jpg.rf.50b59ca597ffce99e33b0552ff9025b1.jpg,dataset-1,valid
dataset-1_beverage_cans-104_jpg.rf.3d6c94bf0b22367a4065ce949c8f327c.jpg,dataset-1,valid
dataset-1_beverage_cans-108_jpg.rf.c9ca205e9bda60cab1f59ebb35003ad9.jpg,dataset-1,valid
dataset-1_beverage_cans-108_jpg.rf.e42f1da2489e7fabd19a54b9ea05f30f.jpg,dataset-1,valid
dataset-1_beverage_cans-110_jpg.rf.073f562bed90f42839a1942537ca2085.jpg,dataset-1,valid
dataset-1_beverage_cans-111_jpg.rf.3576367b8489480efd4b29eec2e6fad5.jpg,dataset-1,valid
dataset-1_beverage_cans-111_jpg.rf.564b21d5e62fbcdb83d36110bd1979e3.jpg,dataset-1,valid
dataset-1_beverage_cans-111_jpg.rf.6e3b9657ee93222db5ae5ff812e54817.jpg,dataset-1,valid
dataset-1_beverage_cans-116_jpg.rf.5b8a0a5cefee0f8b85f4c4619a5e4aab.jpg,dataset-1,valid
dataset-1_beverage_cans-121_jpg.rf.2f5280e08f8fbda59844f8c406dc4f8c.jpg,dataset-1,valid
dataset-1_beverage_cans-121_jpg.rf.c61eebcb494be912439bf7cae1dabcf0.jpg,dataset-1,valid
dataset-1_beverage_cans-124_jpg.rf.34eddcff303cb7045f9c8df24e8c7cff.jpg,dataset-1,valid
dataset-1_beverage_cans-124_jpg.rf.da67c34b68c981ee4042c7f1012895d4.jpg,dataset-1,valid
dataset-1_beverage_cans-124_jpg.rf.fa3031d72adbc1112410a1dfe3db7617.jpg,dataset-1,valid
dataset-1_beverage_cans-128_jpg.rf.ba908d71d6f8b5acc490bf257d9a0b08.jpg,dataset-1,valid
dataset-1_beverage_cans-129_jpg.rf.2022f5fae8e2a8d17933e08ad282fd2a.jpg,dataset-1,valid
dataset-1_beverage_cans-129_jpg.rf.f1002546ad7900c19a154700eebc7d43.jpg,dataset-1,valid
dataset-1_beverage_cans-136_jpg.rf.bc196de30086b17e8be51cee3463691f.jpg,dataset-1,valid
dataset-1_beverage_cans-140_jpg.rf.79b3f8606fbf4d033943cb56942b19a7.jpg,dataset-1,valid
dataset-1_beverage_cans-140_jpg.rf.e804d57d54ebb770b2c8bb7b79b5d3c1.jpg,dataset-1,valid
dataset-1_beverage_cans-149_jpg.rf.195a30dc6be5ce436572742874ad72a1.jpg,dataset-1,valid
dataset-1_beverage_cans-149_jpg.rf.c2845817db2b2cf975d315c95a838d18.jpg,dataset-1,valid
dataset-1_beverage_cans-150_jpg.rf.ecf995751c2f035a21a321c871e22e96.jpg,dataset-1,valid
dataset-1_beverage_cans-159_jpg.rf.07fc88caa9524ab2c97acebef5883904.jpg,dataset-1,valid
dataset-1_beverage_cans-173_jpg.rf.5ff62f597da7422e4e722eed1a46792e.jpg,dataset-1,valid
dataset-1_beverage_cans-176_jpg.rf.d930aad57e4788c9edc3e821f9109d51.jpg,dataset-1,valid
dataset-1_beverage_cans-179_jpg.rf.570f88433a0682d1d81efc1290329a23.jpg,dataset-1,valid
dataset-1_beverage_cans-181_jpg.rf.04b80c0a0852bc34fba800192f142f2a.jpg,dataset-1,valid
dataset-1_beverage_cans-187_jpg.rf.1d16293475d806bd7e2e8480dc389b68.jpg,dataset-1,valid
dataset-1_beverage_cans-189_jpg.rf.278ab7e1f61e4b469b1ecad361d03553.jpg,dataset-1,valid
dataset-1_beverage_cans-192_jpg.rf.2b9d74c2499857179e402a6de93fd80e.jpg,dataset-1,valid
dataset-1_beverage_cans-196_jpg.rf.48fe4517b5c411946f06687189dea758.jpg,dataset-1,valid
dataset-1_beverage_cans-196_jpg.rf.7e0e7942a3c5ef085a3862462408eaae.jpg,dataset-1,valid
dataset-1_beverage_cans-196_jpg.rf.fb18e303ecf4ec3b5adc7c0964c4afb8.jpg,dataset-1,valid
dataset-1_beverage_cans-1_jpg.rf.1d462283084a465710f148db13456350.jpg,dataset-1,valid
dataset-1_beverage_cans-1_jpg.rf.853cbf6425d8a40c134489551e24f0e6.jpg,dataset-1,valid
dataset-1_beverage_cans-205_jpg.rf.8b0d2735c1b0a5db97d31deb2f1dfb46.jpg,dataset-1,valid
dataset-1_beverage_cans-205_jpg.rf.bfe4d67acfdbd6861cd900cb4fc2dac1.jpg,dataset-1,valid
dataset-1_beverage_cans-225_jpg.rf.2c058d3bed0de0c47a3d9fe17e95a507.jpg,dataset-1,valid
dataset-1_beverage_cans-234_jpg.rf.51b117f228a98a371b0ea722f4d75b49.jpg,dataset-1,valid
dataset-1_beverage_cans-242_jpg.rf.f0525121978c8d005011d3d4ecfe4a76.jpg,dataset-1,valid
dataset-1_beverage_cans-242_jpg.rf.f481c2ecd686645666f619565dd005a4.jpg,dataset-1,valid
dataset-1_beverage_cans-25_jpg.rf.9c8f927ca44f54e82aaedcd8a204c832.jpg,dataset-1,valid
dataset-1_beverage_cans-260_jpg.rf.b2b134849096efa5ed19264dbbae3656.jpg,dataset-1,valid
dataset-1_beverage_cans-261_jpg.rf.0f410dc446fab54ca86128386fdf1f57.jpg,dataset-1,valid
dataset-1_beverage_cans-26_jpg.rf.cfa7855ada21386492bbcabbd6f4cc9b.jpg,dataset-1,valid
dataset-1_beverage_cans-271_jpg.rf.8c84b66021b10f7ed6336effe23e286c.jpg,dataset-1,valid
dataset-1_beverage_cans-273_jpg.rf.f886e0a8f4bf1611f95caa3f625efb05.jpg,dataset-1,valid
dataset-1_beverage_cans-277_jpg.rf.66946c2f62b1f0fe1f4b742fb0a87cfa.jpg,dataset-1,valid
dataset-1_beverage_cans-302_jpg.rf.ce38eeca285c3e13c78a3733379a0fb4.jpg,dataset-1,valid
dataset-1_beverage_cans-302_jpg.rf.fe38121a8911e46c2dd47f332f6e2216.jpg,dataset-1,valid
dataset-1_beverage_cans-308_jpg.rf.72ceae2565ba142012445ca7a5fe3b79.jpg,dataset-1,valid
dataset-1_beverage_cans-312_jpg.rf.20331ad923487f134bb7517efe5b853a.jpg,dataset-1,valid
dataset-1_beverage_cans-312_jpg.rf.a9f495e25fa9747ebb57cc3325848e0b.jpg,dataset-1,valid
dataset-1_beverage_cans-312_jpg.rf.ae3d4466acddc8abe3f409d0ec7a2e2a.jpg,dataset-1,valid
dataset-1_beverage_cans-315_jpg.rf.afd2020f9c1652c948408c58a4c31348.jpg,dataset-1,valid
dataset-1_beverage_cans-338_jpg.rf.e94b17da428b415dc92b247508e90909.jpg,dataset-1,valid
dataset-1_beverage_cans-338_jpg.rf.fdaaa0821868c5ab83da4b37871196cb.jpg,dataset-1,valid
dataset-1_beverage_cans-341_jpg.rf.202590e441499ce7f4dc40a40528a7b0.jpg,dataset-1,valid
dataset-1_beverage_cans-341_jpg.rf.43982233226bdf5d06f4e0c0db7e21c5.jpg,dataset-1,valid
dataset-1_beverage_cans-356_jpg.rf.a8d9191f8560051747999482b96f6fbb.jpg,dataset-1,valid
dataset-1_beverage_cans-357_jpg.rf.1c9bf0363e9621a5045b97041d47967d.jpg,dataset-1,valid
dataset-1_beverage_cans-359_jpg.rf.38914a03541165bac63ca798ba1d307e.jpg,dataset-1,valid
dataset-1_beverage_cans-359_jpg.rf.4612086db513750659398fafb6665eee.jpg,dataset-1,valid
dataset-1_beverage_cans-367_jpg.rf.b7c8b1afe92999ea7e26738cae4f7957.jpg,dataset-1,valid
dataset-1_beverage_cans-370_jpg.rf.b0d01e6b1eb2b18ad0940affe0dde32e.jpg,dataset-1,valid
dataset-1_beverage_cans-370_jpg.rf.c6e99cbbaa6e8bbeeaa30a73451d78c4.jpg,dataset-1,valid
dataset-1_beverage_cans-371_jpg.rf.64a5d2359989c7c837d259c47877f0c7.jpg,dataset-1,valid
dataset-1_beverage_cans-371_jpg.rf.9be01984e1004db1325090d6c87a3eca.jpg,dataset-1,valid
dataset-1_beverage_cans-372_jpg.rf.7000bf33e073649ddab9edef6c805e0a.jpg,dataset-1,valid
dataset-1_beverage_cans-372_jpg.rf.c7af992cf5493e4b24ea8bbda0eadb0e.jpg,dataset-1,valid
dataset-1_beverage_cans-377_jpg.rf.9bd4b361c1874fec032ad9ee1f55d5b4.jpg,dataset-1,valid
dataset-1_beverage_cans-379_jpg.rf.5a0624c682d549a603b217c99421a517.jpg,dataset-1,valid
dataset-1_beverage_cans-379_jpg.rf.f6efa594e88b7a850acc155e86ab0250.jpg,dataset-1,valid
dataset-1_beverage_cans-393_jpg.rf.2fb415dd70280e136411775dafbf492b.jpg,dataset-1,valid
dataset-1_beverage_cans-396_jpg.rf.6f4834d3afd7c1a6390db4c73be0b79f.jpg,dataset-1,valid
dataset-1_beverage_cans-396_jpg.rf.e31b55cfaf913708097fc1802753968e.jpg,dataset-1,valid
dataset-1_beverage_cans-399_jpg.rf.82ddd9f7c7b7d03eb4542f9533edaddd.jpg,dataset-1,valid
dataset-1_beverage_cans-413_jpg.rf.acc1ff320cff5754826b6764344a2fb8.jpg,dataset-1,valid
dataset-1_beverage_cans-431_jpg.rf.0dafaf045c2664725347e59b201cd797.jpg,dataset-1,valid
dataset-1_beverage_cans-445_jpg.rf.c23fb48cd5e49a64d6d3ab1aa9270eed.jpg,dataset-1,valid
dataset-1_beverage_cans-445_jpg.rf.f19f4b307be5d7cc1d0ecb66b7dc7b89.jpg,dataset-1,valid
dataset-1_beverage_cans-445_jpg.rf.f6ed645d71617f355eb3e9d08a1e1e81.jpg,dataset-1,valid
dataset-1_beverage_cans-48_jpg.rf.64bc14e72925dffa7c73fffa2ff643ba.jpg,dataset-1,valid
dataset-1_beverage_cans-50_jpg.rf.2fcdc8382cb078990a99b0f92fa87ef8.jpg,dataset-1,valid
dataset-1_beverage_cans-50_jpg.rf.3527fcf8f77036da717963344675fcf6.jpg,dataset-1,valid
dataset-1_beverage_cans-50_jpg.rf.9a035a3b456eb9dc4dab9129ae685fa6.jpg,dataset-1,valid
dataset-1_beverage_cans-50_jpg.rf.f82118d3842609532d440768aedfb222.jpg,dataset-1,valid
dataset-1_beverage_cans-521_jpg.rf.393d445fa2a7001e2cf7cafbfbfdcbfa.jpg,dataset-1,valid
dataset-1_beverage_cans-535_jpg.rf.c75635191cdadd2ffdbd76593b4e2ac6.jpg,dataset-1,valid
dataset-1_beverage_cans-536_jpg.rf.19c3ccae18d52e05f5082c59d0c4751a.jpg,dataset-1,valid
dataset-1_beverage_cans-536_jpg.rf.9aed1674e6e7e48bd1316d98d55b7c0b.jpg,dataset-1,valid
dataset-1_beverage_cans-536_jpg.rf.d6b6a5f9ecd35060a37a5d4705d1901d.jpg,dataset-1,valid
dataset-1_beverage_cans-538_jpg.rf.e9993032604b0343ea686df478004968.jpg,dataset-1,valid
dataset-1_beverage_cans-543_jpg.rf.001b75ea808b94531ee2883727cdc35f.jpg,dataset-1,valid
dataset-1_beverage_cans-543_jpg.rf.ed158c5f53dc54a4717994f0ddc84591.jpg,dataset-1,valid
dataset-1_beverage_cans-545_jpg.rf.00ed5221e612398f088e2a39d6e83998.jpg,dataset-1,valid
dataset-1_beverage_cans-546_jpg.rf.5d96376544a7c0041465b54cc60be042.jpg,dataset-1,valid
dataset-1_beverage_cans-552_jpg.rf.33d9d449058096a4023d36775052d0ce.jpg,dataset-1,valid
dataset-1_beverage_cans-588_jpg.rf.3025a3302700945da6776dbc011f1fba.jpg,dataset-1,valid
dataset-1_beverage_cans-588_jpg.rf.5ec41e0338954f6c74fe13854f11cc69.jpg,dataset-1,valid
dataset-1_beverage_cans-592_jpg.rf.54f56a92830b9ccf68a4a9e21d33016a.jpg,dataset-1,valid
dataset-1_beverage_cans-64_jpg.rf.beb6e1ed72fe531b98c2732b0eb627d7.jpg,dataset-1,valid
dataset-1_beverage_cans-671_jpg.rf.f5e88738f11fae1da67e4be4d78b91fb.jpg,dataset-1,valid
dataset-1_beverage_cans-701_jpg.rf.c824ca183718837433d8df40a913f84b.jpg,dataset-1,valid
dataset-1_beverage_cans-738_jpg.rf.a09683454cc70afb3cedc1bf807b50ee.jpg,dataset-1,valid
dataset-1_beverage_cans-756_jpg.rf.296d2bfa610277cd6dc8c03e2084991b.jpg,dataset-1,valid
dataset-1_beverage_cans-756_jpg.rf.d1500f9570aa4c41a57488fe3dfd1478.jpg,dataset-1,valid
dataset-1_beverage_cans-763_jpg.rf.71428a71b0d843bc63e65807493cff78.jpg,dataset-1,valid
dataset-1_beverage_cans-77_jpg.rf.44bba8cecd3c0f974c24e5a006b3eb35.jpg,dataset-1,valid
dataset-1_beverage_cans-791_jpg.rf.beade00f97843422f1a7f9a98c5ee0ca.jpg,dataset-1,valid
dataset-1_beverage_cans-7_jpg.rf.c8c1401c1667d3a99addcd4c250cb1a9.jpg,dataset-1,valid
dataset-1_beverage_cans-806_jpg.rf.d2aee26711d178d9137a01f4a969476d.jpg,dataset-1,valid
dataset-1_beverage_cans-871_jpg.rf.7fb6be74d9f9ff80c8fb1757f5460f3d.jpg,dataset-1,valid
dataset-1_beverage_cans-976_jpg.rf.bbe0f13035f9117da2dabb2be0ef2a6f.jpg,dataset-1,valid
dataset-1_beverage_cans-981_jpg.rf.27605e67990e7f46e6d2bbfcb4f85be4.jpg,dataset-1,valid
dataset-1_beverage_cans-981_jpg.rf.753d4098c38befe69408ed58b898b6fd.jpg,dataset-1,valid
dataset-1_beverage_cans-996_jpg.rf.66804660fde4717b595f330adf512a5e.jpg,dataset-1,valid
dataset-1_david-hurley-iHvSuG7TQ1I-unsplash_jpg.rf.4257473f45a5a9d28a57568c58420bce.jpg,dataset-1,valid
dataset-1_erik-mclean-5JdKoyIKWW4-unsplash_jpg.rf.818b9a3b86885ebb8d804010eda4bfce.jpg,dataset-1,valid
dataset-1_mncje_jpg.rf.b797ff953e0d588231c9c4218db55099.jpg,dataset-1,valid
dataset-1_mns4k_jpg.rf.7925b419e1598af4df5e4b97119853c9.jpg,dataset-1,valid
dataset-1_sebastian-coman-photography-6j7JkFYQ4Ms-unsplash_jpg.rf.199ff91de5eb37be17cd6e56425f5d21.jpg,dataset-1,valid
dataset-1_WhatsApp-Image-2022-02-11-at-6-30-10-PM_jpeg_jpg.rf.b468381f4b95cf671b53d13f28fac84b.jpg,dataset-1,valid
dataset-1_WhatsApp-Image-2022-02-11-at-6-30-11-PM-1-_jpeg_jpg.rf.2e8e40cb1a64315552370fe7e7ccdb02.jpg,dataset-1,valid
dataset-1_WhatsApp-Image-2022-02-11-at-6-30-14-PM_jpeg_jpg.rf.1b4f144a2ad7feacfa525cf7ecf6d1e2.jpg,dataset-1,valid
dataset-1_WhatsApp-Image-2022-02-11-at-6-30-21-PM-1-_jpeg_jpg.rf.8eaf42c10e054a38dbe4d03a09d0f249.jpg,dataset-1,valid
dataset-1_WhatsApp-Image-2022-02-11-at-6-30-21-PM_jpeg_jpg.rf.ff1fda7b8ac4b9cb3e46949fe370a30d.jpg,dataset-1,valid
dataset-1_103_jpg.rf.b1ff9c1f4bf9d1a5da8a7fdc3e74319d.jpg,dataset-1,test
dataset-1_20220125_175448_jpg.rf.679e87ebf9d91f01d0799054c47f6653.jpg,dataset-1,test
dataset-1_20220125_175534_jpg.rf.ae4691aa455b5554420d515786ff21b2.jpg,dataset-1,test
dataset-1_20220125_175609_jpg.rf.e61faf613d53a79204c3440b1fb34a2d.jpg,dataset-1,test
dataset-1_20220125_175718_jpg.rf.621c1a7ad896f2cd98f4d40782da634f.jpg,dataset-1,test
dataset-1_20220125_175806_jpg.rf.949215ea1c1cf6659bb767585d4f621b.jpg,dataset-1,test
dataset-1_20220125_181638_jpg.rf.9bc51eddb196a330419cfd126c16c611.jpg,dataset-1,test
dataset-1_20220125_181659_jpg.rf.60e37732900f5acb0f9bf2e9614feadf.jpg,dataset-1,test
dataset-1_20220211_182114_jpg.rf.70f488eeaec5cf5fac66a85146619748.jpg,dataset-1,test
dataset-1_20220211_182226_jpg.rf.1b3b83a4d530f3ee0f294c43757b35c8.jpg,dataset-1,test
dataset-1_20220211_182321_jpg.rf.2313d9be3dac05c9142fad1dca9a5e27.jpg,dataset-1,test
dataset-1_20220211_182323_jpg.rf.ff0864f7e7361926534ae6ee212785b2.jpg,dataset-1,test
dataset-1_20220211_182403_jpg.rf.c53851b5c47c9f4d3ff7b08cc8ebfffd.jpg,dataset-1,test
dataset-1_20220211_182448_jpg.rf.32f26ee9eb26dbcd10a5e18bf185889a.jpg,dataset-1,test
dataset-1_20220211_182544_jpg.rf.01b534a9a05b3469cf5a68004ae8dc88.jpg,dataset-1,test
dataset-1_20220211_192737_jpg.rf.f710f74b5ae32fb06f3508ad06b0c0f7.jpg,dataset-1,test
dataset-1_20220211_192739_jpg.rf.cd058d50909a69f02472f72b98cee66c.jpg,dataset-1,test
dataset-1_20220211_192800_jpg.rf.fa55b5bf7a970acd9d1419c019383e80.jpg,dataset-1,test
dataset-1_20220211_192826_jpg.rf.03cbf0cc77c165061f568b624bb451af.jpg,dataset-1,test
dataset-1_20220211_192837_jpg.rf.307ad6a096f0c3964310b669435c72d2.jpg,dataset-1,test
dataset-1_20220211_192918_jpg.rf.c555c3dce90f16fb16e21c121fe1d43c.jpg,dataset-1,test
dataset-1_20220216_201443_jpg.rf.d8204cbafd65759318a39864c6dc983d.jpg,dataset-1,test
dataset-1_20220216_201447_jpg.rf.b46f8b75468b05c35973031afd4d65bc.jpg,dataset-1,test
dataset-1_20220216_201449_jpg.rf.b49e04a7070a1c49d60247489071d29d.jpg,dataset-1,test
dataset-1_20220216_201625_jpg.rf.287f59d22f7115c5825a1b6b390e0ca6.jpg,dataset-1,test
dataset-1_20220216_201757_jpg.rf.e94c27584aea6ce59f63dee5d070a3a1.jpg,dataset-1,test
dataset-1_20220216_201802_jpg.rf.4d8772d21321d8a015fdab6691370543.jpg,dataset-1,test
dataset-1_20220216_201910_jpg.rf.012a9b98c970c4f71311df4a5052436b.jpg,dataset-1,test
dataset-1_20220216_201917_jpg.rf.cfb61e93c75e3ac1b8059b377673a47c.jpg,dataset-1,test
dataset-1_20220216_201920_jpg.rf.e4c31d89493c7745be1ab931b450829d.jpg,dataset-1,test
dataset-1_20220216_202016_jpg.rf.08c0c1db557abd89f9a2cfbe94d10848.jpg,dataset-1,test
dataset-1_20220216_202024_jpg.rf.1b06df1ab384e6db3c829e0f4143046f.jpg,dataset-1,test
dataset-1_20220216_202147_jpg.rf.8d809a7ba10442937a825ca76bf7885e.jpg,dataset-1,test
dataset-1_20220216_202155_jpg.rf.980937de156071a3e20004056b443902.jpg,dataset-1,test
dataset-1_20220216_202203_jpg.rf.bde0d968d9a7d873e80e70b33ccfdbb4.jpg,dataset-1,test
dataset-1_20220216_202318_jpg.rf.aea97dfff9e7e18438712a529c02d112.jpg,dataset-1,test
dataset-1_20220216_202343_jpg.rf.9dc6f5ee58a1f396ea1ff2485450fcdf.jpg,dataset-1,test
dataset-1_20220216_202353_jpg.rf.c1e0174bc822fb2a31cff006a33e2090.jpg,dataset-1,test
dataset-1_20220216_202434_jpg.rf.829b0dd59bf57aae9ce6b64e9b064b0f.jpg,dataset-1,test
dataset-1_20220216_202446_jpg.rf.9b0d5af86c3602156036754610d15592.jpg,dataset-1,test
dataset-1_20220216_202532_jpg.rf.2a36e9ea2eb9346c597fc672facfd978.jpg,dataset-1,test
dataset-1_20220216_202539_jpg.rf.2c838f4e7c32c4b380eeaeb116a73953.jpg,dataset-1,test
dataset-1_20220216_202642_jpg.rf.16ffd628a2a51c4611352fbd7edcd12c.jpg,dataset-1,test
dataset-1_20220216_202647_jpg.rf.173b0adce29f4a985d018bf5236fc064.jpg,dataset-1,test
dataset-1_20220216_202741_jpg.rf.0ca84deb56f42c2a28ba9e5e30bd555b.jpg,dataset-1,test
dataset-1_20220216_202741_jpg.rf.934b1a0c8348c93f5e0231c26ef5071d.jpg,dataset-1,test
dataset-1_20220216_202827_jpg.rf.f52a4e9f23732ace03f1d1d78fb30dc6.jpg,dataset-1,test
dataset-1_20220216_202836_jpg.rf.13698fb9173786695c9c25968e3d0ca0.jpg,dataset-1,test
dataset-1_20220216_202836_jpg.rf.ecf095ddad311e396f7190e2d2eb22d4.jpg,dataset-1,test
dataset-1_20220216_203057_jpg.rf.5b75c1d0f7a1bda6cabf60ba4737c539.jpg,dataset-1,test
dataset-1_20220216_203146_jpg.rf.e6dbe798eb04332fd01d2ed2d1f020f7.jpg,dataset-1,test
dataset-1_20220216_203227_jpg.rf.16fbd7d2eea25850e2f02f14f9278f1c.jpg,dataset-1,test
dataset-1_40_jpg.rf.7951dc9ca4ed6f19a9135aa84bf95731.jpg,dataset-1,test
dataset-1_49_jpg.rf.d46487d0a8148fff6e5b9d9135033f16.jpg,dataset-1,test
dataset-1_50_jpg.rf.b2476be8946e017d7a7565a196b35b62.jpg,dataset-1,test
dataset-1_53_jpg.rf.760e83b937d9ded26568bd8499d3a5f0.jpg,dataset-1,test
dataset-1_83_jpg.rf.0406cbe6f862ddb13a583f01a1cf98c9.jpg,dataset-1,test
dataset-1_87_jpg.rf.a16675b51f471273b114b88991719f48.jpg,dataset-1,test
dataset-1_89_jpg.rf.0b3b4e6c91e04a1383e1b44f8a7a7c60.jpg,dataset-1,test
dataset-1_90ajek_jpg.rf.325211afc975369db601b1c23de11da0.jpg,dataset-1,test
dataset-1_95_jpg.rf.97ae83fe90dee5e60d284f0c85e3341e.jpg,dataset-1,test
dataset-1_beverage_cans-104_jpg.rf.5c9d2aad2194b79302b01c6821db5372.jpg,dataset-1,test
dataset-1_beverage_cans-107_jpg.rf.00b839737cbfa7ae33a4455d9b594b17.jpg,dataset-1,test
dataset-1_beverage_cans-110_jpg.rf.55c50d167816c6ced151e7face6e4877.jpg,dataset-1,test
dataset-1_beverage_cans-123_jpg.rf.d96a68ce1006511936ede0a0dc36954b.jpg,dataset-1,test
dataset-1_beverage_cans-128_jpg.rf.f11c696ce248fbc4ff8c2e518e8789eb.jpg,dataset-1,test
dataset-1_beverage_cans-134_jpg.rf.9ef34f874c9e7beb0d4dc4287f8f8ee4.jpg,dataset-1,test
dataset-1_beverage_cans-134_jpg.rf.a93aa8f6517ba0a354a70e3e1fdbf7f6.jpg,dataset-1,test
dataset-1_beverage_cans-141_jpg.rf.7625d63c5fb302f5ee11a3e8eae69d8f.jpg,dataset-1,test
dataset-1_beverage_cans-141_jpg.rf.ea101ae5e12bd799339a0f0f3d481dd9.jpg,dataset-1,test
dataset-1_beverage_cans-142_jpg.rf.409cf3c86fea5ee8a0793668e032375d.jpg,dataset-1,test
dataset-1_beverage_cans-142_jpg.rf.750bb3d391442d2bdd7c6056289f4a00.jpg,dataset-1,test
dataset-1_beverage_cans-150_jpg.rf.33e768015fe04bc678bfaad2638e7f90.jpg,dataset-1,test
dataset-1_beverage_cans-167_jpg.rf.17dbcb07c9b1586a807612ad085552e0.jpg,dataset-1,test
dataset-1_beverage_cans-179_jpg.rf.d29562db8177642b4ef6e5398a33267b.jpg,dataset-1,test
dataset-1_beverage_cans-179_jpg.rf.ec4b8732b5c876d9a78aea18f9b0bbc2.jpg,dataset-1,test
dataset-1_beverage_cans-21_jpg.rf.7fba25148134ca1f24042098435cf761.jpg,dataset-1,test
dataset-1_beverage_cans-21_jpg.rf.9cd9aeb462fff9f43447aad323f5a164.jpg,dataset-1,test
dataset-1_beverage_cans-240_jpg.rf.93f4a370bcf532560f19f14920162e3e.jpg,dataset-1,test
dataset-1_beverage_cans-240_jpg.rf.d9dfbd5d43cd85ede6e04dcf30394506.jpg,dataset-1,test
dataset-1_beverage_cans-240_jpg.rf.fe4a680b32090a558f1fca1e7a98a6a6.jpg,dataset-1,test
dataset-1_beverage_cans-261_jpg.rf.1b48e2bd75282635eedaa7b81d0c4378.jpg,dataset-1,test
dataset-1_beverage_cans-292_jpg.rf.806fd2f2c0fee2fe58a94fd672c5c556.jpg,dataset-1,test
dataset-1_beverage_cans-356_jpg.rf.ac69b9f934e0e8bd2568a568b845e797.jpg,dataset-1,test
dataset-1_beverage_cans-359_jpg.rf.571c5e48224b1fea0fe6782b00d9382b.jpg,dataset-1,test
dataset-1_beverage_cans-367_jpg.rf.b44ff66d24513b9efa513ad82b75027f.jpg,dataset-1,test
dataset-1_beverage_cans-370_jpg.rf.d6d1f744f24604d6743bb663d73866bc.jpg,dataset-1,test
dataset-1_beverage_cans-371_jpg.rf.5dbce5fb97435ccc75c644d8711197c7.jpg,dataset-1,test
dataset-1_beverage_cans-372_jpg.rf.3106122e50c1c355a7ac13660e0d3e76.jpg,dataset-1,test
dataset-1_beverage_cans-393_jpg.rf.fa719f2d86cdcab65b23849b10cb46d4.jpg,dataset-1,test
dataset-1_beverage_cans-398_jpg.rf.637374c1506429b44377c77421682012.jpg,dataset-1,test
dataset-1_beverage_cans-398_jpg.rf.ac49f02fea25d98e15f3a5ba8dfa08c2.jpg,dataset-1,test
dataset-1_beverage_cans-445_jpg.rf.bcb5d76a29bde783d86973d729cc82e7.jpg,dataset-1,test
dataset-1_beverage_cans-484_jpg.rf.b6c482ad8d23284ed77b3d0f1416d87b.jpg,dataset-1,test
dataset-1_beverage_cans-48_jpg.rf.d94af41eebe13f92abbed4347b9d5f2a.jpg,dataset-1,test
dataset-1_beverage_cans-521_jpg.rf.bea64d8e0d0001560eb8064a69a611b7.jpg,dataset-1,test
dataset-1_beverage_cans-536_jpg.rf.a69a520317df784467b15996aa50caeb.jpg,dataset-1,test
dataset-1_beverage_cans-538_jpg.rf.eaf496066e27a3908672554f8cccf6f8.jpg,dataset-1,test
dataset-1_beverage_cans-561_jpg.rf.5835107ebccf614bd8a798c8264c1661.jpg,dataset-1,test
dataset-1_beverage_cans-561_jpg.rf.9c238d48d33f9cf2ec880f481292938f.jpg,dataset-1,test
dataset-1_beverage_cans-592_jpg.rf.1074221abf79ae926f066661d29315f7.jpg,dataset-1,test
dataset-1_beverage_cans-64_jpg.rf.bede92c0dabd945f67b2340682979148.jpg,dataset-1,test
dataset-1_beverage_cans-671_jpg.rf.fad07dd8c443b74b4245fa933bcb0491.jpg,dataset-1,test
dataset-1_beverage_cans-706_jpg.rf.0858b31ef94805c9f3b281e5eef3b6e2.jpg,dataset-1,test
dataset-1_beverage_cans-77_jpg.rf.461f892d63665e7eec2d21475fca52ac.jpg,dataset-1,test
dataset-1_beverage_cans-784_jpg.rf.5d36f7903fedf996fa3ad3b846c93fbe.jpg,dataset-1,test
dataset-1_beverage_cans-791_jpg.rf.7008c3b8cd72dc6770819d8850c27cb0.jpg,dataset-1,test
dataset-1_beverage_cans-7_jpg.rf.1b771b1c8798d5e3a0191af3af0f8c10.jpg,dataset-1,test
dataset-1_beverage_cans-814_jpg.rf.0e36704203bc9995ee0aea562bd66260.jpg,dataset-1,test
dataset-1_beverage_cans-857_jpg.rf.4718b15de1504999cec77b57e6886f91.jpg,dataset-1,test
dataset-1_beverage_cans-925_jpg.rf.131fc9dffd7545e735c756dbe589e468.jpg,dataset-1,test
dataset-1_christophe-dion-qSnKqJufC3Q-unsplash_jpg.rf.6c4605df01a92e643a9867a3dab2070b.jpg,dataset-1,test
dataset-1_intsd_jpg.rf.d0a9d4dd1bf7379c2b78e2d477205bf6.jpg,dataset-1,test
dataset-1_mikael-stenberg-cJeGGOI8eE0-unsplash_jpg.rf.0f0297df151bf4733738d4512b82c5f2.jpg,dataset-1,test
dataset-1_WhatsApp-Image-2022-02-11-at-6-30-10-PM_jpeg_jpg.rf.4d76907324f12116e19e0f37e1d0a980.jpg,dataset-1,test
dataset-1_WhatsApp-Image-2022-02-11-at-6-30-17-PM_jpeg_jpg.rf.1b23f24c76fc9b347bf79e2c69728c4f.jpg,dataset-1,test
dataset-1_WhatsApp-Image-2022-02-11-at-6-30-19-PM-1-_jpeg_jpg.rf.e8515c1e31144a8f9c8afb21070fc826.jpg,dataset-1,test
dataset-1_WhatsApp-Image-2022-02-11-at-6-30-20-PM_jpeg_jpg.rf.9de547db104be1f6bd69638be428b888.jpg,dataset-1,test
dataset-3_8F769742-9F4D-48C1-B68E-DDFD9FB903AD_jpeg.rf.0d0f41a7fa19d9dbc6f2fe7fc902a068.jpg,dataset-3,train
dataset-3_IMG_0295_jpeg.rf.084fe75d2c08ef34f783954c78baaa87.jpg,dataset-3,train
dataset-3_IMG_1894-2_jpeg.rf.0cd2871405334a1bda5b50e8109d9a61.jpg,dataset-3,train
dataset-3_IMG_2774-2_jpeg.rf.0e63fd532973d622c620147c5d8930e2.jpg,dataset-3,train
dataset-3_IMG_3256-2_jpeg.rf.612525b12acdee6edf98c775cd48b0fe.jpg,dataset-3,train
dataset-3_IMG_4376-2_jpeg.rf.b0dfc5cc1d5cf8d8fb946201c91924d6.jpg,dataset-3,train
dataset-3_IMG_4406-2_jpeg.rf.30063eaa02d14607da41a243c4fbba7d.jpg,dataset-3,train
dataset-3_IMG_5389-2_jpeg.rf.547d8d80337113add0bf8557898e8f74.jpg,dataset-3,train
dataset-3_IMG_5686-2_jpeg.rf.00a4373092eb2ba125d4cf7a59bb2638.jpg,dataset-3,train
dataset-3_IMG_5814-2_jpeg.rf.42bea0dbf96b86c1e517337577852a4e.jpg,dataset-3,train
dataset-3_IMG_6188-2_jpeg.rf.12b4fb2793efdc51761dda35bec4d5c4.jpg,dataset-3,train
dataset-3_IMG_6314-2_jpeg.rf.6d1b1b86b7afa9d4aa1ec9f6ac749bfa.jpg,dataset-3,train
dataset-3_IMG_6606-2_jpeg.rf.23f75c1ab60b22c7d4c44b91fa4557a6.jpg,dataset-3,train
dataset-3_IMG_6622-3_jpeg.rf.01726d13ff5049bc7ef496aba0ab238b.jpg,dataset-3,train
dataset-3_IMG_6623-3_jpeg.rf.30cddc60b08cb5f0982e0dee34cbe855.jpg,dataset-3,train
dataset-3_IMG_6624-3_jpeg.rf.5563097c46e7f90a064e8c32a17766ae.jpg,dataset-3,train
dataset-3_IMG_6625-2_jpeg.rf.0cb3428d010c4089d262afb247bb44c6.jpg,dataset-3,train
dataset-3_IMG_6628-2_jpeg.rf.0aff0afa3ca7cd186e4a3e4cc807cf91.jpg,dataset-3,train
dataset-3_IMG_6629-2_jpeg.rf.88c7dd1e2a835f95cb8a09197bdafeca.jpg,dataset-3,train
dataset-3_IMG_6630-2_jpeg.rf.2d566b1dc687b8372c1fa883e95830bf.jpg,dataset-3,train
dataset-3_IMG_6631-2_jpeg.rf.51bfbd9b6ac2eadc6a4645e6b38ab4a5.jpg,dataset-3,train
dataset-3_IMG_6632-2_jpeg.rf.309494103aecec9e72fcb152f5bddeac.jpg,dataset-3,train
dataset-3_IMG_6634-2_jpeg.rf.2ed856d749a42c14a812a5b46da1f983.jpg,dataset-3,train
dataset-3_IMG_6636-2_jpeg.rf.481b4af13648c8052fcb68230e37a18c.jpg,dataset-3,train
dataset-3_IMG_6637-2_jpeg.rf.0eee8f4c79e6258c35caf58ba640316e.jpg,dataset-3,train
dataset-3_IMG_6638-2_jpeg.rf.7a8a069fb61c52d1fcf91d17e8fd9c05.jpg,dataset-3,train
dataset-3_IMG_6639-2_jpeg.rf.3cb2fb1f889c2a5c72906cab923ad7bb.jpg,dataset-3,train
dataset-3_IMG_6641-2_jpeg.rf.5065524ae0288dbfb432eb4a2d018cd0.jpg,dataset-3,train
dataset-3_IMG_6642-2_jpeg.rf.1b4b174d022ffd1a4f7934489da16f00.jpg,dataset-3,train
dataset-3_IMG_6643-2_jpeg.rf.a881e8a3e5daad92b1d649d638bb546b.jpg,dataset-3,train
dataset-3_IMG_6644-2_jpeg.rf.867f88e7d181fb87b942924555db58b3.jpg,dataset-3,train
dataset-3_IMG_6648-2_jpeg.rf.675fd8313d777b5dd801c03a79b7ca9d.jpg,dataset-3,train
dataset-3_IMG_6650-2_jpeg.rf.222eca3efb3c0aeabf639159a2f818d5.jpg,dataset-3,train
dataset-3_IMG_6652-2_jpeg.rf.07c636b92f98f08203468de2888e8931.jpg,dataset-3,train
dataset-3_IMG_6653-2_jpeg.rf.1f9b21a01a831aecbebd57831a51afcc.jpg,dataset-3,train
dataset-3_IMG_6655-2_jpeg.rf.057736a5360c7d5c204915cffa5d1b61.jpg,dataset-3,train
dataset-3_IMG_6766-2_jpeg.rf.142bb2cc94ba82d9467161e3040866dc.jpg,dataset-3,train
dataset-3_IMG_6767-2_jpeg.rf.4242c45baf3e43e4e2bd5973e3111bb4.jpg,dataset-3,train
dataset-3_IMG_6768-2_jpeg.rf.1176754429074a762a6966ebd3679d61.jpg,dataset-3,train
dataset-3_IMG_6769-2_jpeg.rf.319ccd067849f797dd296cf017637487.jpg,dataset-3,train
dataset-3_IMG_6770-2_jpeg.rf.24c784aa3e94bfd0a214ee991fa0d926.jpg,dataset-3,train
dataset-3_IMG_6772-2_jpeg.rf.3d71cf08e3ed7a1189f71db36d2f0103.jpg,dataset-3,train
dataset-3_IMG_6773-2_jpeg.rf.48787bc70cc048479491a035dbbb7dfe.jpg,dataset-3,train
dataset-3_IMG_6784-2_jpeg.rf.2c2e06c67ad8775545945f5ada67376e.jpg,dataset-3,train
dataset-3_IMG_6785-2_jpeg.rf.197c1647fce20b9b16567faf3ef26d7f.jpg,dataset-3,train
dataset-3_IMG_6786-2_jpeg.rf.6185981072d5c9b24712a43c9f0ce0b8.jpg,dataset-3,train
dataset-3_IMG_6788-2_jpeg.rf.bc2c3f5c298e6c8dd3afb7900bdc2c64.jpg,dataset-3,train
dataset-3_IMG_6789-2_jpeg.rf.0a1fe849ce1adeff22eac91e293c4504.jpg,dataset-3,train
dataset-3_IMG_6793-2_jpeg.rf.89e6adf16df0934093433a2e74641bf1.jpg,dataset-3,train
dataset-3_IMG_6794-2_jpeg.rf.0db310389b9c0c6e3d70234012f2d7ae.jpg,dataset-3,train
dataset-3_IMG_6795-2_jpeg.rf.1b924e9987a638fa11e26f19861c2ff6.jpg,dataset-3,train
dataset-3_IMG_6796-2_jpeg.rf.0deb0273f6324ec2c8e2bd5070501850.jpg,dataset-3,train
dataset-3_IMG_6800-2_jpeg.rf.6625db6733f81845780ee0e4eb5cfaf6.jpg,dataset-3,train
dataset-3_IMG_6801-2_jpeg.rf.4a37707ab3d5876889af9e409eab5e1c.jpg,dataset-3,train
dataset-3_IMG_6827-2_jpeg.rf.6350fe8701c9bfab67518a84991da7c6.jpg,dataset-3,train
dataset-3_IMG_6828-2_jpeg.rf.118dd9018119b7dcc75a19b516879011.jpg,dataset-3,train
dataset-3_IMG_6831-2_jpeg.rf.7313622bc79f4c53f2d05d89f7d73b50.jpg,dataset-3,train
dataset-3_IMG_6833-5_jpeg.rf.7d5495efdf5f2f47f886336b58fd01e8.jpg,dataset-3,train
dataset-3_IMG_6838-3_jpeg.rf.000b0b0bfcb79b3e9b8a45853d3bc9bd.jpg,dataset-3,train
dataset-3_IMG_6839-2_jpeg.rf.3181d34b588f44e540b81b541f982b57.jpg,dataset-3,train
dataset-3_IMG_6841-3_jpeg.rf.7c193f9eb01c5202b38ba2cfba854ba1.jpg,dataset-3,train
dataset-3_IMG_6842-2_jpeg.rf.7cd99211b863d28d2e174b69c7131153.jpg,dataset-3,train
dataset-3_IMG_6843-2_jpeg.rf.52eb390ffed6a989d7e0c5634ca1bce4.jpg,dataset-3,train
dataset-3_IMG_6844-2_jpeg.rf.1dc82b3920fefdbc94878fe37c5d49c4.jpg,dataset-3,train
dataset-3_IMG_6845-2_jpeg.rf.3584a3800330992c74300c908cd8e1fd.jpg,dataset-3,train
dataset-3_IMG_6846-2_jpeg.rf.335cfb68a1badb05f3eef9ff07f0a87d.jpg,dataset-3,train
dataset-3_IMG_6849-2_jpeg.rf.7d4f3165f1f22d527c655c8331cb4596.jpg,dataset-3,train
dataset-3_IMG_6851-3_jpeg.rf.3079f6c6d941dd76b542fabb090bc6f5.jpg,dataset-3,train
dataset-3_IMG_6852-2_jpeg.rf.0ed457a1492a8c3b65db6e2fe8598cdf.jpg,dataset-3,train
dataset-3_IMG_6853-2_jpeg.rf.27aa2a74bddde539aec85ee14e544e48.jpg,dataset-3,train
dataset-3_IMG_6854-2_jpeg.rf.736561b0a5d07d971b568644ba3a6065.jpg,dataset-3,train
dataset-3_IMG_6855-2_jpeg.rf.0bf4bd175fe256690f889c76a43614ad.jpg,dataset-3,train
dataset-3_IMG_6857-2_jpeg.rf.3c20453f111afdabf4e8e2df1bfb37a4.jpg,dataset-3,train
dataset-3_IMG_6858-2_jpeg.rf.23631a9eaaa4aa0ed09523a3f2051822.jpg,dataset-3,train
dataset-3_IMG_6861-3_jpeg.rf.595014bd6a40f19cd65c99fb5283a3b0.jpg,dataset-3,train
dataset-3_IMG_6862-2_jpeg.rf.380a18e6a0d9b3110821e86c57c55fe0.jpg,dataset-3,train
dataset-3_IMG_6863-2_jpeg.rf.1683c265d47f4d266115e8cb20a07859.jpg,dataset-3,train
dataset-3_IMG_6864-2_jpeg.rf.2be12b66f8ec8d122c5bd63f0f8bd8d1.jpg,dataset-3,train
dataset-3_IMG_6865-3_jpeg.rf.a117af863ab731ec95c0d72d5ba7f13c.jpg,dataset-3,train
dataset-3_IMG_6866-2_jpeg.rf.4c0618eb086d4a72f8265527228267e9.jpg,dataset-3,train
dataset-3_IMG_6867-2_jpeg.rf.1b88865cef0960aa302911286a61907b.jpg,dataset-3,train
dataset-3_IMG_6868-2_jpeg.rf.a2b4f54ca0343d32fded277f9394e620.jpg,dataset-3,train
dataset-3_IMG_6869-2_jpeg.rf.02976e3bbab0869f91f0214208b36ac4.jpg,dataset-3,train
dataset-3_IMG_6878-2_jpeg.rf.3b37ee22c9e8b1b1c1d40bff45611415.jpg,dataset-3,train
dataset-3_IMG_6879-2_jpeg.rf.3e3c8e47fd2dc4c868f166c0e3d52409.jpg,dataset-3,train
dataset-3_IMG_6880-2_jpeg.rf.9aa7b0d26140ae361d70f3778d9a692a.jpg,dataset-3,train
dataset-3_IMG_6881-2_jpeg.rf.2b5d738150c31446c243da735d660c8a.jpg,dataset-3,train
dataset-3_IMG_6882-3_jpeg.rf.7bdcda3d1fc1859bd62608862a281f33.jpg,dataset-3,train
dataset-3_IMG_6883-2_jpeg.rf.131b627710e0889bf902f1fde151f950.jpg,dataset-3,train
dataset-3_IMG_6884-2_jpeg.rf.0bdc691ee086b9036d7d5b59f1ffd132.jpg,dataset-3,train
dataset-3_IMG_6889-3_jpeg.rf.39f24cb3f69f94936d1a8e30cf542f00.jpg,dataset-3,train
dataset-3_IMG_6890-2_jpeg.rf.0a767c3a257a67004a12da3fd8a8d5b1.jpg,dataset-3,train
dataset-3_IMG_6892-2_jpeg.rf.60d322950c13a17b01808ba8809eb000.jpg,dataset-3,train
dataset-3_IMG_6893-2_jpeg.rf.3f20ea513cff939d8099c359b9e1f3a1.jpg,dataset-3,train
dataset-3_IMG_6895-2_jpeg.rf.154288e89d850147901429366815821a.jpg,dataset-3,train
dataset-3_IMG_6896-2_jpeg.rf.138dc34a6b8cb0679cf3baf60e3e5115.jpg,dataset-3,train
dataset-3_IMG_6897-2_jpeg.rf.44541605ea5d394555623fbf40d51148.jpg,dataset-3,train
dataset-3_IMG_6898-2_jpeg.rf.3385bf68777dbbf8cd8f21a3181a8aad.jpg,dataset-3,train
dataset-3_IMG_6899-2_jpeg.rf.25df9c0ed0fe695664a3c1ff25a238c9.jpg,dataset-3,train
dataset-3_IMG_6943-2_jpeg.rf.16713c17e1584bdee26164c778f68dce.jpg,dataset-3,train
dataset-3_IMG_6944-2_jpeg.rf.78d29311eb113243b410f0e9ef8a0b5d.jpg,dataset-3,train
dataset-3_IMG_6945-2_jpeg.rf.2f5a5547a23dbb390b2b30c485da1aa2.jpg,dataset-3,train
dataset-3_IMG_6946-2_jpeg.rf.01de0ac4be742cb676c26bbbd979d370.jpg,dataset-3,train
dataset-3_IMG_6947-2_jpeg.rf.64c68a6fb51a184afd859d52f8b26cc2.jpg,dataset-3,train
dataset-3_IMG_6948-2_jpeg.rf.0c9e4abde5146d8e43f43a04754e4482.jpg,dataset-3,train
dataset-3_IMG_6950-2_jpeg.rf.25521e9941059546d329d9c681292fd7.jpg,dataset-3,train
dataset-3_IMG_6952_jpeg.rf.18200aa8b5f3bd0b79a0a371d466472a.jpg,dataset-3,train
dataset-3_IMG_6966-2_jpeg.rf.0081d23af41fd7203167d183d5b4c6f2.jpg,dataset-3,train
dataset-3_IMG_6977-2_jpeg.rf.534ac58add350b069f2f119a244ee4bd.jpg,dataset-3,train
dataset-3_IMG_6979-2_jpeg.rf.26e92b088768ad85e7ddcbf48c395c13.jpg,dataset-3,train
dataset-3_IMG_6980-2_jpeg.rf.7ad3c0bc7b3ea588b7988af9f21ed9a9.jpg,dataset-3,train
dataset-3_IMG_6981-2_jpeg.rf.0c7c897671725288b086b06406f6dc51.jpg,dataset-3,train
dataset-3_IMG_6982-2_jpeg.rf.5c0ebe448bdbd47a5fb5c307ec269b3f.jpg,dataset-3,train
dataset-3_IMG_6984-2_jpeg.rf.3a5a88b5eb2087668b03d143d61f5a35.jpg,dataset-3,train
dataset-3_IMG_6986-2_jpeg.rf.2b7fb1d3bdb2f4bfac9b67f5bcd38105.jpg,dataset-3,train
dataset-3_IMG_6988-2_jpeg.rf.5682424cbc05fe2dabf74be7f51e4876.jpg,dataset-3,train
dataset-3_IMG_6989-2_jpeg.rf.2922a3cd58d31102f1ec75d1378b6a9b.jpg,dataset-3,train
dataset-3_IMG_6990-2_jpeg.rf.14a959aa5f455683b59c57986885ce8e.jpg,dataset-3,train
dataset-3_IMG_6992-2_jpeg.rf.55ccb46a53f113e562ed5a5e29e79ec5.jpg,dataset-3,train
dataset-3_IMG_6993-2_jpeg.rf.696145ce8a4fa4d57bfdf3748bd914d7.jpg,dataset-3,train
dataset-3_IMG_6996-2_jpeg.rf.4df7d67b59924fade34dbf271369fd95.jpg,dataset-3,train
dataset-3_IMG_6997-2_jpeg.rf.4b95a323311f60abeb22852556299c6c.jpg,dataset-3,train
dataset-3_IMG_6999-2_jpeg.rf.1131757b2d1f5d87afde125edeb286a8.jpg,dataset-3,train
dataset-3_IMG_7001-2_jpeg.rf.11dce6df32d2f33d229d01a126773f8c.jpg,dataset-3,train
dataset-3_IMG_7006-2_jpeg.rf.6bd1e5ded7e17caba2e85265601a7951.jpg,dataset-3,train
dataset-3_IMG_7006-4_jpeg.rf.9df9591db44b337dfa7e4284f531894b.jpg,dataset-3,train
dataset-3_IMG_7020-2_jpeg.rf.3f852d1432b0e24ca566bf65464c60c5.jpg,dataset-3,train
dataset-3_IMG_7023-2_jpeg.rf.bcb52d4ca68bb7410fbceb61392bccf4.jpg,dataset-3,train
dataset-3_IMG_7024-2_jpeg.rf.bd53e631e0da39afbdcc90a1af70f034.jpg,dataset-3,train
dataset-3_IMG_7027-2_jpeg.rf.5ae0f8a73951b66b877f907192a40400.jpg,dataset-3,train
dataset-3_IMG_7029-2_jpeg.rf.40cbffa7410bcd0c49e06913df25f9ff.jpg,dataset-3,train
dataset-3_IMG_7032-2_jpeg.rf.0af7ed65bec2814fec09920d6a8c5902.jpg,dataset-3,train
dataset-3_IMG_7033-2_jpeg.rf.abe1a1a4fcf47517fce033f714e6f81a.jpg,dataset-3,train
dataset-3_IMG_7034-2_jpeg.rf.5f32105cc812cf5acc45b703646a456d.jpg,dataset-3,train
dataset-3_IMG_7035-2_jpeg.rf.aa26608d7a7d6275b561052c52ccbda6.jpg,dataset-3,train
dataset-3_IMG_7036-2_jpeg.rf.1a1163a9b5aef42e944d1cef1f841c41.jpg,dataset-3,train
dataset-3_IMG_7037-2_jpeg.rf.304ab4755e41abeaf25486ee5929a8c2.jpg,dataset-3,train
dataset-3_IMG_7038-2_jpeg.rf.23287a761aa81571c998069637f1541d.jpg,dataset-3,train
dataset-3_IMG_7039-2_jpeg.rf.0c3c5ba487ad2f735512fa0a33e495e5.jpg,dataset-3,train
dataset-3_IMG_7040-2_jpeg.rf.018b4f38b40752d951e222166300acc9.jpg,dataset-3,train
dataset-3_IMG_7044-2_jpeg.rf.55f31fd31487690ee20b2f482d9a349d.jpg,dataset-3,train
dataset-3_IMG_7046-2_jpeg.rf.2017d02c66d5dd50d4e0af9dd24ccba6.jpg,dataset-3,train
dataset-3_IMG_7050-2_jpeg.rf.1c1897c9e467b14cc54f2790b05e0577.jpg,dataset-3,train
dataset-3_IMG_7051-2_jpeg.rf.4ea4e02b4d48fdbdee4a294784f793fc.jpg,dataset-3,train
dataset-3_IMG_7055_jpeg.rf.2d2a08901b4871ebf10ef5626e0bb445.jpg,dataset-3,train
dataset-3_IMG_7061_jpeg.rf.1ab01c66b636f81f7076a44e20aad064.jpg,dataset-3,train
dataset-3_IMG_7064_jpeg.rf.7b221c59fb6a0c3b22d1061f89783115.jpg,dataset-3,train
dataset-3_IMG_7067_jpeg.rf.5c89ef72e21cd435ea226a018f1da2c9.jpg,dataset-3,train
dataset-3_IMG_7068_jpeg.rf.2a607181c42be019c7e92b5dcad15389.jpg,dataset-3,train
dataset-3_IMG_7071_jpeg.rf.13e9e3a4a09e8cf2c8a6322e7348d555.jpg,dataset-3,train
dataset-3_IMG_7072_jpeg.rf.6d00951cf79eb564a4cc7ebef9beff8f.jpg,dataset-3,train
dataset-3_IMG_7073_jpeg.rf.6229a41f1dc0bade611e62b8a0eb4040.jpg,dataset-3,train
dataset-3_IMG_7074_jpeg.rf.067b73ffcf29eb21f25e0ba631b854e6.jpg,dataset-3,train
dataset-3_IMG_7076_jpeg.rf.5dd8cd22246c94147d7b7550b83b14bf.jpg,dataset-3,train
dataset-3_IMG_7077_jpeg.rf.0307b4b4228e2d918748404984e4c9f8.jpg,dataset-3,train
dataset-3_IMG_7078_jpeg.rf.471aa2be1947165ba74c157d5ec64446.jpg,dataset-3,train
dataset-3_IMG_7092_jpeg.rf.6b1474a6ee80a2b501e81a8a7f7db62a.jpg,dataset-3,train
dataset-3_IMG_7109_jpeg.rf.3948dcfb0bc98ef6ad4fd3106a02e19e.jpg,dataset-3,train
dataset-3_IMG_7113_jpeg.rf.59e4586382aa1b1e9096df9d24532e19.jpg,dataset-3,train
dataset-3_IMG_7115_jpeg.rf.541afc2b1b2829fa6213756ef54ea8db.jpg,dataset-3,train
dataset-3_IMG_7122_jpeg.rf.3dbbbc032b0bc6b2beecce418003bdc9.jpg,dataset-3,train
dataset-3_IMG_7124_jpeg.rf.92b0a3a85db550f2062bc34e01c3b1d7.jpg,dataset-3,train
dataset-3_IMG_7125_jpeg.rf.0d60d241856abf97543702bf699cca2b.jpg,dataset-3,train
dataset-3_IMG_7126_jpeg.rf.1fc606c471f00dcbc1fa51ef9a9aabe8.jpg,dataset-3,train
dataset-3_IMG_7127_jpeg.rf.2cdaefbf3b3138e60526cba6a968b113.jpg,dataset-3,train
dataset-3_IMG_7129_jpeg.rf.38cde5ecd4011a2c14cb562ab5a824ff.jpg,dataset-3,train
dataset-3_IMG_7130_jpeg.rf.6a01669e4c6449abc84d16bcdf17a958.jpg,dataset-3,train
dataset-3_IMG_7132_jpeg.rf.43cb823d05b68277fb7192e46a44e6b8.jpg,dataset-3,train
dataset-3_IMG_7133_jpeg.rf.40d22df93c4a5eb097ab831ba870498b.jpg,dataset-3,train
dataset-3_IMG_7134_jpeg.rf.0a611f81dbf89687796ffce9484edcf8.jpg,dataset-3,train
dataset-3_IMG_7135_jpeg.rf.298de22d939930dbe17318438a0bd449.jpg,dataset-3,train
dataset-3_IMG_7137_jpeg.rf.13d25e911f4f467aaa22ae5fc71dd2d9.jpg,dataset-3,train
dataset-3_IMG_7138_jpeg.rf.8db9ebb3053fb14ffa802077a55222a2.jpg,dataset-3,train
dataset-3_IMG_7139_jpeg.rf.3776be874a110113a1115f8449530edf.jpg,dataset-3,train
dataset-3_IMG_7142_jpeg.rf.5e190dffd7ed85d8c14572565ffd8188.jpg,dataset-3,train
dataset-3_IMG_7144_jpeg.rf.67032d5a4c4d697a86df41f7bf52269c.jpg,dataset-3,train
dataset-3_IMG_7144_jpeg.rf.d64551106ae4cce36ad07f02e568b1ae.jpg,dataset-3,train
dataset-3_IMG_7145_jpeg.rf.04e0f88686f26bb60fb848c66ffe6d43.jpg,dataset-3,train
dataset-3_IMG_7145_jpeg.rf.b6d24c6a4a464f725f03bbff8ff9d033.jpg,dataset-3,train
dataset-3_IMG_7146_jpeg.rf.7912bce2ae623cba4dfc6eb30b71a5a3.jpg,dataset-3,train
dataset-3_IMG_7147_jpeg.rf.6da8df404f2d768636e0e10e3e12781c.jpg,dataset-3,train
dataset-3_IMG_7148_jpeg.rf.5424bb18eb496af7751c5147fc821e56.jpg,dataset-3,train
dataset-3_IMG_7150_jpeg.rf.3736e71bd549b3359f42f4be5ebb3f39.jpg,dataset-3,train
dataset-3_IMG_7152_jpeg.rf.0f87217be1ee78745b1c355ff245615e.jpg,dataset-3,train
dataset-3_IMG_7154_jpeg.rf.92ff79a1aa0b9bed08304bd0584579d2.jpg,dataset-3,train
dataset-3_IMG_7157_jpeg.rf.360a6f100f399131e1b8d76a1f0f71d8.jpg,dataset-3,train
dataset-3_IMG_7158_jpeg.rf.3b22df75e10a66d3bc5e1ae8d119e608.jpg,dataset-3,train
dataset-3_IMG_7158_jpeg.rf.66906a93c34f193cbca22c5db3784cca.jpg,dataset-3,train
dataset-3_IMG_7160_jpeg.rf.61c59fb9373ee9b77d1508df6bdae73e.jpg,dataset-3,train
dataset-3_IMG_7161_jpeg.rf.1bc2167dccba6ba7521780085df8774e.jpg,dataset-3,train
dataset-3_IMG_7162_jpeg.rf.4d3171ea1695c777b426412e590cc490.jpg,dataset-3,train
dataset-3_IMG_7163_jpeg.rf.0fccdcef98eb2fd23df3deb35c130c35.jpg,dataset-3,train
dataset-3_IMG_7164_jpeg.rf.6e020090f6006d3155aa65aa10fd4cbc.jpg,dataset-3,train
dataset-3_IMG_7167_jpeg.rf.13e16605c047ccc8411a623b0a87c5fe.jpg,dataset-3,train
dataset-3_IMG_7168_jpeg.rf.02424da643831aa791f8b40f42caebd3.jpg,dataset-3,train
dataset-3_IMG_7168_jpeg.rf.504339e703e6f71f38add355c4bf00f1.jpg,dataset-3,train
dataset-3_IMG_7169_jpeg.rf.0ec5a20d2f98ae3e90a87a765e5cf176.jpg,dataset-3,train
dataset-3_IMG_7170_jpeg.rf.a11a4e55e40b0ba96b4c7415f796f243.jpg,dataset-3,train
dataset-3_IMG_7171_jpeg.rf.ccc7eb469d5e4a00a8e22329ee455efe.jpg,dataset-3,train
dataset-3_IMG_7172_jpeg.rf.06d286f38c1869182dd7a9e246b86796.jpg,dataset-3,train
dataset-3_IMG_7173_jpeg.rf.1268f41192bc0b6131297f505403e3be.jpg,dataset-3,train
dataset-3_IMG_7176_jpeg.rf.8a5e547ac0c0781f849d7ebaa41ad933.jpg,dataset-3,train
dataset-3_IMG_7178_jpeg.rf.6495d3e2f599e28ad09c548f5f1fc554.jpg,dataset-3,train
dataset-3_IMG_7179_jpeg.rf.0901b47dee97a41a13c42286785294dd.jpg,dataset-3,train
dataset-3_IMG_7182_jpeg.rf.620a1e46affe9a3b2f7094e4a85211f2.jpg,dataset-3,train
dataset-3_IMG_7183_jpeg.rf.3b366359aceaa0d9b3605d275f7e9da4.jpg,dataset-3,train
dataset-3_IMG_7184_jpeg.rf.44ff8b720b6c5949dd004c5786a49816.jpg,dataset-3,train
dataset-3_IMG_7187_jpeg.rf.0c27aef583deb5898a35b28192c8331c.jpg,dataset-3,train
dataset-3_IMG_7214_jpeg.rf.c6f0fdd4896da949374ebd0e2b78ee84.jpg,dataset-3,train
dataset-3_IMG_7217_jpeg.rf.189e0da949ca7774ec453e48e1a5faa1.jpg,dataset-3,train
dataset-3_IMG_7224_jpeg.rf.3abc54888d3dee21d1527dd6bad94ed9.jpg,dataset-3,train
dataset-3_IMG_7226_jpeg.rf.1bc3fbc175d5450ac6cc7395c98b4363.jpg,dataset-3,train
dataset-3_IMG_7227_jpeg.rf.48268f9a6ef4ad828931307553dcb8cb.jpg,dataset-3,train
dataset-3_IMG_7227_jpeg.rf.80b357d1c83a122106ca698ff14fc4c5.jpg,dataset-3,train
dataset-3_IMG_7228_jpeg.rf.8c3f12f67256ea948a778eb505f5ed5d.jpg,dataset-3,train
dataset-3_IMG_7228_jpeg.rf.fb14e3f3a9cd855d552d97817c2f0692.jpg,dataset-3,train
dataset-3_IMG_7229_jpeg.rf.4b8bea0150cb2cdab80051e2cfb15811.jpg,dataset-3,train
dataset-3_IMG_7231_jpeg.rf.1c99eee79a8345a257bbb247fd91074d.jpg,dataset-3,train
dataset-3_IMG_7232_jpeg.rf.0e1ffa8512eb588d3c0ced3108d2a7ce.jpg,dataset-3,train
dataset-3_IMG_7255_jpeg.rf.82e800a3511603885c832550c3f38e59.jpg,dataset-3,train
dataset-3_IMG_7256_jpeg.rf.8365aefcb7590d6d73fb770c2124b76d.jpg,dataset-3,train
dataset-3_IMG_7257_jpeg.rf.13e91c9d665396755447bcd8db299362.jpg,dataset-3,train
dataset-3_IMG_7258_jpeg.rf.2df66caa9a64f942f782fb8ed860cc75.jpg,dataset-3,train
dataset-3_IMG_7259_jpeg.rf.36e7f8079adcc68a42ac3fe5c569e907.jpg,dataset-3,train
dataset-3_IMG_7262_jpeg.rf.0321b5776caec2cc6ad607a8506986c9.jpg,dataset-3,train
dataset-3_IMG_7263_jpeg.rf.126e65ab19cf4d244cfa5cf7af7a70fd.jpg,dataset-3,train
dataset-3_IMG_7264_jpeg.rf.2f896a0548b8c9ce500b1f03f266e196.jpg,dataset-3,train
dataset-3_IMG_7266_jpeg.rf.7d1ea3310ffbb392dac344ce9a707be4.jpg,dataset-3,train
dataset-3_IMG_7269_jpeg.rf.06505544dbad1aeceb1c5505e7b5670e.jpg,dataset-3,train
dataset-3_IMG_7272_jpeg.rf.05e5308f1032d347cc469f684927ff8d.jpg,dataset-3,train
dataset-3_IMG_7274_jpeg.rf.8119c9b5a0dd588aef455b511a7b736a.jpg,dataset-3,train
dataset-3_IMG_7276_jpeg.rf.01a571cfd392c7d96a04db1c04833560.jpg,dataset-3,train
dataset-3_IMG_7278_jpeg.rf.8d71744b175fa07feae072ea9884dd5c.jpg,dataset-3,train
dataset-3_IMG_7279_jpeg.rf.4448ef1a3690ea9ebaf662821f337402.jpg,dataset-3,train
dataset-3_IMG_7280_jpeg.rf.14142a4c74809fed474611c26ed85081.jpg,dataset-3,train
dataset-3_IMG_7281_jpeg.rf.3799162eb04f4fe13148330652c6c906.jpg,dataset-3,train
dataset-3_IMG_7282_jpeg.rf.01a31e60c4e7874aaf3e97a049f96be1.jpg,dataset-3,train
dataset-3_IMG_7285_jpeg.rf.00b2d3d8991933cb7aabfd482f68ccc7.jpg,dataset-3,train
dataset-3_IMG_7286_jpeg.rf.19a5bb4d68603ae5cd64d7995e08937e.jpg,dataset-3,train
dataset-3_IMG_7287_jpeg.rf.28ff4ed894bdc15413b83e73b8426911.jpg,dataset-3,train
dataset-3_IMG_7290_jpeg.rf.0ea185be1e671373be4527a687f7dc39.jpg,dataset-3,train
dataset-3_IMG_7293_jpeg.rf.ba9122b679540521de61e1712737fa32.jpg,dataset-3,train
dataset-3_IMG_7294_jpeg.rf.2f69746930b53c7c94f76bbeac7d5aa7.jpg,dataset-3,train
dataset-3_IMG_7296_jpeg.rf.0fe76764d4d1b881ad25e6acdb0fa330.jpg,dataset-3,train
dataset-3_IMG_7297_jpeg.rf.3d13649946f3f8f60f97da74b91ca2c6.jpg,dataset-3,train
dataset-3_IMG_7298_jpeg.rf.33acca14e6258b4fc372e6d1f18afaaf.jpg,dataset-3,train
dataset-3_IMG_7299_jpeg.rf.07dad50a9bc886f42c23dc8d1d680cc1.jpg,dataset-3,train
dataset-3_IMG_7300_jpeg.rf.31194e715fa5dbf3bcfa33d26eb544be.jpg,dataset-3,train
dataset-3_IMG_7301_jpeg.rf.4a623f2ea9e9112995bc4cb09c3ead5a.jpg,dataset-3,train
dataset-3_IMG_7302_jpeg.rf.2ddf28846034e0f79e8053519b424b48.jpg,dataset-3,train
dataset-3_IMG_7303_jpeg.rf.8f7ed035973cea604b24f9122baa6979.jpg,dataset-3,train
dataset-3_IMG_7304_jpeg.rf.258e1d40d286aecb5fb84ecf2bdd9799.jpg,dataset-3,train
dataset-3_IMG_7305_jpeg.rf.3a75655dc4bffec027c3cb25b993e701.jpg,dataset-3,train
dataset-3_IMG_7306_jpeg.rf.328b3fd0607d60adf38c4397b77b1edc.jpg,dataset-3,train
dataset-3_IMG_7307_jpeg.rf.48fa5c6ee61b7fbb60b802074e5076ff.jpg,dataset-3,train
dataset-3_IMG_7309_jpeg.rf.0d3458f53347144b4dde7df57ad3a29f.jpg,dataset-3,train
dataset-3_IMG_7310_jpeg.rf.0356a3e71e8aaeaa8440dabff6b26daa.jpg,dataset-3,train
dataset-3_IMG_7311_jpeg.rf.54034104302cbc54a75eddb1a9a338a4.jpg,dataset-3,train
dataset-3_IMG_7312_jpeg.rf.064cb08e251e4ab826d3d06e72529b0a.jpg,dataset-3,train
dataset-3_IMG_7313_jpeg.rf.1768427ea1dab20912f4a280f80edbc9.jpg,dataset-3,train
dataset-3_IMG_7313_jpeg.rf.84bf240c71a062abb14da3b58a6cd5ad.jpg,dataset-3,train
dataset-3_IMG_7313_jpeg.rf.f9349c816bf58de32afe05b1d596ee9e.jpg,dataset-3,train
dataset-3_IMG_7314_jpeg.rf.31ff81edd95a8f8ab210c7a4ec62329b.jpg,dataset-3,train
dataset-3_IMG_7315_jpeg.rf.6a329eafa05830512e45f340fa115098.jpg,dataset-3,train
dataset-3_IMG_7316_jpeg.rf.058e18e4a8687a396da64e6972f781ae.jpg,dataset-3,train
dataset-3_IMG_7320_jpeg.rf.1e4ac8beec8e3b0e0efad4ef0de71a43.jpg,dataset-3,train
dataset-3_IMG_7321_jpeg.rf.462e8bc3eddfe4cfde6bfa8d6d02aefc.jpg,dataset-3,train
dataset-3_IMG_7322_jpeg.rf.576cd96e33d510165051bc1b595c2d16.jpg,dataset-3,train
dataset-3_IMG_7323_jpeg.rf.a5d66dc75a7273afd208d919f7c88869.jpg,dataset-3,train
dataset-3_IMG_7323_jpeg.rf.f57ec786b6c57c00f1aec0c2875fc278.jpg,dataset-3,train
dataset-3_IMG_7325_jpeg.rf.294f23f90b54f4c66c552ff60a1e7466.jpg,dataset-3,train
dataset-3_IMG_7327_jpeg.rf.0c35d210f9cb69790a6b5a67e6bdaa84.jpg,dataset-3,train
dataset-3_IMG_7328_jpeg.rf.9f57c24a056d84e972c428c7cbb03572.jpg,dataset-3,train
dataset-3_IMG_7329_jpeg.rf.05daf7d9eea08745d9b399929f3f03c9.jpg,dataset-3,train
dataset-3_IMG_7330_jpeg.rf.1adb1542fc7e54454f65afaec2696ac7.jpg,dataset-3,train
dataset-3_IMG_7331_jpeg.rf.661e5b2d128147a8afc4b102c27c72db.jpg,dataset-3,train
dataset-3_IMG_7332_jpeg.rf.0f4c673898b25c3dbb72f6e56f2eca08.jpg,dataset-3,train
dataset-3_IMG_7333_jpeg.rf.24e13aa1080e29fe707e15cff54ea0f0.jpg,dataset-3,train
dataset-3_IMG_7334_jpeg.rf.5e0a02fa1485d9f079e05594506e6324.jpg,dataset-3,train
dataset-3_IMG_7336_jpeg.rf.14f0341b89b185da2d80ab0a6228368d.jpg,dataset-3,train
dataset-3_IMG_7337_jpeg.rf.82dbe6387a87896b3966f891b2bb74f3.jpg,dataset-3,train
dataset-3_IMG_7338_jpeg.rf.728ccbd32d4a317987c5964d81130786.jpg,dataset-3,train
dataset-3_IMG_7339_jpeg.rf.3f1eafaa438a42ce16b1332dd995d7f6.jpg,dataset-3,train
dataset-3_WhatsApp-Image-2026-04-03-at-01-40-54-2-_jpeg.rf.6afb52174597b8f7ded406c04cad0967.jpg,dataset-3,train
dataset-3_WhatsApp-Image-2026-04-03-at-01-40-54-2-_jpeg.rf.cc9ed30c98fce3f36ab8d373200dc396.jpg,dataset-3,train
dataset-3_WhatsApp-Image-2026-04-03-at-01-40-54-3-_jpeg.rf.775040e648a36ff54c79d32b0e781710.jpg,dataset-3,train
dataset-3_WhatsApp-Image-2026-04-03-at-01-40-54_jpeg.rf.10db60644314306fc16c7d70403abed8.jpg,dataset-3,train
dataset-3_WhatsApp-Image-2026-04-03-at-01-40-55_jpeg.rf.4254f7f279d0ca3178a8be0b56d677a5.jpg,dataset-3,train
dataset-3_WhatsApp-Image-2026-04-03-at-01-41-13-1-_jpeg.rf.5a73434b4624dd3f6a6038e5e9ceae4d.jpg,dataset-3,train
dataset-3_WhatsApp-Image-2026-04-03-at-01-41-13_jpeg.rf.351b37d73c9c5f784d23c267cd2dd7ae.jpg,dataset-3,train
dataset-3_WhatsApp-Image-2026-04-03-at-01-41-14-2-_jpeg.rf.26a813096128a2a02f77dc7b3e7775d1.jpg,dataset-3,train
dataset-3_WhatsApp-Image-2026-04-03-at-01-41-14_jpeg.rf.d987e212dfb583fda449aed8bd1219c4.jpg,dataset-3,train
dataset-3_WhatsApp-Image-2026-04-03-at-01-41-15-3-_jpeg.rf.74d7292e0898e017cc9de6780b1f223d.jpg,dataset-3,train
dataset-3_WhatsApp-Image-2026-04-03-at-01-41-15-4-_jpeg.rf.16cdf50279d1a00885773e679e85ce44.jpg,dataset-3,train
dataset-3_WhatsApp-Image-2026-04-03-at-01-41-15-5-_jpeg.rf.18ef44deb7e4d6ec3d41879dfaeefae3.jpg,dataset-3,train
dataset-3_WhatsApp-Image-2026-04-03-at-01-41-15-6-_jpeg.rf.43d4856a806e970aa410639780730924.jpg,dataset-3,train
dataset-3_WhatsApp-Image-2026-04-03-at-01-41-15-7-_jpeg.rf.0de000945f32eccf76ee1ade9f4ffa14.jpg,dataset-3,train
dataset-3_WhatsApp-Image-2026-04-03-at-01-41-15_jpeg.rf.2b4d9de202dfcc270d0af38b2bcf6cf6.jpg,dataset-3,train
dataset-3_WhatsApp-Image-2026-04-03-at-01-41-16-10-_jpeg.rf.2cba35ed5e37d287f29d7ae550cdfbfa.jpg,dataset-3,train
dataset-3_WhatsApp-Image-2026-04-03-at-01-41-16-2-_jpeg.rf.432e198de71da79df1cd895a5d7e1a41.jpg,dataset-3,train
dataset-3_WhatsApp-Image-2026-04-03-at-01-41-16-4-_jpeg.rf.1ddf18417e6910998064e4f7bd828319.jpg,dataset-3,train
dataset-3_WhatsApp-Image-2026-04-03-at-01-41-16-9-_jpeg.rf.9e2d0f18d2475b35f782a728ca9879a2.jpg,dataset-3,train
dataset-3_WhatsApp-Image-2026-04-03-at-01-41-17-1-_jpeg.rf.42faba3b9cf22c972b8bca961915366b.jpg,dataset-3,train
dataset-3_WhatsApp-Image-2026-04-03-at-01-41-17-2-_jpeg.rf.019426acda112adbe68bddc5553f0d80.jpg,dataset-3,train
dataset-3_WhatsApp-Image-2026-04-03-at-01-41-17-3-_jpeg.rf.1d0f42e8f8078da6d0a4d5ca8c0d8861.jpg,dataset-3,train
dataset-3_WhatsApp-Image-2026-04-03-at-01-41-17-4-_jpeg.rf.05097f91f4f92dbb59cfc8df2cab9c02.jpg,dataset-3,train
dataset-3_WhatsApp-Image-2026-04-03-at-01-41-17-5-_jpeg.rf.200e16706fc52bc2d5c5b6f0cbd91278.jpg,dataset-3,train
dataset-3_WhatsApp-Image-2026-04-03-at-01-41-17-6-_jpeg.rf.028dd54d5b5979d5c2418707c57f6990.jpg,dataset-3,train
dataset-3_WhatsApp-Image-2026-04-03-at-01-41-17-7-_jpeg.rf.73323135d841cbc549764957c3197126.jpg,dataset-3,train
dataset-3_WhatsApp-Image-2026-04-03-at-01-41-17-9-_jpeg.rf.75f0006eddfc354f5aedfe33e7ec8482.jpg,dataset-3,train
dataset-3_WhatsApp-Image-2026-04-03-at-01-41-17_jpeg.rf.10c25d422d6d8074366c153f29abbe2b.jpg,dataset-3,train
dataset-3_WhatsApp-Image-2026-04-03-at-01-41-18-6-_jpeg.rf.0bd7745c1c3e87238367f5ff84c1bb6b.jpg,dataset-3,train
dataset-3_WhatsApp-Image-2026-04-03-at-01-41-18-7-_jpeg.rf.74ba1a1f0abff97489b5b227e28db48b.jpg,dataset-3,train
dataset-3_WhatsApp-Image-2026-04-03-at-01-41-18-8-_jpeg.rf.29007bf8614a88c38b4de75147e74914.jpg,dataset-3,train
dataset-3_WhatsApp-Image-2026-04-03-at-01-41-18_jpeg.rf.32be04d5698deec539f2bab8c3a4b0d5.jpg,dataset-3,train
dataset-3_WhatsApp-Image-2026-04-03-at-01-41-19_jpeg.rf.7fc9581b6ad4dac79cd2f02f030f5dd3.jpg,dataset-3,train
dataset-3_WhatsApp-Image-2026-04-03-at-01-50-10-1-_jpeg.rf.29c441aee32287a694335f2c1e747e48.jpg,dataset-3,train
dataset-3_WhatsApp-Image-2026-04-03-at-01-50-10_jpeg.rf.6a3655ebc4d0662b33c10ad0b1e9f329.jpg,dataset-3,train
dataset-3_WhatsApp-Image-2026-04-03-at-01-50-11-1-_jpeg.rf.05757988b38ea676604c738289f10fca.jpg,dataset-3,train
dataset-3_WhatsApp-Image-2026-04-03-at-01-50-11-3-_jpeg.rf.08535b303acd3ad5403450b9be8ea9fb.jpg,dataset-3,train
dataset-3_WhatsApp-Image-2026-04-03-at-01-50-11-4-_jpeg.rf.0f6e97bf20bc5a8b77e4b9fa9aee87ee.jpg,dataset-3,train
dataset-3_WhatsApp-Image-2026-04-03-at-01-50-11-5-_jpeg.rf.14703fcb8aa8aab7d3d450864dac45b2.jpg,dataset-3,train
dataset-3_WhatsApp-Image-2026-04-03-at-01-50-11_jpeg.rf.56d7a401ecb65d429d4fd8dd08041b7f.jpg,dataset-3,train
dataset-3_WhatsApp-Image-2026-04-03-at-01-50-12-1-_jpeg.rf.5372e4c7bda35e8f09c95504547cba22.jpg,dataset-3,train
dataset-3_WhatsApp-Image-2026-04-03-at-01-50-12-5-_jpeg.rf.2833a72156e8ec5a1068d7e8b896215f.jpg,dataset-3,train
dataset-3_WhatsApp-Image-2026-04-03-at-01-50-12-6-_jpeg.rf.70402529024d85e7a3b014803e26c5f5.jpg,dataset-3,train
dataset-3_WhatsApp-Image-2026-04-03-at-01-50-12-7-_jpeg.rf.0ffc5b3f96356151aa87aa63edc666f6.jpg,dataset-3,train
dataset-3_WhatsApp-Image-2026-04-03-at-01-50-12-8-_jpeg.rf.33b27fe1bb83f850a60d20b02d6167ab.jpg,dataset-3,train
dataset-3_WhatsApp-Image-2026-04-03-at-01-50-12_jpeg.rf.31528ae6c29d9ed9839717ec6ba8eb5f.jpg,dataset-3,train
dataset-3_WhatsApp-Image-2026-04-03-at-01-50-13-1-_jpeg.rf.c1a700628c8872938fb3d489900e868e.jpg,dataset-3,train
dataset-3_WhatsApp-Image-2026-04-03-at-01-50-13-2-_jpeg.rf.2c6b3af5e5c49bcbafa904a5849f2824.jpg,dataset-3,train
dataset-3_WhatsApp-Image-2026-04-03-at-01-50-13_jpeg.rf.2f949d354fc7ddb085a72b3703e5a35d.jpg,dataset-3,train
dataset-3_WhatsApp-Image-2026-04-03-at-02-00-00_jpeg.rf.4c85f4d0ae0a6189ee4e4a1f78e8693f.jpg,dataset-3,train
dataset-3_WhatsApp-Image-2026-04-03-at-02-00-45_jpeg.rf.4e2ec50b7ee406166dd0f783f5619470.jpg,dataset-3,train
dataset-3_WhatsApp-Image-2026-04-03-at-02-02-56_jpeg.rf.13b3b62f24892d952b54432a4d9c4d72.jpg,dataset-3,train
dataset-3_WhatsApp-Image-2026-04-03-at-02-03-13_jpeg.rf.0d4e87d108293402406a07ba7987dad7.jpg,dataset-3,train
dataset-3_WhatsApp-Image-2026-04-03-at-02-03-33_jpeg.rf.19c89d3126717b3df99a59663443473e.jpg,dataset-3,train
dataset-3_WhatsApp-Image-2026-04-03-at-02-04-25_jpeg.rf.1a152795e908733868a71027eb90d2b7.jpg,dataset-3,train
dataset-3_WhatsApp-Image-2026-04-03-at-02-04-48_jpeg.rf.08b093c2a31f09a6989a48d471018da4.jpg,dataset-3,train
dataset-3_WhatsApp-Image-2026-04-03-at-02-05-26_jpeg.rf.4d9a023d71f0233664d83e6124bb483b.jpg,dataset-3,train
dataset-3_WhatsApp-Image-2026-04-03-at-02-05-59_jpeg.rf.2bdf448505772c9e996bcca3f09582eb.jpg,dataset-3,train
dataset-3_WhatsApp-Image-2026-04-03-at-02-06-15_jpeg.rf.22eb8226353ff2ff877d06804e7a3745.jpg,dataset-3,train
dataset-3_WhatsApp-Image-2026-04-03-at-02-07-19_jpeg.rf.c36992f95c3c8e3b3518bdae175c5996.jpg,dataset-3,train
dataset-3_WhatsApp-Image-2026-04-03-at-02-07-30_jpeg.rf.4dd497ab5956243eaa6ea52f9457413c.jpg,dataset-3,train
dataset-3_WhatsApp-Image-2026-04-03-at-02-07-39_jpeg.rf.08fdd159e4d9185c886331d491ac2a54.jpg,dataset-3,train
dataset-3_WhatsApp-Image-2026-04-03-at-02-09-18_jpeg.rf.4fc2786100ef3005b47cf60741027cf4.jpg,dataset-3,train
dataset-3_WhatsApp-Image-2026-04-03-at-02-09-25_jpeg.rf.463ff37ac11f14e02b73bed0f315e91f.jpg,dataset-3,train
dataset-3_WhatsApp-Image-2026-04-03-at-02-09-31_jpeg.rf.362cee552a8126920eed07388313726a.jpg,dataset-3,train
dataset-3_WhatsApp-Image-2026-04-03-at-02-09-56_jpeg.rf.492de2928d4815cfa59e28847d8f9bec.jpg,dataset-3,train
dataset-3_WhatsApp-Image-2026-04-03-at-02-10-02_jpeg.rf.1373666b1e0865de8a5d6ed7f1257e2f.jpg,dataset-3,train
dataset-3_WhatsApp-Image-2026-04-03-at-02-10-08_jpeg.rf.19b187fdab1af3b691dbe89e42491599.jpg,dataset-3,train
dataset-3_WhatsApp-Image-2026-04-03-at-02-10-24_jpeg.rf.3bff62557b18f484833530b089ddeca1.jpg,dataset-3,train
dataset-3_WhatsApp-Image-2026-04-03-at-02-10-48_jpeg.rf.ca7a4c7b9c0e6ea2da817df53b21585b.jpg,dataset-3,train
dataset-3_WhatsApp-Image-2026-04-03-at-02-10-59_jpeg.rf.4ad6c935fc3f2d2512369af0532b43ed.jpg,dataset-3,train
dataset-3_WhatsApp-Image-2026-04-03-at-02-11-05_jpeg.rf.2d80c5f86be116aa19aa4bfad558b385.jpg,dataset-3,train
dataset-3_WhatsApp-Image-2026-04-15-at-20-36-55-2-_jpeg.rf.0cb7ba2d200d74272cde44553e7c3016.jpg,dataset-3,train
dataset-3_WhatsApp-Image-2026-04-15-at-20-36-56-1-_jpeg.rf.2555409c4ae3d6f6062dd21aec207802.jpg,dataset-3,train
dataset-3_WhatsApp-Image-2026-04-15-at-20-36-56-3-_jpeg.rf.0187a72f671bec1cee6c1386c63f6073.jpg,dataset-3,train
dataset-3_WhatsApp-Image-2026-04-15-at-20-36-56-4-_jpeg.rf.0e3d3e1e95b46e12497e281b3279f72b.jpg,dataset-3,train
dataset-3_WhatsApp-Image-2026-04-15-at-20-36-57_jpeg.rf.1ad580c6925ada0719bc3b255b90e1c5.jpg,dataset-3,train
dataset-3_WhatsApp-Image-2026-04-15-at-20-36-58_jpeg.rf.4fe77d6d573d68f9940e1249167e11ff.jpg,dataset-3,train
dataset-3_WhatsApp-Image-2026-04-15-at-20-37-00-1-_jpeg.rf.71ea0f312ee6c0db07a76072694cfbb6.jpg,dataset-3,train
dataset-3_WhatsApp-Image-2026-04-15-at-20-37-01-1-_jpeg.rf.523c49842b58cbb3ae8db28cef4a7eb0.jpg,dataset-3,train
dataset-3_WhatsApp-Image-2026-04-15-at-20-37-02-1-_jpeg.rf.3ed089b1cd973fe6c962ae81ade05edc.jpg,dataset-3,train
dataset-3_WhatsApp-Image-2026-04-15-at-20-37-02-2-_jpeg.rf.4a7a7a62e6db1d17dfaf4caf4bae95b9.jpg,dataset-3,train
dataset-3_WhatsApp-Image-2026-04-15-at-20-37-03_jpeg.rf.019eb18a980f6d2959c39bcf01d06259.jpg,dataset-3,train
dataset-3_WhatsApp-Image-2026-04-15-at-20-37-04-1-_jpeg.rf.2ffbc33298746497809c9acb6a5f1aa6.jpg,dataset-3,train
dataset-3_WhatsApp-Image-2026-04-15-at-20-37-04_jpeg.rf.100ec2dbcf94881c18750c2377933b5b.jpg,dataset-3,train
dataset-3_WhatsApp-Image-2026-04-15-at-20-37-09-1-_jpeg.rf.2c168050543fb0bb3a6b43e3b0fc7041.jpg,dataset-3,train
dataset-3_WhatsApp-Image-2026-04-15-at-20-37-09_jpeg.rf.2ed672b7ca4429ba42a6786bc9f4c3f9.jpg,dataset-3,train
dataset-3_WhatsApp-Image-2026-04-15-at-20-37-10-1-_jpeg.rf.61053770d437b4df0b5845ebc1244fe7.jpg,dataset-3,train
dataset-3_WhatsApp-Image-2026-04-15-at-20-37-10-2-_jpeg.rf.6f0e57b369ff6d30e6fc25d39ac733c2.jpg,dataset-3,train
dataset-3_WhatsApp-Image-2026-04-15-at-20-37-10-5-_jpeg.rf.176ed6ba3b93b969e3124ea3a288bf09.jpg,dataset-3,train
dataset-3_WhatsApp-Image-2026-04-15-at-20-37-10-6-_jpeg.rf.223f2b50c69ee6401a80e82e0c3f56b5.jpg,dataset-3,train
dataset-3_WhatsApp-Image-2026-04-15-at-20-37-10_jpeg.rf.99b0286bb4a14a02fc01024398236ce8.jpg,dataset-3,train
dataset-3_WhatsApp-Image-2026-04-15-at-20-37-11-1-_jpeg.rf.02fa5f1c5cc1ba409894aae07c32a6ea.jpg,dataset-3,train
dataset-3_WhatsApp-Image-2026-04-15-at-20-37-11-2-_jpeg.rf.93336c928d42137110af5ce5c5276fbc.jpg,dataset-3,train
dataset-3_WhatsApp-Image-2026-04-15-at-20-37-11-3-_jpeg.rf.04e4208e975ad027bb3f0b402da13d6a.jpg,dataset-3,train
dataset-3_WhatsApp-Image-2026-04-15-at-20-37-11-4-_jpeg.rf.18468e2adaa53cf9fe763f9a4c317dd3.jpg,dataset-3,train
dataset-3_WhatsApp-Image-2026-04-15-at-20-37-11-5-_jpeg.rf.01ed781043292dad44a46eab36744d1d.jpg,dataset-3,train
dataset-3_WhatsApp-Image-2026-04-15-at-20-37-12-1-_jpeg.rf.16241be1948fd7b06813225235514aa4.jpg,dataset-3,train
dataset-3_WhatsApp-Image-2026-04-15-at-20-37-12-2-_jpeg.rf.9cb9b952d5bc550110f30722993c6faf.jpg,dataset-3,train
dataset-3_WhatsApp-Image-2026-04-15-at-20-37-12_jpeg.rf.565000a29765206637e6c004b61c9052.jpg,dataset-3,train
dataset-3_IMG_0294_jpeg.rf.57d2eef6db21a152b16c002d0ede76b7.jpg,dataset-3,valid
dataset-3_IMG_1698-2_jpeg.rf.09388c9d9e2c091788eae9851c1efd31.jpg,dataset-3,valid
dataset-3_IMG_2498-2_jpeg.rf.e85d1a856f437521f9bb32392b4048d9.jpg,dataset-3,valid
dataset-3_IMG_6608-2_jpeg.rf.d2927ebe60a40a5afad8fe95a03d619a.jpg,dataset-3,valid
dataset-3_IMG_6620-2_jpeg.rf.05c58e2f19993a58c5cbe19a9cd12919.jpg,dataset-3,valid
dataset-3_IMG_6633-3_jpeg.rf.61b591008a661a17c319401d21ad3c17.jpg,dataset-3,valid
dataset-3_IMG_6635-2_jpeg.rf.14ee4b56180fdff52bc5b544b73d73db.jpg,dataset-3,valid
dataset-3_IMG_6640-2_jpeg.rf.64a681131291d922f5913ae98b562596.jpg,dataset-3,valid
dataset-3_IMG_6647-2_jpeg.rf.8fd2d1fceaee3eabf75e108cdd925e7f.jpg,dataset-3,valid
dataset-3_IMG_6656-2_jpeg.rf.3d79e484158a7400c802b7b89ede7519.jpg,dataset-3,valid
dataset-3_IMG_6658-2_jpeg.rf.c053711237bc998914e26845a404126d.jpg,dataset-3,valid
dataset-3_IMG_6775-2_jpeg.rf.70631386ab28cec4201e3bc9a536bad1.jpg,dataset-3,valid
dataset-3_IMG_6781-2_jpeg.rf.c24e6f35021439df7db0a2cefa54fd11.jpg,dataset-3,valid
dataset-3_IMG_6782-2_jpeg.rf.899e765c70e64b0857cf56458906ccd0.jpg,dataset-3,valid
dataset-3_IMG_6787-2_jpeg.rf.cd19b551a2950339801190ede0366b12.jpg,dataset-3,valid
dataset-3_IMG_6798-2_jpeg.rf.5d59d98693cc6d55c3cd28299b7e4ef9.jpg,dataset-3,valid
dataset-3_IMG_6832-4_jpeg.rf.1c30527fc3f6d92e293e68a38ab1c54b.jpg,dataset-3,valid
dataset-3_IMG_6832-6_jpeg.rf.de1c24b303b2e5c9a35349c895d60e99.jpg,dataset-3,valid
dataset-3_IMG_6834-2_jpeg.rf.a0171f012d0cf0b6487db9f1cde7e2ac.jpg,dataset-3,valid
dataset-3_IMG_6859-2_jpeg.rf.ec7218b9430f4116fd187dc559d4f862.jpg,dataset-3,valid
dataset-3_IMG_6860-2_jpeg.rf.6a6152cfd319f43928797e2ecdd40414.jpg,dataset-3,valid
dataset-3_IMG_6885-3_jpeg.rf.fa7d0d6de048c5b3cd99f8efc55a5cd9.jpg,dataset-3,valid
dataset-3_IMG_6887-2_jpeg.rf.1fba7dc3f868225ab00f814de0d31120.jpg,dataset-3,valid
dataset-3_IMG_6894-2_jpeg.rf.e13d0369a5726360e9a8fa93a1848793.jpg,dataset-3,valid
dataset-3_IMG_6949-2_jpeg.rf.bdc1415f0733f607c66017ad0fb83dd5.jpg,dataset-3,valid
dataset-3_IMG_6951-2_jpeg.rf.32b112043c344b3ba6f242721fb56c7c.jpg,dataset-3,valid
dataset-3_IMG_6978-2_jpeg.rf.69630a7a5ae2caf0660f66568a0d432f.jpg,dataset-3,valid
dataset-3_IMG_6987-2_jpeg.rf.a95dff192fe80f6bb28def5ceb721873.jpg,dataset-3,valid
dataset-3_IMG_6991-2_jpeg.rf.dc66b66103cc06c72baaa79ff19b6737.jpg,dataset-3,valid
dataset-3_IMG_6994-2_jpeg.rf.02636c94eb4f6d8077a38050d4663c18.jpg,dataset-3,valid
dataset-3_IMG_7002-2_jpeg.rf.cebf86a81aef67dc219366b075463fe1.jpg,dataset-3,valid
dataset-3_IMG_7010-3_jpeg.rf.00cd36150eb486a54f9823e3e001d885.jpg,dataset-3,valid
dataset-3_IMG_7021-2_jpeg.rf.b11b66872bbeaf0536ed180d3383e0ee.jpg,dataset-3,valid
dataset-3_IMG_7025-2_jpeg.rf.3f38fd0b523c2d0e4d8d4570dd3b34a3.jpg,dataset-3,valid
dataset-3_IMG_7026-2_jpeg.rf.6b410c58f08b99fbf2b95d1cb5454176.jpg,dataset-3,valid
dataset-3_IMG_7047-2_jpeg.rf.fb58404bbd8199c64b2ba49b3143d7a2.jpg,dataset-3,valid
dataset-3_IMG_7048-2_jpeg.rf.b2451949cca571d7e58476ea64b2404a.jpg,dataset-3,valid
dataset-3_IMG_7053-2_jpeg.rf.c1cce58d9f532cb0202b92e2352b4a25.jpg,dataset-3,valid
dataset-3_IMG_7054_jpeg.rf.498ec7e73cd33dfae76470b3353bf53d.jpg,dataset-3,valid
dataset-3_IMG_7056_jpeg.rf.76708f8a89b693730016ef4088b652ad.jpg,dataset-3,valid
dataset-3_IMG_7057_jpeg.rf.dc0cc2bd3d47068d09d593fe0973fd95.jpg,dataset-3,valid
dataset-3_IMG_7058_jpeg.rf.73dc6570f21024964c0f6016bfc35f1b.jpg,dataset-3,valid
dataset-3_IMG_7059_jpeg.rf.9a1ae172c9189ee5857237ad2cbe2b0d.jpg,dataset-3,valid
dataset-3_IMG_7060_jpeg.rf.28d4187e407c0f93609bdd74629ab052.jpg,dataset-3,valid
dataset-3_IMG_7062_jpeg.rf.f290687a6ef83b3dd9ac1240cff94f2d.jpg,dataset-3,valid
dataset-3_IMG_7063_jpeg.rf.4fcac9a89ea9a62c7ec91402d8ed418b.jpg,dataset-3,valid
dataset-3_IMG_7065_jpeg.rf.e1e4e37e6edde4110a9c3e2907414022.jpg,dataset-3,valid
dataset-3_IMG_7090_jpeg.rf.3980728138886da56cfb1eaae75807fa.jpg,dataset-3,valid
dataset-3_IMG_7091_jpeg.rf.b7250751f008b788186c67e5a2e0249e.jpg,dataset-3,valid
dataset-3_IMG_7093_jpeg.rf.0d99695746d2d9baed05a1dde1a5f994.jpg,dataset-3,valid
dataset-3_IMG_7095_jpeg.rf.578eeb636e160605b94668e473e4949f.jpg,dataset-3,valid
dataset-3_IMG_7098_jpeg.rf.a7a1556c752787a1c9824cea81348330.jpg,dataset-3,valid
dataset-3_IMG_7114_jpeg.rf.5f07f47abcd7d14af2ef3a8ec514a69a.jpg,dataset-3,valid
dataset-3_IMG_7131_jpeg.rf.7a12b94b4379af5b5901bd27e5dd627a.jpg,dataset-3,valid
dataset-3_IMG_7140_jpeg.rf.b515ef41b6a5f0274daea7e70318029e.jpg,dataset-3,valid
dataset-3_IMG_7141_jpeg.rf.4f3751515d0367842c74afc3d1579c31.jpg,dataset-3,valid
dataset-3_IMG_7143_jpeg.rf.a69b7b0df07563b5ed7200bc66412a11.jpg,dataset-3,valid
dataset-3_IMG_7156_jpeg.rf.3be2db9c6da58522e2e28ac4e88022ad.jpg,dataset-3,valid
dataset-3_IMG_7159_jpeg.rf.1faf4841394f7ab326bbca2c86a1c71b.jpg,dataset-3,valid
dataset-3_IMG_7165_jpeg.rf.7bae1a266f88c44733247cfd8cb444ab.jpg,dataset-3,valid
dataset-3_IMG_7166_jpeg.rf.1a32f3e858de2daf39ecb2775de5441b.jpg,dataset-3,valid
dataset-3_IMG_7174_jpeg.rf.8efe538a72543c85f502885912ceda2f.jpg,dataset-3,valid
dataset-3_IMG_7177_jpeg.rf.6d36b22ff712db73e414c50cb5887657.jpg,dataset-3,valid
dataset-3_IMG_7181_jpeg.rf.28e68388fe570961603acb76471a3f5a.jpg,dataset-3,valid
dataset-3_IMG_7188_jpeg.rf.54c4a296870a434e2073c3adc0b66453.jpg,dataset-3,valid
dataset-3_IMG_7223_jpeg.rf.c18740849bd5122daa42f0afceb6c329.jpg,dataset-3,valid
dataset-3_IMG_7230_jpeg.rf.385044764272289ce33e02005d9eff69.jpg,dataset-3,valid
dataset-3_IMG_7233_jpeg.rf.2bdd1e5d9cbf1ba8b9b863d1dbe780e6.jpg,dataset-3,valid
dataset-3_IMG_7234_jpeg.rf.a692b11d5fef7a0059f2643ddf7af4de.jpg,dataset-3,valid
dataset-3_IMG_7247_jpeg.rf.bf32ef53298d3546e833d3133db88117.jpg,dataset-3,valid
dataset-3_IMG_7260_jpeg.rf.748d576ac47f6a6c442c78a188bcb4d3.jpg,dataset-3,valid
dataset-3_IMG_7261_jpeg.rf.759939a80bfb65fa49d8f0562592876d.jpg,dataset-3,valid
dataset-3_IMG_7270_jpeg.rf.c921e82ddf98ff1f11f4e12e47b91b08.jpg,dataset-3,valid
dataset-3_IMG_7271_jpeg.rf.5268fa15a784f1f4319a4923bad60be8.jpg,dataset-3,valid
dataset-3_IMG_7275_jpeg.rf.9a4531ee4b4f62ff6269b0a8f459679f.jpg,dataset-3,valid
dataset-3_IMG_7289_jpeg.rf.0802f37cf3433c334ebdd17dab278c28.jpg,dataset-3,valid
dataset-3_IMG_7292_jpeg.rf.c5aaffd6446fb55c8e7db44e836277f0.jpg,dataset-3,valid
dataset-3_IMG_7295_jpeg.rf.a7d55cdbabaa43f6cd33d336adfe23aa.jpg,dataset-3,valid
dataset-3_IMG_7317_jpeg.rf.5c0d7591a1e0ecfc4d6125d444e612e8.jpg,dataset-3,valid
dataset-3_IMG_7318_jpeg.rf.6fc610792d763b54c6858c04518ce786.jpg,dataset-3,valid
dataset-3_IMG_7319_jpeg.rf.bff1d8a73f555c24326b6af21a253a57.jpg,dataset-3,valid
dataset-3_IMG_7324_jpeg.rf.ce592348d4e32537a2ab71f721074a7d.jpg,dataset-3,valid
dataset-3_IMG_7326_jpeg.rf.8b0a5799a557e7a35bd647ff40cbc326.jpg,dataset-3,valid
dataset-3_IMG_7335_jpeg.rf.e5280cf6c5e1c1344b07a80d6b145bd2.jpg,dataset-3,valid
dataset-3_WhatsApp-Image-2026-04-03-at-01-40-54-1-_jpeg.rf.3eac4d41263492d2822e3804cb691039.jpg,dataset-3,valid
dataset-3_WhatsApp-Image-2026-04-03-at-01-41-14-1-_jpeg.rf.c470a84994e2f5e9e70d13f5d69c956f.jpg,dataset-3,valid
dataset-3_WhatsApp-Image-2026-04-03-at-01-41-15-8-_jpeg.rf.c703c7d4c3a02be8d93a90d514c49bf6.jpg,dataset-3,valid
dataset-3_WhatsApp-Image-2026-04-03-at-01-41-16-3-_jpeg.rf.45acb6fb3a0fb49d7c7ad28b0ca19969.jpg,dataset-3,valid
dataset-3_WhatsApp-Image-2026-04-03-at-01-41-18-3-_jpeg.rf.6b26e88318b71a5df2cb53a3fde9f640.jpg,dataset-3,valid
dataset-3_WhatsApp-Image-2026-04-03-at-01-41-45_jpeg.rf.13d811e073c9a6a1874b8f645f43f083.jpg,dataset-3,valid
dataset-3_WhatsApp-Image-2026-04-03-at-01-50-11-2-_jpeg.rf.3ce13c5a483092819f4ce2d033165c91.jpg,dataset-3,valid
dataset-3_WhatsApp-Image-2026-04-03-at-01-50-12-2-_jpeg.rf.9fffb72b4ee5ab22a84c435c8672c54c.jpg,dataset-3,valid
dataset-3_WhatsApp-Image-2026-04-03-at-01-50-12-3-_jpeg.rf.d11bedc3548803d0952a838a2643aa13.jpg,dataset-3,valid
dataset-3_WhatsApp-Image-2026-04-03-at-01-50-12-4-_jpeg.rf.fa0017982412abfcf14c3bd194b04ff0.jpg,dataset-3,valid
dataset-3_WhatsApp-Image-2026-04-03-at-02-00-08_jpeg.rf.7461d622d0d5fa363577bd19b30b5a43.jpg,dataset-3,valid
dataset-3_WhatsApp-Image-2026-04-03-at-02-00-30_jpeg.rf.6f8239ff37cecfde9416cb6772b74308.jpg,dataset-3,valid
dataset-3_WhatsApp-Image-2026-04-03-at-02-04-43_jpeg.rf.a2aec67d9e94dfff5638aeb77e3eba95.jpg,dataset-3,valid
dataset-3_WhatsApp-Image-2026-04-03-at-02-05-39_jpeg.rf.158fc6b1798c673d17c34c1d57fe120c.jpg,dataset-3,valid
dataset-3_WhatsApp-Image-2026-04-03-at-02-09-41_jpeg.rf.96e38ef53685bd8756b859e7a2ee0f02.jpg,dataset-3,valid
dataset-3_WhatsApp-Image-2026-04-15-at-20-36-55-1-_jpeg.rf.f2dc300eff065e2de1e262dd48123ccd.jpg,dataset-3,valid
dataset-3_WhatsApp-Image-2026-04-15-at-20-36-56_jpeg.rf.f91218dca99f51f5fa05fb54749d710a.jpg,dataset-3,valid
dataset-3_WhatsApp-Image-2026-04-15-at-20-36-58-1-_jpeg.rf.ebcae418aaa1ffd0d7925441b31dbe29.jpg,dataset-3,valid
dataset-3_WhatsApp-Image-2026-04-15-at-20-36-59-1-_jpeg.rf.0b6b1b3a031fa2a834fc66a07d01f354.jpg,dataset-3,valid
dataset-3_WhatsApp-Image-2026-04-15-at-20-37-00-2-_jpeg.rf.760608ec3d263b6c1119b97feae66573.jpg,dataset-3,valid
dataset-3_WhatsApp-Image-2026-04-15-at-20-37-01_jpeg.rf.24b0040e65c1693855acee933f561d5b.jpg,dataset-3,valid
dataset-3_WhatsApp-Image-2026-04-15-at-20-37-02_jpeg.rf.5d05e6c48e1bd1f9f2dcd3717c842839.jpg,dataset-3,valid
dataset-3_WhatsApp-Image-2026-04-15-at-20-37-10-4-_jpeg.rf.bae25bc1d6ab5ddd51769c52d82f894a.jpg,dataset-3,valid
dataset-3_IMG_2739-2_jpeg.rf.6d2ea0ac259734c61316e7ee09399801.jpg,dataset-3,test
dataset-3_IMG_5364-2_jpeg.rf.c4344033e7193e9c8dc33454dd636cc7.jpg,dataset-3,test
dataset-3_IMG_6621-3_jpeg.rf.7ee41bee900052e2f5c4becd83724670.jpg,dataset-3,test
dataset-3_IMG_6645-2_jpeg.rf.4c6fdee539f4cc794db794e381eed15d.jpg,dataset-3,test
dataset-3_IMG_6657-2_jpeg.rf.4e375dffc4395c82856dcdeea3a4974c.jpg,dataset-3,test
dataset-3_IMG_6771-2_jpeg.rf.b1117794ad0a2f5358862d588ae4cb84.jpg,dataset-3,test
dataset-3_IMG_6774-2_jpeg.rf.6b818d0796b3648c611ecb9554bfc305.jpg,dataset-3,test
dataset-3_IMG_6776-2_jpeg.rf.83a7f63dabc1d5175cfc49c9e9323ec5.jpg,dataset-3,test
dataset-3_IMG_6780-2_jpeg.rf.49388ffcd07e577bc8e6f97eefcb0aae.jpg,dataset-3,test
dataset-3_IMG_6783-2_jpeg.rf.04683eb6b05da6dd211c4fde9cc9ffd8.jpg,dataset-3,test
dataset-3_IMG_6790-2_jpeg.rf.b031c5d9849f59d8ee105343bf169ba7.jpg,dataset-3,test
dataset-3_IMG_6791-2_jpeg.rf.df5ba6074f81b5f9e99b7d870ca33015.jpg,dataset-3,test
dataset-3_IMG_6792-2_jpeg.rf.786c2c36d38cfb99ede16284bd11adaf.jpg,dataset-3,test
dataset-3_IMG_6797-2_jpeg.rf.f6e1fd6cd127b47dcede5313fdbc212c.jpg,dataset-3,test
dataset-3_IMG_6799-2_jpeg.rf.a99518813ebf47e4580b1a72f87cade7.jpg,dataset-3,test
dataset-3_IMG_6833-6_jpeg.rf.8a3dff8e028034795667e10cbbba9061.jpg,dataset-3,test
dataset-3_IMG_6835-2_jpeg.rf.c6a23673c3a007b3f6d811f754e325cb.jpg,dataset-3,test
dataset-3_IMG_6840-3_jpeg.rf.5fe40d7fcfbb89c18fcfe556a40b7890.jpg,dataset-3,test
dataset-3_IMG_6888-2_jpeg.rf.c01f810abbf58e56be4f943c3d46ed31.jpg,dataset-3,test
dataset-3_IMG_6983-2_jpeg.rf.acfbc8c0d489d9b8859361061fe14449.jpg,dataset-3,test
dataset-3_IMG_6985-2_jpeg.rf.3847e0768e7a08e58718ec885eb74eea.jpg,dataset-3,test
dataset-3_IMG_7022-2_jpeg.rf.e5286ab5873b0a02f6a54434f152feb8.jpg,dataset-3,test
dataset-3_IMG_7028-2_jpeg.rf.f4f4796e3f9e49bc31a2ef13cb1aabad.jpg,dataset-3,test
dataset-3_IMG_7030-2_jpeg.rf.ab12e6ac83f86aca29b10171c081ed4c.jpg,dataset-3,test
dataset-3_IMG_7031-2_jpeg.rf.65104382a6244d2c4f653db7cdfe2ffe.jpg,dataset-3,test
dataset-3_IMG_7041-2_jpeg.rf.91e9b5a441c2a0d5fa0ce9dc401d1ee0.jpg,dataset-3,test
dataset-3_IMG_7045-2_jpeg.rf.da9824a7eb1b45db3d539f8ba248d7f9.jpg,dataset-3,test
dataset-3_IMG_7052-2_jpeg.rf.8d7f1846fbc4094e72a507ea1b62bce9.jpg,dataset-3,test
dataset-3_IMG_7066_jpeg.rf.36f3d123ffdd73bb3e2a7abcd0929fa8.jpg,dataset-3,test
dataset-3_IMG_7069_jpeg.rf.393b78314c8c311a24d15bad276133d4.jpg,dataset-3,test
dataset-3_IMG_7070_jpeg.rf.33fbd8a245a9d2ebc279a740fa947e15.jpg,dataset-3,test
dataset-3_IMG_7094_jpeg.rf.18842abcd38ab79ea9474bb8334122d6.jpg,dataset-3,test
dataset-3_IMG_7123_jpeg.rf.4f8e30787bf9118bb5893bafa8e6d9c8.jpg,dataset-3,test
dataset-3_IMG_7136_jpeg.rf.c961e975681ca077df47d79065d17c4b.jpg,dataset-3,test
dataset-3_IMG_7155_jpeg.rf.7b9e6751251c543ded9a39de82fdfdf9.jpg,dataset-3,test
dataset-3_IMG_7215_jpeg.rf.8ceb33a6ac75aac9f3b01acb3f8ad22c.jpg,dataset-3,test
dataset-3_IMG_7283_jpeg.rf.609bb713da86d181ef01e88c13f76f0a.jpg,dataset-3,test
dataset-3_WhatsApp-Image-2026-04-03-at-01-41-17-8-_jpeg.rf.58a446a1753bb2459cdd57d2cf12489a.jpg,dataset-3,test
dataset-3_WhatsApp-Image-2026-04-03-at-01-41-18-5-_jpeg.rf.2c7fc93293649e954a31a99a3cc6ea1c.jpg,dataset-3,test
dataset-3_WhatsApp-Image-2026-04-03-at-01-41-32_jpeg.rf.8ea68f3ef9572a806bff4fed12bd5a5e.jpg,dataset-3,test
dataset-3_WhatsApp-Image-2026-04-03-at-01-41-58_jpeg.rf.dc38369407e41083a1ff195af23f351a.jpg,dataset-3,test
dataset-3_WhatsApp-Image-2026-04-03-at-01-42-32_jpeg.rf.0debac64f225ef10c2d55c27ff55ea37.jpg,dataset-3,test
dataset-3_WhatsApp-Image-2026-04-03-at-02-04-18_jpeg.rf.7b988e6aec119bf0939254e574340dc0.jpg,dataset-3,test
dataset-3_WhatsApp-Image-2026-04-03-at-02-04-31_jpeg.rf.bbc2cdd51a251cce51a57536c797ff61.jpg,dataset-3,test
dataset-3_WhatsApp-Image-2026-04-03-at-02-09-49_jpeg.rf.07900b2c2c38a7a0a1cc7c11844c76ab.jpg,dataset-3,test
dataset-3_WhatsApp-Image-2026-04-03-at-02-10-18_jpeg.rf.b352853849113d2629c1cfad817e1033.jpg,dataset-3,test
dataset-3_WhatsApp-Image-2026-04-15-at-20-36-56-2-_jpeg.rf.33e58d66fe0b120f6241a35270c6f6e4.jpg,dataset-3,test
dataset-3_WhatsApp-Image-2026-04-15-at-20-36-57-1-_jpeg.rf.acc00abdaad310e0b838d91f3b5b7ca0.jpg,dataset-3,test
dataset-3_WhatsApp-Image-2026-04-15-at-20-36-59_jpeg.rf.8dc6a7960f92e83e819ded7a488357a9.jpg,dataset-3,test
dataset-3_WhatsApp-Image-2026-04-15-at-20-37-10-3-_jpeg.rf.1c86ab68a30fbbfcebb1717125fea690.jpg,dataset-3,test
dataset-4_-106_jpg.rf.cdb884a61cfec5c7e940e732305c0651.jpg,dataset-4,train
dataset-4_-109_jpg.rf.d9451e6c6e3b6a8e69397170fb9b12e2.jpg,dataset-4,train
dataset-4_-10_jpg.rf.53c761faf91d00b0254704f98b42c1a7.jpg,dataset-4,train
dataset-4_-118_jpg.rf.745b4ec7535ed0003d7e83cf708b8115.jpg,dataset-4,train
dataset-4_-11_jpg.rf.3b4a6f7d3a56e6e70b147147cf862917.jpg,dataset-4,train
dataset-4_-127_jpg.rf.6d5db50ec1835af504390367000d15e0.jpg,dataset-4,train
dataset-4_-133_jpg.rf.c33d2bbf5bde44ce261697183e6a1a6d.jpg,dataset-4,train
dataset-4_-134_jpg.rf.faf207601f0a0ef583fa554ac1e6e7e8.jpg,dataset-4,train
dataset-4_-137_jpg.rf.0cef2d070d1c6e3ba1550b5ef0693aa3.jpg,dataset-4,train
dataset-4_-138_jpg.rf.16f74532d2ac1330417913865c8b568c.jpg,dataset-4,train
dataset-4_-140_jpg.rf.7498032ec10f1636306bf87dfd35ef24.jpg,dataset-4,train
dataset-4_-141_jpg.rf.07e734fce19ecca401ff48d9cb728f7b.jpg,dataset-4,train
dataset-4_-142_jpg.rf.322bc49c1cfa4c541427994762e140d9.jpg,dataset-4,train
dataset-4_-144_jpg.rf.a30bb3e8dbdea3d2a085e360663c85ca.jpg,dataset-4,train
dataset-4_-145_jpg.rf.f8debf921c2d2e11ec62577907fc207f.jpg,dataset-4,train
dataset-4_-146_jpg.rf.41174f42387773746818da1fc29be860.jpg,dataset-4,train
dataset-4_-147_jpg.rf.351aae39a48dab0acae549957d0295e9.jpg,dataset-4,train
dataset-4_-148_jpg.rf.a996fdc3785618d64f4fa9ed7e30d604.jpg,dataset-4,train
dataset-4_-14_jpg.rf.caea260db56fa2d031f36f49d3ccfdbc.jpg,dataset-4,train
dataset-4_-151_jpg.rf.59e01bf97dc75da8928d2f5c425ef195.jpg,dataset-4,train
dataset-4_-155_jpg.rf.4df3789cf8dfb9113d5e97bab9e6a55a.jpg,dataset-4,train
dataset-4_-156_jpg.rf.86bebcbbd1ed3ebae42f603feccd32fe.jpg,dataset-4,train
dataset-4_-158_jpg.rf.6a85e6bbb3edeffb696f65de1157cc41.jpg,dataset-4,train
dataset-4_-159_jpg.rf.2fc271e978f008d72fb556ef8c950dfd.jpg,dataset-4,train
dataset-4_-15_jpg.rf.951087aaae615ed6878135c260b823f7.jpg,dataset-4,train
dataset-4_-160_jpg.rf.2f51bac9b4f77d5236a49eaa49824618.jpg,dataset-4,train
dataset-4_-164_jpg.rf.354dfbfd1d98bbe0f0c84e06bcd2d7a5.jpg,dataset-4,train
dataset-4_-165_jpg.rf.f83154c76345f5fa5dd1f86d2dfd74e9.jpg,dataset-4,train
dataset-4_-170_jpg.rf.1196b2f3248f420741a3ba84ee94a81c.jpg,dataset-4,train
dataset-4_-172_jpg.rf.9202a78bbe600aa34b351f86a08ddc40.jpg,dataset-4,train
dataset-4_-175_jpg.rf.61eec9711ad1d9decd7c978d8577c0ac.jpg,dataset-4,train
dataset-4_-176_jpg.rf.ea1d1a7b417ba4578b864004c9fc1eb9.jpg,dataset-4,train
dataset-4_-177_jpg.rf.36d90c00e78911277ead3fdd72e2d8be.jpg,dataset-4,train
dataset-4_-178_jpg.rf.aa34b50ab76843ba1de3298ea6e75f57.jpg,dataset-4,train
dataset-4_-179_jpg.rf.e95b91fa620dc31415079968f6b81d13.jpg,dataset-4,train
dataset-4_-182_jpg.rf.814676c19482cf22efb45e0fd46f131f.jpg,dataset-4,train
dataset-4_-186_jpg.rf.483f9e50c1fa2cd7c7713f7360a4e54d.jpg,dataset-4,train
dataset-4_-187_jpg.rf.089822e9f9a4c3a2413d298ff440e671.jpg,dataset-4,train
dataset-4_-188_jpg.rf.f0bbeb20fbc27e135fc523e62cafb5a1.jpg,dataset-4,train
dataset-4_-190_jpg.rf.de6d9d2bc9e97e9be70a65d4bf1ee114.jpg,dataset-4,train
dataset-4_-198_jpg.rf.bbe1a4d44defad120d431fab115007e9.jpg,dataset-4,train
dataset-4_-199_jpg.rf.b063685d4e650dd3bbc89674b784e784.jpg,dataset-4,train
dataset-4_-200_jpg.rf.654e271657c52f89e8f35f966797e9a9.jpg,dataset-4,train
dataset-4_-207_jpg.rf.48e860515b90e1d3a0c41a40759e4811.jpg,dataset-4,train
dataset-4_-213_jpg.rf.7827c2c45a0387395255238f341959ef.jpg,dataset-4,train
dataset-4_-219_jpg.rf.46a1d6d6d834411f12ff11d491e0daf0.jpg,dataset-4,train
dataset-4_-222_jpg.rf.99889879b26a86197ec0680afa31bc9c.jpg,dataset-4,train
dataset-4_-227_jpg.rf.d49111baa312b016704db2f791252705.jpg,dataset-4,train
dataset-4_-228_jpg.rf.5e9353fb2341136e8a8c243a02d68cc5.jpg,dataset-4,train
dataset-4_-229_jpg.rf.1b0acfbc331d4cadd3b3c08bac1efb23.jpg,dataset-4,train
dataset-4_-22_jpg.rf.45057ab832f9510fe8c1683ef13cb0c0.jpg,dataset-4,train
dataset-4_-234_jpg.rf.2595e0a37863165a34534b6d8cd40a81.jpg,dataset-4,train
dataset-4_-240_jpg.rf.4ab472c07a20c723ef2f27d22f1a494e.jpg,dataset-4,train
dataset-4_-242_jpg.rf.fd95166afdd2bd585323e4e083c18751.jpg,dataset-4,train
dataset-4_-245_jpg.rf.2760aed99cfcaad9879575277903ebce.jpg,dataset-4,train
dataset-4_-254_jpg.rf.f8912742ce10dc8f2becddf75bd7f1d9.jpg,dataset-4,train
dataset-4_-255_jpg.rf.06e66db1eeffb80275db373905483ff7.jpg,dataset-4,train
dataset-4_-258_jpg.rf.1337481cba6c07b8d620d4b11fde3afe.jpg,dataset-4,train
dataset-4_-25_jpg.rf.09207db976e85ff0f8623c5ba25eb311.jpg,dataset-4,train
dataset-4_-261_jpg.rf.8f5579b25b0eff45fcbc2362b1d84de3.jpg,dataset-4,train
dataset-4_-264_jpg.rf.02d70cc84924bc252de945d8b17f0e27.jpg,dataset-4,train
dataset-4_-265_jpg.rf.085be86bca218cc70208d4f9fc45aff9.jpg,dataset-4,train
dataset-4_-266_jpg.rf.016e565e388dab493ded1de5426eff76.jpg,dataset-4,train
dataset-4_-269_jpg.rf.3d24eeb963344bdfe828ce88a603ca30.jpg,dataset-4,train
dataset-4_-271_jpg.rf.5a36b96c33f035895a97a9d357af1a7c.jpg,dataset-4,train
dataset-4_-273_jpg.rf.444dde44f9b7c09cb013799349465549.jpg,dataset-4,train
dataset-4_-276_jpg.rf.20887c5ffb064bfd2f592605507ab5e8.jpg,dataset-4,train
dataset-4_-277_jpg.rf.0ff42515f7831786f52894db2a71fb97.jpg,dataset-4,train
dataset-4_-278_jpg.rf.22b8894d34ab71d129e7f42c0461cf56.jpg,dataset-4,train
dataset-4_-283_jpg.rf.f629b8a9a080690cfbec8f6a6b24c13d.jpg,dataset-4,train
dataset-4_-28_jpg.rf.aaacc0a200454503151b978ebd78b981.jpg,dataset-4,train
dataset-4_-290_jpg.rf.ce4e759ab1ff66b0e86124bad28fbd9f.jpg,dataset-4,train
dataset-4_-298_jpg.rf.b73035fe17aa524b341f4cfcc0b9e143.jpg,dataset-4,train
dataset-4_-302_jpg.rf.afaaabbb8a8cadf110a80dd4db241185.jpg,dataset-4,train
dataset-4_-303_jpg.rf.edb313489753a50cad533ff39d804563.jpg,dataset-4,train
dataset-4_-304_jpg.rf.7f1d1d78e1f7a9e197617e07e000501a.jpg,dataset-4,train
dataset-4_-305_jpg.rf.2e2603e67bc5f55f335eac581b4fa3e3.jpg,dataset-4,train
dataset-4_-306_jpg.rf.a7b84b75245dfaf76e31c41d8a9756b7.jpg,dataset-4,train
dataset-4_-30_jpg.rf.ce18c744780a49a6163548a760582e9f.jpg,dataset-4,train
dataset-4_-311_jpg.rf.028396f3f4cc0bc6c4f88bd24298c51e.jpg,dataset-4,train
dataset-4_-319_jpg.rf.7ffc792847ab9de1bebbef188539b90d.jpg,dataset-4,train
dataset-4_-31_jpg.rf.7136e9b018ec2fa7b51a4316b20f9f70.jpg,dataset-4,train
dataset-4_-321_jpg.rf.e66cfd0637d88dee181b14aafd993982.jpg,dataset-4,train
dataset-4_-324_jpg.rf.1d4eb345305b7cb6e5206247a2a4a6da.jpg,dataset-4,train
dataset-4_-32_jpg.rf.d8142f4731177b14f5cf90273c05e1eb.jpg,dataset-4,train
dataset-4_-332_jpg.rf.33fd7e69cf9ec1d66bbedf9c900ddd4e.jpg,dataset-4,train
dataset-4_-336_jpg.rf.90eaa93cfdb98967d4b8dec0d0d993c8.jpg,dataset-4,train
dataset-4_-341_jpg.rf.bc77288c89b717197c0b37e3d9a31599.jpg,dataset-4,train
dataset-4_-342_jpg.rf.4174d25d3f26275be58342caa27f6ce0.jpg,dataset-4,train
dataset-4_-351_jpg.rf.aa0307b51726ee6a4b1f6b0a7625c0b4.jpg,dataset-4,train
dataset-4_-359_jpg.rf.3487c88ac88ce5df860880e90d7ed006.jpg,dataset-4,train
dataset-4_-35_jpg.rf.618a31d010960152881a8c0f2c2b653d.jpg,dataset-4,train
dataset-4_-360_jpg.rf.67a864dedc80a7cd8ce230e470fef20a.jpg,dataset-4,train
dataset-4_-364_jpg.rf.aa52fdf5018cc6c540339fb8ee7a3a71.jpg,dataset-4,train
dataset-4_-368_jpg.rf.1e3c7cb89d2eab93121a6ca0b6eca4f6.jpg,dataset-4,train
dataset-4_-36_jpg.rf.247a6c0f10ee7fcba57c1bc02c580fdf.jpg,dataset-4,train
dataset-4_-370_jpg.rf.690d4ebf90675af06b705e322eecdc73.jpg,dataset-4,train
dataset-4_-371_jpg.rf.802d076a0dbba4097d420c8bd9fffefc.jpg,dataset-4,train
dataset-4_-373_jpg.rf.409d6c394d28bf2e76f47ff00c9ecdfa.jpg,dataset-4,train
dataset-4_-374_jpg.rf.17ea774833ab431844ea7af7d82814a5.jpg,dataset-4,train
dataset-4_-375_jpg.rf.58ceb3079484c06a7a57ad5769b8ff65.jpg,dataset-4,train
dataset-4_-376_jpg.rf.61daffc07f966e4c8857dd0c0e245c04.jpg,dataset-4,train
dataset-4_-378_jpg.rf.40e397946a950c085def75a9e94e8d9a.jpg,dataset-4,train
dataset-4_-385_jpg.rf.de05605b26ce543ca62700fc0c168c54.jpg,dataset-4,train
dataset-4_-389_jpg.rf.06bcf8cb8772c50b134133e91b764045.jpg,dataset-4,train
dataset-4_-38_jpg.rf.9ec978adc78f742e5c92107049a495bd.jpg,dataset-4,train
dataset-4_-399_jpg.rf.83c467e6f05459600a88905edbb77d99.jpg,dataset-4,train
dataset-4_-3_jpg.rf.2276302ae9f139ff3ceade75db2089f4.jpg,dataset-4,train
dataset-4_-410_jpg.rf.ae8f6f6ae5341beebc35efb1a1fc4cab.jpg,dataset-4,train
dataset-4_-411_jpg.rf.567c9a671116f86abda6f1795ee3b6ce.jpg,dataset-4,train
dataset-4_-412_jpg.rf.b223c69231c8de93aa00f879a8bc8420.jpg,dataset-4,train
dataset-4_-413_jpg.rf.fa8b4b9db65b1ef105ea96a32c31cdd4.jpg,dataset-4,train
dataset-4_-415_jpg.rf.71e1e7f69cd61bbfbdbaf107c521f5ac.jpg,dataset-4,train
dataset-4_-417_jpg.rf.eb66dbec5c9385c3344fafc45f0b3878.jpg,dataset-4,train
dataset-4_-420_jpg.rf.79e904db129ae12c3ed0c89a8b7ed5f8.jpg,dataset-4,train
dataset-4_-422_jpg.rf.a1d94e6a581dd448b54e2c498bbdb85c.jpg,dataset-4,train
dataset-4_-423_jpg.rf.36ce36148d4975684c7a192ce9f29bbd.jpg,dataset-4,train
dataset-4_-424_jpg.rf.5dc2a2421ced1d1a1807d0f7ce60fa0e.jpg,dataset-4,train
dataset-4_-425_jpg.rf.88adf72f27f2031067583f9fa8b0b323.jpg,dataset-4,train
dataset-4_-427_jpg.rf.d3261bebada86d8ebd6f7e71f40b7142.jpg,dataset-4,train
dataset-4_-45_jpg.rf.262375d3710d7ebfa4493c1b7618bb91.jpg,dataset-4,train
dataset-4_-4_jpg.rf.7bdc9bc250c45883d7ba6065c1049414.jpg,dataset-4,train
dataset-4_-51_jpg.rf.8e9c88a4cb0d54c2c5af7dae33664f9c.jpg,dataset-4,train
dataset-4_-54_jpg.rf.2d8791f5223515f4b223c748353f1b6c.jpg,dataset-4,train
dataset-4_-55_jpg.rf.e87edee6fad6ec9a6f9c9328b4e514bd.jpg,dataset-4,train
dataset-4_-56_jpg.rf.58387829272715593fd27f6f01d2bcde.jpg,dataset-4,train
dataset-4_-58_jpg.rf.80c955ee956e4c19b29b89c8797f19f1.jpg,dataset-4,train
dataset-4_-59_jpg.rf.581581e1a634b266feb6c88bec5416f0.jpg,dataset-4,train
dataset-4_-60_jpg.rf.7b3431b7a26a6a96839eec9a435d756e.jpg,dataset-4,train
dataset-4_-75_jpg.rf.3589563d2eb2f62eb5303321a1970816.jpg,dataset-4,train
dataset-4_-76_jpg.rf.8758bccbb0e1ba57c8827e0125718fd4.jpg,dataset-4,train
dataset-4_-77_jpg.rf.e1d8d8c324418d250aec853ecb435212.jpg,dataset-4,train
dataset-4_-7_jpg.rf.b4af26773acb57bedf4ed1b8ecd0d6da.jpg,dataset-4,train
dataset-4_-80_jpg.rf.88a82e4e0363d9e80dc142e7eea19dea.jpg,dataset-4,train
dataset-4_-86_jpg.rf.3084b5e8080b32179447d521c4c82c5d.jpg,dataset-4,train
dataset-4_-87_jpg.rf.56a1953c7fe1b37efb47d482ad182826.jpg,dataset-4,train
dataset-4_-89_jpg.rf.dc6cf6a49c07b8c61b05354b9a21cfcc.jpg,dataset-4,train
dataset-4_-90_jpg.rf.ce335c57bf28d432c1b3d1470f9e36e5.jpg,dataset-4,train
dataset-4_-92_jpg.rf.cdace79468c4196986c11894a47ff3a7.jpg,dataset-4,train
dataset-4_-95_jpg.rf.1a5458fb2337e8c0fe15a9e8adfc78b2.jpg,dataset-4,train
dataset-4_-96_jpg.rf.2e0ee7d8e2c74818d1ca6c85eec395dd.jpg,dataset-4,train
dataset-4_00000000_jpg.rf.8a4803af480a71d23ebe5713eccab37d.jpg,dataset-4,train
dataset-4_00000001_jpg.rf.dd289b4c24fa75a0605b769c86260f02.jpg,dataset-4,train
dataset-4_00000002_jpg.rf.d732aed16c4f83f958865f066b6cdf99.jpg,dataset-4,train
dataset-4_00000003_jpg.rf.001477b24617b51b27c1d02331ef5393.jpg,dataset-4,train
dataset-4_00000004_jpg.rf.794ab360cc0b643e6fecd3cc293f30c1.jpg,dataset-4,train
dataset-4_00000005_jpg.rf.5e2336c3ab1bbde3c10aa98b0b99f8cb.jpg,dataset-4,train
dataset-4_00000006_jpg.rf.39f1c75e953a76c7b559f7032645576e.jpg,dataset-4,train
dataset-4_00000007_jpg.rf.f8d070874a5486ae2a802a4eadd405f5.jpg,dataset-4,train
dataset-4_00000008_jpg.rf.a7f8569d851d057511411381ba6ea237.jpg,dataset-4,train
dataset-4_00000009_jpg.rf.d18d06cbb0cfa6328e58d6e7e547b98f.jpg,dataset-4,train
dataset-4_00000010_jpg.rf.f3c9006b955b5aca5c765ae36dff53b6.jpg,dataset-4,train
dataset-4_00000011_jpg.rf.f811f31a3aa4b4e909e84eca39853ddd.jpg,dataset-4,train
dataset-4_00000012_jpg.rf.8fcbeca831df668d79725b6c525c1c60.jpg,dataset-4,train
dataset-4_00000013_jpg.rf.88893f61d18ee1ee9751a286b1ec77cd.jpg,dataset-4,train
dataset-4_00000014_jpg.rf.0fb5282181eead929e0147fe1ddf38b6.jpg,dataset-4,train
dataset-4_00000015_jpg.rf.7d21bba7e5f5f7d17bc5c8004979d20b.jpg,dataset-4,train
dataset-4_00000016_jpg.rf.01b67e7c849c12a5036f858047e482cf.jpg,dataset-4,train
dataset-4_00000017_jpg.rf.528a6d8b7c42f24e75bf7deda0e5fbc2.jpg,dataset-4,train
dataset-4_00000018_jpg.rf.9ecdef7b6f385a9960350211fbbbf882.jpg,dataset-4,train
dataset-4_00000019_jpg.rf.2bedd967f505f4d460c842377de3d8e4.jpg,dataset-4,train
dataset-4_00000020_jpg.rf.b5155bea978f7eece1e7f11f454a82d5.jpg,dataset-4,train
dataset-4_00000021_jpg.rf.36fcbf7de488c20af4ad2acfcb4f42ed.jpg,dataset-4,train
dataset-4_00000022_jpg.rf.215d7a587242ca5ee60196ba5f675af9.jpg,dataset-4,train
dataset-4_00000023_jpg.rf.278be805f5b00cfe2378c83bcc3f7bfd.jpg,dataset-4,train
dataset-4_00000024_jpg.rf.907d21d3d594c0aea1469185c59c27ce.jpg,dataset-4,train
dataset-4_00000025_jpg.rf.cc0b0e3b15748afe217f8640ac924e01.jpg,dataset-4,train
dataset-4_00000026_jpg.rf.6f013f89b8696027b08d29ddb202978a.jpg,dataset-4,train
dataset-4_00000027_jpg.rf.018d53c82b9bec7d667e18f85b2e1eaf.jpg,dataset-4,train
dataset-4_00000028_jpg.rf.7617d53bb582d6c9a314aa52693849ce.jpg,dataset-4,train
dataset-4_00000029_jpg.rf.0b08ef5a29e9ca3a9d069489a26f086c.jpg,dataset-4,train
dataset-4_00000030_jpg.rf.5ca8cf7352ee8ec30ae12fc39fb66b2d.jpg,dataset-4,train
dataset-4_00000031_jpg.rf.496c7fee423dc228197f9fce73c3daf1.jpg,dataset-4,train
dataset-4_00000032_jpg.rf.37de719adf24ed313b77e032ad8cf7d3.jpg,dataset-4,train
dataset-4_00000033_jpg.rf.3e9a2c5bfe31737495bfda200cfadd28.jpg,dataset-4,train
dataset-4_00000034_jpg.rf.755e6f5c97cc213143780272be7780e2.jpg,dataset-4,train
dataset-4_00000035_jpg.rf.acbd95f9571bd6aca503f65b6da00857.jpg,dataset-4,train
dataset-4_00000036_jpg.rf.4e0fd8fdd1cbfe05d5ad633ec50624c7.jpg,dataset-4,train
dataset-4_00000037_jpg.rf.f97bf06d987ce568a6be5add33d97c7d.jpg,dataset-4,train
dataset-4_00000038_jpg.rf.b9a4cc6327450856971308d5aa3e5c2f.jpg,dataset-4,train
dataset-4_00000039_jpg.rf.fa69a119a0ddb50f1a7c4e734dbf5f9b.jpg,dataset-4,train
dataset-4_00000040_jpg.rf.561a938373e6cc819c754c566f1d30d0.jpg,dataset-4,train
dataset-4_00000041_jpg.rf.f0810178e3b9c689b40da02997d804c0.jpg,dataset-4,train
dataset-4_00000042_jpg.rf.5ad91e74417eac9fad65d79390bce7db.jpg,dataset-4,train
dataset-4_00000043_jpg.rf.3a3bab6e72369d42cb068bb4a30ca825.jpg,dataset-4,train
dataset-4_00000044_jpg.rf.64fa471a1fe48eca5ad011742d34e9c5.jpg,dataset-4,train
dataset-4_00000045_jpg.rf.9fa7f2a9396d7924891ebc9764930fca.jpg,dataset-4,train
dataset-4_00000046_jpg.rf.bc06eca8434823b4c35660a61275a447.jpg,dataset-4,train
dataset-4_00000047_jpg.rf.531a12bf4c3385a9d658565e74131835.jpg,dataset-4,train
dataset-4_00000048_jpg.rf.ded28eae2164e6e71e3416e31fc3feea.jpg,dataset-4,train
dataset-4_00000049_jpg.rf.2dcdd33f525c93540e5aae15b2a8e864.jpg,dataset-4,train
dataset-4_00000050_jpg.rf.6a7fe6b6bf199267f33b928eb0a75869.jpg,dataset-4,train
dataset-4_00000051_jpg.rf.e05189c6db231832dd7d7a74b40ab95e.jpg,dataset-4,train
dataset-4_00000052_jpg.rf.f8146b597113dfa15cc1bed3e76c8654.jpg,dataset-4,train
dataset-4_00000053_jpg.rf.2569b3094fba0640b8b6869c40938212.jpg,dataset-4,train
dataset-4_00000054_jpg.rf.9cb733d7333d571a075386ddf5a2d1ab.jpg,dataset-4,train
dataset-4_00000055_jpg.rf.5baba1f7b539baa3012013eb81490389.jpg,dataset-4,train
dataset-4_00000056_jpg.rf.8e398413b2cce1e34883201456495751.jpg,dataset-4,train
dataset-4_00000057_jpg.rf.26e211fe1606feebb24f1b6075c06053.jpg,dataset-4,train
dataset-4_00000058_jpg.rf.7029a902b18dac7ce23b3b6b52f77a7c.jpg,dataset-4,train
dataset-4_00000059_jpg.rf.16e9aa2734dfc7382f438400327ffdab.jpg,dataset-4,train
dataset-4_000000_jpg.rf.6b19625883e84be6f9e2d79cb8f9f9c4.jpg,dataset-4,train
dataset-4_000004_jpg.rf.c959ef28f486ddd4a60305d6be58cdb7.jpg,dataset-4,train
dataset-4_000007_jpg.rf.5af21dfeb391682523f8098a3d72e4b2.jpg,dataset-4,train
dataset-4_000010_jpg.rf.2e8303101b31b0fbbb015cef4a5341ca.jpg,dataset-4,train
dataset-4_000010_jpg.rf.daeefcc94a77c4514b6ac26950873f2a.jpg,dataset-4,train
dataset-4_000011_jpg.rf.e1ff4b5b728479635adb3270734d5161.jpg,dataset-4,train
dataset-4_000014_jpg.rf.80699872a1a7855218cc238c6a145595.jpg,dataset-4,train
dataset-4_000019_jpg.rf.0a8e17fada31e5673c1b4bf77050108d.jpg,dataset-4,train
dataset-4_000019_jpg.rf.757bc812c06354ccc7d19a641748411c.jpg,dataset-4,train
dataset-4_000019_jpg.rf.cea1b5f8875baada22d80ceecf3b6b94.jpg,dataset-4,train
dataset-4_000019_JPG_jpg.rf.1270a13f54cdf754abd5052a174ab598.jpg,dataset-4,train
dataset-4_000020_jpg.rf.81a3098010ec70994059f8eae66af757.jpg,dataset-4,train
dataset-4_000023_jpg.rf.5207bc61c0eca6c928ef43b5d4000406.jpg,dataset-4,train
dataset-4_000023_jpg.rf.d07c2497527c71bd8a9aa2d2f3c5343c.jpg,dataset-4,train
dataset-4_000023_JPG_jpg.rf.b20bf78d3c0fffe102b43e7c856b4064.jpg,dataset-4,train
dataset-4_000030_jpg.rf.3c8f4058b9ad44e53c4d014e167e04e7.jpg,dataset-4,train
dataset-4_000030_jpg.rf.4d4b5cfef92406b13da7d5ac237bc34d.jpg,dataset-4,train
dataset-4_000032_JPG_jpg.rf.9008f47c97265c065cd97d66b2d5b376.jpg,dataset-4,train
dataset-4_000032_JPG_jpg.rf.b19d2d4f7a8aef99486bff34b990e9e2.jpg,dataset-4,train
dataset-4_000033_jpg.rf.4aad6035e61efe2892501f71044acc8b.jpg,dataset-4,train
dataset-4_000036_jpg.rf.9ed88ee8728c147cf1b3e25580ad402d.jpg,dataset-4,train
dataset-4_000038_jpg.rf.4965690ed535984be9e19fdfeb2888ee.jpg,dataset-4,train
dataset-4_000038_jpg.rf.b3f2b413ece71c7bbad52250b539e2bd.jpg,dataset-4,train
dataset-4_000040_jpg.rf.cea4708d91af48299278a0866696510c.jpg,dataset-4,train
dataset-4_000043_jpg.rf.bfd23c688b09711655a4c96afb982c23.jpg,dataset-4,train
dataset-4_000047_jpg.rf.d0524c2eab652668bdfbb6f968f349ae.jpg,dataset-4,train
dataset-4_000051_jpg.rf.d261fa21ebf194a63a3d200ac65c4cdc.jpg,dataset-4,train
dataset-4_000053_jpg.rf.b1f0c0bb9653932e270883034e412edf.jpg,dataset-4,train
dataset-4_000057_JPG_jpg.rf.04d27bb85792ac5bb48b20e05816a1e2.jpg,dataset-4,train
dataset-4_000058_JPG_jpg.rf.6ed5df3047b3ba4cf10c632892b95745.jpg,dataset-4,train
dataset-4_000059_jpg.rf.9d19c145c33a9c88975d390ea55acb7f.jpg,dataset-4,train
dataset-4_000066_JPG_jpg.rf.8f96cc33d4748a57f2a03fa83906c715.jpg,dataset-4,train
dataset-4_000069_jpg.rf.0b4ee9bb3edf39c8b38887d1f4630956.jpg,dataset-4,train
dataset-4_000069_jpg.rf.a294265ea045d02c53ef2a729c99d45a.jpg,dataset-4,train
dataset-4_000069_JPG_jpg.rf.7f3afc57ad9191c618e3a14bacb5c85f.jpg,dataset-4,train
dataset-4_000070_jpg.rf.0835297b82424ce36dd2a388d58ef6d9.jpg,dataset-4,train
dataset-4_000072_JPG_jpg.rf.8739e9f86f10b433c651a02b15b70d88.jpg,dataset-4,train
dataset-4_000072_JPG_jpg.rf.dca068e2c520763f5a0f3bd6d968a5f3.jpg,dataset-4,train
dataset-4_000075_jpg.rf.ef51005b499c8591bee5ea226243c73a.jpg,dataset-4,train
dataset-4_000076_jpg.rf.57752bc412cbb3d5d259cca5e679d709.jpg,dataset-4,train
dataset-4_000077_JPG_jpg.rf.cc568c74236cfbb8d64000db010de2de.jpg,dataset-4,train
dataset-4_000078_JPG_jpg.rf.e47cd5745b6a7e31262d673815c091e8.jpg,dataset-4,train
dataset-4_000079_jpg.rf.aacec2ab11daf93517f772eff5bec321.jpg,dataset-4,train
dataset-4_000079_JPG_jpg.rf.f43ac96f7af17ca85cfd17295830b204.jpg,dataset-4,train
dataset-4_000088_jpg.rf.9f4b7d7098c0834000186151e1d3a8c7.jpg,dataset-4,train
dataset-4_000089_JPG_jpg.rf.311aa5fa5b06116f7150d6afc53e8ae6.jpg,dataset-4,train
dataset-4_000093_jpg.rf.cd8e66162f51ad490005cf2edd5b8298.jpg,dataset-4,train
dataset-4_000101_JPG_jpg.rf.8e2718a6be5762a917286536b0e78c91.jpg,dataset-4,train
dataset-4_000103_jpg.rf.26fd40594fa1c3a452abb1bf414c1fec.jpg,dataset-4,train
dataset-4_000115_jpg.rf.0752d251f48c8020eb0a0dd0840213c8.jpg,dataset-4,train
dataset-4_000125_jpg.rf.01aa9b033c92a0708ea60f6323c4785a.jpg,dataset-4,train
dataset-4_000332_jpg.rf.4fb6db5e3f59c32c3809af117161de0a.jpg,dataset-4,train
dataset-4_000353_jpg.rf.9d978f34094fdb739e21140813ad9079.jpg,dataset-4,train
dataset-4_0218091233_jpg.rf.17e59ff5ac209378b1c87dee79b4d9c5.jpg,dataset-4,train
dataset-4_0218091347_jpg.rf.38b144a8dfca1c6a1cb7fe9810246f8e.jpg,dataset-4,train
dataset-4_0218091449_jpg.rf.5e034e746001a2b0423cdb0fcbbca84a.jpg,dataset-4,train
dataset-4_0218091544_jpg.rf.c115dc07c24199e692fa67722d02df91.jpg,dataset-4,train
dataset-4_0218091647_jpg.rf.e5c0b53ed8518fa9405048aeab861e81.jpg,dataset-4,train
dataset-4_0218091738_jpg.rf.643ea15f0e657fc2fc44aec22095010f.jpg,dataset-4,train
dataset-4_0218091952_jpg.rf.fbfa7dd9bc4ce1b94548ed50dad77c7d.jpg,dataset-4,train
dataset-4_0218092022_jpg.rf.d824dfa4333b487b2b7a39c30eef09af.jpg,dataset-4,train
dataset-4_0218092432_jpg.rf.acef3fa9de59287787f6b07ecf84b6b0.jpg,dataset-4,train
dataset-4_0218100346_jpg.rf.e9d8db03dfb829f2c546fc50c9668849.jpg,dataset-4,train
dataset-4_0218101246_jpg.rf.c8cfe212db8bb0e6956b6f718229d60d.jpg,dataset-4,train
dataset-4_0218103717_jpg.rf.414a8e825cc16927285d1ceddaea88d9.jpg,dataset-4,train
dataset-4_0224021753_jpg.rf.fdcec362a625bddc1bfe0f056a365422.jpg,dataset-4,train
dataset-4_0224022837_jpg.rf.5eb6e56623426b1d76e85371c829dcf5.jpg,dataset-4,train
dataset-4_0224022922_jpg.rf.d5709b2f7da9fb5fd375a000361f45b3.jpg,dataset-4,train
dataset-4_07ba9247-message-in-a-bottle-on-the-ganpatiphule-beach-640x480_jpg.rf.230f30d193309d425e5d66fc3fa3d425.jpg,dataset-4,train
dataset-4_091_jpg.rf.2369df03556eaeaac755bece02355590.jpg,dataset-4,train
dataset-4_0a93_jpg.rf.9edbe48d93a3f68bff2d200ee6dbe433.jpg,dataset-4,train
dataset-4_0ca7ac8a475b64ebce575799fffb8c6c_png_jpg.rf.5b459f71465ee0fb82a3cdf87d902b6a.jpg,dataset-4,train
dataset-4_100002_jpg.rf.12fd2f6679fd7c1f8ce69d810570dc3e.jpg,dataset-4,train
dataset-4_100008_jpg.rf.560c6f5acc066dc17bc4168d688eaf0d.jpg,dataset-4,train
dataset-4_100009_jpg.rf.63fada23926f2b82d69ba7af96f964f5.jpg,dataset-4,train
dataset-4_100019_jpg.rf.0938f295e5dab160ddaa986fc96b78fb.jpg,dataset-4,train
dataset-4_100020_jpg.rf.3cdee645bb165762f4a3ac48b8296768.jpg,dataset-4,train
dataset-4_100022_jpg.rf.628d8da0c55ca04dc649f24a941338ce.jpg,dataset-4,train
dataset-4_100024_jpg.rf.0fc111c9fb538a99b1643e07760b9d94.jpg,dataset-4,train
dataset-4_100027_jpg.rf.1790723acc5ed6745929b18cdec81fae.jpg,dataset-4,train
dataset-4_100028_jpg.rf.14505bdf3931582a69da7c68d67663e4.jpg,dataset-4,train
dataset-4_100030_jpg.rf.2572fc84c9c16804be0bc7a616a2b727.jpg,dataset-4,train
dataset-4_100035_jpg.rf.f2ba78976d569d5ce434c2ebdb162291.jpg,dataset-4,train
dataset-4_100045_jpg.rf.54e0d5d1257624838bb5c50f75c765e8.jpg,dataset-4,train
dataset-4_100054_jpg.rf.03e70c46bfb15a581b4df9e3c8b12f99.jpg,dataset-4,train
dataset-4_100060_jpg.rf.4683a4b8c5009093c5efdec5f9773fa7.jpg,dataset-4,train
dataset-4_100061_jpg.rf.16819253a58c33d077e07282532f0514.jpg,dataset-4,train
dataset-4_100067_jpg.rf.552ef1a1314388a41883a7893fade47f.jpg,dataset-4,train
dataset-4_100069_jpg.rf.8b5afd965696df74d8dc1a498854c86e.jpg,dataset-4,train
dataset-4_100071_jpg.rf.0d92b7661fe65660f596743405929b85.jpg,dataset-4,train
dataset-4_1001-BPC40-2404_jpg.rf.52096ea4d31a4625b4297e3b21ad893d.jpg,dataset-4,train
dataset-4_100106_jpg.rf.7f7ec256d4fc10aca36956f60685b257.jpg,dataset-4,train
dataset-4_100143_jpg.rf.a1e25fe8094319539b25c45df6f01532.jpg,dataset-4,train
dataset-4_100150_jpg.rf.2f73487f734348ea630627b0f6707ead.jpg,dataset-4,train
dataset-4_10016_30_s_9_jpg.rf.364cea23760addf7307714657e41d873.jpg,dataset-4,train
dataset-4_100176_jpg.rf.c7aa5f795ec9c0a357e475f908bfa278.jpg,dataset-4,train
dataset-4_100189_jpg.rf.5cc1faabab8525510c7b528ad6ad24db.jpg,dataset-4,train
dataset-4_100192_jpg.rf.965b3437efc4e3535f7538b335cdfbc4.jpg,dataset-4,train
dataset-4_10019_0_m_19_jpg.rf.477f3773344356aab7486061d9189d70.jpg,dataset-4,train
dataset-4_10019_0_s_1_jpg.rf.de0daf29026dbada4cf35bcb999bbcbd.jpg,dataset-4,train
dataset-4_100214_jpg.rf.28cb4af152cd770661568f87f345e8de.jpg,dataset-4,train
dataset-4_100228_jpg.rf.964e0104bca908af9e109f9c3bd2fc7f.jpg,dataset-4,train
dataset-4_100256_jpg.rf.7e8ea9a3b45aef1bd7c9d39af5903123.jpg,dataset-4,train
dataset-4_100279_jpg.rf.c4cacf91aac5ae115df04f8a8d002cf7.jpg,dataset-4,train
dataset-4_100295_jpg.rf.f21548da9472cde8a20777b8eba0e0cb.jpg,dataset-4,train
dataset-4_100308_jpg.rf.67c9091618422f9b207b58a27ac4bdc9.jpg,dataset-4,train
dataset-4_100324_jpg.rf.9788f7f0f02de825493bf3bbf84ff0df.jpg,dataset-4,train
dataset-4_10032_0_m_19_jpg.rf.58f39cccd9f4cba21c17e56733394609.jpg,dataset-4,train
dataset-4_10032_30_s_10_jpg.rf.7d5bb7d2e675a146c146fed7c0f8b625.jpg,dataset-4,train
dataset-4_10034_00_s_19_jpg.rf.2cf28f67e6d9af7f708944b0f2b30e68.jpg,dataset-4,train
dataset-4_10034_00_s_2_jpg.rf.301f7d73d95bc0126682656f7513d9c8.jpg,dataset-4,train
dataset-4_10034_60_m_10_jpg.rf.7117721252076a83cc256fadb9bcf608.jpg,dataset-4,train
dataset-4_10034_60_s_7_jpg.rf.2f9ec08195696bd6ed991f29d1317e7d.jpg,dataset-4,train
dataset-4_10036_0_m_19_jpg.rf.5ef346f2b564da5cb3e72bb69197ad00.jpg,dataset-4,train
dataset-4_10036_0_m_1_jpg.rf.b6749ba7fcf3be831a256380b842495a.jpg,dataset-4,train
dataset-4_10036_0_m_21_jpg.rf.18ec97984f658cfc7be443987be9e401.jpg,dataset-4,train
dataset-4_10036_0_m_21_jpg.rf.e6904a860912512707c5f23a5b31966d.jpg,dataset-4,train
dataset-4_10036_0_s_14_jpg.rf.df34d8d1ad311d7e9abad07d723637b7.jpg,dataset-4,train
dataset-4_10036_60_m_24_jpg.rf.bed933303a517cc51a649e26d1e93b8f.jpg,dataset-4,train
dataset-4_10036_60_m_24_jpg.rf.ed72bb6e6bc4b686ebeec148cfb857b9.jpg,dataset-4,train
dataset-4_10036_60_m_24_jpg.rf.fe1284b58f9130496a507c933cc5eff8.jpg,dataset-4,train
dataset-4_10036_60_m_9_jpg.rf.f0466ea975d77c7b024184cf74ebe897.jpg,dataset-4,train
dataset-4_10036_60_s_18_jpg.rf.2be3a04b9acfbe109b42d21134d05990.jpg,dataset-4,train
dataset-4_10052_0_m_1_jpg.rf.841cf1d8dbd8c10213ee646f646a3d70.jpg,dataset-4,train
dataset-4_10052_0_m_1_jpg.rf.ca27e5fa071cfd6ae9d805f0c6d9d5c9.jpg,dataset-4,train
dataset-4_10052_0_m_2_jpg.rf.3a0fa6ac786c01313d1192dfe331bc2a.jpg,dataset-4,train
dataset-4_10052_0_m_2_jpg.rf.7573ed71b1ba7f7b978a3015c8a7579d.jpg,dataset-4,train
dataset-4_10052_0_m_7_jpg.rf.1e8e9f1db0e0000eb50b56c507bac1af.jpg,dataset-4,train
dataset-4_10052_0_m_7_jpg.rf.411ceb38e8719af802c8f7aa5dbb915f.jpg,dataset-4,train
dataset-4_10052_0_s_16_jpg.rf.eb9da2dbe3f4d4b0b43c68f3d09d89ee.jpg,dataset-4,train
dataset-4_10052_0_s_1_jpg.rf.4edf0690aa955fdd0cb902ecf81692c7.jpg,dataset-4,train
dataset-4_10052_0_s_1_jpg.rf.9b879dfafa14af34dd5f89b47e3628a1.jpg,dataset-4,train
dataset-4_10052_0_s_22_jpg.rf.2cd12053f742d9ec4a5a3d12d33e28ff.jpg,dataset-4,train
dataset-4_10052_0_s_22_jpg.rf.2ed16db92c02e312c81941f912d040a9.jpg,dataset-4,train
dataset-4_10052_0_s_22_jpg.rf.46a9f47daa1975f9b2265c83b7d2ac3e.jpg,dataset-4,train
dataset-4_10052_0_s_24_jpg.rf.fae641f141f0cd9617fcbef4eb2bae14.jpg,dataset-4,train
dataset-4_10052_0_s_9_jpg.rf.643f4c9cd81d9256c1fa30794d3ef284.jpg,dataset-4,train
dataset-4_10052_0_s_9_jpg.rf.afd49038014a08d980c9a05d056497f5.jpg,dataset-4,train
dataset-4_10052_30_m_10_jpg.rf.1cd3d0c6e8efd7e8067de79e647b4760.jpg,dataset-4,train
dataset-4_10052_30_m_16_jpg.rf.2cd968db99a4516c26f5368937d37be0.jpg,dataset-4,train
dataset-4_10052_30_m_16_jpg.rf.8db0d3c588349a1f4b494b8f30defac0.jpg,dataset-4,train
dataset-4_10052_30_m_1_jpg.rf.57722790fd3fb4ca866029578a3e3cfb.jpg,dataset-4,train
dataset-4_10052_30_m_1_jpg.rf.6098043633a54502b6459f94c499e323.jpg,dataset-4,train
dataset-4_10052_30_m_1_jpg.rf.8e4eecdcca8ca8553e1d5feb48179729.jpg,dataset-4,train
dataset-4_10052_30_s_10_jpg.rf.2bc58f8ceee9294d2b052c5291feefa8.jpg,dataset-4,train
dataset-4_10052_30_s_17_jpg.rf.aa7f42c20f9c29853f270c39c93380ad.jpg,dataset-4,train
dataset-4_10052_60_m_11_jpg.rf.40b4701e69c35a1059e5fa671cad222b.jpg,dataset-4,train
dataset-4_10052_60_m_11_jpg.rf.4450c1dcc7fd21d87db4226bbf61a40b.jpg,dataset-4,train
dataset-4_10052_60_m_11_jpg.rf.f0c8ff77d33daa4c247b5193d97c434b.jpg,dataset-4,train
dataset-4_10052_60_m_13_jpg.rf.4438659d73bbc5348e9d1e173ad5433e.jpg,dataset-4,train
dataset-4_10052_60_m_13_jpg.rf.9a53e6a95e1ab1be08a6d986c8ee4309.jpg,dataset-4,train
dataset-4_10052_60_s_19_jpg.rf.4ff0ac65b3404550c9babd17296416fb.jpg,dataset-4,train
dataset-4_10052_60_s_19_jpg.rf.50ff2df3ba1b18d988d6bc241a161d1f.jpg,dataset-4,train
dataset-4_10052_60_s_19_jpg.rf.772d9ca7859bb3eb6175322479cfc7f8.jpg,dataset-4,train
dataset-4_10057_0_m_2_jpg.rf.c3595b93ac3ba3b05b3b2b53be3b8ce6.jpg,dataset-4,train
dataset-4_10057_0_m_7_jpg.rf.0f40a5ff28aefa111966e887993c5ecf.jpg,dataset-4,train
dataset-4_10057_0_m_7_jpg.rf.2baa68590dc6198e870ad431f5ee7233.jpg,dataset-4,train
dataset-4_10057_0_m_7_jpg.rf.30e8b8614868c237b591d318f5d7026c.jpg,dataset-4,train
dataset-4_10057_0_s_15_jpg.rf.bf8af3cf864c425a644a95be17295257.jpg,dataset-4,train
dataset-4_10057_30_s_15_jpg.rf.52430d55d10ebad06126896c91d443f8.jpg,dataset-4,train
dataset-4_10057_30_s_15_jpg.rf.a9a45f6e078f3f5994431c3ebddeae2a.jpg,dataset-4,train
dataset-4_10057_30_s_17_jpg.rf.a93279fd7ec4e363806386341cf24997.jpg,dataset-4,train
dataset-4_10057_30_s_17_jpg.rf.e3d22f136a406b229c60f479b6de6561.jpg,dataset-4,train
dataset-4_10057_30_s_17_jpg.rf.fe7b435fdf36f4d6d9d70b9338192f84.jpg,dataset-4,train
dataset-4_10057_30_s_1_jpg.rf.01f9934e6d01a54f810d3012e61fe7ed.jpg,dataset-4,train
dataset-4_10057_30_s_1_jpg.rf.5a95fa19769ced85f455fdda0173ab8e.jpg,dataset-4,train
dataset-4_10057_30_s_5_jpg.rf.0cda8b08d17e8933076ac8f8a7cad13c.jpg,dataset-4,train
dataset-4_10057_30_s_5_jpg.rf.4418679d9b28940b1da6f4bc1011120c.jpg,dataset-4,train
dataset-4_10057_30_s_5_jpg.rf.e37a583b96647fef3bfb449176dfaf4a.jpg,dataset-4,train
dataset-4_10057_60_m_20_jpg.rf.361d53774e7793db5054c85bb0f56549.jpg,dataset-4,train
dataset-4_10057_60_m_20_jpg.rf.6b33502021d1d0f901dd87df17affd3d.jpg,dataset-4,train
dataset-4_10057_60_m_20_jpg.rf.cd833078d3fdeca3dad1f37f9d4ebab2.jpg,dataset-4,train
dataset-4_10057_60_m_23_jpg.rf.a6540f6de292b938cc96a02b193ba5ab.jpg,dataset-4,train
dataset-4_10057_60_m_3_jpg.rf.0ae48aa0226ac96fe3aac17479f5f2f7.jpg,dataset-4,train
dataset-4_10057_60_m_3_jpg.rf.28911535c09ca7d1d162a9937bfb4006.jpg,dataset-4,train
dataset-4_10057_60_m_3_jpg.rf.7cf264deac150258eac4ce83f62b8f33.jpg,dataset-4,train
dataset-4_100_jpg.rf.bffaa11e7fbe1196fc657299cc07b37f.jpg,dataset-4,train
dataset-4_102_jpg.rf.0b57fe2c9aecfaedc7cad6ed26c2b8fe.jpg,dataset-4,train
dataset-4_102_jpg.rf.1612626d683139817585e0338f42a5ae.jpg,dataset-4,train
dataset-4_102_jpg.rf.2c54fcba32289c4fc4775574ae8db7a2.jpg,dataset-4,train
dataset-4_102_jpg.rf.40b597abfa95238d995202979ce8a09a.jpg,dataset-4,train
dataset-4_102_jpg.rf.5fd33a023a8f6d0de496c10f7be1ec9d.jpg,dataset-4,train
dataset-4_102_jpg.rf.a83c33635969d8582a3fd0776901ff0a.jpg,dataset-4,train
dataset-4_104_jpg.rf.ce3703a9c8a1343f5ebe9f2abcaf4480.jpg,dataset-4,train
dataset-4_105_jpg.rf.4f4eda10c3325e3c6efb99a9c313d66f.jpg,dataset-4,train
dataset-4_109_jpg.rf.06b21a4d4fcee8513e960075766b4366.jpg,dataset-4,train
dataset-4_109_jpg.rf.939bdb778df49edd41ee6e8ebc5d49ee.jpg,dataset-4,train
dataset-4_109_jpg.rf.d4bf2c89d0fdc92fdca83269eb65c68a.jpg,dataset-4,train
dataset-4_109_jpg.rf.ee9f268795060510e312150f56a63ee8.jpg,dataset-4,train
dataset-4_10_jpg.rf.a8ad761a5323e3da34c40c31d22f1b7c.jpg,dataset-4,train
dataset-4_10_png_jpg.rf.308e632ecc7ce5ae11fc8c95fe5c4b57.jpg,dataset-4,train
dataset-4_10_png_jpg.rf.4e0bde3cf5418ac68543084b1796d975.jpg,dataset-4,train
dataset-4_10_png_jpg.rf.721953d6d07f727100f524485deb437b.jpg,dataset-4,train
dataset-4_10_png_jpg.rf.9c0ff9847a008fc39a6ae32d9d5da697.jpg,dataset-4,train
dataset-4_10_png_jpg.rf.cc048ce2f0c4ade0af3e698eaf43d14f.jpg,dataset-4,train
dataset-4_111_jpg.rf.55a7d77a7c8600dc9a621977e9d70643.jpg,dataset-4,train
dataset-4_111_jpg.rf.7420aee7ef530c0f30147a79e65d6950.jpg,dataset-4,train
dataset-4_111_jpg.rf.84412537786cc2c67d48421466472b85.jpg,dataset-4,train
dataset-4_113_jpg.rf.1a8bf79ad2748cfd888ce405f9142bb8.jpg,dataset-4,train
dataset-4_113_jpg.rf.7d5688a17060593232ce3fb40ffdd1fe.jpg,dataset-4,train
dataset-4_113_jpg.rf.874dcd9b5ac2459355f457a9d5d893d8.jpg,dataset-4,train
dataset-4_113_jpg.rf.c26ac6c36019a30da293d5ed9cb98e47.jpg,dataset-4,train
dataset-4_115_jpg.rf.8014c675db12ca962a8bd7f714a47ed2.jpg,dataset-4,train
dataset-4_1164_jpg.rf.1f2177c84eb049740d7a077bd13ef000.jpg,dataset-4,train
dataset-4_1164_jpg.rf.9bcb6f453421846ddf7bc2a3874ca4de.jpg,dataset-4,train
dataset-4_116_jpg.rf.1f6b2926bceb51137be0fb5dc498d8a9.jpg,dataset-4,train
dataset-4_116_jpg.rf.ffc026638600d2c74f7cb36d79bfa4e2.jpg,dataset-4,train
dataset-4_117_jpg.rf.ca5353e802ab43a4202393675f38125a.jpg,dataset-4,train
dataset-4_119_jpg.rf.5e95d509d1ec529a19613a5be8b25ec8.jpg,dataset-4,train
dataset-4_11_jpeg_jpg.rf.1c8f04c9f5c95bad2bb6b0994a9a9ed8.jpg,dataset-4,train
dataset-4_11_jpeg_jpg.rf.7eb6edc642c595bb60422c26c477fadc.jpg,dataset-4,train
dataset-4_11_jpg.rf.319f1f32399f66cab07bcf8fd54d3036.jpg,dataset-4,train
dataset-4_11_jpg.rf.4c6ebb3f29af4f102a9edce94f609339.jpg,dataset-4,train
dataset-4_11_jpg.rf.7fb631b09139f6822ab4b804b50189bd.jpg,dataset-4,train
dataset-4_11_jpg.rf.9e00baa26b7c349a8e42509f7ab27fc9.jpg,dataset-4,train
dataset-4_120_jpg.rf.a392ef08444bb17fdf7c29d079a7d01a.jpg,dataset-4,train
dataset-4_120_jpg.rf.ce2d582fdc3f04d060b3cb013c894fda.jpg,dataset-4,train
dataset-4_120_jpg.rf.fab763a83500a67c258f0f764c24ac4c.jpg,dataset-4,train
dataset-4_122_jpg.rf.3ef9e488db56f023ab5d3813649fe424.jpg,dataset-4,train
dataset-4_122_jpg.rf.59ab721ea9352a24a353dbbc008452b8.jpg,dataset-4,train
dataset-4_122_jpg.rf.a4578e176d25cebe1b81334f08c119e7.jpg,dataset-4,train
dataset-4_124_jpg.rf.ce3d02c087e22f1e0fc91cb821ea406b.jpg,dataset-4,train
dataset-4_125_jpg.rf.78b968ead915bc80d39ac9ea4f310a53.jpg,dataset-4,train
dataset-4_126_jpg.rf.214d880c5ac06f2c921f37ab5bf3f59f.jpg,dataset-4,train
dataset-4_126_jpg.rf.47ab60c1b2b406b810cb8fd320618b98.jpg,dataset-4,train
dataset-4_126_jpg.rf.5a61192dddb78d680ab22f0f10bdbdf2.jpg,dataset-4,train
dataset-4_126_jpg.rf.6a1e5d66b70686b702b868e62a030dc2.jpg,dataset-4,train
dataset-4_1278_jpg.rf.939072eebee5dc021e126da3e1ac41b6.jpg,dataset-4,train
dataset-4_129_jpg.rf.1190bf7f6444546c43c584f40bd09dcf.jpg,dataset-4,train
dataset-4_129_jpg.rf.3781ef21e0d2997bc98b023f5dd6d475.jpg,dataset-4,train
dataset-4_12_jpg.rf.2b2178b77ed611c3c358c277000c3c13.jpg,dataset-4,train
dataset-4_12_jpg.rf.97d53e268f99f31f460115fcfea20986.jpg,dataset-4,train
dataset-4_12_jpg.rf.c548b86262fa286202152403b0e3578a.jpg,dataset-4,train
dataset-4_12_jpg.rf.e01beee7818bb154a8140875e6c90a5a.jpg,dataset-4,train
dataset-4_1307_jpg.rf.4ac5512ef3bb6ce426510f782220f90d.jpg,dataset-4,train
dataset-4_1307_jpg.rf.c8effe78ad5f26a6af0fe40e86099f84.jpg,dataset-4,train
dataset-4_1307_jpg.rf.ddc0e3742ca25748a273d6191b7869de.jpg,dataset-4,train
dataset-4_130_jpg.rf.101935f4217b7735657a3b11aa219bec.jpg,dataset-4,train
dataset-4_130_jpg.rf.2fd837206c904531fc5349d80a09ecac.jpg,dataset-4,train
dataset-4_131_jpg.rf.726139b655ee5cad3ee14b3f8718afb6.jpg,dataset-4,train
dataset-4_132_jpg.rf.6cef9c73f659930bb8fbb2c70c3ccc60.jpg,dataset-4,train
dataset-4_133_jpg.rf.1c056ab9c085a10c5117d72d91146cb2.jpg,dataset-4,train
dataset-4_133_jpg.rf.5a7a4b52c69e29384f0536d7465c48af.jpg,dataset-4,train
dataset-4_133_jpg.rf.e8e8600291d631486abb2ebce6fb1045.jpg,dataset-4,train
dataset-4_135_jpg.rf.69b200e6198cfff30dfd45675b6468b9.jpg,dataset-4,train
dataset-4_135_jpg.rf.a7aae796ea14370aabc9aa479b399c80.jpg,dataset-4,train
dataset-4_135_jpg.rf.e5c6b8f9d4503ece2cb2899f6b10c31e.jpg,dataset-4,train
dataset-4_135_jpg.rf.fb181da3f2c4f6203aa0228bf100475a.jpg,dataset-4,train
dataset-4_1360_jpg.rf.5c58afdcf8b7d4803983a4a4a6d7724e.jpg,dataset-4,train
dataset-4_1360_jpg.rf.9763663c175f3dad7b67ab33de45c071.jpg,dataset-4,train
dataset-4_1360_jpg.rf.b372549cfb8c2df1104076990434ac78.jpg,dataset-4,train
dataset-4_136_jpg.rf.2953aae0ca490a1e98334f9070b66beb.jpg,dataset-4,train
dataset-4_136_jpg.rf.82df23a27ced268543a7f6566b54b7e2.jpg,dataset-4,train
dataset-4_136_jpg.rf.ed3fc0f35dc18aa0cb8acfbf0e39278f.jpg,dataset-4,train
dataset-4_137_jpg.rf.30b19b7abb1c3d88211be4e18dbe380d.jpg,dataset-4,train
dataset-4_137_jpg.rf.c482a209caa91ab08e5ef9fad9cd6dba.jpg,dataset-4,train
dataset-4_1388_jpg.rf.72a3aa35161c86d31c7bfdae22422c26.jpg,dataset-4,train
dataset-4_1388_jpg.rf.b675b693a9aee0cb0ce1c45289cdecb2.jpg,dataset-4,train
dataset-4_138_jpg.rf.3338911f6abdcd48a6a77fc63e25a79d.jpg,dataset-4,train
dataset-4_138_jpg.rf.88452e7686cd687cb8c895f31ff665f2.jpg,dataset-4,train
dataset-4_138_jpg.rf.c1b62f4d65296d52796cb4b0d507bfec.jpg,dataset-4,train
dataset-4_138_jpg.rf.f988cf878b95c666604ff34a8fd163db.jpg,dataset-4,train
dataset-4_139339778-trash-in-nature-from-one-empty-white-plastic-bottle-on-green-grass-and-gray-earth-in-the-park_jpg.rf.346e3e2f3ca95432a1b145624c9238a6.jpg,dataset-4,train
dataset-4_13_jpeg_jpg.rf.5422baa3679ce01a8bec29102f7f0061.jpg,dataset-4,train
dataset-4_13_jpeg_jpg.rf.89e4e9430631a816eb978f115873c4d3.jpg,dataset-4,train
dataset-4_13_jpeg_jpg.rf.ad132bde9c873b7aa426bd75798f713f.jpg,dataset-4,train
dataset-4_13_jpg.rf.9bdce40875aeec005b56fa863b55e8e3.jpg,dataset-4,train
dataset-4_13_jpg.rf.b4c993262a0659d1ddb95bd972c6319d.jpg,dataset-4,train
dataset-4_13_jpg.rf.be2b670bf91ee3b78239022630087d1b.jpg,dataset-4,train
dataset-4_141_jpg.rf.710bdf7f1485e23cd639c4531cecda70.jpg,dataset-4,train
dataset-4_142_jpg.rf.229cfbc9b9b2bc034991e781de0005ee.jpg,dataset-4,train
dataset-4_142_jpg.rf.381bb59690e8657c0153e6117af01876.jpg,dataset-4,train
dataset-4_142_jpg.rf.cd5e7f25969588af12f4c4f49f17c780.jpg,dataset-4,train
dataset-4_142_jpg.rf.e50d40e35755b3f0ab4c76fb0160d0fb.jpg,dataset-4,train
dataset-4_143_jpg.rf.8b97dcfe0580308e28c086b091679738.jpg,dataset-4,train
dataset-4_143_jpg.rf.d51ab55c9f3a9f7ef314b403ec39e2a8.jpg,dataset-4,train
dataset-4_145-1450706_bottle-of-water-icon-free-png-and-svg_png_jpg.rf.381adb88edca7f674191b02080e0877b.jpg,dataset-4,train
dataset-4_145_jpg.rf.7c6ec446e482c61f4b322b39ed736871.jpg,dataset-4,train
dataset-4_145_jpg.rf.e8a6c7074652cfd3c5f976b2cec15824.jpg,dataset-4,train
dataset-4_146_jpg.rf.0097c8faf70dbebf42a12268eb62e11d.jpg,dataset-4,train
dataset-4_1489_jpg.rf.4fccd498b72506309b6edc46e66a1ae4.jpg,dataset-4,train
dataset-4_1489_jpg.rf.bfa8781395e782bc357fefef572cad55.jpg,dataset-4,train
dataset-4_149_jpg.rf.564f2398711caa8ac35f85d57d5a568e.jpg,dataset-4,train
dataset-4_149_jpg.rf.7587784753e9fef2a70ab1f9a011e215.jpg,dataset-4,train
dataset-4_149_jpg.rf.e5ce686784cad18f6218f78c2425c397.jpg,dataset-4,train
dataset-4_14_jpg.rf.21590aa147793d9753165adb1141266f.jpg,dataset-4,train
dataset-4_14_jpg.rf.3063a4f946331fd985d63693396956bb.jpg,dataset-4,train
dataset-4_14_jpg.rf.3c587d63c5ae5427844cfbc73aa80d28.jpg,dataset-4,train
dataset-4_15-Things-Garbage-Collectors-Want-You-to-Know_493595614-Maciej-Bledowski-760x506_jpg.rf.158e73a4a5ad042c97255598fa2f470d.jpg,dataset-4,train
dataset-4_150_jpg.rf.361c123fc3d2c68934d307b3042a9243.jpg,dataset-4,train
dataset-4_150_jpg.rf.b6501ad7569cbd86b66b12f530ed9587.jpg,dataset-4,train
dataset-4_150_jpg.rf.c7f962e7051be7534ab8e2aaeafce548.jpg,dataset-4,train
dataset-4_151-1514135_angkor-puro-drinking-water-hd-png-download_png_jpg.rf.c1af8138c75257e71f5040bfada6a039.jpg,dataset-4,train
dataset-4_1515_jpg.rf.d497f70c5e61897d3dd91c7d84e8169c.jpg,dataset-4,train
dataset-4_15244_00_m_10_jpg.rf.36e9c05b04e72b8b416f0d4d64792820.jpg,dataset-4,train
dataset-4_15244_00_m_10_jpg.rf.5b912dfee3ee7dceadf87e062cd3fc86.jpg,dataset-4,train
dataset-4_15244_00_m_10_jpg.rf.6af5876274cea4d7190976f9f9ab4da4.jpg,dataset-4,train
dataset-4_15244_00_m_18_jpg.rf.d0c255cfd385ee1b7b1a0647ec21d6a2.jpg,dataset-4,train
dataset-4_15244_00_m_21_jpg.rf.2eb35f7fd7a42613c32e5ce6a29a3a1f.jpg,dataset-4,train
dataset-4_15244_00_m_5_jpg.rf.a978a2f683f43c762950b5342a30f4c6.jpg,dataset-4,train
dataset-4_15244_00_s_10_jpg.rf.cc9155a4041588834319735e25229e7b.jpg,dataset-4,train
dataset-4_15244_00_s_10_jpg.rf.dc5322a8de113c725435964bf91d0a13.jpg,dataset-4,train
dataset-4_15244_00_s_11_jpg.rf.32fff841cd51bced4a4e3262cf7df25d.jpg,dataset-4,train
dataset-4_15244_00_s_11_jpg.rf.5c2e2dac5634b22dbe1d19ab4185bc56.jpg,dataset-4,train
dataset-4_15244_00_s_11_jpg.rf.709d7bbc08f5d47be8a7bc692c715e6e.jpg,dataset-4,train
dataset-4_15244_00_s_23_jpg.rf.e93094ff15e8de1d4bad4232b35269ea.jpg,dataset-4,train
dataset-4_15244_00_s_23_jpg.rf.ec198987a7c7d698c87102fa72736637.jpg,dataset-4,train
dataset-4_15244_00_s_24_jpg.rf.d94a7ee69b6bd94453a7df613405e0f2.jpg,dataset-4,train
dataset-4_15244_00_s_5_jpg.rf.039c8bd3da25c0213d22bac7fa511460.jpg,dataset-4,train
dataset-4_15244_00_s_5_jpg.rf.8a80e286ede6a1bebbbe87e25c79e306.jpg,dataset-4,train
dataset-4_15244_00_s_5_jpg.rf.d758a8b8215b12e785bb1cde8a6b326c.jpg,dataset-4,train
dataset-4_15244_30_s_14_jpg.rf.7cbe26b0b6769c8fdba9b9a52638df3a.jpg,dataset-4,train
dataset-4_15244_60_m_16_jpg.rf.adae84b123888ac36f87e29418f54e61.jpg,dataset-4,train
dataset-4_15244_60_m_16_jpg.rf.e3561c45bfa8bee068a3c52a1e8a13f1.jpg,dataset-4,train
dataset-4_15244_60_s_11_jpg.rf.731dd18ecb3a15f7b1166690ecf32779.jpg,dataset-4,train
dataset-4_154_jpg.rf.3b768b2c7da6240a7fcd36d991abbd19.jpg,dataset-4,train
dataset-4_154_jpg.rf.844a0a75efbcc214a0550f955a9c3672.jpg,dataset-4,train
dataset-4_156_jpg.rf.2c517149c5f26bdd555bb1dac99b184c.jpg,dataset-4,train
dataset-4_156_jpg.rf.3327bb2b27f7260a167eedb8f8c52875.jpg,dataset-4,train
dataset-4_156_jpg.rf.531788005ee1cb230bbbc60b05098a8f.jpg,dataset-4,train
dataset-4_157_jpg.rf.0bbb1e5a486f7d1acb17dd804df77594.jpg,dataset-4,train
dataset-4_15_jpg.rf.3631a7875971c8afe72fbb2fa33a8248.jpg,dataset-4,train
dataset-4_15_jpg.rf.68844a5221211e72aff55b3003adc15b.jpg,dataset-4,train
dataset-4_15_jpg.rf.68b36d6095685c9ddccbd4cabbcb77ad.jpg,dataset-4,train
dataset-4_15_jpg.rf.98ff671d3feae93e6d522bc86c442ea2.jpg,dataset-4,train
dataset-4_160_jpg.rf.7100d5df7fe4511803389f7dfc1e30af.jpg,dataset-4,train
dataset-4_161_jpg.rf.330f638d571656fc79b6eff709fd8ebe.jpg,dataset-4,train
dataset-4_162_jpg.rf.a6183b809cc9d6c3623a10dfd13d68d8.jpg,dataset-4,train
dataset-4_164_jpg.rf.75a3ac1af06aaba912eb26849775e6f8.jpg,dataset-4,train
dataset-4_165_jpg.rf.25d6dbe529bec23b53f08f1297c03a14.jpg,dataset-4,train
dataset-4_165_jpg.rf.ff24613f4e858ae1eee5bc2703bd097e.jpg,dataset-4,train
dataset-4_168_jpg.rf.c055cca3104e321cf7a3e2e7c9c72278.jpg,dataset-4,train
dataset-4_169_jpg.rf.59206467ac24f2b3a3b9a22c290c6a2a.jpg,dataset-4,train
dataset-4_16_jpg.rf.001226baf98e4f283365f3f7e7284623.jpg,dataset-4,train
dataset-4_16_jpg.rf.02768f059e9dfd3c9a3b0a85b23d2257.jpg,dataset-4,train
dataset-4_16_jpg.rf.2292798b7d79b7b8afefdb2e63cde19f.jpg,dataset-4,train
dataset-4_16_jpg.rf.7afb8f709480dd90908e4946cc1592e5.jpg,dataset-4,train
dataset-4_16_jpg.rf.8068f30ac0e5ab8fcb10f85f4c28a5e8.jpg,dataset-4,train
dataset-4_16_jpg.rf.a2e44ea657bb160b832c3ae7a07fcb25.jpg,dataset-4,train
dataset-4_16_jpg.rf.da0f8baaf906e6980bb0575967c05bda.jpg,dataset-4,train
dataset-4_170_jpg.rf.e52b89fc1ec7b50e3b1568517539a2c1.jpg,dataset-4,train
dataset-4_171_jpg.rf.12efa0235e8e1b11a73bc87bb72730f8.jpg,dataset-4,train
dataset-4_175-1753727_water-bottles-hd-png-download_png_jpg.rf.3f9c572d3e19367338b0c1b865206306.jpg,dataset-4,train
dataset-4_175_jpg.rf.20c8e59b7ecff09ada18be9d8e307afe.jpg,dataset-4,train
dataset-4_175_jpg.rf.db87818b95a424332b1f32a4920e28db.jpg,dataset-4,train
dataset-4_175_jpg.rf.e971f85cb931bb7513695ab5b5663ead.jpg,dataset-4,train
dataset-4_17_jpg.rf.115c0fe8556946c3e75c120674e477d0.jpg,dataset-4,train
dataset-4_17_jpg.rf.5ac8f5bb02753a69dffe32db11e8bcf7.jpg,dataset-4,train
dataset-4_17_jpg.rf.ab846e41f7486cccfd4423cbe6fafc03.jpg,dataset-4,train
dataset-4_1820_jpg.rf.1447ef8e908d0e4e918b7fb7f6dac188.jpg,dataset-4,train
dataset-4_1820_jpg.rf.86bbd24d9cd9b22808dd40c9142b214e.jpg,dataset-4,train
dataset-4_1820_jpg.rf.b0ddf8e29a36805924945b4d46f97bbf.jpg,dataset-4,train
dataset-4_18_jpg.rf.402d288b1ca3e435eeb764487c074684.jpg,dataset-4,train
dataset-4_18_jpg.rf.438c16b0fd64c051a733545328d79dab.jpg,dataset-4,train
dataset-4_18_jpg.rf.7b86d76385f6f87594819f8bbb2e564a.jpg,dataset-4,train
dataset-4_18_jpg.rf.bbcd7fe8b0a4de260da23523c934b17d.jpg,dataset-4,train
dataset-4_1946_jpg.rf.dcf4c2b922bf3da8e655cfcfcf7f9f19.jpg,dataset-4,train
dataset-4_1969_jpg.rf.68a05b8113c0597ed149dba6c351a521.jpg,dataset-4,train
dataset-4_1969_jpg.rf.f75bbbc3e42a36fc4d2f8b923e75cdc5.jpg,dataset-4,train
dataset-4_19_jpg.rf.0d3385698146478e08fe785beded8f9f.jpg,dataset-4,train
dataset-4_19_jpg.rf.225b801fcfccc98da1109623ff1d19f3.jpg,dataset-4,train
dataset-4_19_jpg.rf.32e2d4e4d8a234970b8c535365e3160f.jpg,dataset-4,train
dataset-4_19_jpg.rf.a893e9228dff242b43715f8b510931f6.jpg,dataset-4,train
dataset-4_19ed9050d8b25862_jpg.rf.17088972c839a7eb815ff6e0f549c5db.jpg,dataset-4,train
dataset-4_19ed9050d8b25862_jpg.rf.d3b9b570d102cc3da22051d6354623ef.jpg,dataset-4,train
dataset-4_19ed9050d8b25862_jpg.rf.e6e0262e352c3418246f1e6270097d16.jpg,dataset-4,train
dataset-4_1_jpg.rf.2c38a428922d9de6b0bbc18e6972b857.jpg,dataset-4,train
dataset-4_1_jpg.rf.35a43726e99d2f8e031a14579ccbc721.jpg,dataset-4,train
dataset-4_1_jpg.rf.538ed9270923cd15bf553a0967cb5908.jpg,dataset-4,train
dataset-4_1_jpg.rf.7b739bab8a6de53e50a655624e706d62.jpg,dataset-4,train
dataset-4_1_jpg.rf.9c1021d4ac1e1cf93db7a3c3a44926d6.jpg,dataset-4,train
dataset-4_1_jpg.rf.9c1dfb1011540a1e10ccdc5c9cf0915c.jpg,dataset-4,train
dataset-4_1_jpg.rf.f4a4c9202ea37d17d3c5354f5fe0685e.jpg,dataset-4,train
dataset-4_1_nJrmVwZ7krj5qvocOXzTsg_png_jpg.rf.8c2c3df9f086621b7a6cca3dac36ef23.jpg,dataset-4,train
dataset-4_200000_jpg.rf.26b06d220fb9fb72565b4622a10cc1a1.jpg,dataset-4,train
dataset-4_200003_jpg.rf.03404fada5f7223818ff52006d8930ea.jpg,dataset-4,train
dataset-4_200005_jpg.rf.bd86c808fbb1206441953db6d4765b34.jpg,dataset-4,train
dataset-4_200007_jpg.rf.c3c2d31754bc7925759205a151c34143.jpg,dataset-4,train
dataset-4_200012_jpg.rf.18d8388e085239e40221691f915f9f8e.jpg,dataset-4,train
dataset-4_200014_jpg.rf.30cebb1ab40fa92dd919f94001f4f294.jpg,dataset-4,train
dataset-4_200017_jpg.rf.2662b159ea828df05b94f34012a31c15.jpg,dataset-4,train
dataset-4_200018_jpg.rf.0089abe948bc13f0a4e293a53faf9435.jpg,dataset-4,train
dataset-4_200019_jpg.rf.d8e05eeb1eb01b4811a959312d61c9d3.jpg,dataset-4,train
dataset-4_200020_jpg.rf.49e7efa15fa5f37fbe2fdf87032091e3.jpg,dataset-4,train
dataset-4_200021_jpg.rf.1697ab62aa37b8bda12a977e49aa1644.jpg,dataset-4,train
dataset-4_200022_jpg.rf.26031ea96cbd3cd4f0001da072b408dd.jpg,dataset-4,train
dataset-4_200023_jpg.rf.da0b68d3f45d9d801eb85fd4fe2b8635.jpg,dataset-4,train
dataset-4_200024_jpg.rf.dc840f4b193592e89e1fc4cad91451be.jpg,dataset-4,train
dataset-4_200027_jpg.rf.1aee51903d7ef1749170659eea7c63a4.jpg,dataset-4,train
dataset-4_200032_jpg.rf.5888d02f7dc444ed9c5c2584f85e9a46.jpg,dataset-4,train
dataset-4_200035_jpg.rf.404ae7d4dfbc9df87c04365903a1d46a.jpg,dataset-4,train
dataset-4_200037_jpg.rf.97c66ab18f12771c45435a199c12bf20.jpg,dataset-4,train
dataset-4_200038_jpg.rf.523f969126a3e35922cda40f756facd1.jpg,dataset-4,train
dataset-4_200040_jpg.rf.81d900633358a86b76d846a7ceea0ec8.jpg,dataset-4,train
dataset-4_200042_jpg.rf.006962cefdf1701b1dec2ad1a41df2e0.jpg,dataset-4,train
dataset-4_200043_jpg.rf.5c838bb845d13b27b47fa9ebae25d84e.jpg,dataset-4,train
dataset-4_200045_jpg.rf.35279901660e54ff5b8f38d02f290fe9.jpg,dataset-4,train
dataset-4_200049_jpg.rf.087c4c09488621739ab4bc25df619434.jpg,dataset-4,train
dataset-4_20004_0_m_17_jpg.rf.05d8131a9e58bd291e19a5a6fb6aa603.jpg,dataset-4,train
dataset-4_20004_0_m_17_jpg.rf.7912cfc8da07d0252f6954f8c0c89c90.jpg,dataset-4,train
dataset-4_20004_0_m_1_jpg.rf.2f00c81ba84b3d201a4054b74fde6fe5.jpg,dataset-4,train
dataset-4_20004_0_m_1_jpg.rf.4d15b1b10525252ac9027a57d1b3f07c.jpg,dataset-4,train
dataset-4_20004_0_m_1_jpg.rf.52426b5df028d56065eedc477d436848.jpg,dataset-4,train
dataset-4_20004_0_m_7_jpg.rf.205409b1cb11f7b391640f1189b826ce.jpg,dataset-4,train
dataset-4_20004_0_m_7_jpg.rf.bd947bccafa13fdfc3b7ea48f447cf96.jpg,dataset-4,train
dataset-4_20004_0_s_14_jpg.rf.0780426047bd59e67d7d8d4ebebe8fac.jpg,dataset-4,train
dataset-4_20004_0_s_14_jpg.rf.3dd8dd3300b9db68ea2ba5ee67d75362.jpg,dataset-4,train
dataset-4_20004_0_s_14_jpg.rf.661c99aea45010df8706adfb172f1323.jpg,dataset-4,train
dataset-4_20004_0_s_16_jpg.rf.0d4120aa162507c30afc49a49cbbb633.jpg,dataset-4,train
dataset-4_20004_0_s_16_jpg.rf.484531002cc4dafdea1167c189e9583c.jpg,dataset-4,train
dataset-4_20004_0_s_16_jpg.rf.4854cf0ccd84c4e4cf29f54494402821.jpg,dataset-4,train
dataset-4_20004_0_s_1_jpg.rf.c57edf6cdde9f7f41daf8e19bad819e1.jpg,dataset-4,train
dataset-4_20004_0_s_2_jpg.rf.128d1ccec8e0adceea848096a5ddd272.jpg,dataset-4,train
dataset-4_20004_0_s_2_jpg.rf.a2bfef0bdfd879ccd1b7eb70bd6c5082.jpg,dataset-4,train
dataset-4_20004_30_m_11_jpg.rf.b369f400f8dc8ec1e1834d4d456a8a80.jpg,dataset-4,train
dataset-4_20004_30_m_11_jpg.rf.c93db2f358aec22c2abdb07333b7c596.jpg,dataset-4,train
dataset-4_20004_30_m_11_jpg.rf.f0d3fb877c799581d2e4ccdef69e4e5e.jpg,dataset-4,train
dataset-4_20004_30_m_16_jpg.rf.4966196453914629a3ef00489a37de53.jpg,dataset-4,train
dataset-4_20004_30_m_16_jpg.rf.63d5810a1b17b26d1ffb76c935ac2e9b.jpg,dataset-4,train
dataset-4_20004_30_m_16_jpg.rf.a1f6b11f69621008350866abb1564c4b.jpg,dataset-4,train
dataset-4_20004_30_s_1_jpg.rf.9331f2b93182f8bb0511d9de76c07ce7.jpg,dataset-4,train
dataset-4_200050_jpg.rf.4970e59b2deb20c916cd1131f828d947.jpg,dataset-4,train
dataset-4_200055_jpg.rf.a36806d88d11c6e41cfaf34ebc426e96.jpg,dataset-4,train
dataset-4_200056_jpg.rf.c4f76f69216939f7590050acc45ec75b.jpg,dataset-4,train
dataset-4_200058_jpg.rf.d158a54aaa8009c335d45a364018c731.jpg,dataset-4,train
dataset-4_200067_jpg.rf.418d3817e6af67c7a291245def6e25aa.jpg,dataset-4,train
dataset-4_200073_jpg.rf.f171c4c16bca3a62660d129d863bbbee.jpg,dataset-4,train
dataset-4_200083_jpg.rf.986811dac765a0f265a4497ec00ecc02.jpg,dataset-4,train
dataset-4_200086_jpg.rf.a7afdb87ae401c1f9b9c735fc5977d8a.jpg,dataset-4,train
dataset-4_200090_jpg.rf.178782f4895337419619f24b1108cdc9.jpg,dataset-4,train
dataset-4_200094_jpg.rf.30c342fc73d7f20038247648b54bc8e8.jpg,dataset-4,train
dataset-4_200099_jpg.rf.27804fc7e091192d437567b8b7fc2e16.jpg,dataset-4,train
dataset-4_200100_jpg.rf.3b2dac6a433e09681bd694ea43889a45.jpg,dataset-4,train
dataset-4_200110_jpg.rf.1591587beee7f93a7d51acccb4af4f4c.jpg,dataset-4,train
dataset-4_200112_jpg.rf.3b01a88295aaf9b067311a6f2bc576de.jpg,dataset-4,train
dataset-4_200116_jpg.rf.2378614d007115f3b8ec694b6c0ed2c7.jpg,dataset-4,train
dataset-4_20011_00_m_19_jpg.rf.c50c67c087b4fe10eef47f3fc0d0a889.jpg,dataset-4,train
dataset-4_20011_00_m_1_jpg.rf.3663c142cb57abd4543c6a708958e1ea.jpg,dataset-4,train
dataset-4_20011_00_m_1_jpg.rf.62658c34bf6bbaccb0811569c104b921.jpg,dataset-4,train
dataset-4_20011_00_s_1_jpg.rf.6ec47aab204a6692eaf694ff45a61b57.jpg,dataset-4,train
dataset-4_20011_00_s_1_jpg.rf.f1a273df872d702deb7b724b8ec637b0.jpg,dataset-4,train
dataset-4_20011_1_jpg.rf.5dc727478ffbbe2696ddf6347b15ed95.jpg,dataset-4,train
dataset-4_20011_1_jpg.rf.6dde9e05534484c6c10607a8d2eb25a5.jpg,dataset-4,train
dataset-4_20011_2_jpg.rf.16c7dd5e2bcda66085c31fad834d190d.jpg,dataset-4,train
dataset-4_20011_2_jpg.rf.9058293e1fb24ed1886d17cd259af5fb.jpg,dataset-4,train
dataset-4_20011_2_jpg.rf.9fb4e3a65c2e43c4d3800285722c636f.jpg,dataset-4,train
dataset-4_20011_30_m_21_jpg.rf.857df97b227efc31e9dccf8c3071d2ba.jpg,dataset-4,train
dataset-4_20011_30_s_12_jpg.rf.7594dbd35d859f79afd4117f8b9ddb9c.jpg,dataset-4,train
dataset-4_20011_30_s_12_jpg.rf.89a1867f4c541db234b35a56389af01c.jpg,dataset-4,train
dataset-4_20011_30_s_15_jpg.rf.490ffc29505bdea1e16342ec14211242.jpg,dataset-4,train
dataset-4_20011_30_s_15_jpg.rf.f81dbd71d32029591fc1843a0b2d1b51.jpg,dataset-4,train
dataset-4_20011_30_s_18_jpg.rf.1dea8f392015f711e15bf5e9bd8c869c.jpg,dataset-4,train
dataset-4_20011_30_s_18_jpg.rf.f2545122de032c3567a2bb0854d56a99.jpg,dataset-4,train
dataset-4_20011_30_s_8_jpg.rf.396c18d34d780670b6c3fa3e6541b4aa.jpg,dataset-4,train
dataset-4_20011_60_m_1_jpg.rf.6612bc80e6df2ad58c0278afc4a02145.jpg,dataset-4,train
dataset-4_20011_60_m_1_jpg.rf.f373af442bdb104272b835a1d6052c33.jpg,dataset-4,train
dataset-4_20011_60_s_10_jpg.rf.4a8d0c77402dc17bfd0e329abb56434d.jpg,dataset-4,train
dataset-4_20011_60_s_10_jpg.rf.5d620b07b10fe140f46d6058e982bc11.jpg,dataset-4,train
dataset-4_20011_60_s_10_jpg.rf.fed84903f7f87ba3b55a8fee3c53f813.jpg,dataset-4,train
dataset-4_20011_60_s_3_jpg.rf.0907ca4f2c47c65370b4771e4ac7c2c3.jpg,dataset-4,train
dataset-4_20011_60_s_3_jpg.rf.0c65022d5a81de81375b167a8888ebbd.jpg,dataset-4,train
dataset-4_20011_60_s_3_jpg.rf.9c533e3c7d2e40caccc0fdd798d7ec7b.jpg,dataset-4,train
dataset-4_20012_0_m_19_jpg.rf.9c9ca6310bbb1c013b0d43a524875961.jpg,dataset-4,train
dataset-4_20012_0_m_19_jpg.rf.b1db9941d9a15446e93d8978689fd4dd.jpg,dataset-4,train
dataset-4_20012_0_m_1_jpg.rf.5afb79c2bbeb97ee04a10068157eefdc.jpg,dataset-4,train
dataset-4_20012_0_m_5_jpg.rf.27f7516df27d5ba78e0a4f030ac77260.jpg,dataset-4,train
dataset-4_20012_0_s_11_jpg.rf.8d562c118069f0907e16d9ce1554b4d3.jpg,dataset-4,train
dataset-4_20012_0_s_11_jpg.rf.ad10419a3d8bd4e879105c0ee1b82737.jpg,dataset-4,train
dataset-4_20012_0_s_11_jpg.rf.fb501bcd9b380e8a0cfa7cd4bce1ab50.jpg,dataset-4,train
dataset-4_20012_30_m_16_jpg.rf.01d24204229c7e072fb75fb44a1b1a6f.jpg,dataset-4,train
dataset-4_20012_30_m_16_jpg.rf.d3b7d7bb1887e00f60ad37b99d540599.jpg,dataset-4,train
dataset-4_20012_30_m_1_jpg.rf.1f61bc34ee8f00fbd9b1b3957c6c66de.jpg,dataset-4,train
dataset-4_20012_30_m_1_jpg.rf.34781cb3586a49c8721b7428c78a005e.jpg,dataset-4,train
dataset-4_20012_30_m_1_jpg.rf.8c0feeaccb03588222c61de33a813554.jpg,dataset-4,train
dataset-4_20012_30_s_18_jpg.rf.41692ea44ec5fa5bece9f52078fff15e.jpg,dataset-4,train
dataset-4_20012_30_s_1_jpg.rf.2c3574fa20d8f648f3ac801d42fc8d5d.jpg,dataset-4,train
dataset-4_20012_30_s_1_jpg.rf.c265dc115b4fc0b2228de35cdd77b83b.jpg,dataset-4,train
dataset-4_20012_30_s_1_jpg.rf.f1ef097bf1a6f8ac0e63e70cebf4cab7.jpg,dataset-4,train
dataset-4_20012_60_m_18_jpg.rf.4d93b349eb7f41bce8a8977d4da44584.jpg,dataset-4,train
dataset-4_20012_60_m_18_jpg.rf.6f26c03467da6e4e07addcb0e96a4782.jpg,dataset-4,train
dataset-4_20012_60_m_18_jpg.rf.81302b6c1918016479ca2ef03535b74d.jpg,dataset-4,train
dataset-4_20012_60_m_2_jpg.rf.c832595033b74d5498f03a8ec98351fb.jpg,dataset-4,train
dataset-4_20012_60_s_10_jpg.rf.88793f26e5ba25d717038de8cc81fa2b.jpg,dataset-4,train
dataset-4_20012_60_s_10_jpg.rf.aed544752129778960b343144fa7410a.jpg,dataset-4,train
dataset-4_20012_60_s_16_jpg.rf.0e77b3fdaa0ee4df911013518d1c48f5.jpg,dataset-4,train
dataset-4_20012_60_s_23_jpg.rf.1a8cc0ccde3fb1dc679d05cf22dcb33a.jpg,dataset-4,train
dataset-4_20012_60_s_23_jpg.rf.e10d5cffcb17c1157691bb38f514f483.jpg,dataset-4,train
dataset-4_200145_jpg.rf.0103bdc8c53e798681e718edfeabccdf.jpg,dataset-4,train
dataset-4_20014_00_m_10_jpg.rf.95c8498269bbd395d2be5364c7ca80cb.jpg,dataset-4,train
dataset-4_20014_00_m_10_jpg.rf.e8adad5d898c7fe6118cbfabacaeec66.jpg,dataset-4,train
dataset-4_20014_00_m_18_jpg.rf.231e7fdedb8964763f0f1b8ba70593d8.jpg,dataset-4,train
dataset-4_20014_00_m_18_jpg.rf.67c7114b71279603dcd5102459f37a7a.jpg,dataset-4,train
dataset-4_20014_00_m_18_jpg.rf.b397c73759012ea1fbb6b69f431b1f45.jpg,dataset-4,train
dataset-4_20014_00_m_19_jpg.rf.001ca316688e7534a35ba3591ae42148.jpg,dataset-4,train
dataset-4_20014_00_m_19_jpg.rf.5a9b4dc7f766ff3e58f69f0eb2e14f9b.jpg,dataset-4,train
dataset-4_20014_00_m_19_jpg.rf.9f0e3ede26bd75f79f1f16284f56163f.jpg,dataset-4,train
dataset-4_20014_00_m_1_jpg.rf.028812dca5386ea402ac34cdf7061f0a.jpg,dataset-4,train
dataset-4_20014_00_m_1_jpg.rf.087a9e4fad48502fec532052d6e60595.jpg,dataset-4,train
dataset-4_20014_00_m_1_jpg.rf.5559526165512ed8e341abd7833bda89.jpg,dataset-4,train
dataset-4_20014_0_s_10_jpg.rf.8c929d0eff599a1c1e25c63ebccc76eb.jpg,dataset-4,train
dataset-4_20014_0_s_10_jpg.rf.d9267d669f5eaa6c53d244e7aba3aa96.jpg,dataset-4,train
dataset-4_20014_0_s_16_jpg.rf.052ff98a79fffc81b069c5aff04e7779.jpg,dataset-4,train
dataset-4_20014_0_s_16_jpg.rf.4415402906dea9386b5ba31fad82d71b.jpg,dataset-4,train
dataset-4_20014_0_s_16_jpg.rf.86501d7d22d86fd6822ba5fad1e850cc.jpg,dataset-4,train
dataset-4_20014_0_s_6_jpg.rf.28fd5e9fd6e82bc91fac27355fe2d43a.jpg,dataset-4,train
dataset-4_20014_0_s_6_jpg.rf.4840192b43f5e478996730c7675f0499.jpg,dataset-4,train
dataset-4_20014_1_jpg.rf.1bb5d18812fd868f9157a0824bc0e297.jpg,dataset-4,train
dataset-4_20014_1_jpg.rf.ab1eddcc02ccc62b2767df0db5037638.jpg,dataset-4,train
dataset-4_20014_30_m_11_jpg.rf.38ce7382fccc89bc04386ccbe346fe67.jpg,dataset-4,train
dataset-4_20014_30_m_11_jpg.rf.92e1d24dce22e0268930e0be8c6e7173.jpg,dataset-4,train
dataset-4_20014_30_m_11_jpg.rf.cd9738ef46622b00a8d0d3f1f93609c7.jpg,dataset-4,train
dataset-4_20014_30_m_17_jpg.rf.a8d018fe9728a45bea591f8119a908ac.jpg,dataset-4,train
dataset-4_20014_30_m_17_jpg.rf.ba42ed56bfa58fdbd4c378857a8f8128.jpg,dataset-4,train
dataset-4_20014_30_m_17_jpg.rf.bfbb09fd3e10495079e2f57821203c7d.jpg,dataset-4,train
dataset-4_20014_30_m_18_jpg.rf.9d1d58512bb90f84af55138c17241e0a.jpg,dataset-4,train
dataset-4_20014_30_m_19_jpg.rf.b28a975047225d5c304125f28d561410.jpg,dataset-4,train
dataset-4_20014_30_m_1_jpg.rf.c854b9baa776f7d9e134f38fab618c4a.jpg,dataset-4,train
dataset-4_20014_3_jpg.rf.17d589cab788440307eefc60e4135a11.jpg,dataset-4,train
dataset-4_20014_3_jpg.rf.c3d0df589f428c0b73a55ba088b5c98f.jpg,dataset-4,train
dataset-4_20014_60_m_23_jpg.rf.1d3bf46302cbf872c72594d3073f412b.jpg,dataset-4,train
dataset-4_20014_60_m_23_jpg.rf.3011d1995655e4b8da870b46adf8c523.jpg,dataset-4,train
dataset-4_20014_60_s_1_jpg.rf.b1e59983c3591115c8ec8c94dbd7def1.jpg,dataset-4,train
dataset-4_20014_60_s_1_jpg.rf.c2fa80db9147c11882ffbf5d3c0114ec.jpg,dataset-4,train
dataset-4_20014_60_s_1_jpg.rf.f8f3800df836ca4d398c1da9e235af32.jpg,dataset-4,train
dataset-4_20014_60_s_21_jpg.rf.624f778ffc2c834c91952463d905e514.jpg,dataset-4,train
dataset-4_20014_60_s_21_jpg.rf.cf1d83d864f272dcef7e3569a80d1048.jpg,dataset-4,train
dataset-4_200151_jpg.rf.9b1c4227782ae2780001adfa50eeff94.jpg,dataset-4,train
dataset-4_200185_jpg.rf.4d5a48dcf6411d6c16a5f0360eddafa9.jpg,dataset-4,train
dataset-4_200192_jpg.rf.ce05c15f4fc1e9e92308ff9962de1227.jpg,dataset-4,train
dataset-4_200236_jpg.rf.247910130006194fc2401e67d8422fd3.jpg,dataset-4,train
dataset-4_200247_jpg.rf.d81b272fcbfcd32f225f447be12d68f7.jpg,dataset-4,train
dataset-4_200257_jpg.rf.1ce39d64215940087931b80091321bd4.jpg,dataset-4,train
dataset-4_200259_jpg.rf.aa68b70307957be4f78db5b8af52a5ad.jpg,dataset-4,train
dataset-4_200266_jpg.rf.04c6ac8d01925fb63af57cdff2d562c5.jpg,dataset-4,train
dataset-4_200294_jpg.rf.016faf889b45d088b256681355d9abe0.jpg,dataset-4,train
dataset-4_200304_jpg.rf.353b527032cb751bcc0d65fd22e81fca.jpg,dataset-4,train
dataset-4_200329_jpg.rf.20bb37ea9f940c54ecde6565e2bc0854.jpg,dataset-4,train
dataset-4_200331_jpg.rf.3cc2cc80de60e5d85a390991a085b4b0.jpg,dataset-4,train
dataset-4_200332_jpg.rf.b4f0077c91e3547ae624c1daf48f7931.jpg,dataset-4,train
dataset-4_200350_jpg.rf.b866f9a5c07a8d2f2bb763349b8a09c1.jpg,dataset-4,train
dataset-4_200354_jpg.rf.0dcf5bbf562bfa50ccf61b562a1effd5.jpg,dataset-4,train
dataset-4_200357_jpg.rf.85dd705bc1da37d1fdc2cc6eaecd72f1.jpg,dataset-4,train
dataset-4_200358_jpg.rf.0caf50a183a29ab3ad6a95b0ec1db24d.jpg,dataset-4,train
dataset-4_200369_jpg.rf.d4384b61a7c15b5f626bb53ef7ed1c57.jpg,dataset-4,train
dataset-4_200371_jpg.rf.009a95fd8320b9a038daa82baf555d55.jpg,dataset-4,train
dataset-4_200375_jpg.rf.a191a3b252d79d5a0b3cad05f925653a.jpg,dataset-4,train
dataset-4_200376_jpg.rf.6b4d9a104b76d35147f0d170c4a6abd5.jpg,dataset-4,train
dataset-4_200411_jpg.rf.fe5fd0941f51b7dbc2c4dffe1b4dc394.jpg,dataset-4,train
dataset-4_200420_jpg.rf.06c018ecf84fab5631927673ddf1535c.jpg,dataset-4,train
dataset-4_200425_jpg.rf.71165c3d6c3639819983ee4104ab82e7.jpg,dataset-4,train
dataset-4_200427_jpg.rf.fd6077ec8f1efa45264f92c84d8dff92.jpg,dataset-4,train
dataset-4_200449_jpg.rf.5b48a44bc290be1b6fdd9860051b6631.jpg,dataset-4,train
dataset-4_200453_jpg.rf.80f4baaa6b139891caa8dd30bc1c8a86.jpg,dataset-4,train
dataset-4_200454_jpg.rf.46a7d78f329c8e7d47ae3c507c972e34.jpg,dataset-4,train
dataset-4_200456_jpg.rf.ba219d50ddf0634001346ca7b65a533f.jpg,dataset-4,train
dataset-4_200462_jpg.rf.7c74b7914571ed2b2b20d9495c49302c.jpg,dataset-4,train
dataset-4_200464_jpg.rf.23d3f9528300dc7cab3dca6dd32f20ee.jpg,dataset-4,train
dataset-4_200517_jpg.rf.3dd6af70931843d8eb4f5de33d84f745.jpg,dataset-4,train
dataset-4_200520_jpg.rf.a35a5f161646f3214ff7e347041ddd8d.jpg,dataset-4,train
dataset-4_200521_jpg.rf.488e74f715f8cfb4d5db0dca4486ca7f.jpg,dataset-4,train
dataset-4_20211028_085432_jpg.rf.d777aa358741ed1a1cf0766824e78d68.jpg,dataset-4,train
dataset-4_20211125_121521_jpg.rf.de05396b2db361ae73d077a2274daf59.jpg,dataset-4,train
dataset-4_20211125_121523_jpg.rf.46a7568ee17109c38906fc0cfb3eb742.jpg,dataset-4,train
dataset-4_20211125_121526_jpg.rf.8ffd128acaaa58fdc09646b5f6519e4d.jpg,dataset-4,train
dataset-4_20211125_121530_jpg.rf.6f285d4cc2f461e8c6ac8c65706b2bf1.jpg,dataset-4,train
dataset-4_20211125_121530_jpg.rf.d2665592a9806f2b8eb8e099c79bf5bb.jpg,dataset-4,train
dataset-4_20211125_121533_jpg.rf.0f02bdedfb57f07f0d12b693f8c33e0c.jpg,dataset-4,train
dataset-4_20211125_121533_jpg.rf.619a02b6037285d0235e2aaa4ee9be59.jpg,dataset-4,train
dataset-4_20211125_121538_jpg.rf.1a0f5aa4546af053766ceb37b9423489.jpg,dataset-4,train
dataset-4_20211125_121538_jpg.rf.43bd7bd3613129de210a5796813aabab.jpg,dataset-4,train
dataset-4_20211125_121544_jpg.rf.88ec7cd8bff1e1386ca790cf9cb25e27.jpg,dataset-4,train
dataset-4_20211125_121546_jpg.rf.895556f9a822b7309e76ccb7443572c6.jpg,dataset-4,train
dataset-4_20211125_121550_jpg.rf.4503c95437c4edaecca7dcce31583d03.jpg,dataset-4,train
dataset-4_20211125_121552_jpg.rf.b9a9b546f2ae8c8478dd08d33f89400d.jpg,dataset-4,train
dataset-4_20211125_121555_jpg.rf.6f63e36d7f8e9d118a9a61bb1c55153d.jpg,dataset-4,train
dataset-4_20211125_121555_jpg.rf.91def6706fe5a76c1f611a39acb5d122.jpg,dataset-4,train
dataset-4_20211125_121555_jpg.rf.db031f4f857bc1f5dc313a06788b4f8b.jpg,dataset-4,train
dataset-4_20211125_121608_jpg.rf.5f90c87e99334c2cd88e0d5c6c19dd8b.jpg,dataset-4,train
dataset-4_20211125_121608_jpg.rf.6364d2c4e7a022a64c3bfccdb3ae71a1.jpg,dataset-4,train
dataset-4_20211125_121614_jpg.rf.00eba481542bd0c1c12db98ddf8c9d92.jpg,dataset-4,train
dataset-4_20211125_121614_jpg.rf.59c133578a52cff37ba63a0fbe71f177.jpg,dataset-4,train
dataset-4_20211125_121626_jpg.rf.b10afde671279c52427eb90c2b580bef.jpg,dataset-4,train
dataset-4_20211125_121628_jpg.rf.031bc27166f8840c5594547d819e06fe.jpg,dataset-4,train
dataset-4_20211125_121640_jpg.rf.7443fb8999dbffd167e104f5c43765ca.jpg,dataset-4,train
dataset-4_20211125_121645_jpg.rf.00e0b3511e1a1ace4f740b131ece18ec.jpg,dataset-4,train
dataset-4_20211125_121645_jpg.rf.12f70780084ea727ee88ae5c249fd87e.jpg,dataset-4,train
dataset-4_20211125_121645_jpg.rf.543fb26f3002f9cd11f30fb194fb3ac0.jpg,dataset-4,train
dataset-4_20211125_121649_jpg.rf.81e39bd400cb11facea19a7a65b4a05e.jpg,dataset-4,train
dataset-4_20211125_121649_jpg.rf.b46a8f01182d64909df3f381ddf8b984.jpg,dataset-4,train
dataset-4_20211125_121655_jpg.rf.cdd221282c8aee8bb081f3cbd5169cef.jpg,dataset-4,train
dataset-4_20211125_121655_jpg.rf.d047fefd880d5dc6989ce3054276c253.jpg,dataset-4,train
dataset-4_20211125_121659_jpg.rf.22d4fc655e7dcd8296a69f7eef12d034.jpg,dataset-4,train
dataset-4_20211125_121659_jpg.rf.9316011cc6c22679d4a38c9271271171.jpg,dataset-4,train
dataset-4_20211125_121659_jpg.rf.a76b7206c25e4f7d0a8cff73aa873a9f.jpg,dataset-4,train
dataset-4_20211125_121725_jpg.rf.3a222d45a2dcbc3bf005f042eb299874.jpg,dataset-4,train
dataset-4_20211125_121725_jpg.rf.8fa1a82ac94d4d52e29807035272fc99.jpg,dataset-4,train
dataset-4_20211125_121728_jpg.rf.310a7a08fcaf0ee4ac58fe6984ba517e.jpg,dataset-4,train
dataset-4_20211125_121728_jpg.rf.d5e2e5c3e366c5d5bba60936590555a3.jpg,dataset-4,train
dataset-4_20211125_121730_jpg.rf.3176b654eef61bda0053fe3ef4c4d468.jpg,dataset-4,train
dataset-4_20211125_121730_jpg.rf.a2220a573e06d8de87928073337cbc91.jpg,dataset-4,train
dataset-4_20211125_121730_jpg.rf.abddfc6988ca7c449db2a9a41358e78a.jpg,dataset-4,train
dataset-4_20211125_121735_jpg.rf.044fd071083b2fee0836d81535b9c267.jpg,dataset-4,train
dataset-4_20211125_121735_jpg.rf.326a516c563c4b7d8a6bcf8ad30d0567.jpg,dataset-4,train
dataset-4_20211125_121735_jpg.rf.edafe554d90dbcaf6eeb893e6d9b68e2.jpg,dataset-4,train
dataset-4_20211125_121739_jpg.rf.77cb76c0204a7f8361137dc89a9fe1f0.jpg,dataset-4,train
dataset-4_20211125_121748_jpg.rf.8fffe87daf806dfd131d1f38c0d4818f.jpg,dataset-4,train
dataset-4_20211125_121748_jpg.rf.a0e73ea6af4a9baf2894f41733e0270d.jpg,dataset-4,train
dataset-4_20211125_121748_jpg.rf.a61c8cb8df62bdc36bc459118cd55729.jpg,dataset-4,train
dataset-4_20211125_121752_jpg.rf.11b5a96f1fb7a0ed422fa32a07f05a66.jpg,dataset-4,train
dataset-4_20211125_121752_jpg.rf.4609dec5b32ce3d31358dc069fb5fb02.jpg,dataset-4,train
dataset-4_20211125_121752_jpg.rf.b7ee8b016d8f47c599e06ac967f9308f.jpg,dataset-4,train
dataset-4_20211125_121756_jpg.rf.030fdb34fa19b994e34e5ede2be93559.jpg,dataset-4,train
dataset-4_20211125_121756_jpg.rf.d65857d40f242a7c2f7fa4f2ea06d212.jpg,dataset-4,train
dataset-4_20211125_121811_jpg.rf.a0be0847f998f04a5be028cd7aa202f5.jpg,dataset-4,train
dataset-4_20211125_121814_jpg.rf.2a08e0df03fc89d3e56d559514b8621f.jpg,dataset-4,train
dataset-4_20211125_121814_jpg.rf.be848ad1128ac8ed833e4fd1372e51e6.jpg,dataset-4,train
dataset-4_20211125_121818_jpg.rf.2a2ae010662b09697dc0715f4ca28e7f.jpg,dataset-4,train
dataset-4_20211125_121818_jpg.rf.6d5630252025dd1efee40ebc7d0d3681.jpg,dataset-4,train
dataset-4_20211125_121840_jpg.rf.1b67f4ab90872ee62f53bc6f7e5eee98.jpg,dataset-4,train
dataset-4_20211125_121842_jpg.rf.0c18710e7579028b063bdd2651cd6161.jpg,dataset-4,train
dataset-4_20211125_121842_jpg.rf.2c664d86a4b1c2b6db47898544e19f03.jpg,dataset-4,train
dataset-4_20211125_121842_jpg.rf.61a9837b72c02cd7c70558cfe02d03f6.jpg,dataset-4,train
dataset-4_20211125_121843_jpg.rf.b861669086e88bae700213ef8b42bc21.jpg,dataset-4,train
dataset-4_20211125_121843_jpg.rf.d20e81e5465bdef00ec17fdb40bb269c.jpg,dataset-4,train
dataset-4_20211125_121848_jpg.rf.d26bb0e2c32ae23c1efed76c0f7195af.jpg,dataset-4,train
dataset-4_20211125_121848_jpg.rf.d8982e44eb2624253cf52a7992088729.jpg,dataset-4,train
dataset-4_20211125_121851_jpg.rf.818acaaaf77947ca6e84a07b50092242.jpg,dataset-4,train
dataset-4_20211125_121851_jpg.rf.ac1f915e5a2839cdd5aa57e8d6c5aa93.jpg,dataset-4,train
dataset-4_20211125_121851_jpg.rf.ebdb031c323cc2026ac0dc9b074f9646.jpg,dataset-4,train
dataset-4_20211125_121856_jpg.rf.1881960888ebbd13c2f64c51f4ed3147.jpg,dataset-4,train
dataset-4_20211125_121856_jpg.rf.1b59218fe7b4cf5996e95632273b04f2.jpg,dataset-4,train
dataset-4_20211125_121856_jpg.rf.4ba4076e3daff3c9f398098bbdbfffc3.jpg,dataset-4,train
dataset-4_20211125_121857_jpg.rf.495c93603220795b8bff0da90efc9ecc.jpg,dataset-4,train
dataset-4_20211125_121857_jpg.rf.502e318a65917fcf80614bb6d1afa5a4.jpg,dataset-4,train
dataset-4_20211125_121857_jpg.rf.ce4ae985fa55c7a2efcdd4e8c6895c86.jpg,dataset-4,train
dataset-4_20211125_121859_jpg.rf.afd024578187652bf5a4c910e549625c.jpg,dataset-4,train
dataset-4_20211125_121859_jpg.rf.d2f5515406282284d5103facd950aae8.jpg,dataset-4,train
dataset-4_20211125_121901_jpg.rf.011f2358c8b08f38285925917ac4373a.jpg,dataset-4,train
dataset-4_20211125_121901_jpg.rf.56cf194ce580ddf1c615e385e84888fa.jpg,dataset-4,train
dataset-4_20211125_121906_jpg.rf.04ac537093f65a4c185cbf5d7f8684c3.jpg,dataset-4,train
dataset-4_20211125_121906_jpg.rf.72eb090ea32bc2c2a0731a26f6fe4814.jpg,dataset-4,train
dataset-4_20211125_121908_jpg.rf.93d82821c0fcd9a63c8c583418c530c1.jpg,dataset-4,train
dataset-4_20211125_121908_jpg.rf.94d4f27bd6cd24b7c11dbe5d93704086.jpg,dataset-4,train
dataset-4_20211125_121908_jpg.rf.dfba1069b8030ba1f1b9810754a020da.jpg,dataset-4,train
dataset-4_20211125_121909_jpg.rf.7758bbd2787d1f2dedc2388a9c19b724.jpg,dataset-4,train
dataset-4_20211125_121911_jpg.rf.05df6716e7dfd507a03512781346e065.jpg,dataset-4,train
dataset-4_20211125_121911_jpg.rf.97014b1b1afaeb8507fb23b0d78c27c4.jpg,dataset-4,train
dataset-4_20211125_121916_jpg.rf.96439b575d7466defecbd7f1436b2017.jpg,dataset-4,train
dataset-4_20211125_121929_jpg.rf.60bbc75ddf56f9e7e64c5ace611bdeed.jpg,dataset-4,train
dataset-4_20211125_121932_jpg.rf.1112ff12ffb53f390efc04ffff7d44de.jpg,dataset-4,train
dataset-4_20211125_121934_jpg.rf.2c3e2a830af635ce4440ad1fa2207b33.jpg,dataset-4,train
dataset-4_20211125_121934_jpg.rf.9fc0664f7c9213e6ef74c8e8c6affb6a.jpg,dataset-4,train
dataset-4_20211125_121934_jpg.rf.e4995f221093e53fdff9f7d725e021a4.jpg,dataset-4,train
dataset-4_20211125_121949_jpg.rf.63aebf934bf998aae6e4f13590b220c9.jpg,dataset-4,train
dataset-4_20211125_121949_jpg.rf.83dcd11d031a52d222e7410e13779b2b.jpg,dataset-4,train
dataset-4_20211125_121950_jpg.rf.af450e51f9e95ee423900718133f8523.jpg,dataset-4,train
dataset-4_20211125_121952_jpg.rf.dc8b61e27add7e958aee03ad37fb5f7a.jpg,dataset-4,train
dataset-4_20211125_121952_jpg.rf.e2d7312623162f0961cf1be8bc8accc5.jpg,dataset-4,train
dataset-4_20211125_122022_jpg.rf.05e49f4322f952ef43ded8b0bed12f86.jpg,dataset-4,train
dataset-4_20211125_122022_jpg.rf.ad3ae4d7253bae37388fe45a2c60e05d.jpg,dataset-4,train
dataset-4_20211125_122040_jpg.rf.cf3e619162fad545c19a4e85756a9340.jpg,dataset-4,train
dataset-4_20211125_122046_jpg.rf.33d42e427dd740b8c9bd0ad86e7ec337.jpg,dataset-4,train
dataset-4_20211125_122046_jpg.rf.9709412433d870632bdf857bf5a5795c.jpg,dataset-4,train
dataset-4_20211125_122046_jpg.rf.a43a4007e9e4bbdce2be1ccc155cdc9d.jpg,dataset-4,train
dataset-4_20211125_122048_jpg.rf.8bfb4167dd130864058860617a458575.jpg,dataset-4,train
dataset-4_20211125_122048_jpg.rf.c449d3196a3c703b4dc7b6b9307c71a7.jpg,dataset-4,train
dataset-4_20211125_122048_jpg.rf.cb4ec6b3183a428f2882a2f3a92aebc2.jpg,dataset-4,train
dataset-4_20211125_122058_jpg.rf.439cb928b1e3f02e22a76985f89a8121.jpg,dataset-4,train
dataset-4_20211125_122058_jpg.rf.9a5a166ca2a430c7d9d33f5dd4550327.jpg,dataset-4,train
dataset-4_20211125_122100_jpg.rf.9b43b161d3a4b892ad1a0268fa83383a.jpg,dataset-4,train
dataset-4_20211125_122102_jpg.rf.049848f8ee07ade51d569a61e2dfd5d6.jpg,dataset-4,train
dataset-4_20211125_122102_jpg.rf.3f5ecd00653ca55fc7bcbfb77bc9fc3a.jpg,dataset-4,train
dataset-4_20211125_122102_jpg.rf.55a205b8a842fab787ef5d9b3197aaed.jpg,dataset-4,train
dataset-4_20211125_122107_jpg.rf.19a23c83ff31eae9043f7b42b5637a44.jpg,dataset-4,train
dataset-4_20211125_122107_jpg.rf.68b100799d00b086018e1c6c83f6e692.jpg,dataset-4,train
dataset-4_20211125_122108_jpg.rf.237d0263dcbafcab219ec07d2c4566a1.jpg,dataset-4,train
dataset-4_20211125_122108_jpg.rf.5e0bb738c5a2d1a29f7cbbbd367bf3c8.jpg,dataset-4,train
dataset-4_20211125_122110_jpg.rf.6674506974ad7d4c69542ecc21be7fb7.jpg,dataset-4,train
dataset-4_20211125_122110_jpg.rf.7bb3a87320b82da1e07e601fb4f3bed0.jpg,dataset-4,train
dataset-4_20211125_122115_jpg.rf.515446628a7bc8e729c2e71bf5d252c8.jpg,dataset-4,train
dataset-4_20211125_122115_jpg.rf.8dc0f67f7bc5828791a1bed84cddf1bd.jpg,dataset-4,train
dataset-4_20211125_122115_jpg.rf.e24377b240f858a34e568d72753bb1de.jpg,dataset-4,train
dataset-4_20211125_122117_jpg.rf.05d23f823a2222d10b847316aaacad54.jpg,dataset-4,train
dataset-4_20211125_122117_jpg.rf.c0ea484aa2b9ac3a9e463d0a5cb6e868.jpg,dataset-4,train
dataset-4_20211125_122118_jpg.rf.0e5e6b19085992a5b7c084d88325c70d.jpg,dataset-4,train
dataset-4_20211125_122118_jpg.rf.296bd35ae086b78fbfdff9c77e9bc0a4.jpg,dataset-4,train
dataset-4_20211125_122118_jpg.rf.b788f24cddc3ba2ad862c353ede09382.jpg,dataset-4,train
dataset-4_20211125_122119_jpg.rf.2ffe7be0e8667a0ff3cd5a6af74515b8.jpg,dataset-4,train
dataset-4_20211125_122119_jpg.rf.50521c4a78ad25115773d3d17330d8f5.jpg,dataset-4,train
dataset-4_20211125_122119_jpg.rf.a9cff96d8a20bd3892d8cb7614e2f154.jpg,dataset-4,train
dataset-4_20211125_122120_jpg.rf.d277f9580d6ea7bdf4a261cd8049c781.jpg,dataset-4,train
dataset-4_20211125_122120_jpg.rf.de60c372b4db341521a5f12458241eee.jpg,dataset-4,train
dataset-4_20211125_122123_jpg.rf.3c19efbd29f4da75b6fd63a8f6d4973d.jpg,dataset-4,train
dataset-4_20211125_122123_jpg.rf.620edea5f6b47bc02640b82fbb056554.jpg,dataset-4,train
dataset-4_20211125_122125_jpg.rf.c858021f6f34364670cfa89137045602.jpg,dataset-4,train
dataset-4_20211125_122126_jpg.rf.192d59001bb8914412f86deb49c1eafb.jpg,dataset-4,train
dataset-4_20211125_122126_jpg.rf.79077091e985138e6bc1f54f0460d5b6.jpg,dataset-4,train
dataset-4_20211125_122128_jpg.rf.18c641b422d5d019f5533344bb3901ec.jpg,dataset-4,train
dataset-4_20211125_122128_jpg.rf.8c31707f9110a41cedb51ec672566d31.jpg,dataset-4,train
dataset-4_20211125_122128_jpg.rf.8e5fa78898251b7d14394d7ee4e6f5a4.jpg,dataset-4,train
dataset-4_20211125_122129_jpg.rf.9098a750b76a8ff5c0a36bcc759c46e0.jpg,dataset-4,train
dataset-4_20211125_122232_jpg.rf.8f975dc9f8007b981617da9300238d31.jpg,dataset-4,train
dataset-4_20211125_122232_jpg.rf.e0a210ba7ada768c127849db9ec06b8d.jpg,dataset-4,train
dataset-4_20211125_122239_jpg.rf.998273c6052025a614006ac65871ea0c.jpg,dataset-4,train
dataset-4_20211125_122244_jpg.rf.b4943980283016657b37cd3fa336daf4.jpg,dataset-4,train
dataset-4_20211125_122246_jpg.rf.4538b5f309db6fa8a30f8c8e9b339fbf.jpg,dataset-4,train
dataset-4_20211125_122246_jpg.rf.f3c0dbf6ea475033824d3a9473b3f1be.jpg,dataset-4,train
dataset-4_20211125_122256_jpg.rf.0eb0954e3bab9f9628a54e86318d04ec.jpg,dataset-4,train
dataset-4_20211125_122256_jpg.rf.25319a3a88de02241a0a4bea19e23879.jpg,dataset-4,train
dataset-4_20211125_122256_jpg.rf.92a2271b5f4e01ac5884bf26976dac68.jpg,dataset-4,train
dataset-4_20211125_122258_jpg.rf.15460d1479aec9e7f8cde0d14edc2703.jpg,dataset-4,train
dataset-4_20211125_122259_jpg.rf.7871312f9a306c76bf5f37225edf530b.jpg,dataset-4,train
dataset-4_20211125_122259_jpg.rf.d4dba716a114cfc3678120eb674ca4b2.jpg,dataset-4,train
dataset-4_20211125_122301_jpg.rf.6830aad37b34968e584b8e577a9c750e.jpg,dataset-4,train
dataset-4_20211125_122301_jpg.rf.816dfdf6eef9f0c1aa050049af76810d.jpg,dataset-4,train
dataset-4_20211125_122301_jpg.rf.81d6a3e18204ed2d9c0bce6e58ab09e8.jpg,dataset-4,train
dataset-4_20211125_122313_jpg.rf.0774cd9674e9f57eeff0d7f262bdba6f.jpg,dataset-4,train
dataset-4_20211125_122316_jpg.rf.592be317521609b7fe0a73e1425238ff.jpg,dataset-4,train
dataset-4_20211125_122316_jpg.rf.6a4e122ea29e6228323a17290a034350.jpg,dataset-4,train
dataset-4_20211125_122316_jpg.rf.8500cd694f7b5f46187557b7ad64011f.jpg,dataset-4,train
dataset-4_20211125_122319_jpg.rf.2d44a0334a775959036864c6dee52af0.jpg,dataset-4,train
dataset-4_20211125_122319_jpg.rf.4c99b686f1d6f5fa5c8fc83bdebc9740.jpg,dataset-4,train
dataset-4_20211125_122319_jpg.rf.e7f5bf7aac93bf637bf53e35c9b6fca3.jpg,dataset-4,train
dataset-4_20211125_122321_jpg.rf.2c8aa7a555b4366dc6de125369bb8777.jpg,dataset-4,train
dataset-4_20211125_122321_jpg.rf.b66c26f18406f7fe3cc6697eedb42cd2.jpg,dataset-4,train
dataset-4_20211125_122327_jpg.rf.ebaf721d868670ce23cc72cd07cae3b9.jpg,dataset-4,train
dataset-4_20211125_122327_jpg.rf.feb363bbb005cf4d6578bd7fe1b3ce88.jpg,dataset-4,train
dataset-4_20211125_122329_jpg.rf.14ebd66acdccf8f14550303969a5cf26.jpg,dataset-4,train
dataset-4_20211125_122329_jpg.rf.23619537d2853eac2e2fd20a6760c9ad.jpg,dataset-4,train
dataset-4_20211125_122329_jpg.rf.aa78e7ce22b60691df061e00217ee87f.jpg,dataset-4,train
dataset-4_20211125_122338_jpg.rf.aae897a78b3037cdef5ec6f2fe7e31c2.jpg,dataset-4,train
dataset-4_20211125_122338_jpg.rf.b8b8100eff6a8ed595bc2eaafae09c0d.jpg,dataset-4,train
dataset-4_20211125_122338_jpg.rf.d89069d71703a45f645d721675f71ba4.jpg,dataset-4,train
dataset-4_20211125_122348_jpg.rf.18776b691b1e2fee7b2bd50eea941680.jpg,dataset-4,train
dataset-4_20211125_122348_jpg.rf.aa10f970596946b3866df77eae8ec78a.jpg,dataset-4,train
dataset-4_20211125_122350_jpg.rf.587e7bcbd4675f67f61418a0d3fd1561.jpg,dataset-4,train
dataset-4_20211125_122352_jpg.rf.1d16735174df4c29d41c4198e65e90ae.jpg,dataset-4,train
dataset-4_20211125_122352_jpg.rf.31b54cbb63bf20a1d95c024cca8919e9.jpg,dataset-4,train
dataset-4_20211125_122352_jpg.rf.de935b8515bb3e741054aa3c8021dd0b.jpg,dataset-4,train
dataset-4_20211125_122404_jpg.rf.867866c6a5f0444156c82bba2661b7ce.jpg,dataset-4,train
dataset-4_20211125_122404_jpg.rf.dbee66950aea5b44ab30a0973c1b0157.jpg,dataset-4,train
dataset-4_20211125_122404_jpg.rf.eb010869f2a25e8a343691f3c0b7194e.jpg,dataset-4,train
dataset-4_20211125_122405_jpg.rf.8190b91f7ecc9db7a8a553dde892ddf6.jpg,dataset-4,train
dataset-4_20211125_122405_jpg.rf.8471e5a6afd8881d1cf29a9f6513595a.jpg,dataset-4,train
dataset-4_20211125_122405_jpg.rf.9a079657397eeb9a574f7288052b9e1f.jpg,dataset-4,train
dataset-4_20211125_122407_jpg.rf.127b37723d71f46e11b6a632ae2d41ee.jpg,dataset-4,train
dataset-4_20211125_122407_jpg.rf.b562bf67ff1dd8e6e2ee35714299aed9.jpg,dataset-4,train
dataset-4_20211125_122407_jpg.rf.e43e2758f1814d0aa74ee821e0184594.jpg,dataset-4,train
dataset-4_20211125_122409_jpg.rf.74e01b8a35f0d1ce90b97633d2a634d0.jpg,dataset-4,train
dataset-4_20211125_122409_jpg.rf.d32756beb5c0112836e024a93fe994a9.jpg,dataset-4,train
dataset-4_20211125_122410_jpg.rf.c843190ac3a1e208a4ba29b0bfa2f62c.jpg,dataset-4,train
dataset-4_20211125_122410_jpg.rf.f5ab0f1612d5177595127a427ad55a1c.jpg,dataset-4,train
dataset-4_20211125_122414_jpg.rf.1ab703a73f0e85aa8e6e2ff606f81e57.jpg,dataset-4,train
dataset-4_20211125_122414_jpg.rf.3ff78199da9bd9d7a26230f59dde9a93.jpg,dataset-4,train
dataset-4_20211125_122419_jpg.rf.5432189ae14cea097168b17b830973d8.jpg,dataset-4,train
dataset-4_20211125_122419_jpg.rf.a1c91af1eae00c1d93d6f82ca03c7e13.jpg,dataset-4,train
dataset-4_20211125_122419_jpg.rf.fa501fbbc14a0f53dca039bcfc2df21e.jpg,dataset-4,train
dataset-4_20211125_122420_jpg.rf.4119295102907e063471c5aac01d7a13.jpg,dataset-4,train
dataset-4_20211125_122420_jpg.rf.923cd91233e560d412acc6d77ebf7fe7.jpg,dataset-4,train
dataset-4_20211125_122422_jpg.rf.2ade36aeeee7edd6ea706618411b3bf0.jpg,dataset-4,train
dataset-4_20211125_122422_jpg.rf.f76f99fa070387bd74b5eec0760bce55.jpg,dataset-4,train
dataset-4_20211125_122427_jpg.rf.5f6c632d4cf2151d91137c216d4c5cef.jpg,dataset-4,train
dataset-4_20211125_122427_jpg.rf.d3eb82e89f037a1017ebfab5038cf03e.jpg,dataset-4,train
dataset-4_20211125_122429_jpg.rf.44d7fc5ddbda17a350355c6bf2376e53.jpg,dataset-4,train
dataset-4_20211125_122429_jpg.rf.b2874d2fe82d3d6b20d6f840e6ff78ae.jpg,dataset-4,train
dataset-4_20211125_122442_jpg.rf.0bcb2f271c53c7941e5581fd0521d4fa.jpg,dataset-4,train
dataset-4_20211125_122445_jpg.rf.35eaa344f1cde0cc76e7290756571df4.jpg,dataset-4,train
dataset-4_20211125_122445_jpg.rf.92c6c931ea6b2e2ebf075fb86cc6f680.jpg,dataset-4,train
dataset-4_20211125_122445_jpg.rf.e1d7844552cce06bf9da620ee6e14af0.jpg,dataset-4,train
dataset-4_20211125_122447_jpg.rf.f39c541a5a3f3ec9567a6433da894a89.jpg,dataset-4,train
dataset-4_20211125_122448_jpg.rf.0584d04c8684b40238116c632ba411f4.jpg,dataset-4,train
dataset-4_20211125_122456_jpg.rf.0ded3a7ff33964132d2b836731dd5dfd.jpg,dataset-4,train
dataset-4_20211125_122457_jpg.rf.28465af747416bbeacdd9cc09000ce81.jpg,dataset-4,train
dataset-4_20211125_122457_jpg.rf.9715574838d2cac4edd74ad2c2aec837.jpg,dataset-4,train
dataset-4_20211125_122457_jpg.rf.97c0dd17aa67750757e8c5d45e16c09d.jpg,dataset-4,train
dataset-4_20211125_122459_jpg.rf.712a723231838d68564ba435dc8ff533.jpg,dataset-4,train
dataset-4_20211125_122459_jpg.rf.a795aca5af079158739e3424b28921af.jpg,dataset-4,train
dataset-4_20211125_122515_jpg.rf.58c763df00e4df43082a8a3da37633e8.jpg,dataset-4,train
dataset-4_20211125_122516_jpg.rf.08f5fa6535906402bbd1ea4b5189f451.jpg,dataset-4,train
dataset-4_20211125_122520_jpg.rf.48af877dc3ad58275302cd9631167530.jpg,dataset-4,train
dataset-4_20211125_122520_jpg.rf.766f084575b30ca3049227dae851c49c.jpg,dataset-4,train
dataset-4_20211125_122520_jpg.rf.7772d581170dd80fc56b9d916ee45730.jpg,dataset-4,train
dataset-4_20220125_175448_jpg.rf.fdf1aab718e7077c617abdbf86deeb2b.jpg,dataset-4,train
dataset-4_20220125_175458_jpg.rf.4b53f1b8722705d5b3a461cefaf6b217.jpg,dataset-4,train
dataset-4_20220125_175458_jpg.rf.799c558ff86ad4e2a932b28aa7fc0395.jpg,dataset-4,train
dataset-4_20220125_175458_jpg.rf.d3abde588b1969873282dbcf242ff9d9.jpg,dataset-4,train
dataset-4_20220125_175458_jpg.rf.fc3bae3048e1fe48efd9e09c2af9e039.jpg,dataset-4,train
dataset-4_20220125_175540_jpg.rf.31375a317ffc6a5c88facbe95630d5fc.jpg,dataset-4,train
dataset-4_20220125_175540_jpg.rf.af857d43268dab7bc5a19986c2ab5296.jpg,dataset-4,train
dataset-4_20220125_175540_jpg.rf.b2efa8e2efb6ea0c7946998a1b982dbc.jpg,dataset-4,train
dataset-4_20220125_175600_jpg.rf.19f306d1418a3ef220492bf4a9688c5b.jpg,dataset-4,train
dataset-4_20220125_175600_jpg.rf.2d02e68d250914070fc673370d85c011.jpg,dataset-4,train
dataset-4_20220125_175609_jpg.rf.67c504ad0090fc1dcf2fae0ecf1124e8.jpg,dataset-4,train
dataset-4_20220125_175609_jpg.rf.c0e07560bfc87272a1a80d0a93e849be.jpg,dataset-4,train
dataset-4_20220125_175619_jpg.rf.3b0208d1a6e0ac68b3bf8d1fdb60a2c6.jpg,dataset-4,train
dataset-4_20220125_175710_jpg.rf.7c11ff096790a9caa2a3dfd5ae331fe8.jpg,dataset-4,train
dataset-4_20220125_175710_jpg.rf.c2d2f7d7de45ebe733c82c492d2945c2.jpg,dataset-4,train
dataset-4_20220125_175715_jpg.rf.0392c813979dd23b664e2a45425a8e01.jpg,dataset-4,train
dataset-4_20220125_175715_jpg.rf.42626eba15dbdc42ba0c2b48fe1a1b48.jpg,dataset-4,train
dataset-4_20220125_175717_jpg.rf.f98916624ef21b507d219e3500b619f3.jpg,dataset-4,train
dataset-4_20220125_175725_jpg.rf.533a7d4fcd39eb86f631476bdbaebd41.jpg,dataset-4,train
dataset-4_20220125_175725_jpg.rf.53fcae3fdb4811b916115c4df3e79c2b.jpg,dataset-4,train
dataset-4_20220125_175725_jpg.rf.c68f0774a93d96c10b24feb765e9a797.jpg,dataset-4,train
dataset-4_20220125_175813_jpg.rf.012da6c2e5a589925455bfa8f4e2ed79.jpg,dataset-4,train
dataset-4_20220125_175813_jpg.rf.9bd9357c478026b7b358a25f5e86da14.jpg,dataset-4,train
dataset-4_20220125_175813_jpg.rf.f7028e27399786c878e45f4c2b28dac7.jpg,dataset-4,train
dataset-4_20220125_175814_jpg.rf.ed9b98b96af6406bb16600e70b045dc8.jpg,dataset-4,train
dataset-4_20220125_180038_jpg.rf.ae42c0c1049565e1d15b03a7d5d452b0.jpg,dataset-4,train
dataset-4_20220125_180038_jpg.rf.c2a60a8d535321e2512567dde1e01cfc.jpg,dataset-4,train
dataset-4_20220211_182114_jpg.rf.9be4323cf19d44f43044dde509be0cf9.jpg,dataset-4,train
dataset-4_20220211_182316_jpg.rf.9aa84e660ac144bee9d2ea7d27fd8e17.jpg,dataset-4,train
dataset-4_20220211_182453_jpg.rf.5aea0bb566b0f1376cafb905b98aa823.jpg,dataset-4,train
dataset-4_20220211_192810_jpg.rf.4330117885f0de433ac6f5d97d7719c3.jpg,dataset-4,train
dataset-4_20220211_192810_jpg.rf.780d8f67cfcdcc4e306c4048dd9157d9.jpg,dataset-4,train
dataset-4_20220211_192815_jpg.rf.4e6980e63341a82c6028fb8909dd120b.jpg,dataset-4,train
dataset-4_20220211_192815_jpg.rf.80c2cef2daf65c3e95ce8732398891a1.jpg,dataset-4,train
dataset-4_20220211_192815_jpg.rf.e93bcb5c4034f05c03a5aaacf84e3b69.jpg,dataset-4,train
dataset-4_20220211_192826_jpg.rf.07a9fe944c956711b1b8198a65e4a158.jpg,dataset-4,train
dataset-4_20220211_192826_jpg.rf.17141f9c93847eaba3182664b553172d.jpg,dataset-4,train
dataset-4_20220211_192826_jpg.rf.32fa6c17182bddd571ca9f2c07a4890d.jpg,dataset-4,train
dataset-4_20220211_192841_jpg.rf.67d0888b238638450a3c186029879836.jpg,dataset-4,train
dataset-4_20220211_192841_jpg.rf.6ba5e1257cb8779263435745a080c1d4.jpg,dataset-4,train
dataset-4_20220211_192915_jpg.rf.d3cc93f7f9cbc3c7ef8f92ea1ee4e8b3.jpg,dataset-4,train
dataset-4_20220211_192920_jpg.rf.044c475566433a2335c7995066da8d6d.jpg,dataset-4,train
dataset-4_20220211_192920_jpg.rf.b5972ed42c75e490045e5bee713ee3ec.jpg,dataset-4,train
dataset-4_20220211_192933_jpg.rf.176e6f287588b69a58dbcfd51d19597b.jpg,dataset-4,train
dataset-4_20220211_192933_jpg.rf.431912fef21d5e923d58801af19f45b7.jpg,dataset-4,train
dataset-4_20220211_192933_jpg.rf.ae937d0d990df950edbf0b946bab4aac.jpg,dataset-4,train
dataset-4_20220213_194839_jpg.rf.a40f7f610b523cb735370fc45944394f.jpg,dataset-4,train
dataset-4_20220216_201449_jpg.rf.3a56285aa0a55668ea1bfe645fbe32f5.jpg,dataset-4,train
dataset-4_20220216_201449_jpg.rf.60aa1881ac7754cf55ff655cc4536fb9.jpg,dataset-4,train
dataset-4_20220216_201449_jpg.rf.78520e4ff1a73b368c0ea81a25e6dd06.jpg,dataset-4,train
dataset-4_20220216_201450_jpg.rf.19441902f437d71f3a3af21be04f282c.jpg,dataset-4,train
dataset-4_20220216_201450_jpg.rf.266f0f0fe0dad829377d2b4813f5b92f.jpg,dataset-4,train
dataset-4_20220216_201450_jpg.rf.654a89e3e4edc3e65c99680bbf9ff875.jpg,dataset-4,train
dataset-4_20220216_201528_jpg.rf.ba3181fb909159871a137be517616cf7.jpg,dataset-4,train
dataset-4_20220216_201541_jpg.rf.90392df23999b7ea7ff8b987fa07c8c4.jpg,dataset-4,train
dataset-4_20220216_201809_jpg.rf.3e22a83f3f8e02fc03b4406022a2ee2e.jpg,dataset-4,train
dataset-4_20220216_201809_jpg.rf.7b005b5ef8451959e3a11a26cd16e7b7.jpg,dataset-4,train
dataset-4_20220216_201934_jpg.rf.5567e4227d4d0bac3fbe31d10ac921d6.jpg,dataset-4,train
dataset-4_20220216_201934_jpg.rf.6375873e3bcdf9036ea5ac5e0a285aaa.jpg,dataset-4,train
dataset-4_20220216_201934_jpg.rf.aedff78469bc14b8d75e2c50c2cb9007.jpg,dataset-4,train
dataset-4_20220216_202147_jpg.rf.3d5b0f1953ff42610684ce15bc2ca2af.jpg,dataset-4,train
dataset-4_20220216_202353_jpg.rf.63674e0d68391d14ab2755c31a80ce86.jpg,dataset-4,train
dataset-4_20220216_202353_jpg.rf.a57d9719629177b2387ca608453a48d2.jpg,dataset-4,train
dataset-4_20220216_202412_jpg.rf.80e4d00140a52aceb6f900fd63c44a3e.jpg,dataset-4,train
dataset-4_20220216_202412_jpg.rf.9d18d3ac35392ccb7f5a36c0bd04a68b.jpg,dataset-4,train
dataset-4_20220216_202529_jpg.rf.09e66593ef383135128826850b5cba34.jpg,dataset-4,train
dataset-4_20220216_202529_jpg.rf.ffe3719d57fdb4fadb2de56c31365e9e.jpg,dataset-4,train
dataset-4_20220216_203055_jpg.rf.85224cea8dcb63dd72f42e61811a59f3.jpg,dataset-4,train
dataset-4_20220216_203101_jpg.rf.23cead126bbc9d7e98763cdc6700b720.jpg,dataset-4,train
dataset-4_20220216_203101_jpg.rf.26e5fd34e2ac025df067eb5915a7120b.jpg,dataset-4,train
dataset-4_20220216_203101_jpg.rf.dac0494377a45ef74e3d1bd6e04f191d.jpg,dataset-4,train
dataset-4_20220216_203110_jpg.rf.c772a6178b4b9f458d235e452cd98cb4.jpg,dataset-4,train
dataset-4_20220216_203114_jpg.rf.99d908321801816593a1f24ed9a17c80.jpg,dataset-4,train
dataset-4_20220216_203114_jpg.rf.efac9248dfd8916688873e7c86d3d3f1.jpg,dataset-4,train
dataset-4_20220218_181547_jpg.rf.30954d94a9bfc46c99bc4380e3f4f53b.jpg,dataset-4,train
dataset-4_20220218_181547_jpg.rf.6a6cd19e48992653e525e1501bf148cd.jpg,dataset-4,train
dataset-4_20220218_181620_jpg.rf.9b415350bf2dcc1e3591e4f96727d487.jpg,dataset-4,train
dataset-4_20220218_181620_jpg.rf.a80624e7ce08c7f5bb6c0c0135f4ed4b.jpg,dataset-4,train
dataset-4_20221115_235929_001_jpg.rf.0a2f6f9f8ff741abe886bfce2fc87772.jpg,dataset-4,train
dataset-4_20221115_235929_001_jpg.rf.221de8aa01a16f704442ae0c6e97bf1f.jpg,dataset-4,train
dataset-4_20302_00_m_10_jpg.rf.352d8c9751e43a86b7b93714065fd458.jpg,dataset-4,train
dataset-4_20302_00_m_10_jpg.rf.ae0b821daaa83959d2561b455c1d77fa.jpg,dataset-4,train
dataset-4_20302_00_m_10_jpg.rf.e4b26ca20bf7463db5c7981f554f25a7.jpg,dataset-4,train
dataset-4_20302_00_m_19_jpg.rf.6365a6010904df94fe7dd2dd9c47e71e.jpg,dataset-4,train
dataset-4_20302_00_m_1_jpg.rf.b1b95996523f8b6f75988713d73c46b3.jpg,dataset-4,train
dataset-4_20302_00_m_1_jpg.rf.d93f72ba18197d1f26b474a622188936.jpg,dataset-4,train
dataset-4_20302_00_m_7_jpg.rf.559d0ad58e7223d41a14cf6775682cc1.jpg,dataset-4,train
dataset-4_20302_00_m_7_jpg.rf.77616e3a5ecf475d99758cc0b1c690a7.jpg,dataset-4,train
dataset-4_20302_30_s_22_jpg.rf.4b130d4bd2ac778633cefa13894e6c0d.jpg,dataset-4,train
dataset-4_20302_60_m_1_jpg.rf.2d446159c98f4a63b502121a910baa40.jpg,dataset-4,train
dataset-4_20302_60_m_1_jpg.rf.6c14487ac9b6c9f065915c2cb9eef518.jpg,dataset-4,train
dataset-4_20302_60_m_1_jpg.rf.e722f55be666e265b4f87d0967a80047.jpg,dataset-4,train
dataset-4_20302_60_s_22_jpg.rf.3511deebc8b7dd501d96b520f4aa7e62.jpg,dataset-4,train
dataset-4_20302_60_s_22_jpg.rf.5d3bc0044f100398293a9e9495ffce83.jpg,dataset-4,train
dataset-4_20302_60_s_22_jpg.rf.6c1865b50c44613e433eb0b534e92c0d.jpg,dataset-4,train
dataset-4_20_jpg.rf.d23f52e05b4b80222cfc1629792b8c4a.jpg,dataset-4,train
dataset-4_21-215538_free-png-download-mineral-water-bottle-png-images_png_jpg.rf.7a089a1b33bd56e3ea2e01f21a30ef76.jpg,dataset-4,train
dataset-4_2119_jpg.rf.4b65699f8ea9bb28346a8d666d592762.jpg,dataset-4,train
dataset-4_2149_jpg.rf.03be2b9997aa2f31755845791b3e7ba4.jpg,dataset-4,train
dataset-4_2149_jpg.rf.ffcf91a0a7995707928c6b62d41d7005.jpg,dataset-4,train
dataset-4_21_jpg.rf.6993199e46c338f4c6f7d26e41338a55.jpg,dataset-4,train
dataset-4_21_jpg.rf.7a33d77a27fd2b00065bed58fb3df820.jpg,dataset-4,train
dataset-4_21_jpg.rf.bfc97234c061e9b5f1e4fd93d430a8d7.jpg,dataset-4,train
dataset-4_21_png_jpg.rf.fc9b9722e89337ae97a9f7d169accafc.jpg,dataset-4,train
dataset-4_2230_jpg.rf.819e5f63cabdfcde48b41e93974df2ea.jpg,dataset-4,train
dataset-4_2230_jpg.rf.86bdce8f5588b61581749c552f5849e9.jpg,dataset-4,train
dataset-4_2230_jpg.rf.881582335551956cd1a8c8412bd42281.jpg,dataset-4,train
dataset-4_2231_jpg.rf.53d63f0828c53be4673f0ae27a9cca4e.jpg,dataset-4,train
dataset-4_2231_jpg.rf.beeaadb21186c11da34129a9d8612086.jpg,dataset-4,train
dataset-4_2231_jpg.rf.d8a87f2ce1a76413635dbe262dfc54ed.jpg,dataset-4,train
dataset-4_2236_jpg.rf.84c027129889dceb0b4c712d3f7f1f5e.jpg,dataset-4,train
dataset-4_2236_jpg.rf.8780dcd5f4f9c2281e403d9f835aa475.jpg,dataset-4,train
dataset-4_2236_jpg.rf.8e303b1d2e606aac5a37f13d2458b4fe.jpg,dataset-4,train
dataset-4_2237_jpg.rf.59a2040aabe79617701581370a0ece8f.jpg,dataset-4,train
dataset-4_2237_jpg.rf.71c9b35b622a688b1e5cd0b8a88c7ae0.jpg,dataset-4,train
dataset-4_2246_jpg.rf.dd544858b46bb35a1b337d34be55584c.jpg,dataset-4,train
dataset-4_2249_jpg.rf.18335ed965753109a3d218a81cb363b4.jpg,dataset-4,train
dataset-4_2249_jpg.rf.3eacd6b843cf5b8f6e053b53a572f19e.jpg,dataset-4,train
dataset-4_2251_jpg.rf.6af4a18fea55d7de66562e38de5ab27c.jpg,dataset-4,train
dataset-4_2251_jpg.rf.88250327a02350bb025bf5692345d393.jpg,dataset-4,train
dataset-4_2253_jpg.rf.e68dd4b5129f46c5c85d8ad1746814e9.jpg,dataset-4,train
dataset-4_2255_jpg.rf.124e060dabb72a845db2e907626dfe28.jpg,dataset-4,train
dataset-4_2255_jpg.rf.ac88954791f37f21b37d0016a4ec087a.jpg,dataset-4,train
dataset-4_2256_jpg.rf.0ba0749f88e8292ec0a4d919f6f99d5b.jpg,dataset-4,train
dataset-4_2256_jpg.rf.107f5d1d0a3f1100602ca20e171f696f.jpg,dataset-4,train
dataset-4_2267_jpg.rf.b129a3e3557f07016b82a3807325d623.jpg,dataset-4,train
dataset-4_2267_jpg.rf.b8a10bff63a0ed65aa80ac10ad7d5059.jpg,dataset-4,train
dataset-4_2267_jpg.rf.ea9d361ffc1540b71538cf336636fbbb.jpg,dataset-4,train
dataset-4_2271_jpg.rf.2143b3e8f95b05fc67d747118987b9b8.jpg,dataset-4,train
dataset-4_2271_jpg.rf.98c69b8a13bf82359994cd066cbc6578.jpg,dataset-4,train
dataset-4_2271_jpg.rf.e851be87dbac4b7463901dee215c8c87.jpg,dataset-4,train
dataset-4_2274_jpg.rf.8a88208546700b747490a4f12741b025.jpg,dataset-4,train
dataset-4_2274_jpg.rf.c2040f2064b1cc4b429911c1ebab53ce.jpg,dataset-4,train
dataset-4_2274_jpg.rf.df860ca93408963c3cb7cecb8bae5bf1.jpg,dataset-4,train
dataset-4_2277_jpg.rf.13de7935c4f652ef27d856b6d3b3a896.jpg,dataset-4,train
dataset-4_2277_jpg.rf.426fc0b616981da7a7e60d155b1ce3b5.jpg,dataset-4,train
dataset-4_2279_jpg.rf.2a3f328de92632dabaa3b84f6a56ffb7.jpg,dataset-4,train
dataset-4_2279_jpg.rf.8e293a22210b29cb7c9c1768fdcef3dd.jpg,dataset-4,train
dataset-4_2279_jpg.rf.8febdc422db8b7196ab886d065cc4e4d.jpg,dataset-4,train
dataset-4_2283_jpg.rf.2e3505c9304c28b34c37ab97bc4c420a.jpg,dataset-4,train
dataset-4_2283_jpg.rf.44e17675810caecea3023b0e6bd78d17.jpg,dataset-4,train
dataset-4_2283_jpg.rf.fe6147cebdceb5acf13283f6ed2e6f07.jpg,dataset-4,train
dataset-4_2285_jpg.rf.1e5ad67abaf747ef5875c984a6754824.jpg,dataset-4,train
dataset-4_2285_jpg.rf.23c1e684e2d355aae52a3be54e29f8ef.jpg,dataset-4,train
dataset-4_2285_jpg.rf.78a56e5673bdb1115f71da6427084acf.jpg,dataset-4,train
dataset-4_2287_jpg.rf.46c0ea403fdf767f3bcfe9f7570ff0fe.jpg,dataset-4,train
dataset-4_2287_jpg.rf.c310936adf616119f0854cda59d158cd.jpg,dataset-4,train
dataset-4_2288_jpg.rf.d199af41f390f21aaeaa6838513f66c8.jpg,dataset-4,train
dataset-4_2288_jpg.rf.fbb3029ac465f0f06c32b7c075e98994.jpg,dataset-4,train
dataset-4_2289_jpg.rf.8d69574439b6bd3fde9c809f444ba53b.jpg,dataset-4,train
dataset-4_22_jpg.rf.00e83263654ef242c69cd6b4290ba8f3.jpg,dataset-4,train
dataset-4_22_jpg.rf.190423b4ae33a99354a30e9b92354c84.jpg,dataset-4,train
dataset-4_22_jpg.rf.558ab81ba7f5bedcd54cb6b5cc298892.jpg,dataset-4,train
dataset-4_22_jpg.rf.7fce6c39e62d78e5d9d13c32a8ed7250.jpg,dataset-4,train
dataset-4_2309_jpg.rf.1e445bf8f2841718019c614a3b5300c2.jpg,dataset-4,train
dataset-4_2309_jpg.rf.222ea1528ac15477e9026e2dc22e55a1.jpg,dataset-4,train
dataset-4_2309_jpg.rf.ab91e57c8c25370e5e0753ca0832cce5.jpg,dataset-4,train
dataset-4_2313_jpg.rf.7a661f9ff7a3e6cddc425b8e30458c93.jpg,dataset-4,train
dataset-4_2322_jpg.rf.7a4023d67cfe88320c378ece8bf3d2dd.jpg,dataset-4,train
dataset-4_2322_jpg.rf.c3b329b1c9af5e7fbb169d49b1c03f0a.jpg,dataset-4,train
dataset-4_2322_jpg.rf.f19de135b5c154dd825de5c7d06ab1c9.jpg,dataset-4,train
dataset-4_2324_jpg.rf.2d21f5b5f64b7ab9bd82bca6db2646a6.jpg,dataset-4,train
dataset-4_2324_jpg.rf.55ef0887be06db05803f11b03514cdb1.jpg,dataset-4,train
dataset-4_2324_jpg.rf.fec37c6cde8c6330de94874eaae1f572.jpg,dataset-4,train
dataset-4_2328_jpg.rf.12f373d7e38bb300a5d254dc106270d0.jpg,dataset-4,train
dataset-4_2328_jpg.rf.7119282d5135856294024b3cc2ac76b6.jpg,dataset-4,train
dataset-4_2328_jpg.rf.8f604ae83bb26c48e495e9e6ffe2d694.jpg,dataset-4,train
dataset-4_2332_jpg.rf.d4210a0fe6aafaeab95e056f186e0553.jpg,dataset-4,train
dataset-4_2333_jpg.rf.2a804e0c74927357229df68daba5110e.jpg,dataset-4,train
dataset-4_2333_jpg.rf.a1acf70cb3c05b81fa21a7dbd00362ed.jpg,dataset-4,train
dataset-4_2336_jpg.rf.2c81341aa81d2d4b71a70779c700dbf4.jpg,dataset-4,train
dataset-4_2336_jpg.rf.c0eb3797eef3175f2a340ae0de8d3b14.jpg,dataset-4,train
dataset-4_2338_jpg.rf.67991a2286d6756cfcd6baf23cd0d0c2.jpg,dataset-4,train
dataset-4_2342_jpg.rf.fd764c9d5d98db175b7534e80bf1abec.jpg,dataset-4,train
dataset-4_2351_jpg.rf.4b3738609cdac34c77a1e633a98bd560.jpg,dataset-4,train
dataset-4_2351_jpg.rf.67fd5e2698522ae82ccf8cb7e6e5dd3f.jpg,dataset-4,train
dataset-4_2357_jpg.rf.7997f52d470f56b70f212b54d2ef8e28.jpg,dataset-4,train
dataset-4_2357_jpg.rf.be9389113a01f2fc19c71b14d89b3242.jpg,dataset-4,train
dataset-4_2357_jpg.rf.e65e48e06ee761c1165660ddbbe3d954.jpg,dataset-4,train
dataset-4_2364_jpg.rf.446da855452ff2bdf9493e7091e9763d.jpg,dataset-4,train
dataset-4_2365_jpg.rf.9ea0b071febab8dc56f352ba3e6e7e31.jpg,dataset-4,train
dataset-4_2365_jpg.rf.ac829b4093935a3f13450a7265ad75b1.jpg,dataset-4,train
dataset-4_2365_jpg.rf.f16764ecbdf5f041abe09e1605bdb358.jpg,dataset-4,train
dataset-4_2367_jpg.rf.0cf37b218dbdea8ba925f598dc2c8f27.jpg,dataset-4,train
dataset-4_2367_jpg.rf.92648f48ba7b353f00b80a0d3adb92ab.jpg,dataset-4,train
dataset-4_2367_jpg.rf.da22bb197cec8775446632296030483c.jpg,dataset-4,train
dataset-4_2377_jpg.rf.53b42fff5c063550e23b7fcd4fe9aa14.jpg,dataset-4,train
dataset-4_2377_jpg.rf.59a62f4f2e865b1642bdb788d79d4384.jpg,dataset-4,train
dataset-4_2381_jpg.rf.043561afe1597901823aa9270745e3dd.jpg,dataset-4,train
dataset-4_2381_jpg.rf.e04e53b14226baeb65e305989bd7c636.jpg,dataset-4,train
dataset-4_2384_jpg.rf.d5a63492ea0fd914aed19de6c549427a.jpg,dataset-4,train
dataset-4_23_jpg.rf.4c8c90bf8fe62c881fbe7efdaa18362d.jpg,dataset-4,train
dataset-4_23_png_jpg.rf.178c3b189c9a49a904347a249e2a43b8.jpg,dataset-4,train
dataset-4_23_png_jpg.rf.41417c2a5cff2c552c04830d83645b18.jpg,dataset-4,train
dataset-4_23_png_jpg.rf.a7aa6f6b811ed337abe88f8458791b4d.jpg,dataset-4,train
dataset-4_2400_jpg.rf.daa6b7c0746da3715c75750e38fb6713.jpg,dataset-4,train
dataset-4_2408_jpg.rf.23900acb4eeb059633365b7c0864d3ce.jpg,dataset-4,train
dataset-4_2408_jpg.rf.239970f63d7078036785ec2e3bacb4f5.jpg,dataset-4,train
dataset-4_2408_jpg.rf.e7372abd686642d0ea8bc199b6dc4e16.jpg,dataset-4,train
dataset-4_2409_jpg.rf.369734f037f217828c33c3f5f993745e.jpg,dataset-4,train
dataset-4_2411_jpg.rf.22d6adf12365217e874bb8e97085ca26.jpg,dataset-4,train
dataset-4_2411_jpg.rf.3216e97292cf1a739e9dd55b1064f823.jpg,dataset-4,train
dataset-4_2426_jpg.rf.7c88faf246300644c7e0008b5e7a795a.jpg,dataset-4,train
dataset-4_2426_jpg.rf.c6659a39270c6965855cb7a0a5e8831b.jpg,dataset-4,train
dataset-4_2429_jpg.rf.046d8b108e4ad396ae279c6559706a68.jpg,dataset-4,train
dataset-4_2429_jpg.rf.6c77a153735cf5827c3ce685841936a4.jpg,dataset-4,train
dataset-4_2429_jpg.rf.acc44a1241b9f6a788bae7b96d2d3b54.jpg,dataset-4,train
dataset-4_2430_jpg.rf.17b826efd88e2c001b1404b26560fc3f.jpg,dataset-4,train
dataset-4_2430_jpg.rf.3c31286572c86c77892c4a1b3a9a096d.jpg,dataset-4,train
dataset-4_2430_jpg.rf.f5f9fa0c45f07baf2ffa941f8ed074d3.jpg,dataset-4,train
dataset-4_2436_jpg.rf.4bcae9e8bd14e956e89c4057a126fd85.jpg,dataset-4,train
dataset-4_2436_jpg.rf.53935cab3ecc52c5f82c4cb7ecea34a0.jpg,dataset-4,train
dataset-4_2442_jpg.rf.174519fd88ac1766ad882300b5e072d7.jpg,dataset-4,train
dataset-4_2442_jpg.rf.496cdbc85bf0fee9b413c09da856fb49.jpg,dataset-4,train
dataset-4_2447_jpg.rf.21afed77eb7e1467261826765713eb62.jpg,dataset-4,train
dataset-4_2447_jpg.rf.b1fe30e538250516c14dd670caf0929c.jpg,dataset-4,train
dataset-4_2450_jpg.rf.ce5caf9f2ade606618ff1dc9cce4d1ff.jpg,dataset-4,train
dataset-4_2450_jpg.rf.d8873414e0aa0b47e7317d77e5d8baeb.jpg,dataset-4,train
dataset-4_2450_jpg.rf.fc0a664dc13051da9cef0594e099234f.jpg,dataset-4,train
dataset-4_2457_jpg.rf.33964bed76597d9d3d59e225672b87cd.jpg,dataset-4,train
dataset-4_2457_jpg.rf.b30a6c533498164acfeebc502d742cff.jpg,dataset-4,train
dataset-4_2462_jpg.rf.c3e607c27e8a54ce6ef25dc363871d64.jpg,dataset-4,train
dataset-4_2464_jpg.rf.c5ef8ec7ef4d454129d6ab8ab3cc0291.jpg,dataset-4,train
dataset-4_2464_jpg.rf.e9d63d049b011dc283930686968830b7.jpg,dataset-4,train
dataset-4_2472_jpg.rf.83214c987aeabcaa089adc2166132b13.jpg,dataset-4,train
dataset-4_2472_jpg.rf.ebc415ac72a52d50b3987152bdb8b849.jpg,dataset-4,train
dataset-4_2472_jpg.rf.f3544493f8966e6e7a70f87017921860.jpg,dataset-4,train
dataset-4_2480_jpg.rf.20871dfe342a4d681c0e870331832f35.jpg,dataset-4,train
dataset-4_2480_jpg.rf.5ae7b37e555d1528fed88ecc8aef5d6f.jpg,dataset-4,train
dataset-4_2481_jpg.rf.20273204903e60e457ec9873e7d97773.jpg,dataset-4,train
dataset-4_2481_jpg.rf.a853668376f29eef40a489c96ed60f74.jpg,dataset-4,train
dataset-4_2481_jpg.rf.c5b6a8752c61e5ee1c626231e4ca3f61.jpg,dataset-4,train
dataset-4_2483_jpg.rf.03622c5c505e11758d0053447abe698f.jpg,dataset-4,train
dataset-4_2483_jpg.rf.3f41982913fa09b254838dab31f00f1a.jpg,dataset-4,train
dataset-4_2483_jpg.rf.b5f89a70b34452f57366d089c4985edd.jpg,dataset-4,train
dataset-4_2492_jpg.rf.ff7983eb6585501fd326f66330a76bce.jpg,dataset-4,train
dataset-4_2496_jpg.rf.6fd638622b85e3f0cb80d3f562e8d148.jpg,dataset-4,train
dataset-4_24_jpg.rf.834715d237c32fa70d304ed60410e3cb.jpg,dataset-4,train
dataset-4_24_jpg.rf.94f286d7f14ef130f1096de4d783fdd6.jpg,dataset-4,train
dataset-4_24_jpg.rf.a053cadf742567191d11b845b7ce565d.jpg,dataset-4,train
dataset-4_2502_jpg.rf.61f5a123ae3a3b18c1491de7bb3aff3b.jpg,dataset-4,train
dataset-4_2502_jpg.rf.98a6ff90601e4d4578c4aa69a7a9be99.jpg,dataset-4,train
dataset-4_2503_jpg.rf.94f51ec38c40f28921b18f234f9b1214.jpg,dataset-4,train
dataset-4_2504_jpg.rf.340e9f07657bf728d473a21f43deec89.jpg,dataset-4,train
dataset-4_2504_jpg.rf.be370a68dc7ad3ce3b3083842a5e4944.jpg,dataset-4,train
dataset-4_2514_jpg.rf.1ff2bf7eb7ee8d6de8305740f0d7ef69.jpg,dataset-4,train
dataset-4_2514_jpg.rf.ddee258e9cd54abea739796ca3f21c98.jpg,dataset-4,train
dataset-4_2514_jpg.rf.f46d7d6f6dbbb376349f9948f45d0596.jpg,dataset-4,train
dataset-4_2527_jpg.rf.52aac52a7b38ab1e46f3239958a8b186.jpg,dataset-4,train
dataset-4_2527_jpg.rf.a56594b69724334c41fbf9de5d89ecce.jpg,dataset-4,train
dataset-4_2527_jpg.rf.c157a0b20515c7a84b551a6fa81ff2ee.jpg,dataset-4,train
dataset-4_2528_jpg.rf.357d29b0dc204f3bf48d12f1f102702d.jpg,dataset-4,train
dataset-4_2528_jpg.rf.b379c45d0e4bd391dd431dc333ef5eca.jpg,dataset-4,train
dataset-4_25331_00_m_19_jpg.rf.0ba39b330e3621c856adb1181cb2cff2.jpg,dataset-4,train
dataset-4_25331_00_m_1_jpg.rf.28e77d91f336b19f19291e254096788a.jpg,dataset-4,train
dataset-4_25331_00_m_1_jpg.rf.79264467c48fa7d74d568b701faf2110.jpg,dataset-4,train
dataset-4_25331_00_m_6_jpg.rf.407e3ef7daa8043d89d4d1e0db4323aa.jpg,dataset-4,train
dataset-4_25331_00_m_6_jpg.rf.f25b533ad811fd4720c17dab987689d9.jpg,dataset-4,train
dataset-4_25331_00_s_22_jpg.rf.5524eccf5021465cd2a127e96a808979.jpg,dataset-4,train
dataset-4_25331_00_s_22_jpg.rf.64aaa7c3f84bc8013a46879e35fee553.jpg,dataset-4,train
dataset-4_25331_00_s_22_jpg.rf.dc5da353670444645c9d2c1034dec17c.jpg,dataset-4,train
dataset-4_25331_30_m_14_jpg.rf.3de0f16de7b752efedb7df222fa1b88d.jpg,dataset-4,train
dataset-4_25331_30_m_14_jpg.rf.bd01496a365c5c0a852ab663ca0091c4.jpg,dataset-4,train
dataset-4_25331_30_m_14_jpg.rf.cce6a1574e2fb1b6d525858024b37e4e.jpg,dataset-4,train
dataset-4_25331_30_m_1_jpg.rf.6140d553bf7777b7034cfd3edca90935.jpg,dataset-4,train
dataset-4_25331_30_m_1_jpg.rf.a33ac8fccb80f96696fc0dbf39871385.jpg,dataset-4,train
dataset-4_25331_30_m_1_jpg.rf.c75058d7fde7399ef6ffbb7ec3a44185.jpg,dataset-4,train
dataset-4_25331_30_s_24_jpg.rf.0f52573a12535f65a25c12b758647fc7.jpg,dataset-4,train
dataset-4_25331_60_m_10_jpg.rf.ae15db3a3c86eae9ad41f53e85a21dae.jpg,dataset-4,train
dataset-4_25331_60_m_13_jpg.rf.522c48fdb4430cdd4a1b26af3feb56f6.jpg,dataset-4,train
dataset-4_25331_60_m_13_jpg.rf.8013c3cbe3658efc08a259835237ea47.jpg,dataset-4,train
dataset-4_25331_60_m_9_jpg.rf.e93cdafe14d30b62d73ab9f81b742639.jpg,dataset-4,train
dataset-4_25332_00_m_1_jpg.rf.f5dd724281fe5bd27549c9dd36c3e025.jpg,dataset-4,train
dataset-4_25332_00_m_5_jpg.rf.9d6b62ddff22e1f6db27b4ded8074264.jpg,dataset-4,train
dataset-4_25332_00_s_16_jpg.rf.333a197b0116cfa776f63f2cfdb4c61d.jpg,dataset-4,train
dataset-4_25332_00_s_16_jpg.rf.93e11d2821d0498ae5bfe2eb530fe4f7.jpg,dataset-4,train
dataset-4_25332_30_m_10_jpg.rf.4f709f7f92b2952b0ba0da387d5940c2.jpg,dataset-4,train
dataset-4_25332_30_m_10_jpg.rf.9a192eadff1dc28c9ded6035d8b04185.jpg,dataset-4,train
dataset-4_25332_30_m_19_jpg.rf.de59d4f8dfea77fb8ac14500e7b31225.jpg,dataset-4,train
dataset-4_25332_30_m_19_jpg.rf.f3a3cd1628a94b1a4f0eadf76206bedd.jpg,dataset-4,train
dataset-4_25332_30_s_12_jpg.rf.1a9c952933998742e16981d32ec915ee.jpg,dataset-4,train
dataset-4_25332_30_s_12_jpg.rf.c7ed4d1fceffe985f28111e2fe5046ae.jpg,dataset-4,train
dataset-4_25332_30_s_1_jpg.rf.4c4f47a1aa4449deb1b854efebec4249.jpg,dataset-4,train
dataset-4_25332_30_s_1_jpg.rf.e9be9d4d64774223f0b7eeb207ab6f6c.jpg,dataset-4,train
dataset-4_25332_60_m_11_jpg.rf.2760aa2e6b9bd46dd4ef56a46212e4d5.jpg,dataset-4,train
dataset-4_25332_60_m_11_jpg.rf.51c6e16279ef088cf2a326f8983464f0.jpg,dataset-4,train
dataset-4_25332_60_m_11_jpg.rf.9ed0ea8d0f2cf00a2cd2988078a22714.jpg,dataset-4,train
dataset-4_25332_60_m_15_jpg.rf.db9f171218776c6b8b0edc433c92b115.jpg,dataset-4,train
dataset-4_25332_60_m_1_jpg.rf.1633f6b1d988fd117221873fbd587867.jpg,dataset-4,train
dataset-4_25332_60_m_1_jpg.rf.bee06917a8ed9b159355735522e0ee3d.jpg,dataset-4,train
dataset-4_25332_60_m_20_jpg.rf.abe734d1ea831737ac69c2ea7164ad53.jpg,dataset-4,train
dataset-4_25332_60_m_4_jpg.rf.32902ae197fae18357aac045933dd8a3.jpg,dataset-4,train
dataset-4_25332_60_s_1_jpg.rf.264d2d5a3557817c42821cca7a7d13aa.jpg,dataset-4,train
dataset-4_25332_60_s_1_jpg.rf.62945ad5c5dccee35a2d63d61d364993.jpg,dataset-4,train
dataset-4_25332_60_s_1_jpg.rf.dd03d88c6929a878ba264822fa28bc5d.jpg,dataset-4,train
dataset-4_25332_60_s_21_jpg.rf.7bd697761827733652fdbc13c15ebd6f.jpg,dataset-4,train
dataset-4_25332_60_s_21_jpg.rf.a8c1bed06dcfc5e412b550e529fe8fae.jpg,dataset-4,train
dataset-4_25332_60_s_9_jpg.rf.9d46326e84b4620cee9a397b3f2eea01.jpg,dataset-4,train
dataset-4_25334_00_m17_jpg.rf.42efc7d373ea151344e45c0c82bbc992.jpg,dataset-4,train
dataset-4_25334_00_m17_jpg.rf.9df01147b13f04cfbcfb503ef6db7dd8.jpg,dataset-4,train
dataset-4_25334_00_s10_jpg.rf.1fb995c0d952677b1ea1af5e8428d4a7.jpg,dataset-4,train
dataset-4_25334_00_s10_jpg.rf.b93f9f1ed80a602722dc6a76abd37564.jpg,dataset-4,train
dataset-4_25334_30_s_4_jpg.rf.2f1a89e1c01ec101fa1a5c43a0937def.jpg,dataset-4,train
dataset-4_25334_30_s_4_jpg.rf.8217f76374b50bea855fa4da1eb760a7.jpg,dataset-4,train
dataset-4_25335_00_m_12_jpg.rf.167862ead898b4b9373bbaed1186caee.jpg,dataset-4,train
dataset-4_25335_00_m_12_jpg.rf.7aaed7962944f679f13d73c0ec24256f.jpg,dataset-4,train
dataset-4_25335_00_m_16_jpg.rf.20ddaa8f240f57ea92220319360a2650.jpg,dataset-4,train
dataset-4_25335_00_m_16_jpg.rf.4ddb0599b45161091cf746a9aef08eb7.jpg,dataset-4,train
dataset-4_25335_00_m_16_jpg.rf.7529d2c0e2651dea92d7015a90392e8a.jpg,dataset-4,train
dataset-4_25335_00_m_1_jpg.rf.0b8efef64e2d117d49e48838fe8d87f1.jpg,dataset-4,train
dataset-4_25335_00_m_1_jpg.rf.79a5a233393b8bc318eb144bdf8fc7ea.jpg,dataset-4,train
dataset-4_25335_00_m_1_jpg.rf.dedc959c53627fcda45b239438d25dc2.jpg,dataset-4,train
dataset-4_25335_00_m_2_jpg.rf.88760c1ae742d567438388f50beb7826.jpg,dataset-4,train
dataset-4_25335_00_s_1_jpg.rf.8e3e6e7362c1f09f63a5b7c7e081373a.jpg,dataset-4,train
dataset-4_25335_00_s_1_jpg.rf.9553ffa60e5d8744b4f97a77e2043ab5.jpg,dataset-4,train
dataset-4_25335_30_m_17_jpg.rf.699a76ef43be38e16f81238ab28f9933.jpg,dataset-4,train
dataset-4_25335_30_m_17_jpg.rf.a5fb7c85f2f53c3c22bbbd5615edde12.jpg,dataset-4,train
dataset-4_25335_30_m_17_jpg.rf.b4a7b2cbafa36b7dd712da911601c790.jpg,dataset-4,train
dataset-4_25335_30_s_11_jpg.rf.377b2b33b83a52525c325c68eb922ff2.jpg,dataset-4,train
dataset-4_25335_30_s_11_jpg.rf.f13f070969b5077a911cc18138ddd7db.jpg,dataset-4,train
dataset-4_25335_30_s_23_jpg.rf.7a2e801cd0ccbf96efe6a4f9c8f98339.jpg,dataset-4,train
dataset-4_25335_60_m_11_jpg.rf.1361b3b7b0b35036de331f1392d65752.jpg,dataset-4,train
dataset-4_25335_60_m_20_jpg.rf.10b9ffc6a1a2b97cbc63eee210202591.jpg,dataset-4,train
dataset-4_25335_60_m_20_jpg.rf.7e6ce9eaf0c9f96747e75be9848bfef1.jpg,dataset-4,train
dataset-4_25335_60_s_18_jpg.rf.f188acaa1484b14f778a6fe575a2d533.jpg,dataset-4,train
dataset-4_2542_jpg.rf.5b7f826c0f611ac94b50b525af9674bf.jpg,dataset-4,train
dataset-4_2551_jpg.rf.a6e84f9eedf21eb707bf89bdeb0acb6f.jpg,dataset-4,train
dataset-4_2551_jpg.rf.e526bcae11f966cc64ea1fe3c64b29eb.jpg,dataset-4,train
dataset-4_2551_jpg.rf.e8275e7122b22977e9e3540d6cd4977f.jpg,dataset-4,train
dataset-4_2573_jpg.rf.0d906ae1758cbd104952c22a9abdf33a.jpg,dataset-4,train
dataset-4_2573_jpg.rf.4cdbaea0a8ca5004d91783ed62ec4a34.jpg,dataset-4,train
dataset-4_2573_jpg.rf.b016de923af7706b39c02bebfea25cb3.jpg,dataset-4,train
dataset-4_2574_jpg.rf.440e2d84e086d5f1774207477fb4aece.jpg,dataset-4,train
dataset-4_2574_jpg.rf.8ab9abbe2ecd85702e8d67fcb67b8934.jpg,dataset-4,train
dataset-4_2577_jpg.rf.7d339bbcb688df1f0360a41ab4fd10bd.jpg,dataset-4,train
dataset-4_2577_jpg.rf.871eedee9730d04a6ff95b11ae332258.jpg,dataset-4,train
dataset-4_2578_jpg.rf.0936bcb4a0174191caa113cfd86c38c7.jpg,dataset-4,train
dataset-4_2578_jpg.rf.e47ccc7344cf55c8227b89a7e2d50248.jpg,dataset-4,train
dataset-4_2581_jpg.rf.91474fa8491b1c8d918ccc36ee8d0517.jpg,dataset-4,train
dataset-4_2594_jpg.rf.10ce064b78a044fd53c6c56decca09bd.jpg,dataset-4,train
dataset-4_2594_jpg.rf.40fec69c34def654c4ec6fee096200f5.jpg,dataset-4,train
dataset-4_25_png_jpg.rf.5a2bb6f5857ccfff80793e6e44deb421.jpg,dataset-4,train
dataset-4_25_png_jpg.rf.985d7722625e57e9d0da692ecc1b96c1.jpg,dataset-4,train
dataset-4_25_png_jpg.rf.ac515cdc4c39f08f95c15b869b703f83.jpg,dataset-4,train
dataset-4_2602_jpg.rf.a79120157e2f941c86cc21596798bbaa.jpg,dataset-4,train
dataset-4_2607_jpg.rf.4486d030e0db318dd7b8c78fd866fa82.jpg,dataset-4,train
dataset-4_2607_jpg.rf.963580b2067fe824fc59ca246c7990af.jpg,dataset-4,train
dataset-4_2607_jpg.rf.ba63fa745a2a0dca1b896861544d6a16.jpg,dataset-4,train
dataset-4_2612_jpg.rf.54e30aae12c61d012400b27b8bab22c8.jpg,dataset-4,train
dataset-4_2615_jpg.rf.80134f41729c19149937c051c10b49be.jpg,dataset-4,train
dataset-4_2615_jpg.rf.c69bd628d89ecb3314085c60c2c5aaf1.jpg,dataset-4,train
dataset-4_2618_jpg.rf.a2aabd3e63973460ee1d90ad10afeef2.jpg,dataset-4,train
dataset-4_2618_jpg.rf.a837a23ca4de8f1e49edcc7c149739c7.jpg,dataset-4,train
dataset-4_2625_jpg.rf.5eed7a9abcaa375e9737cc0776675379.jpg,dataset-4,train
dataset-4_2625_jpg.rf.8d55f20b4786ec9bfb3f75555a90053a.jpg,dataset-4,train
dataset-4_2625_jpg.rf.c65ecde5f529c9ce2f747e82b27710fb.jpg,dataset-4,train
dataset-4_2639_jpg.rf.1ffa3c7c2e0d6ef04798a7ee3b034106.jpg,dataset-4,train
dataset-4_2639_jpg.rf.585a68c2b7792b7e708c874e1d148f08.jpg,dataset-4,train
dataset-4_2643_jpg.rf.bae5407fc35d5830ecc7dbaabd2ba5f9.jpg,dataset-4,train
dataset-4_2643_jpg.rf.e7fffba1a4f71a08cfe1e8a2a93b2a37.jpg,dataset-4,train
dataset-4_2650_jpg.rf.230bc2fe842a9bdbd73793093aa9e3c2.jpg,dataset-4,train
dataset-4_2650_jpg.rf.7cd7e0283cc1b786a4eba0f759e48217.jpg,dataset-4,train
dataset-4_2650_jpg.rf.a27dc7b841c87e8009c9a76300d0df8c.jpg,dataset-4,train
dataset-4_2662_jpg.rf.d5700c2eca1679f93686b3a724729074.jpg,dataset-4,train
dataset-4_2662_jpg.rf.ea8f1dd9693ce3540dd88a9d00843583.jpg,dataset-4,train
dataset-4_2663_jpg.rf.02ae14297693b0a3318c8ad98f504d19.jpg,dataset-4,train
dataset-4_2673_jpg.rf.07e69fea2560ea036ecb83260cb0dbda.jpg,dataset-4,train
dataset-4_2673_jpg.rf.67e2a0f98d304d4eeb5bb07461693dd5.jpg,dataset-4,train
dataset-4_2673_jpg.rf.f684ad306fca1bf03fb5c64de9f6cb11.jpg,dataset-4,train
dataset-4_2678_jpg.rf.39aa512eed00df6792d347c33f9d54a6.jpg,dataset-4,train
dataset-4_2678_jpg.rf.b5c21537b7f7d1584ba7be783f5c240d.jpg,dataset-4,train
dataset-4_2694_jpg.rf.269889250d66fc6e9c7a8796f1940c03.jpg,dataset-4,train
dataset-4_2694_jpg.rf.2a07bed33de135c764023951de868cee.jpg,dataset-4,train
dataset-4_2694_jpg.rf.997868c33f03b025863abcb97b1a4714.jpg,dataset-4,train
dataset-4_2699_jpg.rf.b49e26357d0cf1c3b28244f88e33ab5c.jpg,dataset-4,train
dataset-4_2699_jpg.rf.d5f93865f4d1a27ac4003f1854845774.jpg,dataset-4,train
dataset-4_2699_jpg.rf.ea5b516defb3463651540515fbf524ce.jpg,dataset-4,train
dataset-4_269_jpg.rf.8a6bf672269ccdcf89d23379e49d62df.jpg,dataset-4,train
dataset-4_26_jpg.rf.3507682f05b32138f87588007117d5c4.jpg,dataset-4,train
dataset-4_26_jpg.rf.a695755ae3d5f0dd9f43dea2b39dacf0.jpg,dataset-4,train
dataset-4_26_jpg.rf.e681b9bb8c81a79a010701b8cf810d69.jpg,dataset-4,train
dataset-4_2716_jpg.rf.531971e10a19d0ae8c0991e44ee37205.jpg,dataset-4,train
dataset-4_2720_jpg.rf.20487ee20c43bd2445aa2441ac21e4a8.jpg,dataset-4,train
dataset-4_2720_jpg.rf.9cffe1c9033f0047d41c6d609b85fdeb.jpg,dataset-4,train
dataset-4_27_jpg.rf.1865449cebec82fc267a2692d1f700dc.jpg,dataset-4,train
dataset-4_27_jpg.rf.57a5076ecc75c5633fe9ae28261607ae.jpg,dataset-4,train
dataset-4_28_jpg.rf.c8e5396584591a79f8de4278f7ffdd0a.jpg,dataset-4,train
dataset-4_28ujrd_jpg.rf.f40b917e3806b263ff0d95055feb399a.jpg,dataset-4,train
dataset-4_29_jpg.rf.5ad9da250f7133754e09579f07549d46.jpg,dataset-4,train
dataset-4_29_jpg.rf.6b6df9182b8362d33384c6f4cbf82615.jpg,dataset-4,train
dataset-4_29_jpg.rf.7da8eabde88064b8893cb3b21abd0ae5.jpg,dataset-4,train
dataset-4_29_jpg.rf.89ad3d7cc3c07e3a0adcb3339dbdc8e2.jpg,dataset-4,train
dataset-4_29_jpg.rf.dd9448778877c87f5516da3150a20e21.jpg,dataset-4,train
dataset-4_2_jpg.rf.13cedba0f0e5744a2cb03ec771324e8a.jpg,dataset-4,train
dataset-4_2_jpg.rf.c0e3f9ad74301eda1f58c7e79d14c0f9.jpg,dataset-4,train
dataset-4_2_jpg.rf.cfdf49fff90e145643890f1cbba0fe85.jpg,dataset-4,train
dataset-4_2_jpg.rf.f27693a8862366d60f5164f4d0cde825.jpg,dataset-4,train
dataset-4_2_png_jpg.rf.3470a466ea54a72f39aaa30d43634192.jpg,dataset-4,train
dataset-4_2_png_jpg.rf.4804df2dcf224c1b6fcbab12f59a4373.jpg,dataset-4,train
dataset-4_2_png_jpg.rf.5aaaecdd52811bd7e584d0e2ed19645b.jpg,dataset-4,train
dataset-4_2_png_jpg.rf.8b016a7cb85c8f09287fbeaa36880d67.jpg,dataset-4,train
dataset-4_2_png_jpg.rf.e56099282a6683bc4ea34adcc52f8379.jpg,dataset-4,train
dataset-4_300000_jpg.rf.1621c1105a2db1888a986d74d32e16a1.jpg,dataset-4,train
dataset-4_300007_jpg.rf.7a43f2fe75aa3283f5cd580e9b576c68.jpg,dataset-4,train
dataset-4_300009_jpg.rf.131f44e84f61b38c8e52d7c9841a22e1.jpg,dataset-4,train
dataset-4_300011_jpg.rf.31a22f174df5866faaa3456522771589.jpg,dataset-4,train
dataset-4_300012_jpg.rf.e4545ff3600af033d6548295becc3bb7.jpg,dataset-4,train
dataset-4_300020_jpg.rf.84b3c16ecefc171f72b46bf5a5d19e43.jpg,dataset-4,train
dataset-4_300021_jpg.rf.d87657c324023af84855595ebee70874.jpg,dataset-4,train
dataset-4_300022_jpg.rf.597c354862296a5f3ff15bcc1d671d9d.jpg,dataset-4,train
dataset-4_300024_jpg.rf.1ca88b128bd856209eb5c4b1e4f4dd7a.jpg,dataset-4,train
dataset-4_300029_jpg.rf.7bd4068338e362856ab1a761f8c27311.jpg,dataset-4,train
dataset-4_300032_jpg.rf.6061288716ff0e9237e12a44000391dd.jpg,dataset-4,train
dataset-4_300037_jpg.rf.cc9005a20f9f6cdea07bf6fe7dde9caa.jpg,dataset-4,train
dataset-4_300040_jpg.rf.80aa18ac52ae954ddd2b33dd7e1c5bf7.jpg,dataset-4,train
dataset-4_300053_jpg.rf.1a3226fdcf9f581c3ad90ab7d6511059.jpg,dataset-4,train
dataset-4_300055_jpg.rf.0b9f44645bbe04305bc8bdb92453f62e.jpg,dataset-4,train
dataset-4_300058_jpg.rf.2585dc503c92550c790af1e299a3dc2f.jpg,dataset-4,train
dataset-4_300063_jpg.rf.bf3b360370012bdd7c299ffae3cd8417.jpg,dataset-4,train
dataset-4_300073_jpg.rf.0080f24642365412c7d2a1303494ed07.jpg,dataset-4,train
dataset-4_300078_jpg.rf.bc08bb3f5571e6b85ea255ad3c050008.jpg,dataset-4,train
dataset-4_300082_jpg.rf.6c13e0600009fcf5dd7d77c9d7018235.jpg,dataset-4,train
dataset-4_300083_jpg.rf.9375d5691ee464f5c7944aa2665ae516.jpg,dataset-4,train
dataset-4_300094_jpg.rf.a82dab528f4f0c315c782918e88417a3.jpg,dataset-4,train
dataset-4_30010_0_m_10_jpg.rf.106bd8e50331c064e79c3cd33429f9d6.jpg,dataset-4,train
dataset-4_30010_0_m_19_jpg.rf.18af90cbc0c08b46c8d7884808d40a81.jpg,dataset-4,train
dataset-4_30010_0_m_1_jpg.rf.346f60e20d470398edffc41f16676627.jpg,dataset-4,train
dataset-4_30010_0_m_1_jpg.rf.57756f4b55d10cac2d47f7298e256df0.jpg,dataset-4,train
dataset-4_30010_0_m_1_jpg.rf.75853eef9038f540b57500b6fb27c3ae.jpg,dataset-4,train
dataset-4_30010_0_m_21_jpg.rf.0827a9c2660b826cf09fdb8a9972ebb1.jpg,dataset-4,train
dataset-4_30010_0_m_7_jpg.rf.8cba10afeb8c3828eae1e16b6474240d.jpg,dataset-4,train
dataset-4_30010_0_m_7_jpg.rf.e8260660f04d9da8e59e486cee786854.jpg,dataset-4,train
dataset-4_30010_0_s_14_jpg.rf.29950e24e74ff2d55eaf541f8aa6b99c.jpg,dataset-4,train
dataset-4_30010_0_s_14_jpg.rf.9032be96685795b4e9ceb10cf79548ed.jpg,dataset-4,train
dataset-4_30010_0_s_1_jpg.rf.03912cf8e3dfa02435ae69442d71b2d0.jpg,dataset-4,train
dataset-4_30010_0_s_1_jpg.rf.543d2497264f63d6b743ef6ecdcf366d.jpg,dataset-4,train
dataset-4_30010_30_m_10_jpg.rf.9409d60c9fa326952c8a725a93019eb5.jpg,dataset-4,train
dataset-4_30010_30_m_10_jpg.rf.a9bbb2edeb911e77f46fe8729006d0ec.jpg,dataset-4,train
dataset-4_30010_30_m_10_jpg.rf.bcbeaf0104fc273c96523d57d3b414d5.jpg,dataset-4,train
dataset-4_30010_30_m_19_jpg.rf.b7d415feca9c0f7116af00ccbf18c226.jpg,dataset-4,train
dataset-4_30010_60_m_15_jpg.rf.4c13180a854411171ab6edcfccc80cb2.jpg,dataset-4,train
dataset-4_30010_60_m_15_jpg.rf.54125f5b8680d5601d548e00a7f63fc3.jpg,dataset-4,train
dataset-4_30010_60_m_15_jpg.rf.ebda39d1fcb6496050c7e520b7c00d0b.jpg,dataset-4,train
dataset-4_30010_60_m_20_jpg.rf.2de7e4e81a1bb2cb21082e2892d862a9.jpg,dataset-4,train
dataset-4_30010_60_m_20_jpg.rf.33c33799c1fcfd8679f149c228eaf80c.jpg,dataset-4,train
dataset-4_30010_60_m_20_jpg.rf.7bbac6d2db847aff32e906b78223f61a.jpg,dataset-4,train
dataset-4_30010_60_m_2_jpg.rf.634b94dfe76c17d421fef082e2bcced5.jpg,dataset-4,train
dataset-4_30010_60_m_2_jpg.rf.67f1d4acfde4ea3adb821e7e88ef9168.jpg,dataset-4,train
dataset-4_30010_60_m_7_jpg.rf.71299448e80771f05b878e03c8785687.jpg,dataset-4,train
dataset-4_30010_60_s_19_jpg.rf.33243d7b9893d526d5a975c9267d18ee.jpg,dataset-4,train
dataset-4_30010_60_s_24_jpg.rf.95d845a0373fb23cc7d4cd80dd0dfa8f.jpg,dataset-4,train
dataset-4_30010_60_s_24_jpg.rf.fcdb88ca813a1c313216a88c25bb0317.jpg,dataset-4,train
dataset-4_300116_jpg.rf.9efb20b5c9871b09ea33c9e1771e37d3.jpg,dataset-4,train
dataset-4_300134_jpg.rf.df730a40aed73af22cd93d370c104c14.jpg,dataset-4,train
dataset-4_300138_jpg.rf.aa2d4520a08210b1ff0b7de94faf4e29.jpg,dataset-4,train
dataset-4_30014_0_m_19_jpg.rf.0b2d6a1c8c1945ea1e2c67446fbb020c.jpg,dataset-4,train
dataset-4_30014_0_m_1_jpg.rf.04ebcb707b09fff3b8ed6ff69777f4a5.jpg,dataset-4,train
dataset-4_30014_0_m_1_jpg.rf.4cc25c7833328655cbad6ee149ba0349.jpg,dataset-4,train
dataset-4_30014_0_m_1_jpg.rf.a0d43c2151fdadf5c7ce10e698eee658.jpg,dataset-4,train
dataset-4_30014_0_m_23_jpg.rf.29d79bdd7d8abceb75b0b0494fac1ec1.jpg,dataset-4,train
dataset-4_30014_0_m_23_jpg.rf.50f938f2ef3c929dc3731dc3aeb40e2f.jpg,dataset-4,train
dataset-4_30014_0_m_23_jpg.rf.80c53118adb058ae91629f3baabbcf09.jpg,dataset-4,train
dataset-4_30014_0_s_1_jpg.rf.ec3a16cd68310f584181f7eca4bd2719.jpg,dataset-4,train
dataset-4_30014_30_m_19_jpg.rf.0c4046c15e6c8e2edcdf08b95659e4d8.jpg,dataset-4,train
dataset-4_30014_30_m_19_jpg.rf.6fbb80334cc253e35779305bdee54959.jpg,dataset-4,train
dataset-4_30014_30_m_1_jpg.rf.570b2fce5f875fbe36d53d393151fb17.jpg,dataset-4,train
dataset-4_30014_30_m_1_jpg.rf.9d3b9a0da2c3a7373b58ecf089244668.jpg,dataset-4,train
dataset-4_30014_30_s_16_jpg.rf.191d2d0abb1fef4516eb68055f078dcd.jpg,dataset-4,train
dataset-4_30015_60_s_21_jpg.rf.51a199adf0e419ed74ba9d1382153c5e.jpg,dataset-4,train
dataset-4_30015_60_s_21_jpg.rf.9d7826f56a55e2396e3622b50d0d7e1f.jpg,dataset-4,train
dataset-4_300161_jpg.rf.d1cbe4c591f9545f246cde4f7c2906ff.jpg,dataset-4,train
dataset-4_30017_0_m_19_jpg.rf.bc0b0d192380435857c2ad8a1b62b73b.jpg,dataset-4,train
dataset-4_30017_0_m_2_jpg.rf.46662352965797c1ba50f8756651baa7.jpg,dataset-4,train
dataset-4_30017_0_m_2_jpg.rf.6a69e3cdea66232daf72436bb396c7a2.jpg,dataset-4,train
dataset-4_30017_0_s_10_jpg.rf.6ea409047e98300841bfb06eaaeb98fb.jpg,dataset-4,train
dataset-4_30017_0_s_10_jpg.rf.a1e441c09ca38d5bf0c32b135ff7e7af.jpg,dataset-4,train
dataset-4_30017_0_s_2_jpg.rf.5b785bd2ba9f9877826d4d818ec6e767.jpg,dataset-4,train
dataset-4_300197_jpg.rf.f1e8f0095470d562d2c241e2cf340aec.jpg,dataset-4,train
dataset-4_300206_jpg.rf.fb001f4d79c13a34b7b29a19db075bae.jpg,dataset-4,train
dataset-4_300256_jpg.rf.73304c8f5ba559ec4a475065678a9a58.jpg,dataset-4,train
dataset-4_300262_jpg.rf.2903b677e1ee15b8dfeb099c2487fa62.jpg,dataset-4,train
dataset-4_300270_jpg.rf.3af37151633dec9ad070e6fe90845809.jpg,dataset-4,train
dataset-4_300286_jpg.rf.3b0548773a269ef932969d0ad41329b6.jpg,dataset-4,train
dataset-4_300287_jpg.rf.100e4ed1736a1b440f34a7323648a088.jpg,dataset-4,train
dataset-4_300289_jpg.rf.7d8ab15e67bec0377180ac7738dec72b.jpg,dataset-4,train
dataset-4_300305_jpg.rf.861cb2514f80f754c0cddefdb4464bc6.jpg,dataset-4,train
dataset-4_300343_jpg.rf.3d60ef6eb939ad4124c8df5603c972e5.jpg,dataset-4,train
dataset-4_300348_jpg.rf.bd78373454fb7f2d237f902af42f2f65.jpg,dataset-4,train
dataset-4_300354_jpg.rf.5114c2ab69745f9f7a51b4c69d7f847c.jpg,dataset-4,train
dataset-4_300380_jpg.rf.dbf1d7344d9d5043bc3f2853ee4edc3b.jpg,dataset-4,train
dataset-4_300418_jpg.rf.7cb945ad9a7331919e02490266395021.jpg,dataset-4,train
dataset-4_300574_jpg.rf.229bcab972b6cce570c65b2a49da9754.jpg,dataset-4,train
dataset-4_300622_jpg.rf.0b178cbe1d1b02ff52ade58d8dee80cc.jpg,dataset-4,train
dataset-4_300736_jpg.rf.77dcab7c19adb47d1c803f0d0a07e755.jpg,dataset-4,train
dataset-4_30274_00_m_15_jpg.rf.721c3a4bb2d00fd4b9d757392593b13b.jpg,dataset-4,train
dataset-4_30274_00_m_15_jpg.rf.932eda537db8f134a54d241a5edfe475.jpg,dataset-4,train
dataset-4_30274_00_m_18_jpg.rf.0593ddb77b739835e8afb3f018fb192b.jpg,dataset-4,train
dataset-4_30274_00_m_18_jpg.rf.667e01c7b4a036fad30d109a94f7bc8b.jpg,dataset-4,train
dataset-4_30274_00_m_18_jpg.rf.ffa13b57dc7174a30773ee956b989b93.jpg,dataset-4,train
dataset-4_30274_60_s_17_jpg.rf.3c6d9c427d600e80394cd025e1a89a6c.jpg,dataset-4,train
dataset-4_30274_60_s_17_jpg.rf.e13f78e27be1761c50d6a7327e3b8758.jpg,dataset-4,train
dataset-4_30274_60_s_21_jpg.rf.ccd248d7b4d72640a8f2d62395a11e80.jpg,dataset-4,train
dataset-4_30274_60_s_5_jpg.rf.558cdbaab283d9ef8ff46ba5f9bab62d.jpg,dataset-4,train
dataset-4_30274_60_s_5_jpg.rf.86f82eaa72f8cc1638df3166464e6758.jpg,dataset-4,train
dataset-4_30274_60_s_5_jpg.rf.ad10fb944ccc4216bfd812e586520e0d.jpg,dataset-4,train
dataset-4_30276_00_m_17_jpg.rf.884e9eff2e2aa2374b4366e5fa643345.jpg,dataset-4,train
dataset-4_30276_00_m_17_jpg.rf.dc261a22da1c70ae47376e40417c7d24.jpg,dataset-4,train
dataset-4_30276_00_m_18_jpg.rf.8031523cf8490fd7f02edb511a217763.jpg,dataset-4,train
dataset-4_30276_00_m_18_jpg.rf.9ca2dd639c232f3a0041aef2a395f2c1.jpg,dataset-4,train
dataset-4_30276_00_s_13_jpg.rf.85047118264a76ffd0f4e5a3b062da39.jpg,dataset-4,train
dataset-4_30276_00_s_20_jpg.rf.07e0ad1a64861cba5dc28621016f5d1d.jpg,dataset-4,train
dataset-4_30276_00_s_20_jpg.rf.2fd27cb025235e37eb1dca8810bf38dd.jpg,dataset-4,train
dataset-4_30276_00_s_6_jpg.rf.14c1de2c25f3ac01007eb3d515e5e99a.jpg,dataset-4,train
dataset-4_30276_00_s_6_jpg.rf.82d573fba338f414a3808ce6e2154c06.jpg,dataset-4,train
dataset-4_30276_30_s_11_jpg.rf.755d69a9b49ff91a730edde3d1d3e543.jpg,dataset-4,train
dataset-4_30276_30_s_11_jpg.rf.8587d3aea8f9e5fdc2eb9a25a4a4746d.jpg,dataset-4,train
dataset-4_30276_30_s_23_jpg.rf.8e783d352af884e8cc99077f72d46de2.jpg,dataset-4,train
dataset-4_30276_60_m_16_jpg.rf.ee258fd3f18406e463e7efdf420d5e68.jpg,dataset-4,train
dataset-4_30276_60_m_2_jpg.rf.4e804fee38100ea0f9c3e5625adc4504.jpg,dataset-4,train
dataset-4_30276_60_s_3_jpg.rf.a79d2600ea7269b79ca3a2ee0de8e64e.jpg,dataset-4,train
dataset-4_30276_60_s_3_jpg.rf.f796e7ae34e7d76624cdd4e7cf7686ff.jpg,dataset-4,train
dataset-4_30_jpg.rf.44638ba88165c104ee716d77f8ae0783.jpg,dataset-4,train
dataset-4_30_jpg.rf.966473822f4bcec898e11990373b6f51.jpg,dataset-4,train
dataset-4_32_jpg.rf.7df9915f6b09420bc3abcf8d75f43bee.jpg,dataset-4,train
dataset-4_333_jpg.rf.5b8a1a6866b2f542710d5ee83d93996a.jpg,dataset-4,train
dataset-4_333_jpg.rf.73dd4322e9164047631839b0f93fb9b0.jpg,dataset-4,train
dataset-4_333_jpg.rf.97037926c3c51e717d2be9c271f38042.jpg,dataset-4,train
dataset-4_33_jpg.rf.1332fcc4a705c36ebc665d7e6fc94495.jpg,dataset-4,train
dataset-4_340_jpg.rf.0ded873e6d0121e58c0b266dc2a599fe.jpg,dataset-4,train
dataset-4_340_jpg.rf.6976d42f748929fbb14c3b064fe984d3.jpg,dataset-4,train
dataset-4_357_jpg.rf.3cc40b485c6b2bdd462f7f736b70581a.jpg,dataset-4,train
dataset-4_35_jpg.rf.e8dcb171497d6ec1385f54c4170e2f13.jpg,dataset-4,train
dataset-4_36_jpg.rf.81108b399911cbb9703daef345d948a9.jpg,dataset-4,train
dataset-4_37_jpg.rf.77060627d67fe7581af171116297cfd6.jpg,dataset-4,train
dataset-4_381_jpg.rf.807192f54b3bfb4c2b064ec4938439e2.jpg,dataset-4,train
dataset-4_381_jpg.rf.a4ce0a8496b4b3adbb2d43c3e3964035.jpg,dataset-4,train
dataset-4_381_jpg.rf.dfe83284ee88c9563213dedfe84e308c.jpg,dataset-4,train
dataset-4_383_jpg.rf.3117db8ceacacfedc6e6b95248ce0df4.jpg,dataset-4,train
dataset-4_383_jpg.rf.8183a052de7f957e7a6a0a1179f678be.jpg,dataset-4,train
dataset-4_38_jpg.rf.342ccd923d3e784b76c7d399073e8fc3.jpg,dataset-4,train
dataset-4_39-393566_water-bottle-transparent-images-hd-png-download_png_jpg.rf.8964c398364fa2360b7839a693708722.jpg,dataset-4,train
dataset-4_39_jpg.rf.1eb5f8c1ac2e5472610746a05fab89f2.jpg,dataset-4,train
dataset-4_3_jpg.rf.351afd00c26a248c54c8999126ad0281.jpg,dataset-4,train
dataset-4_3_jpg.rf.87840c96c6ad8ef4102b5ee201a9c929.jpg,dataset-4,train
dataset-4_3_jpg.rf.95c94aa697dc7f7ba8f48722637b0845.jpg,dataset-4,train
dataset-4_3_jpg.rf.d58613db34a18ea38e0dd12745665ad3.jpg,dataset-4,train
dataset-4_3_jpg.rf.ee87434037d3e1c27935336ca0b36113.jpg,dataset-4,train
dataset-4_4-233x320_png_jpg.rf.6b076b27714380c0af034379cdea5510.jpg,dataset-4,train
dataset-4_4-41171_water-bottle-png-images-free-download_png_jpg.rf.26b3f193ec1e9da2bb81b86295dfdff7.jpg,dataset-4,train
dataset-4_40-409385_transparent-background-water-bottle-png-png-download_png_jpg.rf.3f3afb388f157bd650c6d78918efdb42.jpg,dataset-4,train
dataset-4_400009_jpg.rf.8519591056f6af0eab83537bddb29462.jpg,dataset-4,train
dataset-4_400012_jpg.rf.618f7d591aa5a28032e81b669bf257d4.jpg,dataset-4,train
dataset-4_400020_jpg.rf.d3a28ce51c94ad7b63e8e9ddca663554.jpg,dataset-4,train
dataset-4_400032_jpg.rf.5f0a36ad85c4f503c5aadd47cfc83b02.jpg,dataset-4,train
dataset-4_400037_jpg.rf.248dec35c83f8830c4fda349e6c7b94b.jpg,dataset-4,train
dataset-4_400043_jpg.rf.6d29c728f14c3c4c3c3d2a5b9c9d947e.jpg,dataset-4,train
dataset-4_400052_jpg.rf.3e7d54085443301d1f959350d66bff50.jpg,dataset-4,train
dataset-4_400058_jpg.rf.074626c123b11cedb72000f7acf7d024.jpg,dataset-4,train
dataset-4_400080_jpg.rf.c5be5023a0374148b77cba235d15e1ee.jpg,dataset-4,train
dataset-4_400090_jpg.rf.10764f78a96434b11b7b030214fba4fb.jpg,dataset-4,train
dataset-4_400101_jpg.rf.2a88f8747a00d8aa635cc0a87ba3a17d.jpg,dataset-4,train
dataset-4_400107_jpg.rf.ffdbb11cf5268f885804ed78b4a6c9e8.jpg,dataset-4,train
dataset-4_400144_jpg.rf.8920ebd17b2136e82b051c76c14866ac.jpg,dataset-4,train
dataset-4_400169_jpg.rf.fe5082aa8d038cd08569a8b43154bd74.jpg,dataset-4,train
dataset-4_40067_0_m_5_jpg.rf.c942eda55cf66a2b3b8e9e79c668a6db.jpg,dataset-4,train
dataset-4_40067_0_m_5_jpg.rf.d816263ed71b911712cf7885c755db10.jpg,dataset-4,train
dataset-4_40067_0_s_16_jpg.rf.40eeccf6821175a09153c3f43b9ea985.jpg,dataset-4,train
dataset-4_40067_0_s_16_jpg.rf.7e69b229a94a73c5485a231cd455ee75.jpg,dataset-4,train
dataset-4_40067_0_s_16_jpg.rf.fc4114200a824fe7778b6aae72f49bf7.jpg,dataset-4,train
dataset-4_400716_jpg.rf.c5b25da1f7b61018d51f56af0362f5c3.jpg,dataset-4,train
dataset-4_400725_jpg.rf.613d8fd7f4b932b9df5ac2f208268bae.jpg,dataset-4,train
dataset-4_40115_0_m_22_jpg.rf.2badb5db66ab0472baae74d19ec39be4.jpg,dataset-4,train
dataset-4_40115_0_m_22_jpg.rf.ceaa787daa8e2cefe40cfe2ecef54525.jpg,dataset-4,train
dataset-4_40115_0_s_22_jpg.rf.89a87250a9a257b0f067df57a04f395c.jpg,dataset-4,train
dataset-4_40115_0_s_5_jpg.rf.0837902cc6f4943ffd443404f38055c8.jpg,dataset-4,train
dataset-4_40115_0_s_5_jpg.rf.20163ab0e3b72769c1bc48265d01cb65.jpg,dataset-4,train
dataset-4_40115_0_s_5_jpg.rf.5456eb9577ca8b4711164f620efe17e0.jpg,dataset-4,train
dataset-4_40116_00_m_11_jpg.rf.7a474644b71821eaa521e2995332ec97.jpg,dataset-4,train
dataset-4_40116_00_m_11_jpg.rf.d7fdecf49b3a17fc56f5f359c399688a.jpg,dataset-4,train
dataset-4_40116_00_m_11_jpg.rf.dbc26e43c46937e057f641e4585aa1de.jpg,dataset-4,train
dataset-4_40116_00_m_19_jpg.rf.242d365347e8e8a5f631732adf875bd5.jpg,dataset-4,train
dataset-4_40116_00_m_19_jpg.rf.54929c1a2df69d98e24e5ff1f69eb4b2.jpg,dataset-4,train
dataset-4_40116_00_s_17_jpg.rf.24ee505cdd8686799befab62622981ab.jpg,dataset-4,train
dataset-4_40116_00_s_17_jpg.rf.51d7b9cc84d9ff65f5249e299d50a938.jpg,dataset-4,train
dataset-4_40116_00_s_8_jpg.rf.9cb53bb40324928c1db14b6fc3504d88.jpg,dataset-4,train
dataset-4_40116_00_s_8_jpg.rf.e1fa71f8181c8a271a7cebb978737713.jpg,dataset-4,train
dataset-4_40116_30_s_15_jpg.rf.5d183456bf712ecbefaf9d394c3573d0.jpg,dataset-4,train
dataset-4_40116_30_s_15_jpg.rf.aaf09a27d4040c175f93b64b4c7e18e7.jpg,dataset-4,train
dataset-4_40116_30_s_2_jpg.rf.245c11cf82e0d00fbed1602735bd1568.jpg,dataset-4,train
dataset-4_40116_30_s_2_jpg.rf.b81a06a7c5723bac4a20a5ad17de18f7.jpg,dataset-4,train
dataset-4_40292_00_s_10_jpg.rf.8529c8b6128a8c60a4b4d244ec3721a8.jpg,dataset-4,train
dataset-4_40292_00_s_10_jpg.rf.92f064f28c291bbb5c98fa6984977f0a.jpg,dataset-4,train
dataset-4_40292_00_s_13_jpg.rf.35e5bd8625cab760c6ea00170c5abcfa.jpg,dataset-4,train
dataset-4_40292_00_s_17_jpg.rf.350d3f3c6597604014d8054bb0021d58.jpg,dataset-4,train
dataset-4_40292_00_s_17_jpg.rf.902d4dbf538935aff9dd9225beefd040.jpg,dataset-4,train
dataset-4_40292_00_s_3_jpg.rf.f818093cc8924ab8c54460f7c74f0f90.jpg,dataset-4,train
dataset-4_40_jpg.rf.8f258748844d98232ee1bfcadcf9d635.jpg,dataset-4,train
dataset-4_412_jpg.rf.e326ebb75d168a00129e99c1c7c8b0b7.jpg,dataset-4,train
dataset-4_41_jpg.rf.93533e8f5804e21e70ff71adf34229ff.jpg,dataset-4,train
dataset-4_420_jpg.rf.d75b29925f9ee4a4a4c034d6281bf666.jpg,dataset-4,train
dataset-4_428_jpg.rf.4d8e22a62fccde471c01eae4cb9211e2.jpg,dataset-4,train
dataset-4_428_jpg.rf.dce2fcbb9ea6acf2f7854d43b9c0143d.jpg,dataset-4,train
dataset-4_428_jpg.rf.e5177623da10bf2e9a2267ae34894110.jpg,dataset-4,train
dataset-4_42_jpg.rf.6e35fae6fc71b22ebc0771cdf56db2d6.jpg,dataset-4,train
dataset-4_43_jpg.rf.90bce6f4ff11bd65acd02a10458a6b44.jpg,dataset-4,train
dataset-4_44_jpg.rf.b243fdaa203c50ef45dea015bb4d4f7e.jpg,dataset-4,train
dataset-4_45723_00_s_11_jpg.rf.17ac07f8089e6435da5b2d3722a26d33.jpg,dataset-4,train
dataset-4_45723_00_s_11_jpg.rf.1a90815d0dfa8ecb8258b08e92243008.jpg,dataset-4,train
dataset-4_45723_00_s_11_jpg.rf.37a055a9ddc8c64d5156b4ec8dd3a38f.jpg,dataset-4,train
dataset-4_45723_00_s_13_jpg.rf.b6ca45f51e9ee2385072f6c10758726b.jpg,dataset-4,train
dataset-4_45723_00_s_19_jpg.rf.9f948dba2beda884d8c304e1bdff2073.jpg,dataset-4,train
dataset-4_45723_00_s_19_jpg.rf.bcf45f614c00235ea2f05a701563fcee.jpg,dataset-4,train
dataset-4_45723_00_s_1_jpg.rf.3f82f953288bf7c81f9d0ce57b052850.jpg,dataset-4,train
dataset-4_45723_00_s_1_jpg.rf.f439541f1bd41fe6bce3a3223343dddb.jpg,dataset-4,train
dataset-4_45723_00_s_22_jpg.rf.ba52817d256037be5df203839c409336.jpg,dataset-4,train
dataset-4_45723_00_s_22_jpg.rf.fff9ea7670a1a77f6e2bbf4068760261.jpg,dataset-4,train
dataset-4_45_jpg.rf.064b5fe7e3ca8491dbb176112214474f.jpg,dataset-4,train
dataset-4_488_jpg.rf.7121693d063c8bbe3a74ce426aa199f8.jpg,dataset-4,train
dataset-4_488_jpg.rf.f52a6da78546144614f371d74ef2ffe6.jpg,dataset-4,train
dataset-4_48_jpg.rf.a7085716bc292e6dd35cf5731eb22cab.jpg,dataset-4,train
dataset-4_490-4909671_water-bottle-hd-png-download_png_jpg.rf.ce09442d0904a9deb6e606219b790dc2.jpg,dataset-4,train
dataset-4_49_jpg.rf.6874235d7453a571e654803f5774af1d.jpg,dataset-4,train
dataset-4_4_jpg.rf.3359da43be2615c4eff9186c7dbbf669.jpg,dataset-4,train
dataset-4_4_jpg.rf.58ab3e4b6d105ba7d51010460572bb69.jpg,dataset-4,train
dataset-4_4_jpg.rf.5c8cd149a91abc1685e1e9588e52e55d.jpg,dataset-4,train
dataset-4_4_jpg.rf.a28d312b2dba728139fd21dec4b88af4.jpg,dataset-4,train
dataset-4_4_jpg.rf.a75b71e6b369f8bbf383a85da1491784.jpg,dataset-4,train
dataset-4_4_jpg.rf.d93c3790a170e54a88ea7405edc08f9e.jpg,dataset-4,train
dataset-4_4b3a44fc94d60dde_jpg.rf.0569ed6b6635c51d64b88ade0e76028a.jpg,dataset-4,train
dataset-4_4b3a44fc94d60dde_jpg.rf.ed6262efadfb51f79daac14ed75b90c4.jpg,dataset-4,train
dataset-4_5-50833_water-png-drinking-water-bottle-png_png_jpg.rf.316734071b31729c24c8a9acc7f36d05.jpg,dataset-4,train
dataset-4_500041_jpg.rf.3116b78efc671058586310c477076027.jpg,dataset-4,train
dataset-4_500048_jpg.rf.cb45e072d28a97e3240a77d2ca3631af.jpg,dataset-4,train
dataset-4_500051_jpg.rf.339b2735abe10b3e8b6af8c2d0fb7892.jpg,dataset-4,train
dataset-4_500057_jpg.rf.9c865623b46eccf5f826fe1b5e7cb36f.jpg,dataset-4,train
dataset-4_500099_jpg.rf.de4f67309e58f52195bca7359b4d79f2.jpg,dataset-4,train
dataset-4_500103_jpg.rf.217f730f303617f765121a53cadc3edb.jpg,dataset-4,train
dataset-4_500143_jpg.rf.54b3fe5017201344337866642bcc2681.jpg,dataset-4,train
dataset-4_500151_jpg.rf.3357a176f96ca147cc55e90c343aeef2.jpg,dataset-4,train
dataset-4_500185_jpg.rf.01b9368566ec0b01271b809973a60a2d.jpg,dataset-4,train
dataset-4_500224_jpg.rf.fe2b1884d7418bee4b8ac80d78670860.jpg,dataset-4,train
dataset-4_500227_jpg.rf.0e986477f630b9c3332d67d1f3bf907a.jpg,dataset-4,train
dataset-4_500239_jpg.rf.29de83fa1f4bb7fa688002bbfe5298b5.jpg,dataset-4,train
dataset-4_500246_jpg.rf.6d94627cdb7fbf7616ffc68315c097b3.jpg,dataset-4,train
dataset-4_500271_jpg.rf.2bbb35c81a11120ff634a092e1e9bba5.jpg,dataset-4,train
dataset-4_500275_jpg.rf.2657350d2f0ecd44bf066b5903aab3d3.jpg,dataset-4,train
dataset-4_500305_jpg.rf.dc8102389312a7161f3aa53f927f140c.jpg,dataset-4,train
dataset-4_500347_jpg.rf.9d4302417185e84e962c6211011e3308.jpg,dataset-4,train
dataset-4_500353_jpg.rf.a97af4b00d77e4a5071a885eeb14caf7.jpg,dataset-4,train
dataset-4_500361_jpg.rf.b460bd5fbe8f74b982660d99e9fedd12.jpg,dataset-4,train
dataset-4_500385_jpg.rf.b5fdf197b033b47136eeb629988c9b2d.jpg,dataset-4,train
dataset-4_500386_jpg.rf.1f0a98efa0c71bbab348f040932aa5d9.jpg,dataset-4,train
dataset-4_500424_jpg.rf.4ad3a1787d9c515dc53efc309522c80a.jpg,dataset-4,train
dataset-4_500430_jpg.rf.24a878ef11d8754e02b372d94dd921eb.jpg,dataset-4,train
dataset-4_500431_jpg.rf.5d4874546504fb716900f5c5b25a2401.jpg,dataset-4,train
dataset-4_500450_jpg.rf.b72fcc4f0c701a0ca99eafd9a08fe71a.jpg,dataset-4,train
dataset-4_500473_jpg.rf.2cbac0f0a47a7de12eeaba310fbeea83.jpg,dataset-4,train
dataset-4_500479_jpg.rf.459a63caf5b860e4ea11e44e86d616d1.jpg,dataset-4,train
dataset-4_500483_jpg.rf.c4801e7aeac3208d1166326ce2c9883f.jpg,dataset-4,train
dataset-4_500487_jpg.rf.43e20edd674a7bb50da0c463e06e7a33.jpg,dataset-4,train
dataset-4_50051_00_s_12_jpg.rf.c79d0acd99564a9883f931e77e24f9cc.jpg,dataset-4,train
dataset-4_50051_00_s_13_jpg.rf.8e5e34f7e4e967bf25154f8e6159f6a0.jpg,dataset-4,train
dataset-4_50051_00_s_15_jpg.rf.90198ecd1d18ca186ef8d72a24d81b68.jpg,dataset-4,train
dataset-4_50051_00_s_8_jpg.rf.6893ec3de0421968fc8465e629ea3ecf.jpg,dataset-4,train
dataset-4_500533_jpg.rf.dc40bc31ee18ded32dd14758f1a215a0.jpg,dataset-4,train
dataset-4_500541_jpg.rf.2e59c47bfd4e4d6fdfb07ba8cab60d9b.jpg,dataset-4,train
dataset-4_500582_jpg.rf.5d640ee1e67b3645096039905afafc15.jpg,dataset-4,train
dataset-4_500610_jpg.rf.fb062497627fca90681ff5869a5527f6.jpg,dataset-4,train
dataset-4_50121_00_s_17_jpg.rf.19776f0e4af99976232807c980827b3e.jpg,dataset-4,train
dataset-4_50121_00_s_17_jpg.rf.5a2c3113e5514ac1229a0cd5fc973e8f.jpg,dataset-4,train
dataset-4_50121_00_s_17_jpg.rf.f9430b4d9e8e02c1d42da3713f1cde1a.jpg,dataset-4,train
dataset-4_50121_00_s_19_jpg.rf.4ffba9ea2656fc805f7053cf4b64ebed.jpg,dataset-4,train
dataset-4_50121_00_s_19_jpg.rf.518994e81ba6845a60bdf0dd593d489a.jpg,dataset-4,train
dataset-4_50121_30_s_11_jpg.rf.09ac9a87c9e2f465167eed995838237b.jpg,dataset-4,train
dataset-4_50121_30_s_11_jpg.rf.faa2c134d91fd01c7fbd40cb5b07556b.jpg,dataset-4,train
dataset-4_50121_60_m_17_jpg.rf.ea1a9f962f1e4a31d74156ff52728f7c.jpg,dataset-4,train
dataset-4_50121_60_m_2_jpg.rf.5c0ea664e3d69a4694a7ddc77d8352ea.jpg,dataset-4,train
dataset-4_507_jpg.rf.85010d742c9e92a9d54597a3f81dc59d.jpg,dataset-4,train
dataset-4_507_jpg.rf.b2b0de1a13c5f72b8d8e2e3478fe1f17.jpg,dataset-4,train
dataset-4_507_jpg.rf.d5112f1739b53302c6abb7f5057fc9b6.jpg,dataset-4,train
dataset-4_50_jpg.rf.b4edabbf08f3f0b84aa8f3f02ed52b03.jpg,dataset-4,train
dataset-4_514_jpg.rf.19910321e53ef07e3e542db56718e107.jpg,dataset-4,train
dataset-4_514_jpg.rf.26c7aa8ab0e2e16b7e5acf7de239f9c8.jpg,dataset-4,train
dataset-4_514_jpg.rf.fa00c044cc7a93db9569a8f3c620d935.jpg,dataset-4,train
dataset-4_51_jpg.rf.8bc0cfdcaa8e116d605396506e1bc1ed.jpg,dataset-4,train
dataset-4_532_jpg.rf.1eaa7f766f665e74e10b8696566e16f7.jpg,dataset-4,train
dataset-4_532_jpg.rf.2835222bf31adf559e9b2d76e924730f.jpg,dataset-4,train
dataset-4_532_jpg.rf.b4bc46c0832d21a2939a49cfc072a121.jpg,dataset-4,train
dataset-4_538_jpg.rf.07d5acde20fe2beb1544b5081f355608.jpg,dataset-4,train
dataset-4_538_jpg.rf.4fb6277f8359564b333ebb73aacffade.jpg,dataset-4,train
dataset-4_53_jpg.rf.1a2748185f3cc2598d03bbe1f6b93d2e.jpg,dataset-4,train
dataset-4_540_jpg.rf.50b1845d479c92e9ebe1cbdc04708014.jpg,dataset-4,train
dataset-4_556_jpg.rf.52a22191c6405a9d06e3ed24025b82f7.jpg,dataset-4,train
dataset-4_556_jpg.rf.666115d2309a3f60a142abb40c9cd78f.jpg,dataset-4,train
dataset-4_556_jpg.rf.b98c49be6f0fa2ad09f61d3b0b884d97.jpg,dataset-4,train
dataset-4_579_jpg.rf.039bbc670339bbc58ef6d560ce42b721.jpg,dataset-4,train
dataset-4_579_jpg.rf.d84d020676aef6a32a60b2594c3db7d7.jpg,dataset-4,train
dataset-4_57_jpg.rf.05767c18b207eb2afdddd9c080ba4435.jpg,dataset-4,train
dataset-4_582_jpg.rf.24c01e473f1e1f6cc8137a371505adf7.jpg,dataset-4,train
dataset-4_582_jpg.rf.6155a1a008ed5467bc58c75f95b27e08.jpg,dataset-4,train
dataset-4_5_jpg.rf.cee1609f7b64422ccdab1df3e5e7819a.jpg,dataset-4,train
dataset-4_5db84bbe0e1943aaa58c_jpg.rf.7ef191199bbb1926992993d0f1698b3c.jpg,dataset-4,train
dataset-4_60_jpg.rf.7bde65275af0b119d9103e6e412b8fea.jpg,dataset-4,train
dataset-4_61_jpg.rf.4954c72927770c4cfafe591a9d32da5f.jpg,dataset-4,train
dataset-4_620_jpg.rf.aa1765d01f5509089fb0ff927afc123a.jpg,dataset-4,train
dataset-4_63_jpeg_jpg.rf.21461b96806cc12af3689c18367e3593.jpg,dataset-4,train
dataset-4_63_jpeg_jpg.rf.258eec4a11031526966d4e9ffb95c402.jpg,dataset-4,train
dataset-4_63_jpeg_jpg.rf.769482ae7115c0c790d13d988e3c69b0.jpg,dataset-4,train
dataset-4_63_jpg.rf.f47f4883dd3b85e85d9a59342db5e998.jpg,dataset-4,train
dataset-4_64060_jpg.rf.4ae627ca67e286952ff59e49e6cdd43a.jpg,dataset-4,train
dataset-4_65239_30_s_13_jpg.rf.355cd3ef6ac9b93fe035f7d634f39188.jpg,dataset-4,train
dataset-4_65239_30_s_13_jpg.rf.54c7399ec0762f11cfdb2d61c6a77413.jpg,dataset-4,train
dataset-4_65239_30_s_13_jpg.rf.690eb672a43233e731d81199681caacf.jpg,dataset-4,train
dataset-4_65239_30_s_15_jpg.rf.32d8b4df89b09e03d76db800bb097c7f.jpg,dataset-4,train
dataset-4_65239_30_s_15_jpg.rf.f5c928cd0107b6e23c6a5441c2133cd3.jpg,dataset-4,train
dataset-4_65239_30_s_23_jpg.rf.344106c7432f11366364e03711471224.jpg,dataset-4,train
dataset-4_65239_30_s_23_jpg.rf.7822ab876d8f074638bcd89ba64d3185.jpg,dataset-4,train
dataset-4_65239_30_s_23_jpg.rf.e85150b6285ac6bd54d9b77ab4e6bc1a.jpg,dataset-4,train
dataset-4_65638_00_s_20_jpg.rf.1d8c54f3a5fe58f6d5a859f41523fe3a.jpg,dataset-4,train
dataset-4_65638_00_s_20_jpg.rf.4a94646c9f935a66696430cc43b03b1f.jpg,dataset-4,train
dataset-4_65638_00_s_20_jpg.rf.783ce52cdc9422b639671a2390d8a0aa.jpg,dataset-4,train
dataset-4_65638_00_s_2_jpg.rf.8c67df1d139dcae3074f0afc6f865c7e.jpg,dataset-4,train
dataset-4_65638_00_s_2_jpg.rf.e415d05a91f89212ce03574bd00671f4.jpg,dataset-4,train
dataset-4_65638_00_s_6_jpg.rf.523311c1629224742fb0416509ce1aaf.jpg,dataset-4,train
dataset-4_65638_00_s_6_jpg.rf.e12f4f1d082ab5b9e1974fdc0192e802.jpg,dataset-4,train
dataset-4_65638_00_s_8_jpg.rf.11db1d4141248807759c0a0bfef195c6.jpg,dataset-4,train
dataset-4_65638_30_s_1_jpg.rf.022d683caf40375d2a7b519310e36380.jpg,dataset-4,train
dataset-4_65638_30_s_1_jpg.rf.56889ce75400bd38b1ed17c9443d3e52.jpg,dataset-4,train
dataset-4_65_jpg.rf.556d9b15480cf4c8ed786cbe82111532.jpg,dataset-4,train
dataset-4_660_jpg.rf.f55a59afb5a82bea88b0ad59d12296cd.jpg,dataset-4,train
dataset-4_66_jpg.rf.92257ef360f05fecb8038799ee196a07.jpg,dataset-4,train
dataset-4_66_jpg.rf.9228d23581751deac8948575d455b4ee.jpg,dataset-4,train
dataset-4_66_jpg.rf.96e01996e8a2cca9b898603de8edacd4.jpg,dataset-4,train
dataset-4_674_jpg.rf.35f7f241b43bd580508f7dbf5fd7f896.jpg,dataset-4,train
dataset-4_674_jpg.rf.5da820aa6e072d6e2115b37a2e9f0f19.jpg,dataset-4,train
dataset-4_674_jpg.rf.9fd0aa5515ef44a96114b6970c215e41.jpg,dataset-4,train
dataset-4_67_jpg.rf.3399d4107bf8cbefbcbd9514d1168192.jpg,dataset-4,train
dataset-4_688_jpg.rf.cbf0b87660f003973c51c94645099b92.jpg,dataset-4,train
dataset-4_68_jpg.rf.ab714dc67db7e6166406d1897ed39243.jpg,dataset-4,train
dataset-4_69_jpg.rf.9d85609cfc10d1791e323fa3e9a95c9d.jpg,dataset-4,train
dataset-4_6_jpg.rf.0e68238555de8d7d11c4532742a40cc8.jpg,dataset-4,train
dataset-4_6_jpg.rf.1082e3d1e775acd14e0eae6595ce7aa9.jpg,dataset-4,train
dataset-4_6_jpg.rf.1ec1c63a359658ffb9b630db07013ab5.jpg,dataset-4,train
dataset-4_6_jpg.rf.50cfcdd35c01d5c8aeff8069aeb298e3.jpg,dataset-4,train
dataset-4_6_jpg.rf.e33cad50871a5ca5665af07a5c3570c4.jpg,dataset-4,train
dataset-4_6_jpg.rf.fc948b8618cbb8c5e22463877eadeb38.jpg,dataset-4,train
dataset-4_6c0c6033-IMG_4266_JPG_jpg.rf.1fe3db64ae86b27a25b4c08e5bb744c5.jpg,dataset-4,train
dataset-4_6c0c6033-IMG_4266_JPG_jpg.rf.aa9ef2b3ee43446ae7832894d5907102.jpg,dataset-4,train
dataset-4_700084_jpg.rf.65f0747113fa1a3a19465bbba9b4fc40.jpg,dataset-4,train
dataset-4_700126_jpg.rf.1cb4f9e9bb25bf253c39ff3572dc2b77.jpg,dataset-4,train
dataset-4_700174_jpg.rf.4788153ef68e5ec8b16ae5f186c3443f.jpg,dataset-4,train
dataset-4_700276_jpg.rf.0a254633f35d55b33376bf9a77b57995.jpg,dataset-4,train
dataset-4_700285_jpg.rf.0ec9d9a105edae51be5b37dc093bb1bb.jpg,dataset-4,train
dataset-4_700299_jpg.rf.2fbfcff82e7c7c263f9d8be62e49e09a.jpg,dataset-4,train
dataset-4_700301_jpg.rf.946771d5ea6a6f261bc59c74352e40cf.jpg,dataset-4,train
dataset-4_700306_jpg.rf.01f0cdb35907b77c97a04f6bf93ce782.jpg,dataset-4,train
dataset-4_700307_jpg.rf.467bbe0c9972c49bf2c63ca26fe53f4f.jpg,dataset-4,train
dataset-4_700309_jpg.rf.743fab53becb8e1b9c3940b20ca9b818.jpg,dataset-4,train
dataset-4_700318_jpg.rf.8d005949032933639abea21033e5b56b.jpg,dataset-4,train
dataset-4_700334_jpg.rf.912cf185f7dba5ea786c46ce91c1032c.jpg,dataset-4,train
dataset-4_700390_jpg.rf.6c9301c23dfd872f52797486036bfdaf.jpg,dataset-4,train
dataset-4_70062_0_s_13_jpg.rf.29525cedb1fd6bf7e500565fc1434ce3.jpg,dataset-4,train
dataset-4_70062_0_s_4_jpg.rf.41b244f444e991c421fc10641dad1f25.jpg,dataset-4,train
dataset-4_70062_0_s_5_jpg.rf.7b0504d05d7accba89224b032d74488c.jpg,dataset-4,train
dataset-4_70062_0_s_5_jpg.rf.84b9c00ae3cc179d07904420a0adc8d3.jpg,dataset-4,train
dataset-4_70062_0_s_6_jpg.rf.fd64a699bf5a56d2cf5cc1370c1e6b10.jpg,dataset-4,train
dataset-4_70062_30_s_11_jpg.rf.291f8dbfc9bcb0eafe87206046c408d8.jpg,dataset-4,train
dataset-4_70062_30_s_11_jpg.rf.c4ff78ed3c3bfa428136a124e547ac9c.jpg,dataset-4,train
dataset-4_70062_30_s_11_jpg.rf.de728e8e656bfbf0c7e887fb10737352.jpg,dataset-4,train
dataset-4_701_jpg.rf.481ae9fd24641e71f154183604ef3d9b.jpg,dataset-4,train
dataset-4_701_jpg.rf.c98b0c1c60292ed9dad642f42b551b18.jpg,dataset-4,train
dataset-4_70271_00_s_16_jpg.rf.3ac06c3f83a19020c13c86a096718c5f.jpg,dataset-4,train
dataset-4_70271_00_s_16_jpg.rf.f3f100a8206b3a967fc78cc8610c9634.jpg,dataset-4,train
dataset-4_70271_00_s_1_jpg.rf.1eac0776d2938f62d41a9add0b099ee6.jpg,dataset-4,train
dataset-4_70271_00_s_1_jpg.rf.46ef05a7d9466a1e6c203b9adc9a4254.jpg,dataset-4,train
dataset-4_70271_00_s_20_jpg.rf.8e62beb7a99ee4a5629812e5b2de7351.jpg,dataset-4,train
dataset-4_70271_00_s_23_jpg.rf.66c676203bb25ddd4767ab9772d73cf0.jpg,dataset-4,train
dataset-4_702_jpg.rf.19c7a9e953209983f755dc622ba06613.jpg,dataset-4,train
dataset-4_702_jpg.rf.6911dc2a5d8cd31eed0bb164db999e90.jpg,dataset-4,train
dataset-4_702_jpg.rf.ddd56332a0f97536b499136b1b4ef905.jpg,dataset-4,train
dataset-4_70_jpg.rf.7f01f28c6d17f9f4f29d9d6fafea97ed.jpg,dataset-4,train
dataset-4_717_jpg.rf.49cd47a20de81b4192227611ffa48a89.jpg,dataset-4,train
dataset-4_717_jpg.rf.a49e64fa59047b1dd49f8678cbd231ff.jpg,dataset-4,train
dataset-4_71_19-05-2021-03-05-35-botella-limpiador-900_png_jpg.rf.d42c2f21e97534eafb68d7b5bd36860a.jpg,dataset-4,train
dataset-4_71_jpg.rf.1a9d903115cb29ca6afd4f497c0078e7.jpg,dataset-4,train
dataset-4_73_jpg.rf.5ce51b8e3507b1e6c7221884518c0b7b.jpg,dataset-4,train
dataset-4_741455588-f81472c53356f07fe2e7ceb16e2b4b16a98665e086c0a1327be77b24b85b62d4-d_640x360_jpg.rf.2be2d83e31b8d9f25ddcf8d496fea56f.jpg,dataset-4,train
dataset-4_747_jpg.rf.543e0c19ceeb4cebbf53124bbd9ff32b.jpg,dataset-4,train
dataset-4_747_jpg.rf.83b0c76bed78c4454828ab606dacf106.jpg,dataset-4,train
dataset-4_747_jpg.rf.8e77f08f9ddb7d6f2c0748ccddbc150b.jpg,dataset-4,train
dataset-4_74_jpg.rf.3a88501f25fa35fe5f9a7862ce9966c1.jpg,dataset-4,train
dataset-4_76_jpg.rf.e1a7fcf862f2ed4b1914d3d6e1f1de56.jpg,dataset-4,train
dataset-4_778_jpg.rf.3f06730ea4faf0e69c4540f31d22926a.jpg,dataset-4,train
dataset-4_778_jpg.rf.5acdecad00f8a4378297a7afc8e89149.jpg,dataset-4,train
dataset-4_778_jpg.rf.f7a4a29f27a29cde51cd9e5a26d14784.jpg,dataset-4,train
dataset-4_779_jpg.rf.2cd9113ebfc57924d5277a52ad78ef0b.jpg,dataset-4,train
dataset-4_779_jpg.rf.6c81fbd5f18fade4aa1bc6924cb91f31.jpg,dataset-4,train
dataset-4_77_jpg.rf.2e0a290872ed94724e1b8ed580326b1e.jpg,dataset-4,train
dataset-4_77_jpg.rf.60b7a3ad2af44f4d753e526a95c286b8.jpg,dataset-4,train
dataset-4_77_jpg.rf.dd191d499a321a187c7e0c505211912c.jpg,dataset-4,train
dataset-4_780_jpg.rf.2c69f238e05d0003d1e6598c3c0d1f30.jpg,dataset-4,train
dataset-4_780_jpg.rf.5279279f6abcf5801a01aab6e7bc1f22.jpg,dataset-4,train
dataset-4_787_jpg.rf.664afdc80785dc6348f0a443659fb4fd.jpg,dataset-4,train
dataset-4_791_jpg.rf.0dc0a933d85e095d7777a44e30e0bde2.jpg,dataset-4,train
dataset-4_791_jpg.rf.359e70ee916eeaf3b865da0515446da0.jpg,dataset-4,train
dataset-4_791_jpg.rf.7dc72762938c2d16f88b462c93ea6c14.jpg,dataset-4,train
dataset-4_795_jpg.rf.0d7049074b8e2920d58d6de5990e0f8b.jpg,dataset-4,train
dataset-4_795_jpg.rf.8b340cf86ad7e2572bf38d4ac5cf307b.jpg,dataset-4,train
dataset-4_79_jpg.rf.f3f83c4edfd0f18441c3c5ccc3a01f60.jpg,dataset-4,train
dataset-4_7_jpeg_jpg.rf.915f614e9c64cf7efa7b19f69bd4f558.jpg,dataset-4,train
dataset-4_7_jpeg_jpg.rf.ffa5a4d1110cfffbb370f365d18ed695.jpg,dataset-4,train
dataset-4_7_jpg.rf.80028348859cb5c9e9074677e9b21446.jpg,dataset-4,train
dataset-4_7_jpg.rf.d71b98fdf91ddfa9709679003bab184b.jpg,dataset-4,train
dataset-4_7dbce32e4e065cca_jpg.rf.0b014b561d60da7de191103930fdabc0.jpg,dataset-4,train
dataset-4_7e2e4c62f0712d78_jpg.rf.60173643b90e012f3863888f2bb682dd.jpg,dataset-4,train
dataset-4_800079_jpg.rf.c62fe88f00c7ca018dd04d59f776143a.jpg,dataset-4,train
dataset-4_800082_jpg.rf.1f46f06fc10073c0a9889e3fadf0ae07.jpg,dataset-4,train
dataset-4_800095_jpg.rf.2bab957cf25809bfdc93a6876b9b18d0.jpg,dataset-4,train
dataset-4_800163_jpg.rf.0cd06fd2e628927c3ba25eff033a36f9.jpg,dataset-4,train
dataset-4_800178_jpg.rf.3690bcb509a2e5d4c283dcd645348c95.jpg,dataset-4,train
dataset-4_800190_jpg.rf.d8021db0eedfec6cfc79f7a71f359469.jpg,dataset-4,train
dataset-4_80021_0_s_10_jpg.rf.63833e50d601f04dfd63de72dd8c7553.jpg,dataset-4,train
dataset-4_80021_0_s_11_jpg.rf.6a4d7053e12822ff2bf26ff014ce4469.jpg,dataset-4,train
dataset-4_80021_0_s_19_jpg.rf.0cc1b724bf06b634cf9497fbc838287a.jpg,dataset-4,train
dataset-4_80021_0_s_19_jpg.rf.a468d2527aa7e9e7253dc777899027ab.jpg,dataset-4,train
dataset-4_80021_30_s_15_jpg.rf.4cd9166a422c537558b96dc0958ca98c.jpg,dataset-4,train
dataset-4_80021_30_s_15_jpg.rf.95bb795207b68e5d934557edecd04155.jpg,dataset-4,train
dataset-4_800231_jpg.rf.2cec2f2d557dec9f7240fd719ecbc82b.jpg,dataset-4,train
dataset-4_800244_jpg.rf.8841e118871941ace0661974dd21374f.jpg,dataset-4,train
dataset-4_800245_jpg.rf.45bf63e62a323e49e7575c989d8f3dbe.jpg,dataset-4,train
dataset-4_800258_jpg.rf.4d0b47565d0b4d2fee62d03e0645eb4f.jpg,dataset-4,train
dataset-4_800287_jpg.rf.5149a88ad00c0c33afdf92ef15ffdcb2.jpg,dataset-4,train
dataset-4_800296_jpg.rf.6c5b41b51fb3907bc364702d48f516ec.jpg,dataset-4,train
dataset-4_800321_jpg.rf.1285912a4ab76b868ab82ac5812f1be0.jpg,dataset-4,train
dataset-4_800330_jpg.rf.5f32a69dc0603e62af2ee5b66c79fe23.jpg,dataset-4,train
dataset-4_800358_jpg.rf.c7c0f4be07f51ab2ce776d2c614f90e7.jpg,dataset-4,train
dataset-4_800361_jpg.rf.79c4f2ca41348c97802ce2ea2b78c6a8.jpg,dataset-4,train
dataset-4_800364_jpg.rf.000bca8a3c8125bafdc18fbe019542f6.jpg,dataset-4,train
dataset-4_800387_jpg.rf.3cdeafc45d475b4132147a0bdf64aa73.jpg,dataset-4,train
dataset-4_800455_jpg.rf.a27ae53f75a39ad1be074a9ce8b49d61.jpg,dataset-4,train
dataset-4_800456_jpg.rf.63e5edf033f68c6fd6ba793ff1b6f735.jpg,dataset-4,train
dataset-4_800509_jpg.rf.3c978e1124d2b3989301cb90ecf83b04.jpg,dataset-4,train
dataset-4_806_jpg.rf.52cbd382dd80d1c3c4c6cb39244be42e.jpg,dataset-4,train
dataset-4_80_jpg.rf.b1c2df9699c819fa2abd25c651d21704.jpg,dataset-4,train
dataset-4_81_jpg.rf.70165cdcbabf1a3e9ed43baf95dcddc7.jpg,dataset-4,train
dataset-4_840_jpg.rf.fdfb124eff1104043ae541949badcdbf.jpg,dataset-4,train
dataset-4_84_jpg.rf.11dfda3b65b5d9334e9e11d49206149e.jpg,dataset-4,train
dataset-4_85056_00_s_17_jpg.rf.061d16583548282d0ac1e3353ecbe1e3.jpg,dataset-4,train
dataset-4_85056_00_s_17_jpg.rf.317a80b74383b6a9a680f6e8c412e221.jpg,dataset-4,train
dataset-4_85056_00_s_17_jpg.rf.b88c4b828af925a34fec46a7a9a7cbe0.jpg,dataset-4,train
dataset-4_85056_00_s_7_jpg.rf.427c0d2af52697fbecc58113e49a4266.jpg,dataset-4,train
dataset-4_85056_00_s_7_jpg.rf.68e0f962258ac904f528fcfb8d911422.jpg,dataset-4,train
dataset-4_85056_00_s_7_jpg.rf.7bf63b413ac8dea2260468bcf2aea2d2.jpg,dataset-4,train
dataset-4_852_jpg.rf.28dfdbf6d50cfc70be463a2e8a1b479b.jpg,dataset-4,train
dataset-4_852_jpg.rf.caae67eaf28301247cbdbe10d176d20c.jpg,dataset-4,train
dataset-4_85_jpg.rf.e03b0720d6a1d71818088b51c1f916df.jpg,dataset-4,train
dataset-4_866_jpg.rf.6b405b3711bdccf675bc4a3b8579d1cb.jpg,dataset-4,train
dataset-4_872_jpg.rf.3d346276e8ab590effc0fea056cc71f8.jpg,dataset-4,train
dataset-4_872_jpg.rf.ef10d0117a6150b756f60a08df76059e.jpg,dataset-4,train
dataset-4_877_jpg.rf.d5b347690494e0455120a589d6d7dcac.jpg,dataset-4,train
dataset-4_877_jpg.rf.efb0a527e6b5b79da7f32aed224f815f.jpg,dataset-4,train
dataset-4_87_jpg.rf.746315ba7cb56d0686189ee858043c43.jpg,dataset-4,train
dataset-4_888d_jpg.rf.67e2ec8a749786f47a5854c3999e1871.jpg,dataset-4,train
dataset-4_89_jpg.rf.0b2a1cef7d279e24bf2b893fffd17c03.jpg,dataset-4,train
dataset-4_89_jpg.rf.a688c29c5e267afea99f28f47067a202.jpg,dataset-4,train
dataset-4_89_jpg.rf.ea9111bbf9428afaf7e120bf32781be2.jpg,dataset-4,train
dataset-4_8_jpg.rf.66116cefd9affb991dee40ffb6ed2de2.jpg,dataset-4,train
dataset-4_8_png_jpg.rf.9cc572ebac747b62369a731aacc8af2b.jpg,dataset-4,train
dataset-4_9-99129_water-bottle-clipart-png_png_jpg.rf.ec5763efc30ce13b7a33c9917d7864d5.jpg,dataset-4,train
dataset-4_900014_jpg.rf.20321bb1d116a991bcf8e0d1158f8ac0.jpg,dataset-4,train
dataset-4_900019_jpg.rf.42f670eae01de0be1ec51852ab2a47c1.jpg,dataset-4,train
dataset-4_900037_jpg.rf.4227cda3d983ada9de5e3425323f64c5.jpg,dataset-4,train
dataset-4_900058_jpg.rf.cc55c0753ef662e31569bbb184a6d55c.jpg,dataset-4,train
dataset-4_900062_jpg.rf.12c8e1022e75d4529e7fe129215eb64f.jpg,dataset-4,train
dataset-4_900064_jpg.rf.47200c1b83705056898b3d27743ebf25.jpg,dataset-4,train
dataset-4_900077_jpg.rf.d73aa633054d19f9e0ce7e20ca1e4c64.jpg,dataset-4,train
dataset-4_900086_jpg.rf.80b4cc1b1390e0e6644ec84c089e929f.jpg,dataset-4,train
dataset-4_900088_jpg.rf.0543f2f284dec52161d0c2eaab97dca6.jpg,dataset-4,train
dataset-4_900119_jpg.rf.0f880ed08c72863ced3540833a450c76.jpg,dataset-4,train
dataset-4_900127_jpg.rf.170645eaee5b07529d15ed014fc4a649.jpg,dataset-4,train
dataset-4_900160_jpg.rf.2ef02426f7c0092723c867810e0c588f.jpg,dataset-4,train
dataset-4_900168_jpg.rf.3befb2fb3816e3a103df46e761691b4d.jpg,dataset-4,train
dataset-4_900214_jpg.rf.cc8862f6a1c70f26547966d1c0df2f6e.jpg,dataset-4,train
dataset-4_900222_jpg.rf.8b7b0223f1a2e9c3a15491f976b98836.jpg,dataset-4,train
dataset-4_900416_jpg.rf.86c66259e03e2da4ca11b71a95351f00.jpg,dataset-4,train
dataset-4_900438_jpg.rf.2e2c1f1bccd267bc60a34e0e7c3b9a72.jpg,dataset-4,train
dataset-4_900499_jpg.rf.0c5db568be35ee5afa3ecfb9ac67b8f9.jpg,dataset-4,train
dataset-4_900727_jpg.rf.076eee11d93486221fcadb9f5308b978.jpg,dataset-4,train
dataset-4_90103_0_s_18_jpg.rf.3757bfdf48a03af6e7162c1fd0b0a694.jpg,dataset-4,train
dataset-4_90103_0_s_18_jpg.rf.e4423416c6f9698b793fc9ded30f4317.jpg,dataset-4,train
dataset-4_90103_0_s_23_jpg.rf.6341857726ff2c3620ad6592774d9aa1.jpg,dataset-4,train
dataset-4_90103_0_s_23_jpg.rf.ac2c7d7c00d2c435f65be544401cfb4c.jpg,dataset-4,train
dataset-4_90103_0_s_3_jpg.rf.4ed77b5aecd0cc64048631b5f9441476.jpg,dataset-4,train
dataset-4_90103_0_s_3_jpg.rf.ba310f0b7fb2128d0216403afc29d8d0.jpg,dataset-4,train
dataset-4_90103_0_s_3_jpg.rf.caf1091ceddf723bb5aaa8d920239adc.jpg,dataset-4,train
dataset-4_90103_0_s_5_jpg.rf.8c1bc5dccbba81645b405ea840c908a5.jpg,dataset-4,train
dataset-4_90103_0_s_5_jpg.rf.d37d4a55d489a26acff6200eda28d012.jpg,dataset-4,train
dataset-4_90103_30_s_11_jpg.rf.000644531646e8b15fbdea67526c4041.jpg,dataset-4,train
dataset-4_90103_30_s_11_jpg.rf.1331c701ae3a469f460da178e5874725.jpg,dataset-4,train
dataset-4_90103_30_s_11_jpg.rf.894abe0b92d1b8242b782e31a937f2ef.jpg,dataset-4,train
dataset-4_90103_60_m_13_jpg.rf.1c2673b6c5e77b04427048f0f8956d15.jpg,dataset-4,train
dataset-4_90103_60_m_13_jpg.rf.c68693b9c3055375a60b9dd5290fd87c.jpg,dataset-4,train
dataset-4_90103_60_m_15_jpg.rf.a7f0613c707c17e3dc39da087e7222f9.jpg,dataset-4,train
dataset-4_90103_60_m_15_jpg.rf.c652ed8d05edcf4a8666c0a231287236.jpg,dataset-4,train
dataset-4_90103_60_s_11_jpg.rf.2fd1346e971655ab4f5342ea8363d69c.jpg,dataset-4,train
dataset-4_90103_60_s_11_jpg.rf.5e595c5943b771339c14fd0d535e25a2.jpg,dataset-4,train
dataset-4_90103_60_s_2_jpg.rf.68e5e7683ad76d6397107f70f5ed49f2.jpg,dataset-4,train
dataset-4_90103_60_s_2_jpg.rf.fa214c96ea7780e13869ba3a57229cb4.jpg,dataset-4,train
dataset-4_90103_60_s_5_jpg.rf.a1cecfd815024b0c82def1c06bda508f.jpg,dataset-4,train
dataset-4_90103_60_s_8_jpg.rf.97c9cd6acb264914906cba5f10866e40.jpg,dataset-4,train
dataset-4_90_jpg.rf.eed983d1f4de6cd6031858b651c890c2.jpg,dataset-4,train
dataset-4_911_jpg.rf.97550ac70956943eb030a7a094a8c143.jpg,dataset-4,train
dataset-4_914_jpg.rf.7a52ba9e78d3e40f510a2667439f0a66.jpg,dataset-4,train
dataset-4_914_jpg.rf.f8a53d24be297b561bfaf2692171c61b.jpg,dataset-4,train
dataset-4_919_jpg.rf.89aef9ffc3391bda3775882445f68bab.jpg,dataset-4,train
dataset-4_919_jpg.rf.bb4f05f051ea1b3c8f5f5bbec5fbc875.jpg,dataset-4,train
dataset-4_91_jpg.rf.e292f77e6d8d7f97ff2cfe9e9f662b67.jpg,dataset-4,train
dataset-4_923_jpg.rf.4c1fffd41daed5ddfb14fda846f8ef7f.jpg,dataset-4,train
dataset-4_923_jpg.rf.814f2384758cf9ddf7283154d70e46b8.jpg,dataset-4,train
dataset-4_92_jpg.rf.d2e26902c84d903fc9e476b718e0b414.jpg,dataset-4,train
dataset-4_936_jpg.rf.5d7248eaae3669a25361726957049f86.jpg,dataset-4,train
dataset-4_936_jpg.rf.d64e2980d2a50a250b4fb1a0f12b939e.jpg,dataset-4,train
dataset-4_937_jpg.rf.2625f619ca5b8ce9ac7f9ebc807f99b6.jpg,dataset-4,train
dataset-4_93_jpg.rf.1de4dc488db110d181637b00c3923db6.jpg,dataset-4,train
dataset-4_956_jpg.rf.84ac8e4a46f91a00c430a065ab9462fe.jpg,dataset-4,train
dataset-4_956_jpg.rf.d1d1fceba99623aa2e7f617c0fb3dfbb.jpg,dataset-4,train
dataset-4_956_jpg.rf.e6cae30a1baef77850cc1c4dfa055954.jpg,dataset-4,train
dataset-4_95_jpg.rf.1dc7083c99ce2adb4e63f71cdee1865e.jpg,dataset-4,train
dataset-4_975_jpg.rf.1560d5ceb0a53a90ee16690a8f865641.jpg,dataset-4,train
dataset-4_977_jpg.rf.2188642c9119089d8d88cf319a80dde1.jpg,dataset-4,train
dataset-4_977_jpg.rf.a6d0823481b8d5a35445850cb9865440.jpg,dataset-4,train
dataset-4_97_jpg.rf.b0b6a3a7f0ce96aacdf9e12b63e5781e.jpg,dataset-4,train
dataset-4_982_jpg.rf.1bb0165022bc943473a87dd4dfcd014f.jpg,dataset-4,train
dataset-4_986_jpg.rf.079c99768721abc794e7385a0a5b98f2.jpg,dataset-4,train
dataset-4_986_jpg.rf.9e5cd3993092f2630eeb40dcad05a8a6.jpg,dataset-4,train
dataset-4_986_jpg.rf.cebc4e066d3fb50520792f51c01190f4.jpg,dataset-4,train
dataset-4_98_jpg.rf.39eef62c2e23bbf5e877da16be6a530d.jpg,dataset-4,train
dataset-4_992_jpg.rf.47cc01fcef59a5b4d0e8deca337db6de.jpg,dataset-4,train
dataset-4_992_jpg.rf.ec034199e8fbe690a66b43b0892d5b68.jpg,dataset-4,train
dataset-4_99_jpg.rf.964353b85096e8b9391031e20c92c1ba.jpg,dataset-4,train
dataset-4_9_jpg.rf.7e589767f370bb854ef6a5daffb0b6cc.jpg,dataset-4,train
dataset-4_9_jpg.rf.8e0f6c2b93e7d88de1865a11fbd6cb28.jpg,dataset-4,train
dataset-4_A53_jpg.rf.0d5fe9ea563f16a01ee7cc614ab6e3f2.jpg,dataset-4,train
dataset-4_A53_jpg.rf.cf806399f8e71485cc08afb9dc197c07.jpg,dataset-4,train
dataset-4_AddAm141682051589-8550143_jpg.rf.ebb6364c7c2963c5715438f4dd1d5e80.jpg,dataset-4,train
dataset-4_AddAm201682051608-282826_jpg.rf.1002a1671617aee9882bed70d0b2254f.jpg,dataset-4,train
dataset-4_AddAm201682051608-282826_jpg.rf.f8afbdb1c139459795ac3438fb619904.jpg,dataset-4,train
dataset-4_AddAm251682051617-8809159_jpg.rf.31d4c781729375213c10e056068c728e.jpg,dataset-4,train
dataset-4_AddAm251682051617-8809159_jpg.rf.b15cf8b94907caedd1e464a7d8844ca5.jpg,dataset-4,train
dataset-4_AddAm31682051564-4575143_jpg.rf.43abd69f228fa4a623524c704befd7b8.jpg,dataset-4,train
dataset-4_AddAm51682051568-9907362_jpg.rf.996f279eb0e8a0ac5ae85538e8d78cae.jpg,dataset-4,train
dataset-4_AddAm81682051576-8888333_jpg.rf.8097dd3d96f03d98198c3af8065dff68.jpg,dataset-4,train
dataset-4_adobestock_145227598_jpg.rf.fb5d3727f0fcaef2a603d45804855317.jpg,dataset-4,train
dataset-4_AdobeStock_222798427_jpg.rf.e188a003b6c4b272fbc522021ff9c46a.jpg,dataset-4,train
dataset-4_ai830_jpg.rf.70b79ac6400475f4dfb93c8b2968a5ce.jpg,dataset-4,train
dataset-4_ajk_jpg.rf.ad158bc587f108a2606eeaf0aa260078.jpg,dataset-4,train
dataset-4_aki38_jpg.rf.ad50229c7f90523863f6d8c102fe25b8.jpg,dataset-4,train
dataset-4_akir_jpg.rf.1f86b6b7c51e52a12e4fe8865092f270.jpg,dataset-4,train
dataset-4_amk48_jpg.rf.4065b4c44d3a7f762e43d9a8f0658b4d.jpg,dataset-4,train
dataset-4_amnj4_jpg.rf.398e996d5bff819ddca6c6bc3641f5f8.jpg,dataset-4,train
dataset-4_anj4u_jpg.rf.a4edf50087f30d3684ef07057697cdb2.jpg,dataset-4,train
dataset-4_article10_sec_full1-m_jpg.rf.7b5a0878d0f54a5f59a9543568c4a4d7.jpg,dataset-4,train
dataset-4_Ask-the-experts-Plastic-water-bottles-1024x685_jpg.rf.a53cf74546f581fbf7583ff37c2f8a51.jpg,dataset-4,train
dataset-4_assorted-garbage-bottles-on-sandy-surface_jpg.rf.81a108020a14967f36de06e38dfa8614.jpg,dataset-4,train
dataset-4_bandicam-2019-11-03-19-21-13-692_jpg.rf.428a1399f8f238609aa2e34520216604.jpg,dataset-4,train
dataset-4_bandicam-2019-11-03-19-24-29-591_jpg.rf.49500b4bfa0a959ed9c9e67288b81a16.jpg,dataset-4,train
dataset-4_bandicam-2019-11-03-20-17-51-168_jpg.rf.114ceca9b26f98ef12aaac99fe276698.jpg,dataset-4,train
dataset-4_bandicam-2019-11-03-20-18-58-335_jpg.rf.b9aabb29a37c44801d00f30947c96dd8.jpg,dataset-4,train
dataset-4_bandicam-2019-11-03-20-19-06-564_jpg.rf.b9ad7e2c76d5358125b6403f506ce907.jpg,dataset-4,train
dataset-4_bandicam-2019-11-03-20-19-41-034_jpg.rf.b7486f9b997d9b1a3501a5cb7dfe562d.jpg,dataset-4,train
dataset-4_bandicam-2019-11-03-20-21-00-561_jpg.rf.494d2331064b61ca88e5a99e7083bb92.jpg,dataset-4,train
dataset-4_bandicam-2019-11-03-20-21-35-162_jpg.rf.f374789e36bf6051fdc8d9f380483671.jpg,dataset-4,train
dataset-4_bandicam-2019-11-03-20-30-32-973_jpg.rf.26b692b08d4e21dce2b1d39676ef420b.jpg,dataset-4,train
dataset-4_bandicam-2019-11-03-20-30-39-523_jpg.rf.cf6436b159cd0654c42bee67188f4690.jpg,dataset-4,train
dataset-4_bandicam-2019-11-03-20-30-43-224_jpg.rf.2a6da3106c8b1ea3bebfd8739f7fe4b2.jpg,dataset-4,train
dataset-4_bandicam-2019-11-03-20-30-48-146_jpg.rf.0d7121443f47553be09ca562b60e0012.jpg,dataset-4,train
dataset-4_bandicam-2019-11-03-20-34-28-119_jpg.rf.5728963c582625646e3dff7fab97441c.jpg,dataset-4,train
dataset-4_bandicam-2019-11-03-20-35-30-728_jpg.rf.2c3fd46f79161a960f2d21bae9353a40.jpg,dataset-4,train
dataset-4_bandicam-2019-11-03-20-35-33-155_jpg.rf.6a65f3f25e5f6f4fa31715aac96fe930.jpg,dataset-4,train
dataset-4_bandicam-2019-11-03-20-35-38-003_jpg.rf.b00c9fce7dc8c3eaeaab052917f9ff39.jpg,dataset-4,train
dataset-4_bandicam-2019-11-03-20-35-40-449_jpg.rf.828cc14a4a9abfefbe2fb8d3c7530bba.jpg,dataset-4,train
dataset-4_bandicam-2019-11-05-23-37-31-250_jpg.rf.16975c0b335491ab4475a47ba4a9a5e6.jpg,dataset-4,train
dataset-4_bandicam-2019-11-05-23-37-34-003_jpg.rf.35a7ae87ffcf1e1bfd0fa976e8788ee2.jpg,dataset-4,train
dataset-4_bandicam-2019-11-05-23-37-39-042_jpg.rf.b4e41f1164a4838d874301a47fe4db55.jpg,dataset-4,train
dataset-4_bandicam-2019-11-05-23-52-24-615_jpg.rf.9e5a030d07f2b9d2450702712158432c.jpg,dataset-4,train
dataset-4_bandicam-2019-11-05-23-55-47-242_jpg.rf.db3dda5a040a6b61bc631f31378a47bd.jpg,dataset-4,train
dataset-4_beverage_cans-106_jpg.rf.4546251136f53170f624ee41399b50e9.jpg,dataset-4,train
dataset-4_beverage_cans-111_jpg.rf.4671d14c5659c94af93d8eb2de703a49.jpg,dataset-4,train
dataset-4_beverage_cans-26_jpg.rf.67e33576c79167db18774d37696c7298.jpg,dataset-4,train
dataset-4_beverage_cans-26_jpg.rf.a3036c6fcc65c5a44b181fce93c47671.jpg,dataset-4,train
dataset-4_beverage_cans-26_jpg.rf.ad905eac188af4b67797d6db5ca64088.jpg,dataset-4,train
dataset-4_beverage_cans-273_jpg.rf.5483b01e66918e9e3da31b5e3f0a8d0d.jpg,dataset-4,train
dataset-4_beverage_cans-273_jpg.rf.823f4cee543f2cced53d923e4c9898fa.jpg,dataset-4,train
dataset-4_beverage_cans-307_jpg.rf.cd7b09930f5a3ac47f951472cfc0d9c6.jpg,dataset-4,train
dataset-4_beverage_cans-312_jpg.rf.37c373f4bc6c9a3f347c24873829a463.jpg,dataset-4,train
dataset-4_beverage_cans-312_jpg.rf.a9a0ec972d3d8434c22f57fcb8fa1fca.jpg,dataset-4,train
dataset-4_beverage_cans-356_jpg.rf.9cde705c1687a8cd58cf7eba0be39c69.jpg,dataset-4,train
dataset-4_beverage_cans-356_jpg.rf.d571dc63ca3d84d2b992ca0f16114f5c.jpg,dataset-4,train
dataset-4_beverage_cans-357_jpg.rf.a0a8d5cd02fc0eab01f5c6af76a2ad80.jpg,dataset-4,train
dataset-4_beverage_cans-371_jpg.rf.709410e56f5f60018727d5ab2110140e.jpg,dataset-4,train
dataset-4_beverage_cans-371_jpg.rf.83a4c546f0c7811777eff065e50afe64.jpg,dataset-4,train
dataset-4_beverage_cans-376_jpg.rf.4dc5b25d2ccd65379bf2072edd8b08b7.jpg,dataset-4,train
dataset-4_beverage_cans-376_jpg.rf.91706e56496d49f0bef85e017e4c287a.jpg,dataset-4,train
dataset-4_beverage_cans-389_jpg.rf.44a14778930e327849069206a70c48aa.jpg,dataset-4,train
dataset-4_beverage_cans-389_jpg.rf.7f8b5213fcf287a65ff0e938d9e025c6.jpg,dataset-4,train
dataset-4_beverage_cans-389_jpg.rf.b3bb115821709e9ab26f11f1ce977c6c.jpg,dataset-4,train
dataset-4_bj53_jpg.rf.03e0035a27e1f011538eb5169f14fa5d.jpg,dataset-4,train
dataset-4_bottle-in-water-1000x500_jpg.rf.95a0f2491239715e1c0c0f3219f9713f.jpg,dataset-4,train
dataset-4_bottle-of-drinking-water-splashing-out-isolated-on-white-E698DR_jpg.rf.e001cd6e964a5c466007c30d471c0d9b.jpg,dataset-4,train
dataset-4_bottle-sizes-bottleyourbrand_png_jpg.rf.de601eff44e38e7ddcc4bdec9f1deaa1.jpg,dataset-4,train
dataset-4_bottled-water-water-splash-mineral-water-beverage-water-bottle-drink-transparent-png-484134_png_jpg.rf.777b83b5df57c4a140e0440b8ca81c82.jpg,dataset-4,train
dataset-4_Bottles_jpg.rf.845e5c5a00f927edc25e85635e0bd808.jpg,dataset-4,train
dataset-4_brian-yurasits-oJWMXPaFjPY-unsplash-scaled-1-750x550_jpg.rf.40f596bcb3ed1c3b223b993904c04ade.jpg,dataset-4,train
dataset-4_buxton-brand-plastic-water-bottle-png-image-19_png_jpg.rf.3798e4883a78880911a6bd76300f7e87.jpg,dataset-4,train
dataset-4_can-20-126-_jpg.rf.0d4cb21dcc206d11152859f7f05331f1.jpg,dataset-4,train
dataset-4_can-20-126-_jpg.rf.d410c1e1ffa476259b72c257e21e9910.jpg,dataset-4,train
dataset-4_can-20-126-_jpg.rf.f8f2b810f558097fb9e3fecfd2adbff0.jpg,dataset-4,train
dataset-4_can-20-134-_jpg.rf.f7d9e634307b5c889447d66cb305eae2.jpg,dataset-4,train
dataset-4_can-20-138-_jpg.rf.302501276ed3bf78f2d7cf70749bab5a.jpg,dataset-4,train
dataset-4_can-20-142-_jpg.rf.8c281049279c8760e114fac0097e47c9.jpg,dataset-4,train
dataset-4_can-20-144-_jpg.rf.3c4a5c5091f626522f7519726500c5bb.jpg,dataset-4,train
dataset-4_can-20-144-_jpg.rf.dd8fff6032b9ddb563c5c0ad1f4eaa56.jpg,dataset-4,train
dataset-4_can-20-16-_jpg.rf.552510f3c6e8cd5c51644e1ea1846709.jpg,dataset-4,train
dataset-4_can-20-16-_jpg.rf.f1cb1634ea76a5a0c16e387b18b3bb99.jpg,dataset-4,train
dataset-4_can-20-224-_jpg.rf.2a75ac9ce5195a477f55b4f11a1066e7.jpg,dataset-4,train
dataset-4_can-20-224-_jpg.rf.baa86127a4560a6adfb7f35fd88cf69b.jpg,dataset-4,train
dataset-4_can-20-226-_jpg.rf.0a43ced9cd1747c6f0fada147671377a.jpg,dataset-4,train
dataset-4_can-20-226-_jpg.rf.8f4267359028071ce2ffa92e1fe01ceb.jpg,dataset-4,train
dataset-4_can-20-226-_jpg.rf.c7e78f8bedae5063f7303ae50c60a676.jpg,dataset-4,train
dataset-4_can-20-236-_jpg.rf.7e497527f5084f7b1ff5b6164df6c5dd.jpg,dataset-4,train
dataset-4_can-20-238-_jpg.rf.1078083fcbba84d1b57d8430dcea7963.jpg,dataset-4,train
dataset-4_can-20-238-_jpg.rf.bfaefb2b90e6767286753fb9090c9962.jpg,dataset-4,train
dataset-4_can-20-280-_jpg.rf.2f6940c6fc8b883e35836e998a35ff3b.jpg,dataset-4,train
dataset-4_can-20-30-_jpg.rf.4091a014a95e99cdfd2d369462aab68e.jpg,dataset-4,train
dataset-4_can-20-38-_jpg.rf.4ac13825110f7f3d0a96b3b030b845c0.jpg,dataset-4,train
dataset-4_can-20-38-_jpg.rf.6bb130dc9cd280964111cd7082e6d3f2.jpg,dataset-4,train
dataset-4_can-20-41-_jpg.rf.7f73bfa9afa94ea47bd28faae65fd959.jpg,dataset-4,train
dataset-4_can-20-41-_jpg.rf.bd6ebe651b70535136fd7ab99f7e65ae.jpg,dataset-4,train
dataset-4_can-20-45-_jpg.rf.e3905ba91987e6efcf98a1ace35adcdb.jpg,dataset-4,train
dataset-4_can-20-51-_jpg.rf.484113cb1410ecb3c1b16d48d53f6993.jpg,dataset-4,train
dataset-4_can-20-51-_jpg.rf.a78b8eb6f9cd8077beadd078d4fa7044.jpg,dataset-4,train
dataset-4_can-20-51-_jpg.rf.cb348c92e0a85dcd1c1141f518de6d2e.jpg,dataset-4,train
dataset-4_can-20-92-_jpg.rf.791a8821a898a4130d2d7289e4ef6112.jpg,dataset-4,train
dataset-4_can-20-92-_jpg.rf.9e0904261e48b7fafcde73ccf8807fe3.jpg,dataset-4,train
dataset-4_cnb5_jpg.rf.b8969470e126ac17f563b88d6ad3d3ec.jpg,dataset-4,train
dataset-4_colicci-belu-recycled-plastic_png_jpg.rf.2e2fcd14086f6f27ef99bebe6d114635.jpg,dataset-4,train
dataset-4_conserve_can-02_jpg.rf.0566fe83c1742eb510a56d09cb0d91a5.jpg,dataset-4,train
dataset-4_conserve_can-02_jpg.rf.198e4c8b6605d1112b6057b97b99c684.jpg,dataset-4,train
dataset-4_conserve_can-02_jpg.rf.ac91e3f1f012f487a25d1d8d34e864ea.jpg,dataset-4,train
dataset-4_conserve_can-04_jpg.rf.47af29f56e2bdfe2c6ae5169b3366ab0.jpg,dataset-4,train
dataset-4_conserve_can-04_jpg.rf.a8426b7defdb6be3f37852253d6e2e8b.jpg,dataset-4,train
dataset-4_conserve_can-05_jpg.rf.3d4705b3abba6060a69a481cbb99aea4.jpg,dataset-4,train
dataset-4_conserve_can-05_jpg.rf.3ea55ac16a3f28abe5dd940308c4ad9d.jpg,dataset-4,train
dataset-4_conserve_can-05_jpg.rf.cfbd48ca23b7ac39faa2748bf7680026.jpg,dataset-4,train
dataset-4_conserve_can-06_png_jpg.rf.80e92b91703662e533e6b8c169e35908.jpg,dataset-4,train
dataset-4_conserve_can-06_png_jpg.rf.b4f251770bfe83e13c3f2521ff0a89eb.jpg,dataset-4,train
dataset-4_conserve_can-06_png_jpg.rf.de6ed1e89d60a89c051c1e1ab760e762.jpg,dataset-4,train
dataset-4_conserve_can-07_jpg.rf.414f7ad397d8eb010cab1a267a4fc7dc.jpg,dataset-4,train
dataset-4_conserve_can-07_jpg.rf.bb5e6eb11eb3a5780461f12c22840176.jpg,dataset-4,train
dataset-4_conserve_can-08_jpg.rf.2bf13060b6db11b1084f2f5a29e7659f.jpg,dataset-4,train
dataset-4_conserve_can-08_jpg.rf.55aa9fd6bbae5563b72d205828538a61.jpg,dataset-4,train
dataset-4_conserve_can-08_jpg.rf.596579a158c4727a8222767eb5a92f02.jpg,dataset-4,train
dataset-4_conserve_can-09_jpg.rf.5f51acbd50940d3deb79b33788ac8a5c.jpg,dataset-4,train
dataset-4_conserve_can-10_png_jpg.rf.15435f4a907067f63f8a78cc7bff2452.jpg,dataset-4,train
dataset-4_conserve_can-10_png_jpg.rf.ce228ebcbfa473bf3f71418e11f788e2.jpg,dataset-4,train
dataset-4_conserve_can-11_jpg.rf.19210aa6c5149a7c9f6e35cc0f66c1fc.jpg,dataset-4,train
dataset-4_conserve_can-11_jpg.rf.7c5896cc98dfa1b8de7a0a1dcbcf9ca7.jpg,dataset-4,train
dataset-4_conserve_can-11_jpg.rf.d4e89bba373f075cbb1fc47002079920.jpg,dataset-4,train
dataset-4_crushed-plastic-bottle-mineral-water-grass-sunny-park-concept-environmental-protection-littering-environment-123423369_jpg.rf.1554be140eb7db4b61baba61b8ecd830.jpg,dataset-4,train
dataset-4_crushed_can-003_jpg.rf.d33cb6da647d55e9c2365399d5f0534c.jpg,dataset-4,train
dataset-4_crushed_can-012_jpg.rf.66af3185bf2e860f87cc77c490f848c4.jpg,dataset-4,train
dataset-4_crushed_can-012_jpg.rf.76a0d7893dc82d4f5bbe96ca274943bc.jpg,dataset-4,train
dataset-4_crushed_can-122_jpg.rf.e2c055c173d92519356712b0e424435e.jpg,dataset-4,train
dataset-4_crushed_can-127_jpg.rf.5c5bcfa61a01dcb9c791545dcb198059.jpg,dataset-4,train
dataset-4_crushed_can-127_jpg.rf.60bfc1b15ed91d82bb1507a099a5dd59.jpg,dataset-4,train
dataset-4_crushed_can-144_jpg.rf.06f8ccff7659c647a73737344b39741f.jpg,dataset-4,train
dataset-4_crushed_can-144_jpg.rf.d1043df98387aa97b998b8970b9caee7.jpg,dataset-4,train
dataset-4_crushed_can-176_jpg.rf.1eee4da400846ee486ccd1c8db602337.jpg,dataset-4,train
dataset-4_crushed_can-176_jpg.rf.cc422f3db1d169c86c9db2b78681f679.jpg,dataset-4,train
dataset-4_crushed_can-177_png_jpg.rf.39ee696918d3b496904e088b1b1cde80.jpg,dataset-4,train
dataset-4_crushed_can-177_png_jpg.rf.e3a6d8c130b2b2bd0fd47c450463c937.jpg,dataset-4,train
dataset-4_crushed_can-177_png_jpg.rf.fcee097d91163a74c3bf92726923b10b.jpg,dataset-4,train
dataset-4_dasani-water-bottle-new-dasani-water-bottle-hd-png-download-transparent-png-image-pngitem_png_jpg.rf.a2b7e5446604bb20a065871093aa2dc2.jpg,dataset-4,train
dataset-4_dasgbvcbcv_png_jpg.rf.56e2890f2426c072f5aa6d122a69c891.jpg,dataset-4,train
dataset-4_Datacluster-Bottles-and-Cups-13-_jpg.rf.8aab89f1f67d559a67af787e58ca7ea4.jpg,dataset-4,train
dataset-4_Datacluster-Bottles-and-Cups-14-_jpg.rf.d7e325a14bf7ce15fef8a61ad5eae29a.jpg,dataset-4,train
dataset-4_Datacluster-Bottles-and-Cups-15-_jpg.rf.ef3b8da873451c9e9ec1c9b229f29221.jpg,dataset-4,train
dataset-4_Datacluster-Bottles-and-Cups-17-_jpg.rf.4ea4a47709b6fe39fc7bc56337d2dc21.jpg,dataset-4,train
dataset-4_Datacluster-Bottles-and-Cups-2-_jpg.rf.1233b1dfb0e18d6b38b26f6c3c5996fc.jpg,dataset-4,train
dataset-4_Datacluster-Bottles-and-Cups-38-_jpg.rf.56b88cf4df20dd1c04c5656290a38558.jpg,dataset-4,train
dataset-4_Datacluster-Bottles-and-Cups-49-_jpg.rf.f464517a53d6c50d338291e448cf5e58.jpg,dataset-4,train
dataset-4_Datacluster-Bottles-and-Cups-52-_jpg.rf.79b2a9a145eee5342177992c6994196a.jpg,dataset-4,train
dataset-4_Datacluster-Bottles-and-Cups-59-_jpg.rf.73b030a84a26d7d6232f9a36bc3d39e6.jpg,dataset-4,train
dataset-4_Datacluster-Trash-32-_jpg.rf.ae0151af1b042ecd8e4b84133d1341e3.jpg,dataset-4,train
dataset-4_Datacluster-Trash-35-_jpg.rf.9e04ae91b3d85d79fc0e61bc65d9f328.jpg,dataset-4,train
dataset-4_db7a5565daf84f4f2343205dc93748d0_jpg.rf.0f884385465864d4ef1bd75183263cc9.jpg,dataset-4,train
dataset-4_depositphotos_165616074-stock-photo-garbage-bin-next-to-plastic_jpg.rf.63d80089ce8b94954b3342bd5ee71c6b.jpg,dataset-4,train
dataset-4_depositphotos_235597946-stock-photo-plastic-bottle-sea-discharge-plastic_jpg.rf.cae74394312e60a5b141773cb3f0e633.jpg,dataset-4,train
dataset-4_depositphotos_301114614-stock-photo-empty-plastic-bottle-lying-on_jpg.rf.1b0a33c68a4f1db660be0abed348f7fa.jpg,dataset-4,train
dataset-4_depositphotos_6038342-stock-photo-water-bottle-on-grass_jpg.rf.b316b616bb8b0db6d9a9283151363a17.jpg,dataset-4,train
dataset-4_discarded-plastic-bottles-and-other-non-degradable-rubbish-in-field-C5GRT5_jpg.rf.fd2dd52227d6aae086f3c30b40545cef.jpg,dataset-4,train
dataset-4_download-14-_jpeg_jpg.rf.972abf8a750e562855af91a4e39943bd.jpg,dataset-4,train
dataset-4_download-14-_jpeg_jpg.rf.c7b48079e51e3256711b005da4fa3833.jpg,dataset-4,train
dataset-4_download-7-_jpeg_jpg.rf.081a06084658c3dcfaaec565c56c4d6a.jpg,dataset-4,train
dataset-4_download-7-_jpeg_jpg.rf.8b09bc496d7b5747739beea6cca1e96c.jpg,dataset-4,train
dataset-4_Ekran-Goruntusu-40-_png_jpg.rf.83e3f5ac349704cdd67042b48c4e1c2b.jpg,dataset-4,train
dataset-4_empty-plastic-water-bottle-500x500_jpg.rf.12057e834b3513a9a4246c251e46fbbb.jpg,dataset-4,train
dataset-4_empty-ptfe-plastic-mineral-water-bottle-discarded-in-urban-road-gutter-metaphor-plastic-pollution-environmental-pollution-war-on-plastic-waste-R9KJPR_jpg.rf.4aa487344530872e0934dfabd1c16c1f.jpg,dataset-4,train
dataset-4_ENVASES_AGUA_2500-miilitros_png_jpg.rf.3775faab601a9c68a530b3879c67bba1.jpg,dataset-4,train
dataset-4_ezik_teneke-11_jpg.rf.d296fee2b0087adca7cea61249168448.jpg,dataset-4,train
dataset-4_ezik_teneke-14_jpg.rf.37fe7592ba1c887be49f2878cb16e806.jpg,dataset-4,train
dataset-4_ezik_teneke-14_jpg.rf.a1bdaa43237fbec3af4b09bfed9ed36f.jpg,dataset-4,train
dataset-4_ezik_teneke-14_jpg.rf.fc98632a21e4676a44bd0c77ded68b20.jpg,dataset-4,train
dataset-4_ezik_teneke-16_jpg.rf.15be53ef12d510aca0ec7d97d18a566c.jpg,dataset-4,train
dataset-4_fdxcvb_png_jpg.rf.869cb809de52ad7e1989b8b12b2d7913.jpg,dataset-4,train
dataset-4_ff_jpg.rf.18913051ae22d35b1a9d623976803c54.jpg,dataset-4,train
dataset-4_foto_principal_34_1_jpg.rf.72a40a7f4a7c459cd83014e4c90681d8.jpg,dataset-4,train
dataset-4_garbage-grass-5150267_jpg.rf.8a4a401dacefc4ef0087de1e67a7c692.jpg,dataset-4,train
dataset-4_garbage-green-grass-field-garbage-grass-paper-ball-plastic-bottles-bag-ground-park-183646624_jpg.rf.ac692f52fe3d30bce605c42a9ffa7b67.jpg,dataset-4,train
dataset-4_gratis-png-botella-de-agua-botella-de-dos-litros-agua-mineral-agua-potable-botella-agua-botellas-de-vidrio_png_jpg.rf.660a8195fad5640ad5746370e21d6b79.jpg,dataset-4,train
dataset-4_greg2_png_jpg.rf.330339b994cb7f4920beac5e204995df.jpg,dataset-4,train
dataset-4_hand-picking-up-plastic-bottle-cleaning-road-hand-picking-up-plastic-bottle-cleaning-road-131216683_jpg.rf.39baa39ecea5240aab10143c5f0e32e3.jpg,dataset-4,train
dataset-4_Hidden-1080P-HD-Water-Bottle-Security-Camera-Portable-Plastic-Drinking-Water-Bottle-Camera_jpg.rf.77dcedaa1e98dd443798d27424e6fd99.jpg,dataset-4,train
dataset-4_How-to-Reduce-Reuse-Recylce-Plastice-Water-Bottle-Waste-1280x720_jpg.rf.196cde801cdbb99d86563d94a745ac4d.jpg,dataset-4,train
dataset-4_image2020-02-18-00_22_08-803243_jpg.rf.460f8e848f8c5195271e95eeece04949.jpg,dataset-4,train
dataset-4_image_png_jpg.rf.20d7e0d6fe6d3822b40c1e1528ed914b.jpg,dataset-4,train
dataset-4_images-1-_png_jpg.rf.311748b918da3cd7d8943c151dfd91da.jpg,dataset-4,train
dataset-4_images-10-_jpeg_jpg.rf.9314419f6f4acdd50fe175893932a2c8.jpg,dataset-4,train
dataset-4_images-10-_jpeg_jpg.rf.b6c45c5153d4fb72a1892783f3538c9b.jpg,dataset-4,train
dataset-4_images-13_jpeg_jpg.rf.3ff0cdc0348fbcd77934d69a8e709edb.jpg,dataset-4,train
dataset-4_images-13_jpeg_jpg.rf.9a974cd9385b7ead37b9158465567f3a.jpg,dataset-4,train
dataset-4_images-16-_jpeg_jpg.rf.2e5dbd1fe172d30b57013247cc73c083.jpg,dataset-4,train
dataset-4_images-16-_jpeg_jpg.rf.7cbca3308312e1b3626764a47b806ea1.jpg,dataset-4,train
dataset-4_images-32-_jpeg_jpg.rf.abdf740b8763e01ae29dc2af0b82ee7b.jpg,dataset-4,train
dataset-4_images-32-_jpeg_jpg.rf.d721b665a7518980033b27d2ad073b6c.jpg,dataset-4,train
dataset-4_images-3_jpeg_jpg.rf.6788f71c669de2d8a0917e12a4c823e8.jpg,dataset-4,train
dataset-4_images-3_jpeg_jpg.rf.9de04248498d3123a273f88a5c21bc0b.jpg,dataset-4,train
dataset-4_images-54-_jpeg_jpg.rf.70bea2d91194396c88b97d6800a89289.jpg,dataset-4,train
dataset-4_images-54-_jpeg_jpg.rf.b63ee63c113eb038b0f92dc73e381de5.jpg,dataset-4,train
dataset-4_images-54-_jpeg_jpg.rf.e7391d68bc2cd5823e41e1d44c31b92b.jpg,dataset-4,train
dataset-4_images-8-_jpeg_jpg.rf.69d6514891625ee8a2d7f6b1c4377105.jpg,dataset-4,train
dataset-4_images-9-_jpeg_jpg.rf.0ff83febc973ef99bbd90e19fafc6a49.jpg,dataset-4,train
dataset-4_images-9-_jpeg_jpg.rf.18430cc53eb02393b2c686fcd1e27908.jpg,dataset-4,train
dataset-4_images_jpg.rf.98497d8c10270d81a75064e0b7c6abf9.jpg,dataset-4,train
dataset-4_imagesc_jpg.rf.f228a66b920054f1f68cbfa11cc15084.jpg,dataset-4,train
dataset-4_imagesf_jpg.rf.14ffd3fe71d48a0597eda17f29ebf8b2.jpg,dataset-4,train
dataset-4_IMG_-1000-_JPG_jpg.rf.c4b928f128d9984c4d00ffc623092c01.jpg,dataset-4,train
dataset-4_IMG_-1000-_JPG_jpg.rf.f88287e305e293cf0c8b3e87773afdb6.jpg,dataset-4,train
dataset-4_IMG_-1016-_JPG_jpg.rf.05f6ffff3fbd4873627de21bc15f13c5.jpg,dataset-4,train
dataset-4_IMG_-1016-_JPG_jpg.rf.3fc58e8d4234549d0d96d3d2fa05772f.jpg,dataset-4,train
dataset-4_IMG_-1040-_JPG_jpg.rf.72f6b37545553d2a2d138105f834d73b.jpg,dataset-4,train
dataset-4_IMG_-1061-_JPG_jpg.rf.32d010b63080001988945da4470d7136.jpg,dataset-4,train
dataset-4_IMG_-1062-_JPG_jpg.rf.079a44a841c56c3256e75dee885752ee.jpg,dataset-4,train
dataset-4_IMG_-1096-_JPG_jpg.rf.af8afc3671d4bc1b0f69de19e8f57417.jpg,dataset-4,train
dataset-4_IMG_-1293-_JPG_jpg.rf.98e3c3217180c6eb971cf1ea58d5ba48.jpg,dataset-4,train
dataset-4_IMG_-1293-_JPG_jpg.rf.bb49f0c63c43f7bf28f851ef5c66911c.jpg,dataset-4,train
dataset-4_IMG_-458-_JPG_jpg.rf.6e42844c8a43dc61b4d821f84008f7f3.jpg,dataset-4,train
dataset-4_IMG_-458-_JPG_jpg.rf.db038f4da7e66a4704657b799e136cdb.jpg,dataset-4,train
dataset-4_IMG_-458-_JPG_jpg.rf.e19ff4cbace889f5c2dcf0d8c076c507.jpg,dataset-4,train
dataset-4_IMG_-471-_JPG_jpg.rf.8a1b16ae6fc8d065e24f4250d05e061d.jpg,dataset-4,train
dataset-4_IMG_-479-_JPG_jpg.rf.6555ee1351aa3b01c7859a6c7f934477.jpg,dataset-4,train
dataset-4_IMG_-479-_JPG_jpg.rf.858051c832b283b1c0f829f3ac3a937a.jpg,dataset-4,train
dataset-4_IMG_-484-_JPG_jpg.rf.c12c254b2550793288e6a95613a36d63.jpg,dataset-4,train
dataset-4_IMG_1362_JPG_jpg.rf.0085eb8c0204c740bdf483400baea9b6.jpg,dataset-4,train
dataset-4_IMG_1362_JPG_jpg.rf.0fceb08d74f4226b69b7ff3764e4db29.jpg,dataset-4,train
dataset-4_IMG_2088_JPG_jpg.rf.ca6732e339eda1d98ed5a4667785161e.jpg,dataset-4,train
dataset-4_IMG_2088_JPG_jpg.rf.ece18f8d864c0a78927fb4ee3ecada52.jpg,dataset-4,train
dataset-4_IMG_2099_JPG_jpg.rf.0f9bbef324665ccad43919be05d96f11.jpg,dataset-4,train
dataset-4_IMG_2099_JPG_jpg.rf.322a817187cfa6822a31eb82fb835bb6.jpg,dataset-4,train
dataset-4_IMG_2099_JPG_jpg.rf.e6abfd7482e5b049e2b2f141cbfe8974.jpg,dataset-4,train
dataset-4_IMG_2108_JPG_jpg.rf.aa3205e416c876961d42cda22829f291.jpg,dataset-4,train
dataset-4_IMG_2110_JPG_jpg.rf.158c8ea63b375f7d212eebbfa2ad8411.jpg,dataset-4,train
dataset-4_IMG_2110_JPG_jpg.rf.f92cb91e48a86fd87156bf81a1c939b3.jpg,dataset-4,train
dataset-4_IMG_2146_JPG_jpg.rf.d129ab10fbd71e62b37aa45c1eb445f7.jpg,dataset-4,train
dataset-4_IMG_2157_JPG_jpg.rf.47e61ec19a00d29824d533a8f1af643b.jpg,dataset-4,train
dataset-4_IMG_2157_JPG_jpg.rf.b6700fb9fcdd2e03229915a92dba0388.jpg,dataset-4,train
dataset-4_IMG_2165_JPG_jpg.rf.c044a3d5b00e2e0e872b5aa5fc1aad46.jpg,dataset-4,train
dataset-4_IMG_2176_JPG_jpg.rf.348830757f449302ef16773494e2051a.jpg,dataset-4,train
dataset-4_IMG_2176_JPG_jpg.rf.46efbf9f15dc240107bff9a7a9dbd807.jpg,dataset-4,train
dataset-4_IMG_2187_JPG_jpg.rf.6e38583643d2010942c2ce1221fefdd0.jpg,dataset-4,train
dataset-4_IMG_2187_JPG_jpg.rf.9b20ad1c4432aefd9b118039e920f7d6.jpg,dataset-4,train
dataset-4_IMG_2187_JPG_jpg.rf.e2b10dbf9a1d6faaaed1d8bd56229187.jpg,dataset-4,train
dataset-4_IMG_2194_JPG_jpg.rf.764b5341c01fd03cf1136d43a1deba04.jpg,dataset-4,train
dataset-4_IMG_2194_JPG_jpg.rf.f742e67c549e3f5d24caf7521f4069b8.jpg,dataset-4,train
dataset-4_IMG_2690_jpg.rf.df6ae485a4215ffda7ca2025ffc035cc.jpg,dataset-4,train
dataset-4_IMG_2693_JPG_jpg.rf.28cbee5168f970e440f0089e8a003c5a.jpg,dataset-4,train
dataset-4_IMG_2705_JPG_jpg.rf.db3402d0f40caa792eb849a0c52dc918.jpg,dataset-4,train
dataset-4_IMG_2705_JPG_jpg.rf.fcd8a97a6263307016f09bf627f56c3a.jpg,dataset-4,train
dataset-4_IMG_2708_jpg.rf.612f6be5fe5660181a72b7ba31f4cb2c.jpg,dataset-4,train
dataset-4_IMG_2708_jpg.rf.ed84dac7cf065f3bd01ef99387644887.jpg,dataset-4,train
dataset-4_IMG_2712_JPG_jpg.rf.5efc9069a069a7ff59e286010ce85b5a.jpg,dataset-4,train
dataset-4_IMG_2712_JPG_jpg.rf.6b778ac65fa1653fe7a8ee43e706d242.jpg,dataset-4,train
dataset-4_IMG_2712_JPG_jpg.rf.cf7f7e4c6c52bd378eb166872648aa16.jpg,dataset-4,train
dataset-4_IMG_2716_jpg.rf.90e3cdc680d7c89b3c17c0272f529cd5.jpg,dataset-4,train
dataset-4_IMG_2716_jpg.rf.ae3721b534f6a6a7a50db5aec739806c.jpg,dataset-4,train
dataset-4_IMG_2724_jpg.rf.61d265db26ab58db4b9b99dc1dbb596c.jpg,dataset-4,train
dataset-4_IMG_2724_jpg.rf.a9bd9ed6addae0ef66f93fd0f7c1c957.jpg,dataset-4,train
dataset-4_IMG_2724_jpg.rf.e15ee7b5f639e5ed27d9887b9806e2b6.jpg,dataset-4,train
dataset-4_IMG_2794_jpg.rf.4ae9299fad77654bd5e67fbba8c182d1.jpg,dataset-4,train
dataset-4_IMG_2794_jpg.rf.624b2af275c495e75dd41aaa35fe8b3f.jpg,dataset-4,train
dataset-4_IMG_2842_jpg.rf.020534a67fbb689c7767a71a2f68e05c.jpg,dataset-4,train
dataset-4_IMG_2842_jpg.rf.16374afb60e1e4625fb700bb63c35995.jpg,dataset-4,train
dataset-4_IMG_2842_jpg.rf.8fbcfb8df86f4f63c074833371e33361.jpg,dataset-4,train
dataset-4_IMG_2843_jpg.rf.3d1849cfd69758b256a8127b5bb8d033.jpg,dataset-4,train
dataset-4_IMG_2843_jpg.rf.b877802e5541cd849a67435a4ff2bcd3.jpg,dataset-4,train
dataset-4_IMG_2843_jpg.rf.e6b9f14f9db0424b9737863baf4f6322.jpg,dataset-4,train
dataset-4_IMG_2844_jpg.rf.f032815a5d4f6456e9f3c0e1eab87eea.jpg,dataset-4,train
dataset-4_IMG_2847_jpg.rf.224a7ff9b1749a551b745afc0ca3a301.jpg,dataset-4,train
dataset-4_IMG_2862_jpg.rf.05631c0b6b4223df9db609b3888c0147.jpg,dataset-4,train
dataset-4_IMG_2862_jpg.rf.560d9be028d6175c15e6d69deb923b48.jpg,dataset-4,train
dataset-4_IMG_2862_jpg.rf.a8533f7b885303e19b2a33f3e4dd1c14.jpg,dataset-4,train
dataset-4_IMG_2866_jpg.rf.bee98baa2c93e9c33607f9380b633b8e.jpg,dataset-4,train
dataset-4_IMG_2866_jpg.rf.e071303e11e07569573a5bcfa7d1e1c5.jpg,dataset-4,train
dataset-4_IMG_2898_jpg.rf.ce2caae8f6a195957093837f31c8aa89.jpg,dataset-4,train
dataset-4_IMG_2901_jpg.rf.1f9f8eeac2044f8190ec743b4eedeb08.jpg,dataset-4,train
dataset-4_IMG_2901_jpg.rf.67502a2f4205e0bb27749be9c6dba0de.jpg,dataset-4,train
dataset-4_IMG_2901_jpg.rf.73ade7d9dab33c9d182a313bd011250f.jpg,dataset-4,train
dataset-4_IMG_2972_jpg.rf.76d07ae1fe491f7c7f81113019b36326.jpg,dataset-4,train
dataset-4_IMG_2972_jpg.rf.b82e88f97b3f90a4c1953fe8ce1544a3.jpg,dataset-4,train
dataset-4_IMG_2972_jpg.rf.e80707b617c880c8afde150fd966ce7b.jpg,dataset-4,train
dataset-4_IMG_2984_jpg.rf.104673a98d4de1010ede69aaf6bd537c.jpg,dataset-4,train
dataset-4_IMG_2984_jpg.rf.3bc30c4eb94a138a5a2a819685054c37.jpg,dataset-4,train
dataset-4_IMG_2985_jpg.rf.31cf9007bd2cb5571a6a42525332d7f5.jpg,dataset-4,train
dataset-4_IMG_2988_jpg.rf.4ca37b1e30d5d278efe3903b245cbe8c.jpg,dataset-4,train
dataset-4_IMG_2988_jpg.rf.aea812ee26c2a70c9f1332f6c4388b46.jpg,dataset-4,train
dataset-4_IMG_2988_jpg.rf.dc69a18ff8fcbea775a4826c3d772f26.jpg,dataset-4,train
dataset-4_IMG_6185_jpg.rf.6d87fd2da25f77fb0a856b14aa6fb44d.jpg,dataset-4,train
dataset-4_index_jpg.rf.5fa955cb16fcc3e820ad220978ac3d63.jpg,dataset-4,train
dataset-4_indir-4-_jpg.rf.b44569f86dacbd5982f66df8c0efc621.jpg,dataset-4,train
dataset-4_istockphoto-1032678242-612x612_jpg.rf.2faf8383a6bd1503c23c121fce0dee27.jpg,dataset-4,train
dataset-4_istockphoto-1180662043-612x612_jpg.rf.1267638709299c79746fa159121fb137.jpg,dataset-4,train
dataset-4_istockphoto-1292085483-612x612_jpg.rf.ff0bf63f14b0bc16913bb37be5bbe8c9.jpg,dataset-4,train
dataset-4_istockphoto-466138462-612x612_jpg.rf.56cc7e4cb235236dbc6cac1a4179ab60.jpg,dataset-4,train
dataset-4_istockphoto-547409194-170667a_jpg.rf.a6de714e2f6d36616fa9e9b441654f84.jpg,dataset-4,train
dataset-4_istockphoto-614323330-612x612_jpg.rf.c20e1e89412cb9b13db61fb089c68e74.jpg,dataset-4,train
dataset-4_istockphoto-675358650-1024x1024_jpg.rf.98c260127a2f76ec9e0e85b162e919c8.jpg,dataset-4,train
dataset-4_JPEG-image-415_jpeg_jpg.rf.49e8e4a82a4e7abd1e769b3db2413bdc.jpg,dataset-4,train
dataset-4_JPEG-image-416_jpeg_jpg.rf.f89ee41be64bc32b8a3775894969f60c.jpg,dataset-4,train
dataset-4_JPEG-image-418_jpeg_jpg.rf.1a8a7bc5c75a785914023eac54e4a9bc.jpg,dataset-4,train
dataset-4_JPEG-image-419_jpeg_jpg.rf.6418ecd90bdeb7a6352808478f1bedb8.jpg,dataset-4,train
dataset-4_JPEG-image-420_jpeg_jpg.rf.ea7612f2e432effe73ca3930ba9a5cee.jpg,dataset-4,train
dataset-4_JPEG-image-422_jpeg_jpg.rf.15f899abe969709b353337c80e04574d.jpg,dataset-4,train
dataset-4_JPEG-image-423_jpeg_jpg.rf.60e3e8aeb473fa029f5baa73df4a4d4c.jpg,dataset-4,train
dataset-4_JPEG-image-424_jpeg_jpg.rf.53ff0e2cc906e5fbe5d776144d6928c6.jpg,dataset-4,train
dataset-4_JPEG-image-425_jpeg_jpg.rf.e72a144926b21a78641d4c771f480f25.jpg,dataset-4,train
dataset-4_JPEG-image-426_jpeg_jpg.rf.cf134720f898682c8eccc08411ba286f.jpg,dataset-4,train
dataset-4_JPEG-image-427_jpeg_jpg.rf.7a7341f1e893b7047ba4c1e297a152ca.jpg,dataset-4,train
dataset-4_JPEG-image-428_jpeg_jpg.rf.95b12435254d29d306b2f48523408783.jpg,dataset-4,train
dataset-4_JPEG-image-429_jpeg_jpg.rf.a716e1f5fdad51d7b40c71a3891d49c2.jpg,dataset-4,train
dataset-4_JPEG-image-432_jpeg_jpg.rf.62f79f988bc84de4a77de140587a31aa.jpg,dataset-4,train
dataset-4_JPEG-image-434_jpeg_jpg.rf.a7202f5627a002f88f6cdf7799fa0609.jpg,dataset-4,train
dataset-4_JPEG-image-437_jpeg_jpg.rf.11797139375e0763e560e51ab07049ee.jpg,dataset-4,train
dataset-4_JPEG-image-440_jpeg_jpg.rf.1f30b1be0df5ff9f0da9d2874d947ce7.jpg,dataset-4,train
dataset-4_JPEG-image-441_jpeg_jpg.rf.145b185041c7e970121172edd5a3ce17.jpg,dataset-4,train
dataset-4_JPEG-image-442_jpeg_jpg.rf.7d8dd1e0dd31f57fedccc2494285c8f3.jpg,dataset-4,train
dataset-4_JPEG-image-445_jpeg_jpg.rf.30da9c181c84eb151d36755a286a4da7.jpg,dataset-4,train
dataset-4_JPEG-image-447_jpeg_jpg.rf.7af546fa48048af7c46fad0eb7004591.jpg,dataset-4,train
dataset-4_JPEG-image-448_jpeg_jpg.rf.a34d609fdb47b8e91b7c3036fb4ff01e.jpg,dataset-4,train
dataset-4_JPEG-image-449_jpeg_jpg.rf.95b9995b3a8eeef1ba2236a2aad24cda.jpg,dataset-4,train
dataset-4_JPEG-image-450_jpeg_jpg.rf.f067ca5cda80205342add851e7c6c557.jpg,dataset-4,train
dataset-4_JPEG-image-451_jpeg_jpg.rf.e635fbe61a20e8dffdf0e6199bb7edb8.jpg,dataset-4,train
dataset-4_JPEG-image-452_jpeg_jpg.rf.15cf339a16e180a0b9916dfd2573cc95.jpg,dataset-4,train
dataset-4_JPEG-image-453_jpeg_jpg.rf.3f7eb1b8440ca5ce6f1001b45d9080ef.jpg,dataset-4,train
dataset-4_JPEG-image-455_jpeg_jpg.rf.995835bb4418eabdef9739046c9f7b5b.jpg,dataset-4,train
dataset-4_JPEG-image-456_jpeg_jpg.rf.44e246b45cfa2d9e1ad9ce8932e7c9c6.jpg,dataset-4,train
dataset-4_JPEG-image-457_jpeg_jpg.rf.8ea736f85a7880f9c75f5fb103e23379.jpg,dataset-4,train
dataset-4_JPEG-image-459_jpeg_jpg.rf.6b77293571eb547c25280ee0dc186feb.jpg,dataset-4,train
dataset-4_JPEG-image-460_jpeg_jpg.rf.0faea813f47508e53b5f1b93b83ed468.jpg,dataset-4,train
dataset-4_JPEG-image-461_jpeg_jpg.rf.293efca9f3d988536f7428f87888bcfc.jpg,dataset-4,train
dataset-4_JPEG-image-462_jpeg_jpg.rf.bba486b957221bbff3f039cc65ab3774.jpg,dataset-4,train
dataset-4_JPEG-image-463_jpeg_jpg.rf.feda9b3fd60b5206918c65683b939092.jpg,dataset-4,train
dataset-4_JPEG-image-465_jpeg_jpg.rf.801d2151a4c07a5e25979cb6c31815c8.jpg,dataset-4,train
dataset-4_JPEG-image-466_jpeg_jpg.rf.9a46f30cca09875c73ad69b1e231aada.jpg,dataset-4,train
dataset-4_JPEG-image-467_jpeg_jpg.rf.7badeefc975a69ca2b327c9f319e1daa.jpg,dataset-4,train
dataset-4_JPEG-image-468_jpeg_jpg.rf.eb026951829ca0094ce6f1d3f7558f98.jpg,dataset-4,train
dataset-4_JPEG-image-469_jpeg_jpg.rf.da73455f744ee1f67db2d4e8d9383db0.jpg,dataset-4,train
dataset-4_JPEG-image-471_jpeg_jpg.rf.211adef3680c387cb1406efb693112bf.jpg,dataset-4,train
dataset-4_JPEG-image-472_jpeg_jpg.rf.be8c290dd1202fddf7e2283287abbdec.jpg,dataset-4,train
dataset-4_JPEG-image-473_jpeg_jpg.rf.4a4d4162c3bd3720927f7866f0d57961.jpg,dataset-4,train
dataset-4_JPEG-image-474_jpeg_jpg.rf.763f6148b3ee1bd5e1062bbe92f5f504.jpg,dataset-4,train
dataset-4_JPEG-image-476_jpeg_jpg.rf.934cf9299ed75ff2c86e9bc83c5f4f7d.jpg,dataset-4,train
dataset-4_JPEG-image-477_jpeg_jpg.rf.09897c0341615eeed018b4889d582cdb.jpg,dataset-4,train
dataset-4_JPEG-image-480_jpeg_jpg.rf.6a5e007a23cd52e02bd57597000d4d8f.jpg,dataset-4,train
dataset-4_JPEG-image-481_jpeg_jpg.rf.4d88011eeed1fd91a37712dd49ffe969.jpg,dataset-4,train
dataset-4_JPEG-image-485_jpeg_jpg.rf.c3e728f6faf153eda3ed7ebd2c0894be.jpg,dataset-4,train
dataset-4_JPEG-image-487_jpeg_jpg.rf.7d3d576ba9f8ef825f90509c54734398.jpg,dataset-4,train
dataset-4_JPEG-image-488_jpeg_jpg.rf.b59941a3d7694b5be314836a2f8addb9.jpg,dataset-4,train
dataset-4_JPEG-image-490_jpeg_jpg.rf.00d98f2a93f3edf86edaed46bae1a0ae.jpg,dataset-4,train
dataset-4_JPEG-image-491_jpeg_jpg.rf.a94e168a986b4e8430e4c626253ac2d8.jpg,dataset-4,train
dataset-4_JPEG-image-492_jpeg_jpg.rf.973bdcce5136ea45e441788689393421.jpg,dataset-4,train
dataset-4_JPEG-image-493_jpeg_jpg.rf.8ff85228b89074487df76908f68a5300.jpg,dataset-4,train
dataset-4_JPEG-image-494_jpeg_jpg.rf.0902adb9ce382b5f735aff40fe2741b8.jpg,dataset-4,train
dataset-4_JPEG-image-495_jpeg_jpg.rf.a9d818608bb9559db4c9f83277591bb1.jpg,dataset-4,train
dataset-4_JPEG-image-497_jpeg_jpg.rf.ffb7ec6d1c756ad1a52510e8f7b8e2e2.jpg,dataset-4,train
dataset-4_JPEG-image-498_jpeg_jpg.rf.aa75bfe5eacc7ca850c0706069c745ea.jpg,dataset-4,train
dataset-4_JPEG-image-499_jpeg_jpg.rf.a84cc83d1d3219cafa13e7247770a467.jpg,dataset-4,train
dataset-4_JPEG-image-500_jpeg_jpg.rf.e2c48a0b07a89ac9d97778fcb83bf1f1.jpg,dataset-4,train
dataset-4_JPEG-image-501_jpeg_jpg.rf.4fc2693c98c98de750fed2108f28727c.jpg,dataset-4,train
dataset-4_JPEG-image-502_jpeg_jpg.rf.bc57c167b78078b120be9183046e7136.jpg,dataset-4,train
dataset-4_JPEG-image-503_jpeg_jpg.rf.2e943815a3dceb61a4df55de78d50bf6.jpg,dataset-4,train
dataset-4_JPEG-image-507_jpeg_jpg.rf.2c4140553ab0d8ca3da35b193989fba3.jpg,dataset-4,train
dataset-4_JPEG-image-508_jpeg_jpg.rf.d159dfe920724c181722034f5fd1d05c.jpg,dataset-4,train
dataset-4_JPEG-image-509_jpeg_jpg.rf.d0bbc5fa0d1f6b088f480834522ceec1.jpg,dataset-4,train
dataset-4_JPEG-image-510_jpeg_jpg.rf.65aad9f39ea75406020f9f5d146e3f25.jpg,dataset-4,train
dataset-4_JPEG-image-511_jpeg_jpg.rf.709c72dcd470d77fa9de1efa84e56989.jpg,dataset-4,train
dataset-4_JPEG-image-512_jpeg_jpg.rf.9c5f2cfb9cb7b5c38fb71a154089e4d6.jpg,dataset-4,train
dataset-4_JPEG-image-513_jpeg_jpg.rf.c1e5a2b2cccaf5a49905035444186e19.jpg,dataset-4,train
dataset-4_JPEG-image-514_jpeg_jpg.rf.497f022e335d267f2709a27c57e735d4.jpg,dataset-4,train
dataset-4_JPEG-image-515_jpeg_jpg.rf.692fee7e4822e1ae42e89f6899279e02.jpg,dataset-4,train
dataset-4_JPEG-image-516_jpeg_jpg.rf.806b3da0ca59367ef343b27842687122.jpg,dataset-4,train
dataset-4_JPEG-image-517_jpeg_jpg.rf.7f63fd2e4b608175698e51e00c5055eb.jpg,dataset-4,train
dataset-4_JPEG-image-519_jpeg_jpg.rf.cb107ce381c5d0f9213ff1668df7f98b.jpg,dataset-4,train
dataset-4_JPEG-image-520_jpeg_jpg.rf.2ed7008ba1e98a0fcba392068bdf6b95.jpg,dataset-4,train
dataset-4_JPEG-image-522_jpeg_jpg.rf.c837cf8387ed5d6aaf49a7dcce082ab1.jpg,dataset-4,train
dataset-4_JPEG-image-525_jpeg_jpg.rf.3940ffe76696a0a0c5f12106c23166db.jpg,dataset-4,train
dataset-4_JPEG-image-526_jpeg_jpg.rf.15a1aaeee073129372d227b78c5a233b.jpg,dataset-4,train
dataset-4_JPEG-image-530_jpeg_jpg.rf.7d065d679398b4ed818548919dba2e68.jpg,dataset-4,train
dataset-4_JPEG-image-532_jpeg_jpg.rf.5660314b66528dece623f7e9a2bed0b0.jpg,dataset-4,train
dataset-4_JPEG-image-533_jpeg_jpg.rf.41149ecb744b4b1e0e574306ee3f813b.jpg,dataset-4,train
dataset-4_JPEG-image-534_jpeg_jpg.rf.e5c7b9e06bc78220cf7738a79364a992.jpg,dataset-4,train
dataset-4_JPEG-image-535_jpeg_jpg.rf.6311278d0fd7c7a4b0737753d23e3c20.jpg,dataset-4,train
dataset-4_JPEG-image-537_jpeg_jpg.rf.57d882dd51c7c14adb5f386aac0e84bd.jpg,dataset-4,train
dataset-4_JPEG-image-539_jpeg_jpg.rf.5aa3e114d7f1849bc67fcbee5b27cf3d.jpg,dataset-4,train
dataset-4_JPEG-image-540_jpeg_jpg.rf.98046ae7d91d8f2969877a6451b63cd5.jpg,dataset-4,train
dataset-4_JPEG-image-541_jpeg_jpg.rf.787abb442eabbc98163c8796669c2f35.jpg,dataset-4,train
dataset-4_JPEG-image-542_jpeg_jpg.rf.511f77364931f84b870f04cc015e7c4e.jpg,dataset-4,train
dataset-4_JPEG-image-543_jpeg_jpg.rf.624fd94351e3d812b2b650d5b7cb54f3.jpg,dataset-4,train
dataset-4_JPEG-image-544_jpeg_jpg.rf.07bae7e721adbe60a33493ab848efe8c.jpg,dataset-4,train
dataset-4_JPEG-image-545_jpeg_jpg.rf.45617a1340593b3043c9080f649ec261.jpg,dataset-4,train
dataset-4_JPEG-image-547_jpeg_jpg.rf.6f645aac95ca37d5800584c6d814c564.jpg,dataset-4,train
dataset-4_JPEG-image-548_jpeg_jpg.rf.d91f22c25804b8379fc56ca9b76b0c0f.jpg,dataset-4,train
dataset-4_JPEG-image-549_jpeg_jpg.rf.c36d59af8f53a13fce6ab24dfaabdd05.jpg,dataset-4,train
dataset-4_JPEG-image-552_jpeg_jpg.rf.be1333952926753c9037505b86a6f583.jpg,dataset-4,train
dataset-4_JPEG-image-553_jpeg_jpg.rf.d772ddb320155863c0ef008edfd9f9e0.jpg,dataset-4,train
dataset-4_JPEG-image-554_jpeg_jpg.rf.27442a8116778a39edbc848de33f64fc.jpg,dataset-4,train
dataset-4_JPEG-image-555_jpeg_jpg.rf.30c66c42b029b6da10a3af01abc01453.jpg,dataset-4,train
dataset-4_JPEG-image-557_jpeg_jpg.rf.0e1a9ab3abd77e24ae20a248cf6499f3.jpg,dataset-4,train
dataset-4_JPEG-image-560_jpeg_jpg.rf.ec420bc3e5737e613da2bb2e3be57a29.jpg,dataset-4,train
dataset-4_JPEG-image-561_jpeg_jpg.rf.5ab551acd75ac5c55c3aa56235660236.jpg,dataset-4,train
dataset-4_JPEG-image-563_jpeg_jpg.rf.53b6db4f9357e71c99709c230e451a96.jpg,dataset-4,train
dataset-4_JPEG-image-564_jpeg_jpg.rf.468d01abdbe8142044c9d84f90c9d90a.jpg,dataset-4,train
dataset-4_JPEG-image-566_jpeg_jpg.rf.27af8fa6f67a69ee206d8c33257b2ec2.jpg,dataset-4,train
dataset-4_JPEG-image-567_jpeg_jpg.rf.f86584a146093f4b0552941056312348.jpg,dataset-4,train
dataset-4_JPEG-image-569_jpeg_jpg.rf.b046d67488822697ce68479c4f987f0e.jpg,dataset-4,train
dataset-4_JPEG-image-570_jpeg_jpg.rf.93bee63ba5f4fc3b57ef504fe34f2a39.jpg,dataset-4,train
dataset-4_JPEG-image-573_jpeg_jpg.rf.b95b21fde4663bfb2108f620808788db.jpg,dataset-4,train
dataset-4_JPEG-image-574_jpeg_jpg.rf.a3e0d41bc29eaa731c7ac79097109fe7.jpg,dataset-4,train
dataset-4_JPEG-image-575_jpeg_jpg.rf.89dcc3ca6ba87f289b1510403890f432.jpg,dataset-4,train
dataset-4_JPEG-image-576_jpeg_jpg.rf.e091a12898176af20b2e3d6a19e43616.jpg,dataset-4,train
dataset-4_JPEG-image-578_jpeg_jpg.rf.51d8229335ac0cdfe40e95abc7a587b9.jpg,dataset-4,train
dataset-4_JPEG-image-579_jpeg_jpg.rf.beae95e3c281edfa045e079ed20e9b73.jpg,dataset-4,train
dataset-4_JPEG-image-583_jpeg_jpg.rf.f26dd6adb289a86d8554919c7a33dfd9.jpg,dataset-4,train
dataset-4_JPEG-image-584_jpeg_jpg.rf.27de863e16163f6bff58b7ad7e1b70cc.jpg,dataset-4,train
dataset-4_JPEG-image-586_jpeg_jpg.rf.20a1e69093dc3b80d1981032ba8f582e.jpg,dataset-4,train
dataset-4_JPEG-image-587_jpeg_jpg.rf.e21fd9c1ef49c269355ea6196ea1f2fd.jpg,dataset-4,train
dataset-4_JPEG-image-588_jpeg_jpg.rf.449971d5d94eec834780024c5200145c.jpg,dataset-4,train
dataset-4_JPEG-image-590_jpeg_jpg.rf.8f3e37e37c2338dc0cef4304591ec2bc.jpg,dataset-4,train
dataset-4_JPEG-image-591_jpeg_jpg.rf.ccf4941235fc1992c40aee05c47a3516.jpg,dataset-4,train
dataset-4_JPEG-image-592_jpeg_jpg.rf.fb83fccdc6a3195f4be356e66f509c27.jpg,dataset-4,train
dataset-4_JPEG-image-593_jpeg_jpg.rf.b551e2631f33207e8d90d0a9519463b7.jpg,dataset-4,train
dataset-4_JPEG-image-594_jpeg_jpg.rf.33113299dce1678526fe3d9c0d60014f.jpg,dataset-4,train
dataset-4_JPEG-image-595_jpeg_jpg.rf.2a98c1922edcbb8e86a5135a102c5f5b.jpg,dataset-4,train
dataset-4_JPEG-image-597_jpeg_jpg.rf.da55eaadf3f906cd21c89b8dc967b993.jpg,dataset-4,train
dataset-4_JPEG-image-598_jpeg_jpg.rf.400ca71f0418a630909361124a3cad7a.jpg,dataset-4,train
dataset-4_kau4_jpg.rf.a01d1b94418b27922eb8099a729eced5.jpg,dataset-4,train
dataset-4_kjhlkklu_png_jpg.rf.8f11610c255b38e617e4caab6394dc7a.jpg,dataset-4,train
dataset-4_Label_free_video_preview_image_png_jpg.rf.12e8fb7a5b86d7c44ca2523bee01a173.jpg,dataset-4,train
dataset-4_m2_jpg.rf.14c6f686be2f2a34f8b70e995704f61a.jpg,dataset-4,train
dataset-4_mak33_jpg.rf.e2690c3afdd209bcfe88dadd1f6aaa54.jpg,dataset-4,train
dataset-4_mak7_jpg.rf.e16564944c010a83a0f96c99268c52a6.jpg,dataset-4,train
dataset-4_Mega_113_jpg.rf.b7b50d70772d25181131e0a66e75d1ff.jpg,dataset-4,train
dataset-4_Mega_113_jpg.rf.db181e3a55f6cd6681bb026e141318ab.jpg,dataset-4,train
dataset-4_Mega_115_jpg.rf.85dd91585df201e9088ec6418dc66199.jpg,dataset-4,train
dataset-4_Mega_115_jpg.rf.9c1529870c1e917e4deb2c7223681c48.jpg,dataset-4,train
dataset-4_Mega_122_jpg.rf.6fb6419625dfaed16919f25dbb284fbc.jpg,dataset-4,train
dataset-4_Mega_134_jpg.rf.1b4601e30ccda4c3b2f2c49de7736226.jpg,dataset-4,train
dataset-4_Mega_134_jpg.rf.9fedbff69c70113be5b1eab346ad9660.jpg,dataset-4,train
dataset-4_Mega_145_jpg.rf.6813220bce59799d1ff8ec9a7730560a.jpg,dataset-4,train
dataset-4_Mega_145_jpg.rf.6b05b90a837b2fa81b2f7622aa56ecda.jpg,dataset-4,train
dataset-4_Mega_145_jpg.rf.ce844261fbed75150f8e88a7ccff80ee.jpg,dataset-4,train
dataset-4_Mega_192_jpg.rf.01ed18810c526006e8efd89e8ca3cdc3.jpg,dataset-4,train
dataset-4_Mega_244_jpg.rf.1c78ebe2dfd42e32ac32bf3f82f2b9a6.jpg,dataset-4,train
dataset-4_Mega_2_jpg.rf.5ba44b51edbf03c5d0d3581bfbef76e4.jpg,dataset-4,train
dataset-4_Mega_2_jpg.rf.e5699c723c5a031efc82ecac7dc5d763.jpg,dataset-4,train
dataset-4_metal101_jpg.rf.623de19e49bf0d9d197cf0d1f3162e67.jpg,dataset-4,train
dataset-4_metal101_jpg.rf.c8be1979ac14c441473ecf978e6fdf23.jpg,dataset-4,train
dataset-4_metal1032_jpg.rf.b487f5f0d0515bceaa3709af143d68d1.jpg,dataset-4,train
dataset-4_metal1032_jpg.rf.e1042bc063f827fb9a4442427f491f6a.jpg,dataset-4,train
dataset-4_metal105_jpg.rf.80dced8ac8565b085c8a55b25f8c4e31.jpg,dataset-4,train
dataset-4_metal105_jpg.rf.da8477ed4c78a28daadb5044478a1666.jpg,dataset-4,train
dataset-4_metal105_jpg.rf.fa3a0dbc847015cbdaa3576ac622139a.jpg,dataset-4,train
dataset-4_metal106_jpg.rf.5c82deca8f403aceb37fd065236f9b4e.jpg,dataset-4,train
dataset-4_metal106_jpg.rf.bdf6322eca302d2231a1d8c6667a0d2b.jpg,dataset-4,train
dataset-4_metal1087_jpg.rf.99120bbadef385f9d6389439fce2b83c.jpg,dataset-4,train
dataset-4_metal1087_jpg.rf.a4a5fdcb1503dc434450e7e223ecf2ff.jpg,dataset-4,train
dataset-4_metal108_jpg.rf.5a0a2f80757e7be918a2717d8df24f07.jpg,dataset-4,train
dataset-4_metal108_jpg.rf.d10200f023834a08c52e349bacfbabe3.jpg,dataset-4,train
dataset-4_metal1107_jpg.rf.2bf3c07bf6b1b449ad9504a98a4576ed.jpg,dataset-4,train
dataset-4_metal1107_jpg.rf.7be72094df7f4f3aab54c4e17299befe.jpg,dataset-4,train
dataset-4_metal110_jpg.rf.78ecfdeec1a86ec2c59f32cf17ccbe9e.jpg,dataset-4,train
dataset-4_metal112_jpg.rf.60ae141ca003e73e2693dea5bf234e66.jpg,dataset-4,train
dataset-4_metal112_jpg.rf.d4b70a4067892bb4e221a0385638caf8.jpg,dataset-4,train
dataset-4_metal1138_jpg.rf.7124eebb44f32c715e265a3e994a6a19.jpg,dataset-4,train
dataset-4_metal113_jpg.rf.07ca6a4bddc1cc8804ff52313aed7453.jpg,dataset-4,train
dataset-4_metal113_jpg.rf.ea7476ac1f7dc730a7e09e258e8e9c6d.jpg,dataset-4,train
dataset-4_metal113_jpg.rf.eec91ba79360c46a61da8833e6c30b74.jpg,dataset-4,train
dataset-4_metal1147_jpeg_jpg.rf.dcc5edf4a673c8f3140d871eb94d977d.jpg,dataset-4,train
dataset-4_metal116_jpg.rf.9cf6c55267440797f012a32e08cb6f44.jpg,dataset-4,train
dataset-4_metal116_jpg.rf.a865fb833d651d7311357e75244e966f.jpg,dataset-4,train
dataset-4_metal1181_jpg.rf.19aec80d3e7c28d30080cc476a3e9ca8.jpg,dataset-4,train
dataset-4_metal1181_jpg.rf.86cb6217decb6e01371b680dfc973e6f.jpg,dataset-4,train
dataset-4_metal1181_jpg.rf.a8c3bfaa70c205c3425daa595ebddedf.jpg,dataset-4,train
dataset-4_metal119_jpg.rf.1f881dd8111c87204b1d13abda3a2a54.jpg,dataset-4,train
dataset-4_metal121_jpg.rf.815d49cdd109512ee3c09a579a6a81c3.jpg,dataset-4,train
dataset-4_metal121_jpg.rf.92caa2eab36f1dafb73251efbb3510cf.jpg,dataset-4,train
dataset-4_metal121_jpg.rf.bd4d364a3f68a6225edad5e4df9c9300.jpg,dataset-4,train
dataset-4_metal1221_jpg.rf.a5e1c293dfa494c96c7044389f931da2.jpg,dataset-4,train
dataset-4_metal122_jpg.rf.521ad2d1bd64463b627343a5b57f79a5.jpg,dataset-4,train
dataset-4_metal122_jpg.rf.af65e81352e663ba4b6d2cefa4a6eb62.jpg,dataset-4,train
dataset-4_metal1286_jpg.rf.4d00aad4fa1d2449b1ce7f250f47a260.jpg,dataset-4,train
dataset-4_metal1286_jpg.rf.83f2ee1c6184fe140762edbae7b590bd.jpg,dataset-4,train
dataset-4_metal128_jpg.rf.405d5a5eb94907284929b659ada96fb3.jpg,dataset-4,train
dataset-4_metal128_jpg.rf.73a01a997cca055f72a253302e1a3fd0.jpg,dataset-4,train
dataset-4_metal1294_jpg.rf.20dc5a396a491533abcf92501910a0a2.jpg,dataset-4,train
dataset-4_metal1294_jpg.rf.32e9e39675bac68b2627d38f3d231887.jpg,dataset-4,train
dataset-4_metal1294_jpg.rf.7b6440785e2fafd358e6af8f2b8705b9.jpg,dataset-4,train
dataset-4_metal1306_jpg.rf.1eba114aef01f9fa1d5884c84f91b1ba.jpg,dataset-4,train
dataset-4_metal1306_jpg.rf.22f90d86b5d1b0b13381ee47256cb3cd.jpg,dataset-4,train
dataset-4_metal130_jpg.rf.456df5b83dd04237a3ef8ee46613f4af.jpg,dataset-4,train
dataset-4_metal130_jpg.rf.622c12ff7fec541cc42d28929a81727e.jpg,dataset-4,train
dataset-4_metal130_jpg.rf.73154101396f53e563de6e3d1f9fe2b5.jpg,dataset-4,train
dataset-4_metal1312_jpg.rf.631e40e0da682086fcedd32794005636.jpg,dataset-4,train
dataset-4_metal1312_jpg.rf.f4e87cd3b081e685b78c8c216781f161.jpg,dataset-4,train
dataset-4_metal1312_jpg.rf.fe47c6a8cc649bf33585c7a251c556a3.jpg,dataset-4,train
dataset-4_metal1328_jpg.rf.12d78b6b4ced1bc518a670d4bcfdd7e1.jpg,dataset-4,train
dataset-4_metal132_jpg.rf.6290532115764f7e6144b1a4e972c721.jpg,dataset-4,train
dataset-4_metal1341_jpg.rf.6b6bbc75aa86efbab1a9e534ee6a7456.jpg,dataset-4,train
dataset-4_metal1345_jpg.rf.8575dd1f5a42ea4cc86f49e3f40e0a84.jpg,dataset-4,train
dataset-4_metal1347_jpg.rf.97bd97ee33a9b41fa9394888d2383e4e.jpg,dataset-4,train
dataset-4_metal134_jpg.rf.74a6d3f4143312e4dcea98889b2a5c0a.jpg,dataset-4,train
dataset-4_metal134_jpg.rf.bf96dbaa7b1dde6ae7668eb190a685b5.jpg,dataset-4,train
dataset-4_metal135_jpg.rf.66d4ff1e0eeced77f863450dfbf6a84e.jpg,dataset-4,train
dataset-4_metal1374_jpg.rf.11388edce4d251d0878768b7268a78e0.jpg,dataset-4,train
dataset-4_metal1375_jpg.rf.564396203183406ed4584c96a312c36a.jpg,dataset-4,train
dataset-4_metal1375_jpg.rf.b12a703a64d1a1b3b1b6e48637e214f7.jpg,dataset-4,train
dataset-4_metal1377_jpg.rf.ccefcdbec5c50fb0689c51043ca41faa.jpg,dataset-4,train
dataset-4_metal1377_jpg.rf.cf2d0c3ac743835bfee6499f59f379e5.jpg,dataset-4,train
dataset-4_metal1378_jpg.rf.42c227879a1bc20b4f6b1453cbe3f3d0.jpg,dataset-4,train
dataset-4_metal137_jpg.rf.0f4479a20dfe8b0376e85f816b26a035.jpg,dataset-4,train
dataset-4_metal137_jpg.rf.9b64d10f648558aa10fc3e04dc78c1a0.jpg,dataset-4,train
dataset-4_metal137_jpg.rf.dc31efe1fbe1299ef568f436749e9ab9.jpg,dataset-4,train
dataset-4_metal1394_jpg.rf.64ad1b59adb6518ba67ef549a81c7485.jpg,dataset-4,train
dataset-4_metal139_jpg.rf.6e98202425fab8c3de817ef5425dff95.jpg,dataset-4,train
dataset-4_metal139_jpg.rf.87f4452014d241bd5c854c623c8ae9e8.jpg,dataset-4,train
dataset-4_metal139_jpg.rf.a93a31d87e1f9522f163be74eea18a57.jpg,dataset-4,train
dataset-4_metal1402_jpg.rf.0079c5e083dc15afba6a6a3832be8829.jpg,dataset-4,train
dataset-4_metal1402_jpg.rf.bd9210333bd1e0d1e2e9e8864a93dbc0.jpg,dataset-4,train
dataset-4_metal1402_jpg.rf.ec05b9d286414f4241614d98eca89a82.jpg,dataset-4,train
dataset-4_metal1408_jpg.rf.275d4ad30587e1d6afe09e618fb199c0.jpg,dataset-4,train
dataset-4_metal1408_jpg.rf.33a7f157358faf35ad8dba4a52ff7733.jpg,dataset-4,train
dataset-4_metal1408_jpg.rf.dd577dbdb61fac398ec8bb6469389dd4.jpg,dataset-4,train
dataset-4_metal140_jpg.rf.1704af1ed69ff255ecc8ac9665c303f2.jpg,dataset-4,train
dataset-4_metal140_jpg.rf.f4c42f09e59e0046a5fac6b1259aeafe.jpg,dataset-4,train
dataset-4_metal1418_jpg.rf.354da96a1b78dc32e34eb2ea283fcd47.jpg,dataset-4,train
dataset-4_metal1418_jpg.rf.6f3110d15bc0e370c690e26d98322b14.jpg,dataset-4,train
dataset-4_metal1418_jpg.rf.9b0f9b80e08a2e1326e4ff5c59fd3586.jpg,dataset-4,train
dataset-4_metal141_jpg.rf.00f8136cd49e8ca62d589bd5015bcb7c.jpg,dataset-4,train
dataset-4_metal141_jpg.rf.7394030c3a8538c2573cd2a4246d5f4b.jpg,dataset-4,train
dataset-4_metal141_jpg.rf.d8e0eb8520827a81e207e00ad6251835.jpg,dataset-4,train
dataset-4_metal142_jpg.rf.92b30f21d154368c5fa92ebdcb86254f.jpg,dataset-4,train
dataset-4_metal1432_jpg.rf.1ad6af25f3b00a5f94d3ef9b4cd71621.jpg,dataset-4,train
dataset-4_metal1439_jpg.rf.1049472ce13257095b9af65593c758f2.jpg,dataset-4,train
dataset-4_metal143_jpg.rf.32a7493677be19d62b1dc75e7e8098d3.jpg,dataset-4,train
dataset-4_metal143_jpg.rf.52a0da4d792d31ac593b7b74e311cfcb.jpg,dataset-4,train
dataset-4_metal143_jpg.rf.5d0fa31926e22c9d20d4d36d21d33c7b.jpg,dataset-4,train
dataset-4_metal143_jpg.rf.6cbba94c9e72c6cabedcee0d8c87d699.jpg,dataset-4,train
dataset-4_metal1546_jpg.rf.bee6b68acd106bfacd19159779bac60e.jpg,dataset-4,train
dataset-4_metal1546_jpg.rf.c486e85c86edffe54f703d768249f95c.jpg,dataset-4,train
dataset-4_metal1591_jpg.rf.b23c3becd175e0195f23aa21ae102cfd.jpg,dataset-4,train
dataset-4_metal1592_jpg.rf.d90282b45b0e95cab534091c9c607036.jpg,dataset-4,train
dataset-4_metal1602_jpg.rf.5b083de2ad6085a780ab619f9fa22357.jpg,dataset-4,train
dataset-4_metal1602_jpg.rf.9736dcec4271836d2faeec361e7caae4.jpg,dataset-4,train
dataset-4_metal1602_jpg.rf.f4fcc6f4e7ad4ba19f26c8122e7a2430.jpg,dataset-4,train
dataset-4_metal1619_jpg.rf.a04a1ddac23d8a5228a3ead917415af9.jpg,dataset-4,train
dataset-4_metal161_jpg.rf.c87ff7260fdf8fe2af9972cb103fddfe.jpg,dataset-4,train
dataset-4_metal161_jpg.rf.c8ecca0d1672d973c1dac8d1a74e4389.jpg,dataset-4,train
dataset-4_metal162_jpg.rf.5ae51bd0176797bbd0beef88e9033264.jpg,dataset-4,train
dataset-4_metal1643_jpg.rf.444b61395917f35d8fd0b87144e687ec.jpg,dataset-4,train
dataset-4_metal1643_jpg.rf.d6caafbfc89733381a997f74ee1a697a.jpg,dataset-4,train
dataset-4_metal1648_jpg.rf.534631e11f336787a9251a8f18c2bb1a.jpg,dataset-4,train
dataset-4_metal1651_jpg.rf.d7f01611386633bae6305953d51d7ccc.jpg,dataset-4,train
dataset-4_metal1651_jpg.rf.dd64be52e639e96f2f5402c619f856e1.jpg,dataset-4,train
dataset-4_metal1653_jpg.rf.cd6e3533e458d16e90a24ece9da14826.jpg,dataset-4,train
dataset-4_metal1656_jpg.rf.9ed3fc5775d8486a770c0c4c6bae0ec3.jpg,dataset-4,train
dataset-4_metal1656_jpg.rf.ce55b36b9f7c7ceb8c00eb9072b4ddfc.jpg,dataset-4,train
dataset-4_metal1669_jpg.rf.7f07f9e2201cb5d1beadfb285c8d7b95.jpg,dataset-4,train
dataset-4_metal1669_jpg.rf.a21cd9777ca54ea82edf1b46e3be9e12.jpg,dataset-4,train
dataset-4_metal1669_jpg.rf.ce28dc5dc4ef37cf091098674eab750b.jpg,dataset-4,train
dataset-4_metal1672_jpg.rf.2e7c70bf1a832ad4a2f8d9cb7cc6fe47.jpg,dataset-4,train
dataset-4_metal1672_jpg.rf.4da28f663020d4f8a525357d151e0da2.jpg,dataset-4,train
dataset-4_metal1687_jpg.rf.ccc10f1403e52bd93c77864789e709b5.jpg,dataset-4,train
dataset-4_metal1712_jpg.rf.1eb6f9753ab83061cbc28984dc305107.jpg,dataset-4,train
dataset-4_metal1712_jpg.rf.b2e0cb0f01707bfcf44206f669762f6a.jpg,dataset-4,train
dataset-4_metal1712_jpg.rf.c4f5b21736bace3bc92a8d1041d3ccf2.jpg,dataset-4,train
dataset-4_metal1715_jpg.rf.f1937e3884304f799cc73c0d4db3a283.jpg,dataset-4,train
dataset-4_metal174_jpg.rf.1f5ebc68839a6b1576a3b4fd00c7aaff.jpg,dataset-4,train
dataset-4_metal174_jpg.rf.d023cf783b2e5085c652a55555c3ab15.jpg,dataset-4,train
dataset-4_metal1750_jpg.rf.9606c8ac8634af963db8bca267c35dc2.jpg,dataset-4,train
dataset-4_metal1750_jpg.rf.c43bd68ae67e658fdc62e09948813d23.jpg,dataset-4,train
dataset-4_metal1752_jpg.rf.09be6204d283af2d27397e819b1b2208.jpg,dataset-4,train
dataset-4_metal1752_jpg.rf.55b96c7c9220d325e1a6cb7dff6d6e92.jpg,dataset-4,train
dataset-4_metal1752_jpg.rf.f46f11a0fc9fd551fcb0e5b0de09c30b.jpg,dataset-4,train
dataset-4_metal1755_jpg.rf.9c8f1fdaed1d0e5690d40657f5e543c7.jpg,dataset-4,train
dataset-4_metal1755_jpg.rf.b18a7f60c83abe9ec896b31c4a56af13.jpg,dataset-4,train
dataset-4_metal1755_jpg.rf.e1b9c8e2ab7f22660b09bd6f8cd37235.jpg,dataset-4,train
dataset-4_metal180_jpg.rf.5fabed6e050eb68497ea3c553ee22392.jpg,dataset-4,train
dataset-4_metal186_jpg.rf.1a56bea1ec33197bacc1d3736c97b1f6.jpg,dataset-4,train
dataset-4_metal186_jpg.rf.5ac8c1793f3cc59ed007762755fa3b60.jpg,dataset-4,train
dataset-4_metal187_jpg.rf.67d02b570f31e8f1e474c91f18c8f846.jpg,dataset-4,train
dataset-4_metal187_jpg.rf.b5e549c0541c94e7e0e77e5afdfbcfdf.jpg,dataset-4,train
dataset-4_metal187_jpg.rf.b9f4f4e6e4ea7c81118ba75ef196e5ca.jpg,dataset-4,train
dataset-4_metal189_jpg.rf.32acde1101079e05e7662534f17ee5d7.jpg,dataset-4,train
dataset-4_metal189_jpg.rf.53800b07de65da5a239d7bee12eb3866.jpg,dataset-4,train
dataset-4_metal190_jpg.rf.2b9be6e70d2df72b168c26db838e8de4.jpg,dataset-4,train
dataset-4_metal190_jpg.rf.3e7c5f7424f7bb3b1d96184b7f2de4e1.jpg,dataset-4,train
dataset-4_metal190_jpg.rf.608364f8d5ef6fa14a2d8eaa75fcb7f6.jpg,dataset-4,train
dataset-4_metal190_jpg.rf.7afcd1a4a04e7314f16dfdf487404c36.jpg,dataset-4,train
dataset-4_metal190_jpg.rf.963bbe02871fa3eb1700021d049ef77b.jpg,dataset-4,train
dataset-4_metal190_jpg.rf.aef34ee4ff4c58d8869487521e786118.jpg,dataset-4,train
dataset-4_metal190_jpg.rf.bec33ac96831afeb32e56494e56de7d5.jpg,dataset-4,train
dataset-4_metal191_jpg.rf.09c85ae3bcdd937d5a73d69fb1a7d8e6.jpg,dataset-4,train
dataset-4_metal191_jpg.rf.215fcc50a2815c835e22e6034d3fdac1.jpg,dataset-4,train
dataset-4_metal191_jpg.rf.35986c76c8983663bf2e920c73b3dd58.jpg,dataset-4,train
dataset-4_metal191_jpg.rf.5e24e8ee3326223333a022656fc7a505.jpg,dataset-4,train
dataset-4_metal191_jpg.rf.a44687638c8e2289ff06e867131664df.jpg,dataset-4,train
dataset-4_metal191_jpg.rf.c943ad5822f27f367be3bac202e3fb18.jpg,dataset-4,train
dataset-4_metal192_jpg.rf.61cf60a546624428a7cb0aa03e21e4d3.jpg,dataset-4,train
dataset-4_metal192_jpg.rf.d97a9271076278f5693fc9203aa892ed.jpg,dataset-4,train
dataset-4_metal193_jpg.rf.1c38c2876862ab0af2eb70b135446721.jpg,dataset-4,train
dataset-4_metal193_jpg.rf.1ee301c216edf07d6a79547ae37c7bb2.jpg,dataset-4,train
dataset-4_metal193_jpg.rf.b68421550e05a78883cd544617d2a810.jpg,dataset-4,train
dataset-4_metal193_jpg.rf.fabe01e8d6b382d31ea4f25cb32817c5.jpg,dataset-4,train
dataset-4_metal194_jpg.rf.72397db19c5cb827d7f9764806e15e4c.jpg,dataset-4,train
dataset-4_metal195_jpg.rf.0384a45c22e24f2f63267dacfca5623b.jpg,dataset-4,train
dataset-4_metal198_jpg.rf.10d11b5697c33c0d42b442c25838e6ba.jpg,dataset-4,train
dataset-4_metal198_jpg.rf.5592d63de23ef5525f1dec6ef895cf57.jpg,dataset-4,train
dataset-4_metal198_jpg.rf.d4c72bdd9e927e3874c8295d7c6404ea.jpg,dataset-4,train
dataset-4_metal19_jpg.rf.5445ca9c8911922d3b75814f5f59fe77.jpg,dataset-4,train
dataset-4_metal1_1_jpg.rf.54618866876a5c495e2032077dbe3c3b.jpg,dataset-4,train
dataset-4_metal203_jpg.rf.17dc4cd97966c197b1e3debb62180983.jpg,dataset-4,train
dataset-4_metal203_jpg.rf.3184cbff9c3fced5f59c15fb19e1eff2.jpg,dataset-4,train
dataset-4_metal203_jpg.rf.ef7fb5c4e1c1a16e915eebe37a603582.jpg,dataset-4,train
dataset-4_metal211_jpg.rf.cfbd23f2801ee1b69aa87c674a48d7df.jpg,dataset-4,train
dataset-4_metal211_jpg.rf.e02f3fca2afd2d941bab672e0696451d.jpg,dataset-4,train
dataset-4_metal216_jpg.rf.aba75af134dd45e5fd0bfacf1b7a385c.jpg,dataset-4,train
dataset-4_metal216_jpg.rf.b6ba1aaa5b1d740b130c73b2e96bb5df.jpg,dataset-4,train
dataset-4_metal216_jpg.rf.e2dcd3431ad4cffb11d08fde6c665c47.jpg,dataset-4,train
dataset-4_metal217_jpg.rf.5f405cf01e64fa765d7c4d108579d108.jpg,dataset-4,train
dataset-4_metal217_jpg.rf.ea19c7fd4e80a6078c5799c8414721f2.jpg,dataset-4,train
dataset-4_metal218_jpg.rf.ae4e805a42cbc30425571c3a09b52130.jpg,dataset-4,train
dataset-4_metal218_jpg.rf.db6dcab1eb8cf182a1268775001117b9.jpg,dataset-4,train
dataset-4_metal223_jpg.rf.3d848f3aa726f92b3a6a689f2c6ab846.jpg,dataset-4,train
dataset-4_metal223_jpg.rf.9413d4a7991b2e7976742d8097074209.jpg,dataset-4,train
dataset-4_metal223_jpg.rf.c6197a751fd5baf291b8d938fbff3d97.jpg,dataset-4,train
dataset-4_metal224_jpg.rf.582b93095db24ddee5c2e8f9879b8ace.jpg,dataset-4,train
dataset-4_metal224_jpg.rf.faf7e7e630863fbbe8f2634ec00559e7.jpg,dataset-4,train
dataset-4_metal227_jpg.rf.1aef50a1c5a7680b554935a30593605c.jpg,dataset-4,train
dataset-4_metal227_jpg.rf.d0672908cafcb8480f8a79e74a33af62.jpg,dataset-4,train
dataset-4_metal227_jpg.rf.f2d87d68ea50b3545135d7d780497807.jpg,dataset-4,train
dataset-4_metal234_jpg.rf.45137965635151814ed217d29c54b87a.jpg,dataset-4,train
dataset-4_metal234_jpg.rf.6b2f4aa0bcf65b968cb11f91be844dc0.jpg,dataset-4,train
dataset-4_metal238_jpg.rf.71f8fd8058e42f081cfc9522e5069da4.jpg,dataset-4,train
dataset-4_metal238_jpg.rf.a7903b9ff21ea3fdc648ad06b79a1a9a.jpg,dataset-4,train
dataset-4_metal238_jpg.rf.fee0286698682ee5298103fc03f9e288.jpg,dataset-4,train
dataset-4_metal239_jpg.rf.335587027e7c1e04267bda03564f2ff4.jpg,dataset-4,train
dataset-4_metal239_jpg.rf.aa6dec01c214d8c1f6684bc7a29a3f0f.jpg,dataset-4,train
dataset-4_metal23_jpg.rf.600d3a129c127ef8c1fd849c8d059b91.jpg,dataset-4,train
dataset-4_metal23_jpg.rf.d5f036fa1bb26925fd0bf818526c15f4.jpg,dataset-4,train
dataset-4_metal241_jpg.rf.70442ae795ebc02afd4ed7198f81acfb.jpg,dataset-4,train
dataset-4_metal241_jpg.rf.d3198c250214aaad1411ca2f2a941bac.jpg,dataset-4,train
dataset-4_metal241_jpg.rf.d547a68502b31f30ea8675c48edf755b.jpg,dataset-4,train
dataset-4_metal243_jpg.rf.769f242aa55d4c764db06ba69f510f37.jpg,dataset-4,train
dataset-4_metal243_jpg.rf.af318d54d975b5b922190161966f444a.jpg,dataset-4,train
dataset-4_metal247_jpg.rf.aa617e0699017fe3df272436099bd8d0.jpg,dataset-4,train
dataset-4_metal247_jpg.rf.fde6cebf6773ecc59fb0016b58d9e67e.jpg,dataset-4,train
dataset-4_metal248_jpg.rf.4b54d72e07f4b31dfd613665467cbe4b.jpg,dataset-4,train
dataset-4_metal248_jpg.rf.d7b2350fe707dc758b0ae6bc005c4304.jpg,dataset-4,train
dataset-4_metal248_jpg.rf.ffeb8a896f6e1a172148796db084c72d.jpg,dataset-4,train
dataset-4_metal24_jpg.rf.872507acb2169b2df0e0b1b91e240e69.jpg,dataset-4,train
dataset-4_metal24_jpg.rf.aa6cf97df74eb0b45851b683bea9ba85.jpg,dataset-4,train
dataset-4_metal253_jpg.rf.016f440a3a89fbbeab8814699ed38072.jpg,dataset-4,train
dataset-4_metal253_jpg.rf.170c9fdbd1d8be6685b3e6e33b1a22ae.jpg,dataset-4,train
dataset-4_metal253_jpg.rf.800732c437323434a0f2e980b12d938a.jpg,dataset-4,train
dataset-4_metal254_jpg.rf.f35cc9afdbc0dc450c9dfced1a87afa0.jpg,dataset-4,train
dataset-4_metal255_jpg.rf.1e6b13770809c2e8f5039929fe15c8ab.jpg,dataset-4,train
dataset-4_metal255_jpg.rf.7f30caec17f46f2f37d40630bc608e07.jpg,dataset-4,train
dataset-4_metal260_jpg.rf.4f67f5bdb33c5e1881a7513eaeb3846e.jpg,dataset-4,train
dataset-4_metal260_jpg.rf.e8cc90871982e8887a165e41f13c26a5.jpg,dataset-4,train
dataset-4_metal26_jpg.rf.08474f9a16650d3b44d30d9ac079711e.jpg,dataset-4,train
dataset-4_metal26_jpg.rf.d16f1eecc3fc4a4c6443f22887ec69c7.jpg,dataset-4,train
dataset-4_metal274_jpg.rf.9a331162430515d9fc22b78536d99e30.jpg,dataset-4,train
dataset-4_metal274_jpg.rf.ec0ce75ac7ed90263985e333ca9c148e.jpg,dataset-4,train
dataset-4_metal296_jpg.rf.360ae717623707982ffb37c45e38fce1.jpg,dataset-4,train
dataset-4_metal297_jpg.rf.4c1fc07560a112065e551694c8f9db73.jpg,dataset-4,train
dataset-4_metal297_jpg.rf.9e345dc5ad2f542ca93ba5cecaf7f465.jpg,dataset-4,train
dataset-4_metal29_jpg.rf.c1c0b641775fa1a7371a242253d590a2.jpg,dataset-4,train
dataset-4_metal305_jpg.rf.29ef25f16ee775398dc77167a90b2485.jpg,dataset-4,train
dataset-4_metal305_jpg.rf.2d491261c8e589ddfad0a296f537d68c.jpg,dataset-4,train
dataset-4_metal305_jpg.rf.73e00f035a19294b3b5aa54e20aa61ed.jpg,dataset-4,train
dataset-4_metal307_jpg.rf.bc6cb0f9a41ec9fc8165dd177b1b7d2d.jpg,dataset-4,train
dataset-4_metal307_jpg.rf.c211604fc067b817aaddc3b28393fc3f.jpg,dataset-4,train
dataset-4_metal308_jpg.rf.7de6d53af206186e702109ba8fbfbe5c.jpg,dataset-4,train
dataset-4_metal308_jpg.rf.c57b8e99726511dd7adc53eedff73026.jpg,dataset-4,train
dataset-4_metal311_jpg.rf.928ace9d3b2317c559279a56a24a8d40.jpg,dataset-4,train
dataset-4_metal311_jpg.rf.c556e3479661b8ab671eae6f7583d563.jpg,dataset-4,train
dataset-4_metal311_jpg.rf.fe5df7fd1bd54f2a381376609b9094e8.jpg,dataset-4,train
dataset-4_metal313_jpg.rf.49f5f939e8f756f76ddb45ddf09bd91a.jpg,dataset-4,train
dataset-4_metal314_jpg.rf.3409152c6eb050352391f12bcd9cd142.jpg,dataset-4,train
dataset-4_metal314_jpg.rf.b2e0ba85dab4e7413b9c290806910cb0.jpg,dataset-4,train
dataset-4_metal316_jpg.rf.1646f8d0993a1570416471fbf43bf5ba.jpg,dataset-4,train
dataset-4_metal316_jpg.rf.3d6f0db87cea41181b602bda9e68fb89.jpg,dataset-4,train
dataset-4_metal316_jpg.rf.4924e669043d3d7a0932ae2d1f47a1a5.jpg,dataset-4,train
dataset-4_metal317_jpg.rf.2b5b880d94eab95f48caf9aa1d4829b8.jpg,dataset-4,train
dataset-4_metal317_jpg.rf.3ae96c419a04b569adbe11149850eb52.jpg,dataset-4,train
dataset-4_metal31_jpg.rf.7da15a74e077e207421a4fb42b1c5d3a.jpg,dataset-4,train
dataset-4_metal31_jpg.rf.d75b3a23ed8c9ca305a1774e427a624f.jpg,dataset-4,train
dataset-4_metal31_jpg.rf.e52b7664a6cb1c655936392c4a998d43.jpg,dataset-4,train
dataset-4_metal322_jpg.rf.43541030c779746f351550adc6ef5883.jpg,dataset-4,train
dataset-4_metal322_jpg.rf.f6249b28a15da3381619a8f13c8d7ac4.jpg,dataset-4,train
dataset-4_metal323_1_jpg.rf.5aeefc4fa4af07632b766d16831883ec.jpg,dataset-4,train
dataset-4_metal323_1_jpg.rf.e3bd589f2ff7c8e7463afe9c0616e287.jpg,dataset-4,train
dataset-4_metal327_jpg.rf.01127e2cb1d2f90bcea31428ac5b686b.jpg,dataset-4,train
dataset-4_metal327_jpg.rf.8c89aca6b05ade1d708f41371e2421b7.jpg,dataset-4,train
dataset-4_metal327_jpg.rf.e5b2eadc84d5179510d634b67c1f1e1e.jpg,dataset-4,train
dataset-4_metal329_jpg.rf.15f93625fcc5ee6a73de7aa884b50a31.jpg,dataset-4,train
dataset-4_metal329_jpg.rf.7d349c4e7f2f72126240653fbc3e94c9.jpg,dataset-4,train
dataset-4_metal329_jpg.rf.c8066ef44e48590a58908dbb0651c169.jpg,dataset-4,train
dataset-4_metal330_jpg.rf.897da8f0910d8802076ae48216e2e5ea.jpg,dataset-4,train
dataset-4_metal330_jpg.rf.dadda60ee9a7f82faa8053cae463c237.jpg,dataset-4,train
dataset-4_metal330_jpg.rf.f6e65eeb875cdac0a3c9ec7a1790688a.jpg,dataset-4,train
dataset-4_metal332_jpg.rf.c161a44f60f65ed92d1bfb840a6df70f.jpg,dataset-4,train
dataset-4_metal335_jpg.rf.12d81952f31c9debad51ab090f154892.jpg,dataset-4,train
dataset-4_metal335_jpg.rf.bc7ec1af77344839fe4507aff72b552e.jpg,dataset-4,train
dataset-4_metal337_jpg.rf.062b9916259bb2992ab4143fd45cb114.jpg,dataset-4,train
dataset-4_metal337_jpg.rf.c176ebea49b66f8a9eeb1b782a5d43fe.jpg,dataset-4,train
dataset-4_metal338_jpg.rf.2b4ef20b9be834e14b5566641e3e6c3b.jpg,dataset-4,train
dataset-4_metal338_jpg.rf.a7c017adb55c7b4bf7d996e63ed9287a.jpg,dataset-4,train
dataset-4_metal338_jpg.rf.c3914de13acf81f1933acfbab47bed70.jpg,dataset-4,train
dataset-4_metal33_jpg.rf.455b5ef6f655d29628643a0f915e7bd8.jpg,dataset-4,train
dataset-4_metal33_jpg.rf.64fc0563014fdba36342483501f8126b.jpg,dataset-4,train
dataset-4_metal33_jpg.rf.c2302332ce5ca5e420785651af040b71.jpg,dataset-4,train
dataset-4_metal344_jpg.rf.fa0e883a917d68346c9ef222665b9373.jpg,dataset-4,train
dataset-4_metal346_jpg.rf.4bbbd34cbcdb9f92df7086289a222fa5.jpg,dataset-4,train
dataset-4_metal346_jpg.rf.59403a13b716cbc758e0870fbc456a80.jpg,dataset-4,train
dataset-4_metal346_jpg.rf.ce5e8f35a32a744c906ef77062b6780e.jpg,dataset-4,train
dataset-4_metal348_jpg.rf.39a72e3ad0a827d13fd001ee663c28eb.jpg,dataset-4,train
dataset-4_metal348_jpg.rf.8222aee956afa3c159f27d6bddd1fb65.jpg,dataset-4,train
dataset-4_metal348_jpg.rf.b41be989e1f089cf7c97802161e16b31.jpg,dataset-4,train
dataset-4_metal350_jpg.rf.082ff1c41cf3b095bb6437d86b6a4a8e.jpg,dataset-4,train
dataset-4_metal350_jpg.rf.31d6394170c23af613c44ebcf3a284fb.jpg,dataset-4,train
dataset-4_metal350_jpg.rf.ecf5630cddc7b996c87604f65d4d8fa7.jpg,dataset-4,train
dataset-4_metal354_jpg.rf.769a51174fe0d7a79fd8229a35707115.jpg,dataset-4,train
dataset-4_metal354_jpg.rf.dc017b6f03d7cc9eb0038c5a7a25b8d1.jpg,dataset-4,train
dataset-4_metal358_jpg.rf.f8cc58102f39cae85bd4d6aba63a6391.jpg,dataset-4,train
dataset-4_metal360_jpg.rf.7ff9d4d8b037cb33729a91b0fc418345.jpg,dataset-4,train
dataset-4_metal360_jpg.rf.a5d6ebd746e70a1a8bf9ace409e5476a.jpg,dataset-4,train
dataset-4_metal362_jpg.rf.124031a291b17dae128010455504795f.jpg,dataset-4,train
dataset-4_metal362_jpg.rf.70ad93edd9cfa98b7e7e7342d6dae42b.jpg,dataset-4,train
dataset-4_metal362_jpg.rf.c65e70e05fbbdf43c6e6f4208e09ed0b.jpg,dataset-4,train
dataset-4_metal364_jpg.rf.adafd4453cc24cf87959a3267464d1c7.jpg,dataset-4,train
dataset-4_metal364_jpg.rf.ea3a2bf0ec9ec9aef687175cd1ab6d91.jpg,dataset-4,train
dataset-4_metal366_jpg.rf.ba4810729501a7dbe205959b60e98231.jpg,dataset-4,train
dataset-4_metal370_jpg.rf.176099b98fea58cafeee713cf80f1a10.jpg,dataset-4,train
dataset-4_metal370_jpg.rf.1fcf3fb5b2569dc388342d32b5015e10.jpg,dataset-4,train
dataset-4_metal370_jpg.rf.6d6cdd35bbf65845f73b5913d82908fb.jpg,dataset-4,train
dataset-4_metal375_jpg.rf.ee2cd6dde86d66985cedff576a525285.jpg,dataset-4,train
dataset-4_metal384_jpg.rf.2972ca147350b2f1fcb0b68a0225b405.jpg,dataset-4,train
dataset-4_metal391_jpg.rf.5462decd2881fe656c998094288713fc.jpg,dataset-4,train
dataset-4_metal391_jpg.rf.73a9efc639212c286720afb52bec9b45.jpg,dataset-4,train
dataset-4_metal391_jpg.rf.e96b96cd00dcf64383597e8772707b53.jpg,dataset-4,train
dataset-4_metal394_jpg.rf.1c83e33386f2fe07f404743b806aa8e1.jpg,dataset-4,train
dataset-4_metal394_jpg.rf.c3816f60ffc4a47aa47c548eaba2d687.jpg,dataset-4,train
dataset-4_metal394_jpg.rf.e313f3d6394e15d74a662f95623acb3b.jpg,dataset-4,train
dataset-4_metal404_jpg.rf.b609b3d003f4cc972577e29f6131462f.jpg,dataset-4,train
dataset-4_metal404_jpg.rf.c81f5f44b3f05061e748cd52c3552810.jpg,dataset-4,train
dataset-4_metal404_jpg.rf.cd6907a2bf040dcc78f0e50fc5d69b37.jpg,dataset-4,train
dataset-4_metal405_jpg.rf.8827f5d2c5cafeb29e9e95a62b6420dd.jpg,dataset-4,train
dataset-4_metal421_jpg.rf.29ca8d076312b371051e901f9e51dbce.jpg,dataset-4,train
dataset-4_metal421_jpg.rf.6c372700d3e1662165f9705d0faf3e53.jpg,dataset-4,train
dataset-4_metal424_jpg.rf.a605beeb2dfc7f01a4edffbbc4125b17.jpg,dataset-4,train
dataset-4_metal425_jpg.rf.20d3c66970c50327d4b9a9665cee9b36.jpg,dataset-4,train
dataset-4_metal425_jpg.rf.98f20ef385965c4bf827daca45e95303.jpg,dataset-4,train
dataset-4_metal428_jpg.rf.24a663110fd9e7fdaa7d8e42b73570d5.jpg,dataset-4,train
dataset-4_metal428_jpg.rf.912fa446c8c89c6d266e3a4c03bf09d4.jpg,dataset-4,train
dataset-4_metal45_jpg.rf.8fb9ae18b2e420127b16ccdf9be61a0a.jpg,dataset-4,train
dataset-4_metal482_jpg.rf.04b892ed3f10429bb505a78c12f2e31c.jpg,dataset-4,train
dataset-4_metal482_jpg.rf.6e29835b523bdb7553540b21604f0cda.jpg,dataset-4,train
dataset-4_metal485_jpg.rf.d81c43c1e60b4bc2517084b986504846.jpg,dataset-4,train
dataset-4_metal48_jpg.rf.7211559eeb6532292e4c56a79cd7663b.jpg,dataset-4,train
dataset-4_metal514_jpg.rf.77ea7a41d692d603552e49c0f53791f7.jpg,dataset-4,train
dataset-4_metal514_jpg.rf.9d22394a23048db899d03bc277afa1e4.jpg,dataset-4,train
dataset-4_metal514_jpg.rf.eeed0a6dc67f5000f8c64cf84e270890.jpg,dataset-4,train
dataset-4_metal518_jpg.rf.0878884c9764bbac38b021e50d853ea0.jpg,dataset-4,train
dataset-4_metal518_jpg.rf.fc6b5256d3fdb0747f76001d4f50c54e.jpg,dataset-4,train
dataset-4_metal534_jpg.rf.48c839a96ee82719a0c16826c6a7642f.jpg,dataset-4,train
dataset-4_metal534_jpg.rf.67796e41b2c3606c33873ea32e50d97c.jpg,dataset-4,train
dataset-4_metal54_jpg.rf.9b035d6ff177483c24621afe46e29f30.jpg,dataset-4,train
dataset-4_metal55_jpg.rf.0567da8769edae91352d9366ac72d33b.jpg,dataset-4,train
dataset-4_metal55_jpg.rf.471c6683b82325b107d8eadf45c62d8b.jpg,dataset-4,train
dataset-4_metal55_jpg.rf.7d8ebb6bcafb4964994d9523875c3fee.jpg,dataset-4,train
dataset-4_metal565_jpg.rf.8238d515307d66a0204230889a52147f.jpg,dataset-4,train
dataset-4_metal566_jpg.rf.c28b98e4d3dac4608430fe38b5d72321.jpg,dataset-4,train
dataset-4_metal573_jpg.rf.6a0b78890ed7b23620e03849504df84e.jpg,dataset-4,train
dataset-4_metal573_jpg.rf.6ade985dcd97b9a63ea1849d5df52489.jpg,dataset-4,train
dataset-4_metal579_jpg.rf.274cb84c7479ab6536c9374385c55c72.jpg,dataset-4,train
dataset-4_metal579_jpg.rf.621c56b1beb23f063d3238adad73f35b.jpg,dataset-4,train
dataset-4_metal579_jpg.rf.8235e69ac53c1e845dab350dff73b7f5.jpg,dataset-4,train
dataset-4_metal580_jpg.rf.1c6ab55a6253c0c2923293d7e192e952.jpg,dataset-4,train
dataset-4_metal580_jpg.rf.f773b69a3380061a6cdf46ea4c812f86.jpg,dataset-4,train
dataset-4_metal594_jpg.rf.8da052ca0da0fd6ea8d1d3b8cb8ddfa4.jpg,dataset-4,train
dataset-4_metal5_jpg.rf.173df7bee16b7436b6525ab4b804c790.jpg,dataset-4,train
dataset-4_metal5_jpg.rf.e7e562b83af8f0f4783ed3ba801ad6e8.jpg,dataset-4,train
dataset-4_metal611_jpg.rf.631cab93a7e074a7276cacd4895b7d38.jpg,dataset-4,train
dataset-4_metal611_jpg.rf.985440c42013346fe6f3370354b9e37f.jpg,dataset-4,train
dataset-4_metal613_jpg.rf.2c016e37be56aee09e40ffa284c00b47.jpg,dataset-4,train
dataset-4_metal613_jpg.rf.5ab7fff4b24fa96db92d59581fc264f0.jpg,dataset-4,train
dataset-4_metal61_jpg.rf.c28f8999d9bd663e050cdeea07874a6f.jpg,dataset-4,train
dataset-4_metal62_jpg.rf.e2d64c7f02ab0a6bfebad90db66d500d.jpg,dataset-4,train
dataset-4_metal631_jpg.rf.437c7e9f18004f96413a9472f63d4ee2.jpg,dataset-4,train
dataset-4_metal631_jpg.rf.a1de1684feab05f7d3fb2b478893fdd0.jpg,dataset-4,train
dataset-4_metal631_jpg.rf.bd9b621d8c5e9dac94ebea945d527d0d.jpg,dataset-4,train
dataset-4_metal631_jpg.rf.bee7017c43546d16e4bd708fac05cc68.jpg,dataset-4,train
dataset-4_metal631_jpg.rf.ccba1469e39bd3a62937d2acb31b16a8.jpg,dataset-4,train
dataset-4_metal638_jpg.rf.93d43647a91b0d2348cc43ea0d78d6b9.jpg,dataset-4,train
dataset-4_metal638_jpg.rf.9f28b73277469bd49f80a32be5878299.jpg,dataset-4,train
dataset-4_metal638_jpg.rf.f97e1860766af36cb78bda995e1e24ff.jpg,dataset-4,train
dataset-4_metal648_jpg.rf.84433e4a09c81ac54a731f8660d1b412.jpg,dataset-4,train
dataset-4_metal68_jpg.rf.4dea0fd8c407a25c02ce310e53b15e35.jpg,dataset-4,train
dataset-4_metal68_jpg.rf.73011d6236284f4b9740b8b65a7a48a6.jpg,dataset-4,train
dataset-4_metal712_jpg.rf.18657145018b77286769af7049a06cf0.jpg,dataset-4,train
dataset-4_metal71_jpg.rf.110b8cf551c9ea608862e65ee8a22e93.jpg,dataset-4,train
dataset-4_metal71_jpg.rf.6203e45aaa5b572c7bdae5851951ba53.jpg,dataset-4,train
dataset-4_metal71_jpg.rf.b26152bcb151a5394ad375fd567c709f.jpg,dataset-4,train
dataset-4_metal736_jpg.rf.8b706cc3bc349b9785ffe4330a66bab3.jpg,dataset-4,train
dataset-4_metal740_jpg.rf.18a09701ea61a5ef7b33ff7770973736.jpg,dataset-4,train
dataset-4_metal740_jpg.rf.5d5f37f0b656b72e19cbca1135977927.jpg,dataset-4,train
dataset-4_metal7_jpg.rf.118e3a40a4e9f1504e3778247169c848.jpg,dataset-4,train
dataset-4_metal7_jpg.rf.546041e0456f93fa65a949b774a073d3.jpg,dataset-4,train
dataset-4_metal810_jpg.rf.0833d3b617cee5fec8eed789f3eafb1f.jpg,dataset-4,train
dataset-4_metal810_jpg.rf.3363fce9b11610bfa4b0929b210b59df.jpg,dataset-4,train
dataset-4_metal810_jpg.rf.65d8d7afad91e2f1761ef620d419c24a.jpg,dataset-4,train
dataset-4_metal875_jpg.rf.23311e880403112d6f0e5ef33ce82919.jpg,dataset-4,train
dataset-4_metal875_jpg.rf.32e87fe6c99d6d8265f46199d77b041c.jpg,dataset-4,train
dataset-4_metal875_jpg.rf.500180a2189cadc9afade080a8466e93.jpg,dataset-4,train
dataset-4_metal910_jpg.rf.2b59a19e708671c714918992ffb42e68.jpg,dataset-4,train
dataset-4_metal93_jpg.rf.87f3082861793e0a80e6ad8d3a3e40c3.jpg,dataset-4,train
dataset-4_metal958_jpg.rf.045ffa36381e05d9fab4df3ba11c678a.jpg,dataset-4,train
dataset-4_metal958_jpg.rf.2b5368ff51a7be5dd6b5df8afdfc3a1f.jpg,dataset-4,train
dataset-4_metal958_jpg.rf.345f916f288d4a7d2fe1065732b212d2.jpg,dataset-4,train
dataset-4_metal95_jpg.rf.5e323b7b22ce74cc073df953f632df0b.jpg,dataset-4,train
dataset-4_metal97_jpg.rf.0c064b0f279187c46f3bc21d93d6befc.jpg,dataset-4,train
dataset-4_metal97_jpg.rf.af91fe86c2e03e6915596d0eb8715d31.jpg,dataset-4,train
dataset-4_metal97_jpg.rf.ff93a94710b1ca8a5ad94779e19c789a.jpg,dataset-4,train
dataset-4_Metal_595_jpg.rf.700a469b778214958a79c54fafe875ac.jpg,dataset-4,train
dataset-4_Metal_676_jpg.rf.bebe23f02bd376f02206f400ba6864a8.jpg,dataset-4,train
dataset-4_Metal_720_jpg.rf.0b7e198be17a01ede0b0198e625cab20.jpg,dataset-4,train
dataset-4_Metal_720_jpg.rf.b47bfa4abaf94dd265b7bb7f23f6e6ef.jpg,dataset-4,train
dataset-4_metal_containers-173_jpg.rf.18bc5962e7357d6fbeacf7860eaab666.jpg,dataset-4,train
dataset-4_metal_containers-3_jpg.rf.d2184542f9bd2b78c6fb6100b15ea616.jpg,dataset-4,train
dataset-4_mkk3_jpg.rf.9fda99a2ee7ae838a9c92402b06be0e2.jpg,dataset-4,train
dataset-4_mksi88_jpg.rf.f583cef639213af5924601a925d99383.jpg,dataset-4,train
dataset-4_mmk3_jpg.rf.f9948da1dc6682d86ca6a5993ede08bd.jpg,dataset-4,train
dataset-4_mncje_jpg.rf.845b8e74b95a8e89899fee2906f94ce5.jpg,dataset-4,train
dataset-4_n233_jpg.rf.0f1b62b0b848e4c761b6770a78ac05e9.jpg,dataset-4,train
dataset-4_nbb4_jpg.rf.82ee2815fa86a7c7a2cc9fd63a41ad43.jpg,dataset-4,train
dataset-4_nestlebottle-2_png_jpg.rf.ac9a1fa1c68224036a9df9f44dca0d27.jpg,dataset-4,train
dataset-4_nj4u_jpg.rf.bf0a4b6258644cb104ca884dd6b079f8.jpg,dataset-4,train
dataset-4_njcu4_jpg.rf.d1b23acc84748a79df054d428d1c222f.jpg,dataset-4,train
dataset-4_njsu_jpg.rf.1a66fe0ecab691d81d8c3422a3203d2f.jpg,dataset-4,train
dataset-4_nm48_jpg.rf.659fc02df8cf707587556cbb5e80483c.jpg,dataset-4,train
dataset-4_old-aged-plastic-bottle-garbage-2708060_jpg.rf.4451a29527f66b77a48fcb3461f0ad66.jpg,dataset-4,train
dataset-4_P_20220709_162215_jpg.rf.96e033ced6c3969748cca63734d9f7cd.jpg,dataset-4,train
dataset-4_P_20220709_162315_jpg.rf.14e6e471f2ef620c77343cac7f08ebc1.jpg,dataset-4,train
dataset-4_P_20220709_162315_jpg.rf.2e652849d48bdf6d5fce69b64f35e12d.jpg,dataset-4,train
dataset-4_P_20220709_162315_jpg.rf.84519df0fd68dfa585966f8d135e652c.jpg,dataset-4,train
dataset-4_P_20220709_163657_jpg.rf.3ce1c659d2a33a7dc61ae427f692cf5e.jpg,dataset-4,train
dataset-4_P_20220709_163657_jpg.rf.c91a1113e56fe1250413d2cb949f8d4a.jpg,dataset-4,train
dataset-4_P_20220709_163711_jpg.rf.675eeacb4cea6f6d444a790338657d83.jpg,dataset-4,train
dataset-4_P_20220709_163711_jpg.rf.a1b858a539af3465c9496ce0e4bf69c5.jpg,dataset-4,train
dataset-4_P_20220709_163711_jpg.rf.bab04c93a616cd61d3a7a68d6b643b45.jpg,dataset-4,train
dataset-4_P_20220709_164250_jpg.rf.d1d4eacdfe3c5124f5cde0c9e98db55b.jpg,dataset-4,train
dataset-4_P_20220709_164321_jpg.rf.0dbe179fab0f6d5d7c1266830258c7c1.jpg,dataset-4,train
dataset-4_P_20220709_164926_jpg.rf.1737cbd2086f469e54c0e1e3c234c225.jpg,dataset-4,train
dataset-4_P_20220709_164926_jpg.rf.4e8a4624b7866213985718d283f4c01e.jpg,dataset-4,train
dataset-4_P_20220709_165241_jpg.rf.30eeaa92dd7a2968cdabfecec592a180.jpg,dataset-4,train
dataset-4_P_20220709_165241_jpg.rf.f378dff4eb07d91eeb17ed97ec1251f1.jpg,dataset-4,train
dataset-4_pexels-karolina-grabowska-4498089_jpg.rf.a4593fd2205c1bffbb5f9718948375d5.jpg,dataset-4,train
dataset-4_pexels-marta-ortigosa-3480494_jpg.rf.913135d3b1fefe7e85849f12c4ce8643.jpg,dataset-4,train
dataset-4_pexels-tsaone-raymond-nthebolang-12083773_jpg.rf.ae0ca3169f648f0338368e571e935fdc.jpg,dataset-4,train
dataset-4_plastic-305-_JPG_jpg.rf.35805966d8a883d55d18e2dc32675eee.jpg,dataset-4,train
dataset-4_plastic-314-_JPG_jpg.rf.56f3574752ec05eddbac9d2eca8c93dd.jpg,dataset-4,train
dataset-4_plastic-315-_jpg.rf.47d102834002201bebf36a07ab93c90f.jpg,dataset-4,train
dataset-4_plastic-333-_jpg.rf.8d8ff0fd9d06c61fe334ae1d82b8cb3e.jpg,dataset-4,train
dataset-4_plastic-407-_JPG_jpg.rf.02f62ca23df37469b3e27807f8bc7eab.jpg,dataset-4,train
dataset-4_plastic-409-_JPG_jpg.rf.0c9ef172eeb6f8ac344d54e46cd9cb8f.jpg,dataset-4,train
dataset-4_plastic-429-_JPG_jpg.rf.80296387a919ded0feb4e88e44b6c7a7.jpg,dataset-4,train
dataset-4_plastic-430-_JPG_jpg.rf.1a18a373b563fd46e378023be6ff5729.jpg,dataset-4,train
dataset-4_plastic-473-_JPG_jpg.rf.413f1a7e953f7a25a7cb101ae1c49f5f.jpg,dataset-4,train
dataset-4_plastic-474-_JPG_jpg.rf.d3913f596a911435d1aa73dd8f7d7314.jpg,dataset-4,train
dataset-4_plastic-597-_JPG_jpg.rf.da4485903b296023a527d054eb6a1c38.jpg,dataset-4,train
dataset-4_plastic-625-_JPG_jpg.rf.1afc7b4273b645e78cd26e103f93a677.jpg,dataset-4,train
dataset-4_plastic-626-_JPG_jpg.rf.691a5cd6566d7a1f856d20ea7c65dc91.jpg,dataset-4,train
dataset-4_plastic-666-_JPG_jpg.rf.661938a8cee90794746b996232c963df.jpg,dataset-4,train
dataset-4_plastic-667-_JPG_jpg.rf.bb22c7b0efaa67ee2198728c5ed82479.jpg,dataset-4,train
dataset-4_plastic-668-_JPG_jpg.rf.a5078969b7b5096a88b1014a24c0357f.jpg,dataset-4,train
dataset-4_plastic-673-_JPG_jpg.rf.122f3e255d49b46056c59c4a7283b3c7.jpg,dataset-4,train
dataset-4_plastic-69-_jpg.rf.fdcc63d68b318ffbe940d00eaba5a837.jpg,dataset-4,train
dataset-4_plastic-70-_jpg.rf.24638940a1b2bd54499f6054a5f6baf8.jpg,dataset-4,train
dataset-4_plastic-770-_JPG_jpg.rf.d5e5102d7a4d426f7aa3bc0045957337.jpg,dataset-4,train
dataset-4_plastic-771-_JPG_jpg.rf.650b2d8b275bb8da73cc5c44e6fe5740.jpg,dataset-4,train
dataset-4_plastic-772-_JPG_jpg.rf.9c2cb576ef4116a25ca859f029e85f47.jpg,dataset-4,train
dataset-4_plastic-773-_JPG_jpg.rf.0f4fb43f31afb6b3af1d47a6860314c6.jpg,dataset-4,train
dataset-4_plastic-774-_JPG_jpg.rf.6e9fd174642f6b64b06f286ef43402f8.jpg,dataset-4,train
dataset-4_plastic-775-_JPG_jpg.rf.85e187cfb281732cbdab1a846f9894ba.jpg,dataset-4,train
dataset-4_plastic-797-_JPG_jpg.rf.e85c8de634f26149fde2c4cd4ce2d3e1.jpg,dataset-4,train
dataset-4_plastic-798-_JPG_jpg.rf.7d7e29e92f6a5ca7e42047f0e8b27b8e.jpg,dataset-4,train
dataset-4_plastic-799-_JPG_jpg.rf.17e8caf9d32cffb26a33903007f5625b.jpg,dataset-4,train
dataset-4_plastic-800-_JPG_jpg.rf.1f216afe101cf958e0352b8db6c9bbd4.jpg,dataset-4,train
dataset-4_plastic-811-_JPG_jpg.rf.2bfc9550f6171b0b6f404bf9d3232573.jpg,dataset-4,train
dataset-4_plastic-812-_JPG_jpg.rf.9720203e78ee241e700629200f40281f.jpg,dataset-4,train
dataset-4_plastic-813-_JPG_jpg.rf.6c9a342a6c26f4f23af09f5aa712fdd2.jpg,dataset-4,train
dataset-4_plastic-814-_JPG_jpg.rf.a28c742ddd21b112d41839c2a8cac746.jpg,dataset-4,train
dataset-4_plastic-815-_JPG_jpg.rf.e49dc2b10fe438a2abfb6c107b9f4c75.jpg,dataset-4,train
dataset-4_plastic-824-_JPG_jpg.rf.300356c9187f4bb2682f0273f49e6047.jpg,dataset-4,train
dataset-4_plastic-84-_jpg.rf.68cf4bb2adf3e467fbddf8306a4ad200.jpg,dataset-4,train
dataset-4_plastic-871-_JPG_jpg.rf.136d1e0e9342b135d3baae59644ad96a.jpg,dataset-4,train
dataset-4_plastic-872-_JPG_jpg.rf.860e41776aade9edcf19c801d48fecbc.jpg,dataset-4,train
dataset-4_plastic-893-_JPG_jpg.rf.8fd74327aa196f2de7f4a90adb450f70.jpg,dataset-4,train
dataset-4_plastic-894-_JPG_jpg.rf.178646d2fd3eb352513138355c8f80bc.jpg,dataset-4,train
dataset-4_plastic-912-_jpg.rf.4b48b151634e1e1fcb5ba89987232d55.jpg,dataset-4,train
dataset-4_plastic-913-_jpg.rf.d14395f7411693eb8a8df4ce2ec45bde.jpg,dataset-4,train
dataset-4_plastic-bottle-floor-main-road-plastic-bottle-floor-main-road-copy-space-right-154699859_jpg.rf.5f9391e3fe90dde0e4c964e9ad6e8541.jpg,dataset-4,train
dataset-4_plastic-bottle-on-beach-1524563288_jpg.rf.6c3c9a6b7664a835ef231deb30c927d8.jpg,dataset-4,train
dataset-4_plastic-bottle-plastic-recycling-garbage-thumbnail_jpg.rf.0c7c77b59f88c76d09d37c17d3c1d079.jpg,dataset-4,train
dataset-4_plastic-bottle-waste-garbage-forest-environment-trash-rubbish-woodland-save-nature-ecology-pollution-concept-215276525_jpg.rf.bed0d786eac7e605bf2a28c849826306.jpg,dataset-4,train
dataset-4_plastic-bottles-mineral-water-grass-park-littering-environment-crushed-concept-environmental-protection-59858258_jpg.rf.ee8da1dd6d904857232fea8c90c2b362.jpg,dataset-4,train
dataset-4_plastic-bottles_png_jpg.rf.dfb88530469ee39c25ce833203d54f31.jpg,dataset-4,train
dataset-4_plastic-pet-bottles-red-bottle-caps-beach-blue-sky-low-tide-concept-plastic-pollution-sea-marine-156666206_jpg.rf.b0465f5049c3adb0cb36a0d4b4360356.jpg,dataset-4,train
dataset-4_plastic-pollution-f5728798cbdb4fd0a8e223002d168a9f_jpg.rf.53693b157cb65443621987eac0b625fc.jpg,dataset-4,train
dataset-4_plastic-water-bottle-pollution_jpg.rf.47c9169e8f6ce030f217134845f50672.jpg,dataset-4,train
dataset-4_plastic-water-bottle-white-background-empty-plastic-water-bottle-white-background-165740901_jpg.rf.5d4c6f55795c00f2eddbfa4de21a62a5.jpg,dataset-4,train
dataset-4_Plastic-water-bottles-2-Wikimedia-Dimcioassie_jpg.rf.c3585c887f4798d85ec0d390ec1405ad.jpg,dataset-4,train
dataset-4_plastic129_jpg.rf.e0a6051b9f2fbca1864b845a2ca2bbcb.jpg,dataset-4,train
dataset-4_plastic130_jpg.rf.62a3e86be0918e6387b3cda7bcdff091.jpg,dataset-4,train
dataset-4_plastic208_jpg.rf.8d43c5d57d7045090b5ce9a7c28cdbef.jpg,dataset-4,train
dataset-4_plastic21_jpg.rf.e534551275e9ea874652fd09f7d20ca8.jpg,dataset-4,train
dataset-4_plastic230_jpg.rf.6f2472165b3c9a4616a090b0523286a3.jpg,dataset-4,train
dataset-4_plastic234_jpg.rf.18ea5a19b34158733d8c186bdff8b789.jpg,dataset-4,train
dataset-4_plastic23_jpg.rf.60fc17e502500e393b1835f188401b88.jpg,dataset-4,train
dataset-4_plastic24_jpg.rf.40e4aad640d74386ba3bfd602206c6df.jpg,dataset-4,train
dataset-4_plastic265_jpg.rf.00974525d80d6b75a7dc107ff172f0a4.jpg,dataset-4,train
dataset-4_plastic26_jpg.rf.781176721e90ef5fb14a46f89d8a38ff.jpg,dataset-4,train
dataset-4_plastic278_jpg.rf.f3c23b58b03a7294c050136d511de3b1.jpg,dataset-4,train
dataset-4_plastic29_jpg.rf.748dbe3d43cd3e4294196a3550417a11.jpg,dataset-4,train
dataset-4_plastic319_jpg.rf.456f243dee16737c2f92e818aeacce65.jpg,dataset-4,train
dataset-4_plastic324_jpg.rf.9197257582f9fb2df2938d07db542cce.jpg,dataset-4,train
dataset-4_plastic325_jpg.rf.0db06c03b8068b1b95d80e599ebc52ca.jpg,dataset-4,train
dataset-4_plastic32_jpg.rf.1d0dd641d0a7329346396b2f9ab2eb0a.jpg,dataset-4,train
dataset-4_plastic335_jpg.rf.690af8735be72871844c6a5f9f5c1616.jpg,dataset-4,train
dataset-4_plastic34_jpg.rf.68eb4c2fbae3712a8d31c013d7d6afd9.jpg,dataset-4,train
dataset-4_plastic353_jpg.rf.f3a0ab8615c2ea63046bd9bde96c566a.jpg,dataset-4,train
dataset-4_plastic36_jpg.rf.5b613457bc47d509e34806c4a8c2a6a6.jpg,dataset-4,train
dataset-4_plastic378_jpg.rf.7f06892afc40c62c316c56969ecaa7bf.jpg,dataset-4,train
dataset-4_plastic37_jpg.rf.521d824b2377d53cdaad14db2e780628.jpg,dataset-4,train
dataset-4_plastic381_jpg.rf.bcf73850928763e3f55c89d748013593.jpg,dataset-4,train
dataset-4_plastic38_jpg.rf.2787fbaf64823cb66326abfe0c58a8cc.jpg,dataset-4,train
dataset-4_plastic41_jpg.rf.ce6534d286401b51bfe5e44d78cc66b9.jpg,dataset-4,train
dataset-4_plastic47_jpg.rf.7d79fe73ab94899b3ccf8f1483a97ed0.jpg,dataset-4,train
dataset-4_plastic52_jpg.rf.bed0f4e2d5f250a1ecbfa9be401638f1.jpg,dataset-4,train
dataset-4_plastic57_jpg.rf.6ab74800ce6a4612f034ed4925c8e554.jpg,dataset-4,train
dataset-4_plastic62_jpg.rf.35dc252a2056bee49e1c8c7f21be1cca.jpg,dataset-4,train
dataset-4_plastic_bottle-100_jpg.rf.7f4042d4461bb484f86bd848f94af8d7.jpg,dataset-4,train
dataset-4_plastic_bottle-101_jpg.rf.95cede4cdc61a9a26136c62de819670d.jpg,dataset-4,train
dataset-4_plastic_bottle-102_jpg.rf.b2a380dd88cc57d92b15392d83c42fe2.jpg,dataset-4,train
dataset-4_plastic_bottle-106_jpg.rf.9e217695a17a21503b42340a7a99042e.jpg,dataset-4,train
dataset-4_plastic_bottle-10_jpg.rf.4e3b74785d9e22d56f6c88ffafcd6e52.jpg,dataset-4,train
dataset-4_plastic_bottle-110_jpg.rf.4a64240a3abc9188b56a7f3b9a587c57.jpg,dataset-4,train
dataset-4_plastic_bottle-111_jpg.rf.3f597745411f049756cfcc7eb2bd257e.jpg,dataset-4,train
dataset-4_plastic_bottle-115_jpg.rf.89436fa9ac0e1266b09c44484e3aeabc.jpg,dataset-4,train
dataset-4_plastic_bottle-119_jpg.rf.4d0851a1c2f3fca1d2ac75d518eba931.jpg,dataset-4,train
dataset-4_plastic_bottle-126_jpg.rf.de2c3f897a0918e211d19d49d56628fe.jpg,dataset-4,train
dataset-4_plastic_bottle-128_jpg.rf.56560ca7376d3c58eb4c4c3b5a189e5c.jpg,dataset-4,train
dataset-4_plastic_bottle-131_jpg.rf.623a4cf1d7a088f59e0efda3c4c62466.jpg,dataset-4,train
dataset-4_plastic_bottle-133_jpg.rf.0de365bd40b3b17a774e868b5a2935a8.jpg,dataset-4,train
dataset-4_plastic_bottle-140_jpg.rf.e60e9be7b79a65b0242fbf63faa64a37.jpg,dataset-4,train
dataset-4_plastic_bottle-142_jpg.rf.19c68d0314e759c53be7d187ac43cc08.jpg,dataset-4,train
dataset-4_plastic_bottle-146_jpg.rf.8832d302f5c14d7c489f45678040a6fa.jpg,dataset-4,train
dataset-4_plastic_bottle-152_jpg.rf.59027ed1bab5d409478827519198612d.jpg,dataset-4,train
dataset-4_plastic_bottle-153_jpg.rf.2bfd92b95dcea899eabc00478eb65993.jpg,dataset-4,train
dataset-4_plastic_bottle-155_jpg.rf.1e1a890a1bb01e0aafe3c8084b210ace.jpg,dataset-4,train
dataset-4_plastic_bottle-156_jpg.rf.72bca07bde65adb4923d1bca893b1204.jpg,dataset-4,train
dataset-4_plastic_bottle-159_jpg.rf.8b34b498d5f9fcc8310a48bbf7e00493.jpg,dataset-4,train
dataset-4_plastic_bottle-161_jpg.rf.f87d98e24084fd28ec815b53a03e32de.jpg,dataset-4,train
dataset-4_plastic_bottle-162_jpg.rf.2ced5d4d1486b619cb44310d4bd43fd0.jpg,dataset-4,train
dataset-4_plastic_bottle-166_jpg.rf.45b7436fd5d57913e4b84d6857763448.jpg,dataset-4,train
dataset-4_plastic_bottle-168_jpg.rf.1b1268e088cc800d40e766e2201783e3.jpg,dataset-4,train
dataset-4_plastic_bottle-172_jpg.rf.36cd55cabc05e5ec3462cd875837f409.jpg,dataset-4,train
dataset-4_plastic_bottle-179_jpg.rf.69b4841ca0e563a2c368c1aeba0193d5.jpg,dataset-4,train
dataset-4_plastic_bottle-188_jpg.rf.b14a64daaa24db5ac2949bcd93a20469.jpg,dataset-4,train
dataset-4_plastic_bottle-189_jpg.rf.53c819312049b5f4dd761c5610b47568.jpg,dataset-4,train
dataset-4_plastic_bottle-18_jpg.rf.985890cf62535f305dd3ea46aff52ba9.jpg,dataset-4,train
dataset-4_plastic_bottle-192_jpg.rf.405f1d1af25d3dbe09d1ba863fa63424.jpg,dataset-4,train
dataset-4_plastic_bottle-196_jpg.rf.99603ff3c6d26db4d2d064659a9645d8.jpg,dataset-4,train
dataset-4_plastic_bottle-19_jpg.rf.53819457d88303a7f8dd496c096c86e8.jpg,dataset-4,train
dataset-4_plastic_bottle-209_jpg.rf.1ae9a98d83d911428effe31aa2d0a4a1.jpg,dataset-4,train
dataset-4_plastic_bottle-21_jpg.rf.93353f13044ba69c88c3a1fb181cde8d.jpg,dataset-4,train
dataset-4_plastic_bottle-232_jpg.rf.5a62b5561fc52112fa98f80df2f0cee8.jpg,dataset-4,train
dataset-4_plastic_bottle-242_jpg.rf.a0dafe629f4b9f93d045b8d2cb9580a3.jpg,dataset-4,train
dataset-4_plastic_bottle-249_jpg.rf.045600a5fda12cbda1615f837348d9bb.jpg,dataset-4,train
dataset-4_plastic_bottle-255_jpg.rf.0f0935919862b77ed7a0ded58f13c181.jpg,dataset-4,train
dataset-4_plastic_bottle-261_jpg.rf.31ff60c6919762203385ce24e0899f5f.jpg,dataset-4,train
dataset-4_plastic_bottle-270_jpg.rf.1d04855f8c554d85f434b27f5fb81bf2.jpg,dataset-4,train
dataset-4_plastic_bottle-272_jpg.rf.5a5af3f914fae5f803479376458cc696.jpg,dataset-4,train
dataset-4_plastic_bottle-277_jpg.rf.2a4eea85d2484d4699ee0846ddb90481.jpg,dataset-4,train
dataset-4_plastic_bottle-278_jpg.rf.5c66bce99c49def175cc41482a421d8d.jpg,dataset-4,train
dataset-4_plastic_bottle-27_jpg.rf.1711ee997ea1a110f6821413f0dd2b12.jpg,dataset-4,train
dataset-4_plastic_bottle-290_jpg.rf.17738bace9e8fd443b09ae0d8e79faa4.jpg,dataset-4,train
dataset-4_plastic_bottle-291_jpg.rf.24791324cfd4f8696cb4aa752aaaa5dc.jpg,dataset-4,train
dataset-4_plastic_bottle-292_jpg.rf.b14b9a5aeda22c48dc2f04199a5ffb30.jpg,dataset-4,train
dataset-4_plastic_bottle-294_jpg.rf.67cd21533a55cbde411ed3bfdc0c0b89.jpg,dataset-4,train
dataset-4_plastic_bottle-299_jpg.rf.67f43b53a12c5b516976187e67225499.jpg,dataset-4,train
dataset-4_plastic_bottle-303_jpg.rf.9d979810915f5aaa0b9431062d784e1b.jpg,dataset-4,train
dataset-4_plastic_bottle-304_jpg.rf.71f8ca5983bd6e62425a9682e78da97a.jpg,dataset-4,train
dataset-4_plastic_bottle-312_jpg.rf.7b81b95c3e7f7c5eb7b584cc0c2830e7.jpg,dataset-4,train
dataset-4_plastic_bottle-315_jpg.rf.307d60a908d6a6acb7511b33fb3e4112.jpg,dataset-4,train
dataset-4_plastic_bottle-322_jpg.rf.3967b8e9ceca7df494e835f90687d457.jpg,dataset-4,train
dataset-4_plastic_bottle-327_jpg.rf.7895e64195f821fb085b034d2309ec6a.jpg,dataset-4,train
dataset-4_plastic_bottle-340_jpg.rf.dc871bb7725c8269e5d9d5679880e31c.jpg,dataset-4,train
dataset-4_plastic_bottle-346_jpg.rf.6f753da926b013b42f43d96f571aba5e.jpg,dataset-4,train
dataset-4_plastic_bottle-350_jpg.rf.31f3926a36f46e77bb114e724270dc69.jpg,dataset-4,train
dataset-4_plastic_bottle-365_jpg.rf.4dca3d84b3dacb03af02c99825a5ab67.jpg,dataset-4,train
dataset-4_plastic_bottle-372_jpg.rf.64d51f855bd99c9ed8066d9bc2f1f13f.jpg,dataset-4,train
dataset-4_plastic_bottle-379_jpg.rf.005a568357f44bfeb180befd0aa0dc42.jpg,dataset-4,train
dataset-4_plastic_bottle-386_jpg.rf.153b8737233b078f0342d30674e93471.jpg,dataset-4,train
dataset-4_plastic_bottle-38_jpg.rf.5e398f74211783c9780f8337a4c5ce0e.jpg,dataset-4,train
dataset-4_plastic_bottle-393_jpg.rf.83bea7337ee81de831e4df21cabb569e.jpg,dataset-4,train
dataset-4_plastic_bottle-396_jpg.rf.5598dfcd9b015bab9135b0ab75dc35d3.jpg,dataset-4,train
dataset-4_plastic_bottle-39_jpg.rf.cdfc42b0bd46cec9ae84ff123f5090a2.jpg,dataset-4,train
dataset-4_plastic_bottle-401_jpg.rf.6d4eea8e2de87ef0abbe7e0d6025a249.jpg,dataset-4,train
dataset-4_plastic_bottle-416_jpg.rf.2ae378366d04d3e91f772daa1d3cb57a.jpg,dataset-4,train
dataset-4_plastic_bottle-416_jpg.rf.8eed3860f47771b90b96b1436758660f.jpg,dataset-4,train
dataset-4_plastic_bottle-417_jpg.rf.cb74d557af8aa3a9e2d7f751ace08583.jpg,dataset-4,train
dataset-4_plastic_bottle-422_jpg.rf.1ccd150e7e964fce254fabba01ec7ff6.jpg,dataset-4,train
dataset-4_plastic_bottle-425_jpg.rf.59604e42e96fe7403fde5d1e9f7cb588.jpg,dataset-4,train
dataset-4_plastic_bottle-427_jpg.rf.545c6fc4e30e249d80587dfe10e9ddea.jpg,dataset-4,train
dataset-4_plastic_bottle-42_jpg.rf.a04e414e86145e7d41cefc2cbfa86086.jpg,dataset-4,train
dataset-4_plastic_bottle-432_jpg.rf.afe00f4688704f4553937ceb19d84fa5.jpg,dataset-4,train
dataset-4_plastic_bottle-437_jpg.rf.a2c09f867978267bf5c4470e21e626ea.jpg,dataset-4,train
dataset-4_plastic_bottle-440_jpg.rf.5ce52e1fa8d66c650ef113f11948567f.jpg,dataset-4,train
dataset-4_plastic_bottle-443_jpg.rf.f4fb45912d73bed12bc131c74040da80.jpg,dataset-4,train
dataset-4_plastic_bottle-452_jpg.rf.139f2267cb793d3a3757bd3e9cf923e5.jpg,dataset-4,train
dataset-4_plastic_bottle-464_jpg.rf.fbeaa22aeaefacf63ce3c7e9f2518434.jpg,dataset-4,train
dataset-4_plastic_bottle-483_jpg.rf.a01518b8b8f1ec51a2eda7b3cb38c15b.jpg,dataset-4,train
dataset-4_plastic_bottle-488_jpg.rf.2ec25ab693fd76955976cae7a4607772.jpg,dataset-4,train
dataset-4_plastic_bottle-489_jpg.rf.d432b6f737c3b070c99903b1fac6f908.jpg,dataset-4,train
dataset-4_plastic_bottle-492_jpg.rf.80a6df3c1a72299dee3a7aaa625ad6c1.jpg,dataset-4,train
dataset-4_plastic_bottle-494_jpg.rf.398199569cee7c31ad30e9ec808634f0.jpg,dataset-4,train
dataset-4_plastic_bottle-506_jpg.rf.253d527c92bedf2e966ef3b8335aadbb.jpg,dataset-4,train
dataset-4_plastic_bottle-50_jpg.rf.5ce2010766284ac13ba48f467165ac2d.jpg,dataset-4,train
dataset-4_plastic_bottle-510_jpg.rf.be5c4526d3262e9d191ae11aaceee417.jpg,dataset-4,train
dataset-4_plastic_bottle-525_jpg.rf.048d85efe63eba3388a01f948f26bac1.jpg,dataset-4,train
dataset-4_plastic_bottle-526_jpg.rf.04bcea25de670e27d6a364b38a7b19c2.jpg,dataset-4,train
dataset-4_plastic_bottle-530_jpg.rf.ae4898bcd684665aba78adfc91587dfa.jpg,dataset-4,train
dataset-4_plastic_bottle-531_jpg.rf.5780c116e268cac9369b5d9091b72f91.jpg,dataset-4,train
dataset-4_plastic_bottle-53_jpg.rf.2361d3cf0f7c7adda0ff0c68d30434a2.jpg,dataset-4,train
dataset-4_plastic_bottle-551_jpg.rf.238eac4b50191964396e270287fb8877.jpg,dataset-4,train
dataset-4_plastic_bottle-561_jpg.rf.5cf75a0836d04f3774fc5a6826210122.jpg,dataset-4,train
dataset-4_plastic_bottle-5_jpg.rf.265e5287df8e5da8742284b040e40d2c.jpg,dataset-4,train
dataset-4_plasticbottle-10-_jpg.rf.7dc583aca2c4d47e8084e12b2829fea6.jpg,dataset-4,train
dataset-4_plasticbottle-11-_jpg.rf.900d641eb3904fa878f88981afdef41d.jpg,dataset-4,train
dataset-4_plasticbottle-11-_jpg.rf.c6ba1942fc847dafc514a400ef94c484.jpg,dataset-4,train
dataset-4_plasticbottle-118-_jpg.rf.5a61fb22c0ffedbdc6cdfacd2ce6493c.jpg,dataset-4,train
dataset-4_plasticbottle-12-_jpg.rf.28253055f432a644687bbdecdcaa2597.jpg,dataset-4,train
dataset-4_plasticbottle-12-_jpg.rf.f85c8d23fe931beeb4f47e41c9801c4d.jpg,dataset-4,train
dataset-4_plasticbottle-120-_jpg.rf.3f725827d9e5805fae2d83600f14dfc9.jpg,dataset-4,train
dataset-4_plasticbottle-121-_jpg.rf.c6e7c71a2c7afa970229c0362048e4cf.jpg,dataset-4,train
dataset-4_plasticbottle-13-_jpg.rf.6de90d636d24a33ddc149ad5158bfbce.jpg,dataset-4,train
dataset-4_plasticbottle-131-_jpg.rf.6380e83fa38e016acb96524e16b62e14.jpg,dataset-4,train
dataset-4_plasticbottle-139-_jpg.rf.9120b2582c7571e76fb29fde66b2a933.jpg,dataset-4,train
dataset-4_plasticbottle-146-_jpg.rf.016f8cddac3e2c9a0d038b0a2ec78315.jpg,dataset-4,train
dataset-4_plasticbottle-15-_jpg.rf.81e91ac5d6330d42557847aff5828e36.jpg,dataset-4,train
dataset-4_plasticbottle-15-_jpg.rf.9760ee1b73cbfd953ecc6a36718d08b5.jpg,dataset-4,train
dataset-4_plasticbottle-158-_jpg.rf.3072a160119bb2ac69e92b08b9e30e83.jpg,dataset-4,train
dataset-4_plasticbottle-17-_jpg.rf.d9974a97cf5ceb537ab5169ea773c496.jpg,dataset-4,train
dataset-4_plasticbottle-173-_jpg.rf.57727ad57a6c409aea26d39d3c312278.jpg,dataset-4,train
dataset-4_plasticbottle-173-_jpg.rf.f0ce2274d248f7a6ab89bf530b3201d3.jpg,dataset-4,train
dataset-4_plasticbottle-175-_jpg.rf.6ecc123268c0276eb6034864c7c19e4f.jpg,dataset-4,train
dataset-4_plasticbottle-176-_jpg.rf.77cc754b5fd8e27ebcef84608a9e1bc9.jpg,dataset-4,train
dataset-4_plasticbottle-177-_jpg.rf.3da4ea38b150f8afaa141228162da659.jpg,dataset-4,train
dataset-4_plasticbottle-18-_jpg.rf.042e07d2bfce9f9df41928de6dacd615.jpg,dataset-4,train
dataset-4_plasticbottle-180-_jpg.rf.676c2cb7b136f45b7753213172fad0fa.jpg,dataset-4,train
dataset-4_plasticbottle-182-_jpg.rf.107c44bf79f3bb5914afdf3e4293b495.jpg,dataset-4,train
dataset-4_plasticbottle-186-_jpg.rf.b235a0f626afd39995ca6ac8d1ffb5b9.jpg,dataset-4,train
dataset-4_plasticbottle-189-_jpg.rf.31f474649732a32ad7debb0ec29ab679.jpg,dataset-4,train
dataset-4_plasticbottle-194-_jpg.rf.d98fb7d3463a6adda2749375b7205962.jpg,dataset-4,train
dataset-4_plasticbottle-2-_jpg.rf.02f34120954a0b5ae99aca7b41622965.jpg,dataset-4,train
dataset-4_plasticbottle-20-_jpg.rf.fdc404e90e11bdf62a751886fc17fb39.jpg,dataset-4,train
dataset-4_plasticbottle-200-_jpg.rf.d6ad7371853cb1aed2b5b40718205327.jpg,dataset-4,train
dataset-4_plasticbottle-23-_jpg.rf.bb753c23ab7d5da942bfcc6b4651d9df.jpg,dataset-4,train
dataset-4_plasticbottle-3-_jpg.rf.53c13b28f16c50ffde0e2a538443ac91.jpg,dataset-4,train
dataset-4_plasticbottle-32-_jpg.rf.5217dc0ef3d017c67425f5dce778197e.jpg,dataset-4,train
dataset-4_plasticbottle-354-_jpg.rf.c7db31ed7af8ab43e1f824a03642a8b4.jpg,dataset-4,train
dataset-4_plasticbottle-358-_jpg.rf.52744c9a580d23524686f26606dd2714.jpg,dataset-4,train
dataset-4_plasticbottle-359-_jpg.rf.ccb4b6b2b0680c3681c9740496334661.jpg,dataset-4,train
dataset-4_plasticbottle-36-_jpg.rf.b5ac7dad328102691462103e7cdd7363.jpg,dataset-4,train
dataset-4_plasticbottle-362-_jpg.rf.bc29ea1a8e8d0e2841c4f9d60178dc73.jpg,dataset-4,train
dataset-4_plasticbottle-363-_jpg.rf.2b3273fb296bd3dd9c76397f4a936841.jpg,dataset-4,train
dataset-4_plasticbottle-364-_jpg.rf.ec586713c80bca2ad5daa5a5d1b6402e.jpg,dataset-4,train
dataset-4_plasticbottle-365-_jpg.rf.c135d94aab3121354ccd5afcfb35e1ff.jpg,dataset-4,train
dataset-4_plasticbottle-369-_jpg.rf.8d142476bc84c7caf23f2549c95804b0.jpg,dataset-4,train
dataset-4_plasticbottle-375-_jpg.rf.14ae45feebda6b81a8a4e8a9a64e130b.jpg,dataset-4,train
dataset-4_plasticbottle-376-_jpg.rf.ff08d599caa7f30d573e3299270502f7.jpg,dataset-4,train
dataset-4_plasticbottle-377-_jpg.rf.55f6425ab0bf16d95ca17884dcc7b0ad.jpg,dataset-4,train
dataset-4_plasticbottle-378-_jpg.rf.a9b800a2ade169cd49b316d42ef74543.jpg,dataset-4,train
dataset-4_plasticbottle-379-_jpg.rf.fd8053cbf31394f8ef5f03f10c8df3a5.jpg,dataset-4,train
dataset-4_plasticbottle-380-_jpg.rf.77de75beb1b7763a3b9875f3a0e8a22b.jpg,dataset-4,train
dataset-4_plasticbottle-389-_jpg.rf.c7a542e2c130239f028ba72871d54ebd.jpg,dataset-4,train
dataset-4_plasticbottle-39-_jpg.rf.11c3e7d464d3e25182fd356b47fd1365.jpg,dataset-4,train
dataset-4_plasticbottle-390-_jpg.rf.2992b61416adb4404f931f41dbd9b13c.jpg,dataset-4,train
dataset-4_plasticbottle-392-_jpg.rf.3e8ff364bab6efd6652068db20b82e45.jpg,dataset-4,train
dataset-4_plasticbottle-394-_jpg.rf.e6eda6948fb919754b5e9610463aab76.jpg,dataset-4,train
dataset-4_plasticbottle-395-_jpg.rf.1f13ed3f38a6a7e923b5a877818cae48.jpg,dataset-4,train
dataset-4_plasticbottle-396-_jpg.rf.5354bb1d7a4e05e69b64ff7f3a76d60a.jpg,dataset-4,train
dataset-4_plasticbottle-397-_jpg.rf.920a51e955e5432bc9b5db4afe6a2e1e.jpg,dataset-4,train
dataset-4_plasticbottle-399-_jpg.rf.d0ad284903f267c7bb551febfed1d558.jpg,dataset-4,train
dataset-4_plasticbottle-4-_jpg.rf.3f81b9a3485fb43a7a3cce6a7f36eda4.jpg,dataset-4,train
dataset-4_plasticbottle-4-_jpg.rf.62b5f4921522503aa374b508f02ba0c9.jpg,dataset-4,train
dataset-4_plasticbottle-401-_jpg.rf.fa14f3cf6966dfbe606127c94d1dbe81.jpg,dataset-4,train
dataset-4_plasticbottle-403-_jpg.rf.dd3b37e090d90addfac456d3dccad84a.jpg,dataset-4,train
dataset-4_plasticbottle-405-_jpg.rf.09b6db571911c896cb8f33fcbb3cdeb7.jpg,dataset-4,train
dataset-4_plasticbottle-407-_jpg.rf.ce6729a3b90928239ab5e5196c00efd4.jpg,dataset-4,train
dataset-4_plasticbottle-408-_jpg.rf.2a10675c8278ef32b1181f54761fdfd3.jpg,dataset-4,train
dataset-4_plasticbottle-409-_jpg.rf.df8232b08ab3e4cb30f96013c19b8282.jpg,dataset-4,train
dataset-4_plasticbottle-410-_jpg.rf.aad0e6e2827e5118512164d21b8c98a9.jpg,dataset-4,train
dataset-4_plasticbottle-411-_jpg.rf.bc0ccfe6597796e2db2b9280aafe54b0.jpg,dataset-4,train
dataset-4_plasticbottle-414-_jpg.rf.c876992d1fc765163b674d225ce9aab9.jpg,dataset-4,train
dataset-4_plasticbottle-415-_jpg.rf.da37163842abcb412a240307bc4a3a4b.jpg,dataset-4,train
dataset-4_plasticbottle-417-_jpg.rf.3bf156b0551d1d4059ecd8fc70c64146.jpg,dataset-4,train
dataset-4_plasticbottle-423-_jpg.rf.810556e8f3df9a39f8361bfd7511f531.jpg,dataset-4,train
dataset-4_plasticbottle-425-_jpg.rf.584eb94590a979c3cb71eb8aa6f40c91.jpg,dataset-4,train
dataset-4_plasticbottle-428-_jpg.rf.f7ebd75c108bc6b80b318fde0dda3772.jpg,dataset-4,train
dataset-4_plasticbottle-43-_jpg.rf.6af97ac3c89e99c78391bfa14fbe7164.jpg,dataset-4,train
dataset-4_plasticbottle-437-_jpg.rf.f4b1c0aed893ab85a62f3922b0f9b387.jpg,dataset-4,train
dataset-4_plasticbottle-477-_jpg.rf.bb5170a8164a508424277ca4f85cefd9.jpg,dataset-4,train
dataset-4_plasticbottle-484-_jpg.rf.b8efc4cc8b39141fac1ffe96b9ec68d3.jpg,dataset-4,train
dataset-4_plasticbottle-49-_jpg.rf.3ebba4811c5b72b95d17c35c249c4d94.jpg,dataset-4,train
dataset-4_plasticbottle-492-_jpg.rf.7c03490071a1bf7d37bb074e2311596a.jpg,dataset-4,train
dataset-4_plasticbottle-497-_jpg.rf.71e7732a08332ef77e2480f5ed5b884e.jpg,dataset-4,train
dataset-4_plasticbottle-5-_jpg.rf.60585d825e7a80af87a6e5fc1e759f27.jpg,dataset-4,train
dataset-4_plasticbottle-501-_jpg.rf.e90164c65a62b66c4c6019c45f031f01.jpg,dataset-4,train
dataset-4_plasticbottle-505-_jpg.rf.45082671e3c27614e009f394c362455d.jpg,dataset-4,train
dataset-4_plasticbottle-516-_jpg.rf.e702ac46cbb76be614711d422a4ecae7.jpg,dataset-4,train
dataset-4_plasticbottle-520-_jpg.rf.08e31dd75fefc34844b9bac9928b35d3.jpg,dataset-4,train
dataset-4_plasticbottle-530-_jpg.rf.ce69c7ce3033f2d010d9049e4100b865.jpg,dataset-4,train
dataset-4_plasticbottle-531-_jpg.rf.5e68c7f288f110f968d07ec3bcbc4598.jpg,dataset-4,train
dataset-4_plasticbottle-533-_jpg.rf.226f5a1ea22c5d6a34841128b1f15db5.jpg,dataset-4,train
dataset-4_plasticbottle-537-_jpg.rf.390c8f958354507b4af873d5e186289b.jpg,dataset-4,train
dataset-4_plasticbottle-545-_jpg.rf.68f8a4a55de1c9f4395618972bd58658.jpg,dataset-4,train
dataset-4_plasticbottle-547-_jpg.rf.28d17b5dbc90cee248e8532ccd2c8d50.jpg,dataset-4,train
dataset-4_plasticbottle-548-_jpg.rf.0bb0834f9270c4b734e45cbec5323401.jpg,dataset-4,train
dataset-4_plasticbottle-551-_jpg.rf.9c3d6bf2251b2b9f005e4bfbfd171428.jpg,dataset-4,train
dataset-4_plasticbottle-553-_jpg.rf.580d9e82ffe300091fe91346a3922a2c.jpg,dataset-4,train
dataset-4_plasticbottle-558-_jpg.rf.bab5f265490d3ccec5e0c1b6939ec1ef.jpg,dataset-4,train
dataset-4_plasticbottle-6-_jpg.rf.cec1d0e1d85fc1b503f990a730c15e79.jpg,dataset-4,train
dataset-4_plasticbottle-640-_jpg.rf.c5adbf4d64df7efe299b7116b6f5c770.jpg,dataset-4,train
dataset-4_plasticbottle-651-_jpg.rf.fc47c5722ea1614da1683f0485f10747.jpg,dataset-4,train
dataset-4_plasticbottle-689-_jpg.rf.374a11ff3e6eada8c9832db730e48d7c.jpg,dataset-4,train
dataset-4_plasticbottle-7-_jpg.rf.41b1d80a24e221557b00360599d0f78f.jpg,dataset-4,train
dataset-4_plasticbottle-7-_jpg.rf.a8782a0d950a472ffe12818e64e5214a.jpg,dataset-4,train
dataset-4_plasticbottle-724-_jpg.rf.34733544ec6da9ba5374595d47e16e34.jpg,dataset-4,train
dataset-4_plasticbottle-8-_jpg.rf.6b4608043e15b66b96b73d14b656fba7.jpg,dataset-4,train
dataset-4_plasticbottle-9-_jpg.rf.ee1b209f1d6976d3c220eabbdd47fd53.jpg,dataset-4,train
dataset-4_plasticbottle-94-_jpg.rf.2986cf1e9fe912a4df0526585786b0be.jpg,dataset-4,train
dataset-4_product-jpeg-500x500_jpg.rf.63ef7aa170a966b941e286475f2f68b1.jpg,dataset-4,train
dataset-4_r9kjp3_jpg.rf.a407c08d5c8c827171ad3c1d8eda3611.jpg,dataset-4,train
dataset-4_R_112_jpg.rf.52da58e8b4646472c1ec3e36e2adb6c7.jpg,dataset-4,train
dataset-4_R_18_jpg.rf.b5bbf0bd46556f309b613e3d8a574e76.jpg,dataset-4,train
dataset-4_R_2498_jpg.rf.0cd79edd31d0bad029082c0638ee3577.jpg,dataset-4,train
dataset-4_R_2498_jpg.rf.24f552dad15df36ee8fe9ec55a424109.jpg,dataset-4,train
dataset-4_R_2498_jpg.rf.69dd2a94b491b1c25615800b999f235d.jpg,dataset-4,train
dataset-4_R_2511_jpg.rf.a0bc3bbc5d94b38d8034512022c00336.jpg,dataset-4,train
dataset-4_R_2525_jpg.rf.b6bc871676260f646a58d9961b26113e.jpg,dataset-4,train
dataset-4_R_2525_jpg.rf.bacaf2d85d1833d9115074b2b8b97b5c.jpg,dataset-4,train
dataset-4_R_2534_jpg.rf.e5f365473371bc7bc9d47c805bbcdc3e.jpg,dataset-4,train
dataset-4_R_2535_jpg.rf.021bb4405a1e7e0ee698feaf005dcfef.jpg,dataset-4,train
dataset-4_R_2535_jpg.rf.701ccc45624a2f8de7f43ddb9f8b3b5b.jpg,dataset-4,train
dataset-4_R_2552_jpg.rf.028bf06b1f7eaf636f4c93d1d642c410.jpg,dataset-4,train
dataset-4_R_2552_jpg.rf.f21749a879cbc358ac46a6f958243206.jpg,dataset-4,train
dataset-4_R_25_jpg.rf.5e360536aacc3ee35d9909787a8949ee.jpg,dataset-4,train
dataset-4_R_2600_jpg.rf.90a8968ea5024025614815ad732b3f8a.jpg,dataset-4,train
dataset-4_R_2615_jpg.rf.25e56183fc3b0ad06abe434375df09a9.jpg,dataset-4,train
dataset-4_R_2615_jpg.rf.7bbf1a7fc32ccdedf0099405d70c0142.jpg,dataset-4,train
dataset-4_R_2653_jpg.rf.875ca97afc3420d23b39a4179bd4f0af.jpg,dataset-4,train
dataset-4_R_2653_jpg.rf.8d0f2b4a58fb225f11f46cf406be4fb8.jpg,dataset-4,train
dataset-4_R_54_jpg.rf.e6b0f41fc889b52bae67522f6bd071de.jpg,dataset-4,train
dataset-4_R_5_jpg.rf.4a5ca6098f4633ec3b2660d08ff142c4.jpg,dataset-4,train
dataset-4_R_78_jpg.rf.c9262b22060de37ad8f36732b2c5cf5e.jpg,dataset-4,train
dataset-4_R_99_jpg.rf.521d0103901445caf78d49cba04acd7d.jpg,dataset-4,train
dataset-4_rioni-river-plastic-22-april_1-scaled-6edc42c0_jpeg_jpg.rf.eb16f2f7baedc906c195b8de272f9a4c.jpg,dataset-4,train
dataset-4_RPET_BOTTLE_50CL_EN_FRONT_20200212_png_jpg.rf.2c20f3c52c576dd231fc2a1d039aa669.jpg,dataset-4,train
dataset-4_rx0hca_jpg.rf.4a0ec5ee923a5db909c24695f94c4200.jpg,dataset-4,train
dataset-4_ScreenShot2019-11-07at10-45-36AM_png_jpg.rf.f07f8b2d26bfe8053945cdd6afe96899.jpg,dataset-4,train
dataset-4_Sergey-Logrus_shutterstock_1150729634_plastic-water-bottles-safe_Feature_png_jpg.rf.7df9096196a392b59c0832153bcbbc46.jpg,dataset-4,train
dataset-4_si38d_jpg.rf.6243e9f2c6c3172f1b3f0568f890390d.jpg,dataset-4,train
dataset-4_sjn47_jpg.rf.499561f823db40c22fdee6c05bc0efa2.jpg,dataset-4,train
dataset-4_smnnj4_jpg.rf.3d46a4b9e415022183adff0b02ec6bcf.jpg,dataset-4,train
dataset-4_so9q_jpg.rf.ba933c7709ca17af801a010a286d4991.jpg,dataset-4,train
dataset-4_somr_jpg.rf.e1bb5c2b9f08ad66d4da3378c4754dc9.jpg,dataset-4,train
dataset-4_stock-photo-empty-plastic-bottle-on-the-ground-1350310589_jpg.rf.f8e234440a68a6a0d32aa8e790058c0e.jpg,dataset-4,train
dataset-4_stock-photo-empty-plastic-bottle-on-the-ground-1350310592_jpg.rf.0da3b239f63f06511e9053dc27c9b660.jpg,dataset-4,train
dataset-4_teneke_kutu-002_jpg.rf.932b3ed0982ba0529e3ebcc1f919d824.jpg,dataset-4,train
dataset-4_teneke_kutu-034_jpg.rf.e0cd8dd706e6f7b7542c148173e4b5b6.jpg,dataset-4,train
dataset-4_teneke_kutu-034_jpg.rf.e709acef62cc69c83095ab36916cb3a8.jpg,dataset-4,train
dataset-4_teneke_kutu-035_png_jpg.rf.4b1cbe7e5be24dacd944f011e744eb4f.jpg,dataset-4,train
dataset-4_teneke_kutu-035_png_jpg.rf.7682026332f699be2649861dffa9db81.jpg,dataset-4,train
dataset-4_teneke_kutu-173_jpg.rf.9842813d7d2aa54785442627df298a68.jpg,dataset-4,train
dataset-4_teneke_kutu-181_jpg.rf.2a609fe236cf10d123d9ec372d04232a.jpg,dataset-4,train
dataset-4_teneke_kutu-181_jpg.rf.5bbc103e77c4dd49cc9083ec26880ee4.jpg,dataset-4,train
dataset-4_teneke_kutu-181_jpg.rf.a6ee2cb0cfdd4a78820f1a6310a24326.jpg,dataset-4,train
dataset-4_teneke_kutu-226_jpg.rf.3c98ef9312c73246539a4f7a27369b56.jpg,dataset-4,train
dataset-4_teneke_kutu-228_jpg.rf.e5d9cb01166ca4a030e3562fb825054a.jpg,dataset-4,train
dataset-4_teneke_kutu-241_jpg.rf.88275bcaa6adecf6e48d28ef8ccc96ea.jpg,dataset-4,train
dataset-4_teneke_kutu-241_jpg.rf.dc5968de046a689d36a9e64e57e8e4fd.jpg,dataset-4,train
dataset-4_teneke_kutu-241_jpg.rf.f0cda6a7c9637416b323cd60c743e1bf.jpg,dataset-4,train
dataset-4_teneke_kutu-242_jpg.rf.fd0408eba7dd761e95ee9b7d1389d8e0.jpg,dataset-4,train
dataset-4_teneke_kutu-243_jpg.rf.c3f90002477eda22ba5e9c2458e915de.jpg,dataset-4,train
dataset-4_teneke_kutu-244_jpg.rf.d0ccaea94cd13176c64eeb3a5f2c10a8.jpg,dataset-4,train
dataset-4_teneke_kutu-244_jpg.rf.df63c32527e94da73f7ba2008d95d2a7.jpg,dataset-4,train
dataset-4_teneke_kutu-261_jpg.rf.7dcf8fa8072c7907c3484e6fecc144ae.jpg,dataset-4,train
dataset-4_teneke_kutu-267_jpg.rf.75813d3a2bdc5005327d2e38e2ce0bbe.jpg,dataset-4,train
dataset-4_teneke_kutu-267_jpg.rf.762391add6336e9c35867630804940a2.jpg,dataset-4,train
dataset-4_teneke_kutu-267_jpg.rf.85b4507479d8f51be2a69bde44cd96f0.jpg,dataset-4,train
dataset-4_teneke_kutu-269_jpg.rf.0bb973ad1f74808d7762649a50020965.jpg,dataset-4,train
dataset-4_teneke_kutu-269_jpg.rf.4d36a5cb267ccf08f6f230dbed218266.jpg,dataset-4,train
dataset-4_teneke_kutu-270_jpg.rf.6862002ae597efee4d3ffe01c3438643.jpg,dataset-4,train
dataset-4_teneke_kutu-272_jpg.rf.08f269a02d10532ac48ce0f23e424cf5.jpg,dataset-4,train
dataset-4_teneke_kutu-272_jpg.rf.c55762aec3964a93fa44eb5eacbce4bf.jpg,dataset-4,train
dataset-4_teneke_kutu-272_jpg.rf.f9d72a1dc4b9953ffb7fdc373b62c38a.jpg,dataset-4,train
dataset-4_teneke_kutu-273_jpg.rf.028d0dc403333a82dfbc91dd1b12d414.jpg,dataset-4,train
dataset-4_teneke_kutu-274_jpg.rf.3692d32421ee346200a4059a7d406e67.jpg,dataset-4,train
dataset-4_teneke_kutu-274_jpg.rf.966f646c15d1defe21bad100599d8666.jpg,dataset-4,train
dataset-4_teneke_kutu-275_jpg.rf.073cf71575a4e4e13bf400dd23518eb4.jpg,dataset-4,train
dataset-4_teneke_kutu-275_jpg.rf.30969b7587ef8a82d3ed207ac4eaac92.jpg,dataset-4,train
dataset-4_teneke_kutu-275_jpg.rf.6bd657d41ad2c01c64211e5f449a3259.jpg,dataset-4,train
dataset-4_teneke_kutu-277_jpg.rf.23a768916fc47825f2e20c91114400ee.jpg,dataset-4,train
dataset-4_teneke_kutu-280_jpg.rf.848c9e1016b52c8d0efaed13c5e8ab0e.jpg,dataset-4,train
dataset-4_teneke_kutu-280_jpg.rf.8aa1ef95f4f26ba3bfe7b2354a172694.jpg,dataset-4,train
dataset-4_teneke_kutu-393_jpg.rf.36563aaf295948d2c7b527d285dec986.jpg,dataset-4,train
dataset-4_teneke_kutu-397_jpg.rf.9d2279924c93520ac3bd96408d8b0ebc.jpg,dataset-4,train
dataset-4_teneke_kutu-407_jpg.rf.1f3d2c6347af3c6bd95c379455a7c051.jpg,dataset-4,train
dataset-4_teneke_kutu-407_jpg.rf.3393728099e2654da7c49aa7408cd9e7.jpg,dataset-4,train
dataset-4_teneke_kutu-407_jpg.rf.72c1181fdb546ea3740dea8989b2481c.jpg,dataset-4,train
dataset-4_teneke_kutu-414_jpg.rf.4dc8ea98a036ad9b9d7cd2cf37623824.jpg,dataset-4,train
dataset-4_teneke_kutu-414_jpg.rf.5f88eb505c90e19813e6d17a174c507c.jpg,dataset-4,train
dataset-4_teneke_kutu-415_jpg.rf.6cefaf28b4e1ac1badde197023a8bde2.jpg,dataset-4,train
dataset-4_teneke_kutu-425_jpg.rf.64e8ec7c541bfda3530a9f65279c3841.jpg,dataset-4,train
dataset-4_teneke_kutu-425_jpg.rf.eb09ea8899d272ac5155a2b7526ff9e5.jpg,dataset-4,train
dataset-4_teneke_kutu-438_jpg.rf.cc5381dc1ea2aa015d64cb6187e3839b.jpg,dataset-4,train
dataset-4_teneke_kutu-453_jpg.rf.0b199140eda810679513d159ec158c00.jpg,dataset-4,train
dataset-4_teneke_kutu-453_jpg.rf.338ece3386007ec5465d622f8c6c85dc.jpg,dataset-4,train
dataset-4_Used-plastic-bottle-in-the-field_hippopx_jpg.rf.d8260cfee51edfeac267fa88acd250ac.jpg,dataset-4,train
dataset-4_view-of-garbage-mostly-plastic-bottles-on-a-waterway-in-the-industrial-GHG765_jpg.rf.c98378d9dd2076932dc87eb37c292cb5.jpg,dataset-4,train
dataset-4_visual-environmental-protection-damages-disposing-plastic-waste-to-nature-plastic-water-bottle-crushed-grass-198871216_jpg.rf.e55ee193647c6657ed3eb49d70a183b3.jpg,dataset-4,train
dataset-4_water-bottles_jpg.rf.cf38a72b671b4233cced871138396406.jpg,dataset-4,train
dataset-4_waterbottle224_jpg.rf.b255ec3460c0f4ac681cf613f41323e6.jpg,dataset-4,train
dataset-4_waterbottle237_jpg.rf.6db77ab571817bc2f22a68a2340333a7.jpg,dataset-4,train
dataset-4_WhatsApp-Image-2022-01-27-at-4-46-22-PM-2-_jpeg_jpg.rf.fb5877f16563ebe17bd6659146c26108.jpg,dataset-4,train
dataset-4_WhatsApp-Image-2022-01-27-at-4-46-22-PM_jpeg_jpg.rf.77b142e5f02c7e68971ee9e739e11dd2.jpg,dataset-4,train
dataset-4_WhatsApp-Image-2022-01-27-at-4-46-23-PM-2-_jpeg_jpg.rf.b3ab4ee8b897816be9d973ddef915af8.jpg,dataset-4,train
dataset-4_WhatsApp-Image-2022-01-27-at-4-46-23-PM-3-_jpeg_jpg.rf.83c457db4d85a4fc75e0054ddd0d4cb8.jpg,dataset-4,train
dataset-4_WhatsApp-Image-2022-01-27-at-4-46-23-PM-4-_jpeg_jpg.rf.241d110a430dfacd5684415568b2a1ba.jpg,dataset-4,train
dataset-4_WhatsApp-Image-2022-01-27-at-4-46-23-PM-5-_jpeg_jpg.rf.e07551ef5c24c91dbdcc4065fe0d9046.jpg,dataset-4,train
dataset-4_WhatsApp-Image-2022-01-27-at-4-46-23-PM_jpeg_jpg.rf.ea2f7944eb354c7578b1a961ba187dfb.jpg,dataset-4,train
dataset-4_WhatsApp-Image-2022-01-27-at-4-46-24-PM-1-_jpeg_jpg.rf.5981a4c936132c2c27aaf61fcd00eafa.jpg,dataset-4,train
dataset-4_WhatsApp-Image-2022-01-27-at-4-46-24-PM-2-_jpeg_jpg.rf.c8270bbeec3690766f811c35caa4d4ee.jpg,dataset-4,train
dataset-4_WhatsApp-Image-2022-01-27-at-4-46-24-PM-3-_jpeg_jpg.rf.ee3eee46b19f049993c5c1b999f525e5.jpg,dataset-4,train
dataset-4_WhatsApp-Image-2022-01-27-at-4-46-24-PM_jpeg_jpg.rf.11207ce3169e5ca39afc2ff615c3d813.jpg,dataset-4,train
dataset-4_WhatsApp-Image-2022-01-27-at-4-46-25-PM-1-_jpeg_jpg.rf.c058d4f30decb30e9a2b08dc58e94c86.jpg,dataset-4,train
dataset-4_WhatsApp-Image-2022-01-27-at-4-46-25-PM-2-_jpeg_jpg.rf.6cecfa9f9651ce474bd7c3431edad760.jpg,dataset-4,train
dataset-4_WhatsApp-Image-2022-01-27-at-4-46-26-PM-1-_jpeg_jpg.rf.1ef14f0e0fe037e3df9857eda8eebf96.jpg,dataset-4,train
dataset-4_WhatsApp-Image-2022-01-27-at-4-46-26-PM-2-_jpeg_jpg.rf.5c7bc61cb98b46220e21473d1a9f325e.jpg,dataset-4,train
dataset-4_WhatsApp-Image-2022-01-27-at-4-46-26-PM-3-_jpeg_jpg.rf.abd523f279bd7bb9f88e7ab52efc8e00.jpg,dataset-4,train
dataset-4_WhatsApp-Image-2022-01-27-at-4-46-26-PM-4-_jpeg_jpg.rf.99734fe046579fd92a18a4cf4112a0c7.jpg,dataset-4,train
dataset-4_WhatsApp-Image-2022-01-27-at-4-46-26-PM_jpeg_jpg.rf.5f2e2db711667437dd9b5a449b76657d.jpg,dataset-4,train
dataset-4_WhatsApp-Image-2022-01-27-at-4-47-12-PM-2-_jpeg_jpg.rf.45bb86bb19777be936a108832e575d39.jpg,dataset-4,train
dataset-4_WhatsApp-Image-2022-01-27-at-4-47-12-PM_jpeg_jpg.rf.c677a2b674b1221f0f19a93c175ff22e.jpg,dataset-4,train
dataset-4_WhatsApp-Image-2022-01-27-at-4-47-13-PM-1-_jpeg_jpg.rf.7e32d573a7ab720b28c580339b21947f.jpg,dataset-4,train
dataset-4_WhatsApp-Image-2022-01-27-at-4-47-13-PM-2-_jpeg_jpg.rf.c9b8abf30e59b8d65d5107b13b944803.jpg,dataset-4,train
dataset-4_WhatsApp-Image-2022-01-27-at-4-47-13-PM-3-_jpeg_jpg.rf.6f311de251651f19ac1b763310346358.jpg,dataset-4,train
dataset-4_WhatsApp-Image-2022-01-27-at-4-47-13-PM_jpeg_jpg.rf.f801bf6a7b79fb0e3c5904cf3d2f58a0.jpg,dataset-4,train
dataset-4_WhatsApp-Image-2022-01-27-at-4-47-14-PM-1-_jpeg_jpg.rf.3bb83f2318fa7db78fc8933cda23514a.jpg,dataset-4,train
dataset-4_WhatsApp-Image-2022-01-27-at-4-47-14-PM-2-_jpeg_jpg.rf.0ee740cf91b17c81e556c5d96a1e125e.jpg,dataset-4,train
dataset-4_WhatsApp-Image-2022-01-27-at-4-47-14-PM-3-_jpeg_jpg.rf.afcac47dc87037991c1cf4fc162cdb1c.jpg,dataset-4,train
dataset-4_WhatsApp-Image-2022-01-27-at-4-47-15-PM-2-_jpeg_jpg.rf.f3af3e87d26da9513733c3a01aff095f.jpg,dataset-4,train
dataset-4_WhatsApp-Image-2022-01-27-at-4-47-15-PM_jpeg_jpg.rf.760d32555b7188e3a1bc93b4b10e509f.jpg,dataset-4,train
dataset-4_WhatsApp-Image-2022-01-27-at-4-47-16-PM-2-_jpeg_jpg.rf.1fc75aa27cd09934a74568c118082c94.jpg,dataset-4,train
dataset-4_WhatsApp-Image-2022-01-27-at-4-47-16-PM_jpeg_jpg.rf.9c65d4777fc5c54c7e9d6456d779fce2.jpg,dataset-4,train
dataset-4_WhatsApp-Image-2022-01-27-at-4-47-17-PM-3-_jpeg_jpg.rf.ca63937a8ec1ea763e611df7b4edc40e.jpg,dataset-4,train
dataset-4_WhatsApp-Image-2022-01-27-at-4-47-17-PM_jpeg_jpg.rf.607e0fb4f6314f505f5ac3d098196a03.jpg,dataset-4,train
dataset-4_WhatsApp-Image-2022-01-27-at-4-47-18-PM_jpeg_jpg.rf.b296e9b7e8512e3537668be58e8bccdd.jpg,dataset-4,train
dataset-4_WhatsApp-Image-2022-01-27-at-4-47-39-PM-1-_jpeg_jpg.rf.940c9eccf9c90298e1f73f569758a4cd.jpg,dataset-4,train
dataset-4_WhatsApp-Image-2022-01-27-at-4-47-39-PM_jpeg_jpg.rf.2cd8d08bbd10262f3e7a51297af71763.jpg,dataset-4,train
dataset-4_WhatsApp-Image-2022-01-27-at-4-47-40-PM-1-_jpeg_jpg.rf.2cc0527f84fbc1fadc8e921bab3a8877.jpg,dataset-4,train
dataset-4_WhatsApp-Image-2022-01-27-at-4-47-40-PM-2-_jpeg_jpg.rf.4147c0cdb35f30963bc67c378037859d.jpg,dataset-4,train
dataset-4_WhatsApp-Image-2022-01-27-at-4-47-40-PM-4-_jpeg_jpg.rf.a70e57194db2a31314d546c8fedeefe4.jpg,dataset-4,train
dataset-4_WhatsApp-Image-2022-01-27-at-4-47-40-PM_jpeg_jpg.rf.341acef005481404870d9e2ec17f9fbc.jpg,dataset-4,train
dataset-4_WhatsApp-Image-2022-01-27-at-4-47-41-PM-1-_jpeg_jpg.rf.2b912a0ff7a4c8144d3ddf64e992ae92.jpg,dataset-4,train
dataset-4_WhatsApp-Image-2022-01-27-at-4-47-41-PM-3-_jpeg_jpg.rf.ecacafca35a4eee95fff8afc680c05e5.jpg,dataset-4,train
dataset-4_WhatsApp-Image-2022-01-27-at-4-47-41-PM_jpeg_jpg.rf.87320c6614574cd1e925ac41a26bfccf.jpg,dataset-4,train
dataset-4_WhatsApp-Image-2022-01-27-at-4-47-42-PM-2-_jpeg_jpg.rf.d70c5e44ae702424313cd17a1d67456c.jpg,dataset-4,train
dataset-4_WhatsApp-Image-2022-01-27-at-4-47-42-PM-3-_jpeg_jpg.rf.2177bea2ff8ddac8dcd516c361cb5e69.jpg,dataset-4,train
dataset-4_WhatsApp-Image-2022-01-27-at-4-47-42-PM-4-_jpeg_jpg.rf.907a7652812bfdcb95e5ee49b78b637a.jpg,dataset-4,train
dataset-4_WhatsApp-Image-2022-01-27-at-4-47-42-PM_jpeg_jpg.rf.5fd552cbadc5e5393a926cf7a85df22d.jpg,dataset-4,train
dataset-4_WhatsApp-Image-2022-01-27-at-4-47-43-PM_jpeg_jpg.rf.139064d5c30a3e75f25ec575d3adb341.jpg,dataset-4,train
dataset-4_WhatsApp-Image-2022-02-11-at-6-15-11-PM_jpeg_jpg.rf.a7889860711ca14c18ed340f7e39d2d9.jpg,dataset-4,train
dataset-4_WhatsApp-Image-2022-02-11-at-6-15-12-PM-1-_jpeg_jpg.rf.4186816f24983a8ad0423dc9355187dd.jpg,dataset-4,train
dataset-4_WhatsApp-Image-2022-02-11-at-6-15-14-PM-1-_jpeg_jpg.rf.d7259d41ff1e8befecaef16f796c196e.jpg,dataset-4,train
dataset-4_WhatsApp-Image-2022-02-11-at-6-15-14-PM_jpeg_jpg.rf.5d1f77e98a6464cc131dfd7c4b3ca2ec.jpg,dataset-4,train
dataset-4_WhatsApp-Image-2022-02-11-at-6-15-15-PM-1-_jpeg_jpg.rf.d4719bde5e92bba3062e081f5ff13a42.jpg,dataset-4,train
dataset-4_WhatsApp-Image-2022-02-11-at-6-15-16-PM-1-_jpeg_jpg.rf.be8c3c4757aff5e2214793ba51a446b4.jpg,dataset-4,train
dataset-4_WhatsApp-Image-2022-02-11-at-6-15-16-PM_jpeg_jpg.rf.db1fbaac910bbce117d3893bac870fff.jpg,dataset-4,train
dataset-4_WhatsApp-Image-2022-02-11-at-6-15-17-PM-1-_jpeg_jpg.rf.c6074bb99c850e3305f2f8103a13d311.jpg,dataset-4,train
dataset-4_WhatsApp-Image-2022-02-11-at-6-15-18-PM-1-_jpeg_jpg.rf.038f6913ddd9584679d0ab2e2f75dd34.jpg,dataset-4,train
dataset-4_WhatsApp-Image-2022-02-11-at-6-15-18-PM_jpeg_jpg.rf.bc3ff2118b7548c4c30f7842d01aebe4.jpg,dataset-4,train
dataset-4_WhatsApp-Image-2022-02-11-at-6-15-19-PM-1-_jpeg_jpg.rf.b68c378eaac683e586206e97299cc656.jpg,dataset-4,train
dataset-4_WhatsApp-Image-2022-02-11-at-6-15-20-PM-1-_jpeg_jpg.rf.054358670db0ab1bfa702495eb1a116a.jpg,dataset-4,train
dataset-4_WhatsApp-Image-2022-02-11-at-6-15-21-PM_jpeg_jpg.rf.1ad2c03e7d45bc88ac841b61bb20e966.jpg,dataset-4,train
dataset-4_WhatsApp-Image-2022-02-11-at-6-15-22-PM-1-_jpeg_jpg.rf.a80d138630845e4be70e4311f5bf029f.jpg,dataset-4,train
dataset-4_WhatsApp-Image-2022-02-11-at-6-15-22-PM_jpeg_jpg.rf.afe9ad906a73e9656522263a979ec716.jpg,dataset-4,train
dataset-4_WhatsApp-Image-2022-02-11-at-6-15-23-PM-1-_jpeg_jpg.rf.a526b808a7b492eb1033df189682bcab.jpg,dataset-4,train
dataset-4_WhatsApp-Image-2022-02-11-at-6-15-23-PM_jpeg_jpg.rf.628e82ae6932f433ebcaf3ac843d139d.jpg,dataset-4,train
dataset-4_WhatsApp-Image-2022-02-11-at-6-15-24-PM_jpeg_jpg.rf.a808f0807d0d41fa30c6eea51ebaff88.jpg,dataset-4,train
dataset-4_WhatsApp-Image-2022-02-11-at-6-15-25-PM-1-_jpeg_jpg.rf.ecd0d23f68a7429b28c2cbc11d6946e2.jpg,dataset-4,train
dataset-4_WhatsApp-Image-2022-02-11-at-6-15-25-PM_jpeg_jpg.rf.ecb7fc0fdb1c8a50eb83ad47eaf7f243.jpg,dataset-4,train
dataset-4_WhatsApp-Image-2022-02-11-at-6-15-26-PM_jpeg_jpg.rf.af95e489001060decd10379dcb3cafd3.jpg,dataset-4,train
dataset-4_WhatsApp-Image-2022-02-11-at-6-30-11-PM-1-_jpeg_jpg.rf.cccaecf534d3049fbbc27719f1e1a435.jpg,dataset-4,train
dataset-4_WhatsApp-Image-2022-02-11-at-6-30-11-PM-1-_jpeg_jpg.rf.d5e9d84adfdb9d44eb782a4e7ad59a15.jpg,dataset-4,train
dataset-4_WhatsApp-Image-2022-02-11-at-6-30-11-PM-1-_jpeg_jpg.rf.ef7e0d0b5c4117fa62a9edae6940898f.jpg,dataset-4,train
dataset-4_WhatsApp-Image-2022-02-11-at-6-30-17-PM_jpeg_jpg.rf.1cf8590f0a4181bacb2ca7afa3a12af1.jpg,dataset-4,train
dataset-4_WhatsApp-Image-2022-02-11-at-6-30-17-PM_jpeg_jpg.rf.8188539c41a735d31495fd56b8973ade.jpg,dataset-4,train
dataset-4_WhatsApp-Image-2022-02-11-at-6-30-18-PM_jpeg_jpg.rf.1197b17c9ee258ad3d3fd952a8eea637.jpg,dataset-4,train
dataset-4_WhatsApp-Image-2022-02-11-at-6-30-18-PM_jpeg_jpg.rf.1e9e1e5010bb49c8de75b68407f9c2dc.jpg,dataset-4,train
dataset-4_WhatsApp-Image-2022-02-18-at-7-46-18-PM_jpeg_jpg.rf.5272fc578f3a45a8d81b4f3af184baed.jpg,dataset-4,train
dataset-4_WhatsApp-Image-2022-02-18-at-7-46-18-PM_jpeg_jpg.rf.a3482f590c217893921edbac0668c7f2.jpg,dataset-4,train
dataset-4_WhatsApp-Image-2022-02-18-at-7-46-18-PM_jpeg_jpg.rf.a8f44d6ba0821765c962aee413a4f82d.jpg,dataset-4,train
dataset-4_WhatsApp-Image-2022-08-09-at-12-55-40_jpeg_jpg.rf.c69db21c5b27fee03e5b1f5f42b7d41b.jpg,dataset-4,train
dataset-4_WhatsApp-Image-2022-08-09-at-12-56-18_jpeg_jpg.rf.d8ab04fbb190dd1568beb58cad01cab9.jpg,dataset-4,train
dataset-4_WhatsApp-Image-2022-12-06-at-11-11-17-PM_jpeg_jpg.rf.7456205d33df94d04092da6fa3ce106d.jpg,dataset-4,train
dataset-4_WhatsApp-Image-2022-12-06-at-11-11-17-PM_jpeg_jpg.rf.9812e5e28a35025b0a4b10a9d1f87110.jpg,dataset-4,train
dataset-4_WhatsApp-Image-2022-12-06-at-11-11-20-PM_jpeg_jpg.rf.cefd2ae05112fcde9444a15a9a70fd9b.jpg,dataset-4,train
dataset-4_WhatsApp-Image-2022-12-06-at-11-11-20-PM_jpeg_jpg.rf.dfb9303ed041e752ee70b8f556033e1e.jpg,dataset-4,train
dataset-4_WhatsApp-Image-2022-12-06-at-11-11-36-PM-1-_jpeg_jpg.rf.2294e3d814afb30a16fe76ee81f32890.jpg,dataset-4,train
dataset-4_WhatsApp-Image-2022-12-06-at-11-11-36-PM-1-_jpeg_jpg.rf.8a1d0f802cf35b8a260902374676994a.jpg,dataset-4,train
dataset-4_WhatsApp-Image-2022-12-06-at-11-11-39-PM_jpeg_jpg.rf.71481f3865a310964820d0e2115c4ba8.jpg,dataset-4,train
dataset-4_WhatsApp-Image-2022-12-06-at-11-11-39-PM_jpeg_jpg.rf.bbe83462bad89015c9b672824b9e829d.jpg,dataset-4,train
dataset-4_WhatsApp-Image-2022-12-06-at-11-11-40-PM_jpeg_jpg.rf.8696705558350f182de2ed6314a95eb7.jpg,dataset-4,train
dataset-4_WhatsApp-Image-2022-12-06-at-11-11-40-PM_jpeg_jpg.rf.8a7c4ca02f0592ad224bd07cd5af256b.jpg,dataset-4,train
dataset-4_WhatsApp-Image-2022-12-06-at-11-11-40-PM_jpeg_jpg.rf.ce248ca9a3a99dd2ffc2f782e7b22abe.jpg,dataset-4,train
dataset-4_WhatsApp-Image-2022-12-24-at-00-33-45_jpeg_jpg.rf.94e618810254f6565c99ecd6cc5d61f1.jpg,dataset-4,train
dataset-4_WhatsApp-Image-2022-12-24-at-00-33-53-1-_jpeg_jpg.rf.d88365f21da73a8eb738b36d19db903c.jpg,dataset-4,train
dataset-4_WhatsApp-Image-2022-12-24-at-00-34-13_jpeg_jpg.rf.94e174c216fe18ec1887fdffac833e6c.jpg,dataset-4,train
dataset-4_WhatsApp-Image-2022-12-24-at-00-34-18_jpeg_jpg.rf.b9d3b934d21676e7a603b5476fdc8034.jpg,dataset-4,train
dataset-4_WhatsApp-Image-2022-12-24-at-00-34-35_jpeg_jpg.rf.ef692c4f82562d875342c7c2f81b0b8d.jpg,dataset-4,train
dataset-4_WhatsApp-Image-2022-12-24-at-00-34-39_jpeg_jpg.rf.abcc9ef170cf633e019779909948f173.jpg,dataset-4,train
dataset-4_WhatsApp-Image-2022-12-24-at-00-34-41_jpeg_jpg.rf.40b2ba9381a6220ffb9d74443501959b.jpg,dataset-4,train
dataset-4_WhatsApp-Image-2022-12-24-at-00-34-58_jpeg_jpg.rf.a10aeaf360c5d8b2a09d5881919d7f2c.jpg,dataset-4,train
dataset-4_WhatsApp-Image-2022-12-24-at-00-34-59_jpeg_jpg.rf.d376c104ad1644da7bddb4265cff6be6.jpg,dataset-4,train
dataset-4_WhatsApp-Image-2022-12-24-at-00-35-02_jpeg_jpg.rf.03150b965cbc627bd24a2aa4cd58d9bd.jpg,dataset-4,train
dataset-4_WhatsApp-Image-2022-12-24-at-00-35-03_jpeg_jpg.rf.c68aa856aeb6eb33f8153b5f0053b549.jpg,dataset-4,train
dataset-4_WhatsApp-Image-2022-12-24-at-00-35-04_jpeg_jpg.rf.750a9e395df7df8ad0c80411bc4caac6.jpg,dataset-4,train
dataset-4_WhatsApp-Image-2022-12-24-at-00-35-05_jpeg_jpg.rf.02bfa820a213c8a3c2a4ffe3aff18412.jpg,dataset-4,train
dataset-4_WhatsApp-Image-2022-12-24-at-00-35-07_jpeg_jpg.rf.d40bb5c9f9095ebe843002bb7252ae49.jpg,dataset-4,train
dataset-4_WhatsApp-Image-2022-12-24-at-00-35-08_jpeg_jpg.rf.d01d81e123de41c58fc7cca3236e32c8.jpg,dataset-4,train
dataset-4_WhatsApp-Image-2022-12-24-at-00-35-09-1-_jpeg_jpg.rf.1d2984b0c6b508d664871b3a315ad563.jpg,dataset-4,train
dataset-4_WhatsApp-Image-2022-12-24-at-00-35-09_jpeg_jpg.rf.29aa5a75814412d3fe64ab9437075863.jpg,dataset-4,train
dataset-4_WhatsApp-Image-2022-12-24-at-00-35-15_jpeg_jpg.rf.d109b063945d4a3c40d65cd96097fd7f.jpg,dataset-4,train
dataset-4_WhatsApp-Image-2022-12-24-at-00-35-16_jpeg_jpg.rf.1798dd75ba2f007ea707ee5bdba504f8.jpg,dataset-4,train
dataset-4_WhatsApp-Image-2022-12-24-at-00-35-17-1-_jpeg_jpg.rf.afbb1a2e9cd03f78c28b60a7b7e39b0a.jpg,dataset-4,train
dataset-4_WhatsApp-Image-2022-12-24-at-00-35-17_jpeg_jpg.rf.9092a3294632e95d1461192a1c9a09ff.jpg,dataset-4,train
dataset-4_WhatsApp-Image-2022-12-24-at-00-35-18_jpeg_jpg.rf.771b5f7bf8d27844406909e58c9cc542.jpg,dataset-4,train
dataset-4_WhatsApp-Image-2022-12-24-at-00-37-53_jpeg_jpg.rf.35d708b408d02daafbd08ca96bedb725.jpg,dataset-4,train
dataset-4_WhatsApp-Image-2022-12-24-at-00-37-54_jpeg_jpg.rf.e2d939d957c20257eddba0f182418bf9.jpg,dataset-4,train
dataset-4_WhatsApp-Image-2022-12-24-at-00-37-55_jpeg_jpg.rf.d24660aece03af4829187736af9079ea.jpg,dataset-4,train
dataset-4_WhatsApp-Image-2022-12-24-at-00-37-56_jpeg_jpg.rf.d38568600e8826df4cb2c1f6122a3226.jpg,dataset-4,train
dataset-4_WhatsApp-Image-2022-12-24-at-00-37-57_jpeg_jpg.rf.60dc71cbc374020cb310a5b5b38b6a16.jpg,dataset-4,train
dataset-4_WhatsApp-Image-2022-12-24-at-00-37-58-1-_jpeg_jpg.rf.a4a490115b35d6f7e3d6539767311f3d.jpg,dataset-4,train
dataset-4_WhatsApp-Image-2022-12-24-at-00-37-58_jpeg_jpg.rf.a495f02b7c005c761a13aee3a63d64ae.jpg,dataset-4,train
dataset-4_WhatsApp-Image-2022-12-24-at-00-37-59_jpeg_jpg.rf.ad16e7ee597a74350207c8f05a0065f5.jpg,dataset-4,train
dataset-4_WhatsApp-Image-2022-12-24-at-00-38-01-1-_jpeg_jpg.rf.d2719e71d94936289eb75db23c746871.jpg,dataset-4,train
dataset-4_WhatsApp-Image-2022-12-24-at-00-38-04-1-_jpeg_jpg.rf.94376feaac53438b76e276f691355ada.jpg,dataset-4,train
dataset-4_WhatsApp-Image-2022-12-24-at-00-38-04_jpeg_jpg.rf.c3f66170371bbe1c3bfeb2bae5bbdc89.jpg,dataset-4,train
dataset-4_WhatsApp-Image-2022-12-24-at-00-38-05_jpeg_jpg.rf.187cb0bafe1a084b8709a7a3fa361aa1.jpg,dataset-4,train
dataset-4_WhatsApp-Image-2022-12-24-at-00-38-06_jpeg_jpg.rf.5be2493c37923bea75ec22f972479249.jpg,dataset-4,train
dataset-4_WhatsApp-Image-2022-12-24-at-00-38-07-1-_jpeg_jpg.rf.2dccbce76dc9f481c9faa45dff338864.jpg,dataset-4,train
dataset-4_WhatsApp-Image-2022-12-24-at-00-38-07_jpeg_jpg.rf.4ff0fb7d17925f4974afd9249d18ac5d.jpg,dataset-4,train
dataset-4_WhatsApp-Image-2022-12-24-at-00-38-08_jpeg_jpg.rf.2350b4eb7e9caed303124ea44acae0d3.jpg,dataset-4,train
dataset-4_WhatsApp-Image-2022-12-24-at-00-38-09_jpeg_jpg.rf.8b1839cc956fb8b30b5194e225278bd7.jpg,dataset-4,train
dataset-4_WhatsApp-Image-2022-12-24-at-00-38-10-Kopya_jpeg_jpg.rf.dbd80c30b76643905f153301cdd8412a.jpg,dataset-4,train
dataset-4_WhatsApp-Image-2022-12-24-at-00-38-13-1-_jpeg_jpg.rf.f2d0775b04fe30f617bd939384ce1603.jpg,dataset-4,train
dataset-4_WhatsApp-Image-2022-12-24-at-00-38-13_jpeg_jpg.rf.a36f99ae176011b1936c9ec8d6401a99.jpg,dataset-4,train
dataset-4_WhatsApp-Image-2022-12-24-at-00-38-14-1-_jpeg_jpg.rf.018fe8fd6f2822954063198016bec449.jpg,dataset-4,train
dataset-4_WhatsApp-Image-2022-12-24-at-00-38-14_jpeg_jpg.rf.1a24be93bc5e30fa1484c778d71ab6d0.jpg,dataset-4,train
dataset-4_WhatsApp-Image-2022-12-24-at-00-38-15-1-_jpeg_jpg.rf.afe6f3700c9a84226041bb7f71acc49c.jpg,dataset-4,train
dataset-4_WhatsApp-Image-2022-12-24-at-00-41-39_jpeg_jpg.rf.41e5eb3d045b2b86d93e27338184e242.jpg,dataset-4,train
dataset-4_WhatsApp-Image-2022-12-24-at-00-41-40_jpeg_jpg.rf.3a12bb8e4bb7a6a5c5700105736aa86e.jpg,dataset-4,train
dataset-4_WhatsApp-Image-2022-12-24-at-00-41-42_jpeg_jpg.rf.b3bb0adf889e073ccde8a4693a43e822.jpg,dataset-4,train
dataset-4_WhatsApp-Image-2022-12-24-at-00-41-43-1-_jpeg_jpg.rf.2a8704815e6bdbf8cd1afb92ab8cd045.jpg,dataset-4,train
dataset-4_WhatsApp-Image-2022-12-24-at-00-41-43_jpeg_jpg.rf.1bd399b9d3594344316cde471bbaef5d.jpg,dataset-4,train
dataset-4_WhatsApp-Image-2022-12-24-at-00-41-44_jpeg_jpg.rf.f532acd4a280e3b1d176838845bf1387.jpg,dataset-4,train
dataset-4_WhatsApp-Image-2022-12-24-at-00-41-45_jpeg_jpg.rf.417b4fdeb86c1329eb3d041f1902d510.jpg,dataset-4,train
dataset-4_WhatsApp-Image-2022-12-24-at-00-41-46_jpeg_jpg.rf.b60a59e4bd5bff9060cb796c45733cf0.jpg,dataset-4,train
dataset-4_WhatsApp-Image-2022-12-24-at-00-41-47_jpeg_jpg.rf.ccba0b21872d2bf4d91027ea0bd12dd7.jpg,dataset-4,train
dataset-4_WhatsApp-Image-2022-12-24-at-00-41-48_jpeg_jpg.rf.909efafc84fb8ca234cbd93d5bd593d1.jpg,dataset-4,train
dataset-4_WhatsApp-Image-2022-12-24-at-00-41-49_jpeg_jpg.rf.1343b9e6a31730b054aaea7da7a31dfc.jpg,dataset-4,train
dataset-4_WhatsApp-Image-2022-12-24-at-00-41-52_jpeg_jpg.rf.ecad90426f2972a44727b58e52dd75a8.jpg,dataset-4,train
dataset-4_WhatsApp-Image-2022-12-24-at-00-41-54_jpeg_jpg.rf.2756faa0eb466de33320bb7d57b0c3b0.jpg,dataset-4,train
dataset-4_WhatsApp-Image-2022-12-24-at-00-41-55_jpeg_jpg.rf.9470507329a4764030712e6926798ad0.jpg,dataset-4,train
dataset-4_WhatsApp-Image-2022-12-24-at-00-41-58_jpeg_jpg.rf.b83316fd8914850ff259f9c9d65e785a.jpg,dataset-4,train
dataset-4_WhatsApp-Image-2022-12-24-at-00-42-02_jpeg_jpg.rf.871326718eb633dbfaca89efd763e2d7.jpg,dataset-4,train
dataset-4_WhatsApp-Image-2022-12-24-at-00-42-03_jpeg_jpg.rf.8166ba423f507679d2041e4125d32d24.jpg,dataset-4,train
dataset-4_WhatsApp-Image-2022-12-24-at-00-42-05-1-_jpeg_jpg.rf.f234901fed74dafb88662e054a1094a5.jpg,dataset-4,train
dataset-4_WhatsApp-Image-2022-12-24-at-00-42-05_jpeg_jpg.rf.60e332e4cd002ccbb2198c849e97cd20.jpg,dataset-4,train
dataset-4_WhatsApp-Image-2022-12-24-at-00-44-01-1-_jpeg_jpg.rf.39207bc80a638d574c6eb56a0c68f335.jpg,dataset-4,train
dataset-4_WhatsApp-Image-2022-12-24-at-00-44-01_jpeg_jpg.rf.08c47144b8e60e15a95fa65dbfa6eaa8.jpg,dataset-4,train
dataset-4_WhatsApp-Image-2022-12-24-at-00-44-13_jpeg_jpg.rf.aa884a1be6bed205558219768a9d50eb.jpg,dataset-4,train
dataset-4_WhatsApp-Image-2022-12-24-at-00-44-15_jpeg_jpg.rf.ae2654362f40b2ecc7f375fbc67274ed.jpg,dataset-4,train
dataset-4_WhatsApp-Image-2022-12-24-at-00-44-17_jpeg_jpg.rf.11fd308b94f5260225d11fdc93c4837c.jpg,dataset-4,train
dataset-4_WhatsApp-Image-2022-12-24-at-00-44-20-1-_jpeg_jpg.rf.2d199c7f16db32c5da6bdf728d84d2d2.jpg,dataset-4,train
dataset-4_WhatsApp-Image-2022-12-24-at-00-44-20_jpeg_jpg.rf.5f6251015339d3bf18094de11b63ecc8.jpg,dataset-4,train
dataset-4_WhatsApp-Image-2022-12-24-at-00-44-21_jpeg_jpg.rf.ab1dec6aa899844a54c4f70e7b99534a.jpg,dataset-4,train
dataset-4_WhatsApp-Image-2022-12-24-at-00-44-24_jpeg_jpg.rf.493dc62d7861facaee80e2a96ea54920.jpg,dataset-4,train
dataset-4_WhatsApp-Image-2022-12-24-at-00-44-25_jpeg_jpg.rf.94154f7b7bcd045c86ddaea241e07125.jpg,dataset-4,train
dataset-4_WhatsApp-Image-2022-12-24-at-00-44-27_jpeg_jpg.rf.2db889c230acceab374853cd2e8af1b5.jpg,dataset-4,train
dataset-4_WhatsApp-Image-2022-12-24-at-00-44-29_jpeg_jpg.rf.57b379162a620972d14cfaba476d7a6d.jpg,dataset-4,train
dataset-4_WhatsApp-Image-2022-12-24-at-00-44-30_jpeg_jpg.rf.9ab30f236b847829c1df7e25e59519c7.jpg,dataset-4,train
dataset-4_WhatsApp-Image-2022-12-24-at-00-44-31_jpeg_jpg.rf.b534545396f0186d3892b198853d4ead.jpg,dataset-4,train
dataset-4_WhatsApp-Image-2022-12-24-at-00-44-34-1-_jpeg_jpg.rf.a34a772a7b6bd5a9fbadd07547d2530d.jpg,dataset-4,train
dataset-4_WhatsApp-Image-2022-12-24-at-00-44-34_jpeg_jpg.rf.3783ba4841f4494e44c3263bd463229f.jpg,dataset-4,train
dataset-4_WhatsApp-Image-2022-12-24-at-00-44-35_jpeg_jpg.rf.9dab520dd5f86771b557d7edc6c18262.jpg,dataset-4,train
dataset-4_WhatsApp-Image-2023-01-24-at-12-37-27-PM_jpeg_jpg.rf.0015e31e4a0e63b3b3298c9aabddb944.jpg,dataset-4,train
dataset-4_WhatsApp-Image-2023-01-24-at-12-37-27-PM_jpeg_jpg.rf.baa222f0c3ac296ea8fb22ec9078e6d7.jpg,dataset-4,train
dataset-4_WIN_20221224_00_47_43_Pro_jpg.rf.5c82e3810d4350c6a5efe286e4b66477.jpg,dataset-4,train
dataset-4_WIN_20221224_00_47_47_Pro_jpg.rf.e451a1cdac801e5ffb28ad84797b1c3d.jpg,dataset-4,train
dataset-4_WIN_20221224_00_47_49_Pro_jpg.rf.db31dd9f3b99d0fd6aec0490823c3c2c.jpg,dataset-4,train
dataset-4_WIN_20221224_00_48_43_Pro_jpg.rf.f2582f72f7b672a3745b5177bf8b219d.jpg,dataset-4,train
dataset-4_WIN_20221224_00_48_57_Pro_jpg.rf.d135490afc6b0d998a28a3903b1984cd.jpg,dataset-4,train
dataset-4_WIN_20221224_00_49_07_Pro_jpg.rf.e95349b6cc15061e9f02d5a30d304af4.jpg,dataset-4,train
dataset-4_WIN_20221224_00_49_11_Pro_jpg.rf.d7a331bcd7b539d7b6c7e90bf5acf777.jpg,dataset-4,train
dataset-4_WIN_20221224_00_49_48_Pro_jpg.rf.f00fa72bb74d436923dc040f6d4ce317.jpg,dataset-4,train
dataset-4_WIN_20221224_00_49_52_Pro_jpg.rf.8ee964701b9abc861edb79e13f42034e.jpg,dataset-4,train
dataset-4_xj32_jpg.rf.d3fdedbf5cbc9d6ca13898867378dcfa.jpg,dataset-4,train
dataset-4_xnj44_jpg.rf.a547522730985b28175004c2dc57ca36.jpg,dataset-4,train
dataset-4_z1008_98_11zon_jpg.rf.5ad550eef0987627fe36ee616b430cac.jpg,dataset-4,train
dataset-4_z1008_98_11zon_jpg.rf.c3d48a1264d0593bb6746f21388744f5.jpg,dataset-4,train
dataset-4_z1012_102_11zon_jpg.rf.4f77002693f748b0338ab1179a234d5e.jpg,dataset-4,train
dataset-4_z1012_102_11zon_jpg.rf.eeba8ade98a49f44a4ba4682c49dd413.jpg,dataset-4,train
dataset-4_z1013_103_11zon_jpg.rf.5dcfc01a92f6562e993b4e0ee6fa6e53.jpg,dataset-4,train
dataset-4_z1013_103_11zon_jpg.rf.ec104ce2eda5c593f8387a1aafe0a739.jpg,dataset-4,train
dataset-4_z1013_103_11zon_jpg.rf.f6d1cf4de2cacb679a7aaf75e0c13b67.jpg,dataset-4,train
dataset-4_z1014_104_11zon_jpg.rf.3b271c0ac9a53d574606ff6a21493dcc.jpg,dataset-4,train
dataset-4_z1014_104_11zon_jpg.rf.63cb429b9acee14093eedef46282db5a.jpg,dataset-4,train
dataset-4_z1014_104_11zon_jpg.rf.ed397b9b3745461f1fb5e343af96927f.jpg,dataset-4,train
dataset-4_z1015_105_11zon_jpg.rf.8137326565064d5931f523bc9ffd15e4.jpg,dataset-4,train
dataset-4_z1015_105_11zon_jpg.rf.c6706b2d2a867fab7c74692025b778f6.jpg,dataset-4,train
dataset-4_z1015_105_11zon_jpg.rf.d8644543869a00f7d0b1017ce553918a.jpg,dataset-4,train
dataset-4_z1017_107_11zon_jpg.rf.405a0bc211b30e0cdae0fbe536773683.jpg,dataset-4,train
dataset-4_z1017_107_11zon_jpg.rf.aa275b716ebac1aee43bcda4252a7853.jpg,dataset-4,train
dataset-4_z1017_107_11zon_jpg.rf.cb465e1d8fb16357f669e0efbec1b551.jpg,dataset-4,train
dataset-4_000043-2-_jpg.rf.0f5cfb856c70f0639c13a7f6667ac601.jpg,dataset-4,valid
dataset-4_0218092338_jpg.rf.8359ace5acdd9f6711ea68bb5daa1ccb.jpg,dataset-4,valid
dataset-4_0218100515_jpg.rf.31297d2bda4d02fcc41b5e17e46ac0f7.jpg,dataset-4,valid
dataset-4_0218100755_jpg.rf.70a1dc79b2c38f0f06f8f90ca33c019a.jpg,dataset-4,valid
dataset-4_0218101152_jpg.rf.d4a937f2db3702bacde5877a3bd2c750.jpg,dataset-4,valid
dataset-4_0218101214_jpg.rf.bf92df232b5029196bee748a4be00e23.jpg,dataset-4,valid
dataset-4_0224022018_jpg.rf.62a6fd7f5bfe64dd6b0ec639c999c1bb.jpg,dataset-4,valid
dataset-4_0224022417_jpg.rf.2e8b6c4c4df12031918490079ad17f25.jpg,dataset-4,valid
dataset-4_03a3ae31fcba44c3_jpg.rf.d111f301e81850ab2e44303cb4a3b640.jpg,dataset-4,valid
dataset-4_0x0_jpg.rf.a2b6b2ef10a205df7c2a40c56ddc6f73.jpg,dataset-4,valid
dataset-4_100000_jpg.rf.3e00289d7f096bc6a657a204edfde25b.jpg,dataset-4,valid
dataset-4_100001_jpg.rf.1f913c918a011d4146e1b8a302d16a9d.jpg,dataset-4,valid
dataset-4_100003_jpg.rf.2234f1d2b63d972b59bd938f7dacd5b2.jpg,dataset-4,valid
dataset-4_100006_jpg.rf.4091453dc2acae6b14558e80a69bd77b.jpg,dataset-4,valid
dataset-4_100007_jpg.rf.6848020f7c9896613d18b0146dd3f18b.jpg,dataset-4,valid
dataset-4_100012_jpg.rf.b1e2daab87f4fce7931ecdbe1c488a4a.jpg,dataset-4,valid
dataset-4_100014_jpg.rf.2cea51932d0c418950d75efa05422b35.jpg,dataset-4,valid
dataset-4_100016_jpg.rf.2a1dfede5196a66c39601d4902ccae71.jpg,dataset-4,valid
dataset-4_100017_jpg.rf.4371748f53e3a9b7e08aad97f4ee224f.jpg,dataset-4,valid
dataset-4_100018_jpg.rf.3fc924b478fed099b662cac1aa845e2b.jpg,dataset-4,valid
dataset-4_100021_jpg.rf.8a0d148776063a8366722cd94a65ac50.jpg,dataset-4,valid
dataset-4_100082_jpg.rf.04b6be5c04796279853bc1a2514d1d9b.jpg,dataset-4,valid
dataset-4_100087_jpg.rf.31b074af21a76d69bd93945045a5ae3c.jpg,dataset-4,valid
dataset-4_100122_jpg.rf.3dc512fef30b65df6f037608d07716c2.jpg,dataset-4,valid
dataset-4_10016_0_m_10_jpg.rf.0966ade701665b057dd48319432e0861.jpg,dataset-4,valid
dataset-4_10019_0_m_21_jpg.rf.46a6a6be116f62cda5b5b2ab0b1e176d.jpg,dataset-4,valid
dataset-4_10019_0_s_10_jpg.rf.4b588a2fedfe900b1f3e1713125e9b6b.jpg,dataset-4,valid
dataset-4_10019_60_s_1_jpg.rf.68a7e87966fd785a6dae4080fc65d514.jpg,dataset-4,valid
dataset-4_10032_30_m_10_jpg.rf.2f516a6609c2b1878a0ab8918a349aec.jpg,dataset-4,valid
dataset-4_10033_00_s_1_jpg.rf.a7f976b79a0f35709269a1527ac2ac08.jpg,dataset-4,valid
dataset-4_10033_0_m_19_jpg.rf.cbc7347ba6aa506fe89cd93b4d179829.jpg,dataset-4,valid
dataset-4_100344_jpg.rf.69ac00258dba547dd64f58cd7fc67f1f.jpg,dataset-4,valid
dataset-4_10034_30_s_11_jpg.rf.f9cb98d1f6ebbd63a3b72611532a9a63.jpg,dataset-4,valid
dataset-4_100405_jpg.rf.037dcc37a4aa612dc4d8027aaa86036e.jpg,dataset-4,valid
dataset-4_11d49ce863a81a69_jpg.rf.61a7e613981ae00f379202cca07a72af.jpg,dataset-4,valid
dataset-4_130_jpg.rf.12a29ae6d04a1b7058215f01ef27d38f.jpg,dataset-4,valid
dataset-4_14_jpg.rf.e9e078a28d797f51d1b5c3448ef514ee.jpg,dataset-4,valid
dataset-4_200033_jpg.rf.0da37a24a2c10d1e7c2916c211e5379b.jpg,dataset-4,valid
dataset-4_200046_jpg.rf.4ae8aef4f06992ad667bfc159fa9ef03.jpg,dataset-4,valid
dataset-4_20004_0_m_10_jpg.rf.a69f894a1c83e8c74ecd288e3b36650a.jpg,dataset-4,valid
dataset-4_20004_0_m_19_jpg.rf.b6fba675c7194ab5b208dd57427690f0.jpg,dataset-4,valid
dataset-4_200054_jpg.rf.69dae465e71158de92d6060391c8b8cc.jpg,dataset-4,valid
dataset-4_200060_jpg.rf.58eb9a04d2edd010307897e6e450b151.jpg,dataset-4,valid
dataset-4_200068_jpg.rf.519c799b417f51cef39109f4ef58764f.jpg,dataset-4,valid
dataset-4_200082_jpg.rf.b4fcdfd39ab9ebd011a77c0265bf4fd3.jpg,dataset-4,valid
dataset-4_200101_jpg.rf.6db609247443b123ac8150e3b22fd9a8.jpg,dataset-4,valid
dataset-4_200115_jpg.rf.04fd671dd8fa8292616e27b65498ee8d.jpg,dataset-4,valid
dataset-4_20011_00_m_10_jpg.rf.1e4a3a9409a3b52a23c62cf868dac465.jpg,dataset-4,valid
dataset-4_20011_30_m_10_jpg.rf.c555eae4c0f81b78fc8cd086187d0f2e.jpg,dataset-4,valid
dataset-4_200173_jpg.rf.43c535b1aa05ccbf30037c307f248dcb.jpg,dataset-4,valid
dataset-4_200373_jpg.rf.1d736393043975e4ee065976c1c5ba44.jpg,dataset-4,valid
dataset-4_200388_jpg.rf.4a9413157c82a659fc6ab5de495ad832.jpg,dataset-4,valid
dataset-4_200542_jpg.rf.61ee4441036e1cac40ad5153a7c42240.jpg,dataset-4,valid
dataset-4_20211125_121642_jpg.rf.cd0b77ec21825f46196bcdb538358c8b.jpg,dataset-4,valid
dataset-4_20211125_121742_jpg.rf.9de9d8679b4e4a81c11c4f4e0854ea62.jpg,dataset-4,valid
dataset-4_20211125_121845_jpg.rf.fbbb7c3bd10490ac7062ea5ad70e6bd2.jpg,dataset-4,valid
dataset-4_20211125_121914_jpg.rf.8f18a5d524c66d2aeabeffb65e15c908.jpg,dataset-4,valid
dataset-4_20211125_122103_jpg.rf.15271ffaf0b07c735a4cef383801e158.jpg,dataset-4,valid
dataset-4_20211125_122450_jpg.rf.3842d82c39e3496cb36d3e010ec548cf.jpg,dataset-4,valid
dataset-4_20220211_192737_jpg.rf.7fa443ff90f3f49003d3e350090e6798.jpg,dataset-4,valid
dataset-4_20220216_201802_jpg.rf.d66a344d5718c24bc59c10ecb0cbeaf3.jpg,dataset-4,valid
dataset-4_20_jpg.rf.4b1da94c460c8f2e94f7d6894af33394.jpg,dataset-4,valid
dataset-4_2257_jpg.rf.0062f6e76c3209f1c24e61df8b58f897.jpg,dataset-4,valid
dataset-4_2262_jpg.rf.2ffc4e17ef4b6035b61f46afa2f7f4f3.jpg,dataset-4,valid
dataset-4_22_jpg.rf.049dbbdfb28c302831582bb1146bd854.jpg,dataset-4,valid
dataset-4_2300_jpg.rf.023d638955bba779838444f62c235bbe.jpg,dataset-4,valid
dataset-4_2311_jpg.rf.6cd7fbfbc70f0f8b482f447058efffec.jpg,dataset-4,valid
dataset-4_237369025_jpg.rf.e1a492191c366b11270bbd371a8dd758.jpg,dataset-4,valid
dataset-4_2389_jpg.rf.b6e7374077bc9708bd907e742ca8a1dd.jpg,dataset-4,valid
dataset-4_23_jpg.rf.9f32601549e16066f4b2a8bba13bb433.jpg,dataset-4,valid
dataset-4_2446_jpg.rf.8f8001b141e9b77479de1cb832702a62.jpg,dataset-4,valid
dataset-4_2543_jpg.rf.5172043d4b7e25d4f4633ba4f9d9c470.jpg,dataset-4,valid
dataset-4_258-2586707_download-high-definition-nestle-pure-life-purified-water_png_jpg.rf.66d2731d25698709524fb1911220bd16.jpg,dataset-4,valid
dataset-4_27_jpg.rf.ffce948d95a9a9a483420121db7cf64e.jpg,dataset-4,valid
dataset-4_2_org_zoom_jpg.rf.4e8e307d491dde2dbc20107700be04a0.jpg,dataset-4,valid
dataset-4_2c7pa0m_jpg.rf.18b7794889646b9984a6430007c3f51a.jpg,dataset-4,valid
dataset-4_300070_jpg.rf.df1ba9cdad79f4a5ac76ab95315b38a1.jpg,dataset-4,valid
dataset-4_300086_jpg.rf.35417e6a6e1c2e735836296d61b9e14f.jpg,dataset-4,valid
dataset-4_300184_jpg.rf.7df5b06fd8970ae98fffbcdf28043a7c.jpg,dataset-4,valid
dataset-4_300263_jpg.rf.86b4842c4f32a82585d113256c3eae36.jpg,dataset-4,valid
dataset-4_300372_jpg.rf.60351e64f089a0da325bec41f0567b59.jpg,dataset-4,valid
dataset-4_300560_jpg.rf.58ecce194721a48e262c54c873954471.jpg,dataset-4,valid
dataset-4_300738_jpg.rf.03883fccbd6a6ff3ef884ac3054f4193.jpg,dataset-4,valid
dataset-4_30_jpg.rf.9a7357891473fe7ccd0e1a89d42ca26a.jpg,dataset-4,valid
dataset-4_34_jpg.rf.aeb3a08bcbf72fb76e05f0acdcf26d44.jpg,dataset-4,valid
dataset-4_355-3552636_aquafina-water-bottle-transparent-background-hd-png-download_png_jpg.rf.72dc813f8c58867806ff7c2a9099eb59.jpg,dataset-4,valid
dataset-4_400029_jpg.rf.d5abc0371cb95d2984bc9a0ec2ac3377.jpg,dataset-4,valid
dataset-4_400042_jpg.rf.f0a893b6637a857e62be62d3c6f67e6e.jpg,dataset-4,valid
dataset-4_46_jpg.rf.ecb7168ee075121af6382829a2bb125b.jpg,dataset-4,valid
dataset-4_500040_jpg.rf.a47ebe73e74f5e75aa0202bf40201b50.jpg,dataset-4,valid
dataset-4_500297_jpg.rf.79ac41fdcb530affd6b18534c330a133.jpg,dataset-4,valid
dataset-4_500373_jpg.rf.715819e0feb1a3629fd5184bb1c1b7ad.jpg,dataset-4,valid
dataset-4_500474_jpg.rf.2618fc9e96fdce40a1f6c44819901a19.jpg,dataset-4,valid
dataset-4_500559_jpg.rf.f885b0b03023218f713e07ad442f2915.jpg,dataset-4,valid
dataset-4_509_jpg.rf.7790062ae3f108b05f798db5616268d8.jpg,dataset-4,valid
dataset-4_5164254785175552_jpg.rf.abc0eae0d00e3cbfa29a470a03581f88.jpg,dataset-4,valid
dataset-4_54_jpg.rf.6b73e5f49cfb4ebe8d2120ff267137f5.jpg,dataset-4,valid
dataset-4_5596d720-3739-4ec4-84f4-4dcbaa05d7f3_jpg.rf.969aa909926d002ab20466eb976dadf4.jpg,dataset-4,valid
dataset-4_5_jpg.rf.969fcd4047a5cf6d2d1d9b7c9e10771e.jpg,dataset-4,valid
dataset-4_5bottlewater_png_jpg.rf.83e9557174ec167bb25f56c99516c4a8.jpg,dataset-4,valid
dataset-4_602_jpg.rf.46ec857347890a233759dca63e277924.jpg,dataset-4,valid
dataset-4_62_jpg.rf.c5a7b2c2e27ece7839e47a0c1e72a516.jpg,dataset-4,valid
dataset-4_65_jpg.rf.557250cb0ceb99ec8806c1e387a9add6.jpg,dataset-4,valid
dataset-4_689_jpg.rf.c2084f4118ed81d95430b07d5c1eaa32.jpg,dataset-4,valid
dataset-4_7-79023_water-bottle-plastic-clip-art-bottled-water-hd_png_jpg.rf.aff23147e51d52f05d0a49a939123237.jpg,dataset-4,valid
dataset-4_700311_jpg.rf.671ad6f4b2711e18a8d289ebe2c0bebb.jpg,dataset-4,valid
dataset-4_700361_jpg.rf.5d75b24e5fdaedc78c258207bbb07274.jpg,dataset-4,valid
dataset-4_700368_jpg.rf.955ac8870fa03422b52b0cd48ef9b312.jpg,dataset-4,valid
dataset-4_700391_jpg.rf.eed9f084ff9291b5b452a57bc3d574d3.jpg,dataset-4,valid
dataset-4_700393_jpg.rf.8ea7418a06879a137c75b66ef4676ffe.jpg,dataset-4,valid
dataset-4_700394_jpg.rf.edb4871eabe2a640f1172980d969294d.jpg,dataset-4,valid
dataset-4_72_jpg.rf.f190e6984ca6ea208b167f0934bfbef1.jpg,dataset-4,valid
dataset-4_75_jpg.rf.266c00b0332e27628ef69a787ec6e359.jpg,dataset-4,valid
dataset-4_78_jpg.rf.a527c239ace4b76ab2e8b4933c62cec2.jpg,dataset-4,valid
dataset-4_7_jpg.rf.c5e33379efae29b45de8ecd98d796ccf.jpg,dataset-4,valid
dataset-4_800020_jpg.rf.b69e94a73d04dfb34366ac50753c626d.jpg,dataset-4,valid
dataset-4_800029_jpg.rf.e330bc38625b8c09023d0b47457c36b9.jpg,dataset-4,valid
dataset-4_800072_jpg.rf.da0fd945351cc9d6a5a6f53f9f3b1489.jpg,dataset-4,valid
dataset-4_800094_jpg.rf.97b50ccb8e2cc82c3268295e14e08612.jpg,dataset-4,valid
dataset-4_800140_jpg.rf.3c58eb6804d72f74ca06e9e029b4e91d.jpg,dataset-4,valid
dataset-4_800165_jpg.rf.3f53480016302ac5c04f3536155ae414.jpg,dataset-4,valid
dataset-4_800253_jpg.rf.51fede5d7ac8fa54a226afea2e789d5d.jpg,dataset-4,valid
dataset-4_800255_jpg.rf.9eac02b4964aac8b66c931ab9a4fe1f2.jpg,dataset-4,valid
dataset-4_800271_jpg.rf.1d97163ed8d1cfc25118755a844c6d9c.jpg,dataset-4,valid
dataset-4_800274_jpg.rf.020601d2792e2c0325a40e0c41f9d9d9.jpg,dataset-4,valid
dataset-4_800367_jpg.rf.3a403fada5945c710281618db03ab8aa.jpg,dataset-4,valid
dataset-4_800372_jpg.rf.79821be64a55894145f59b656e32296f.jpg,dataset-4,valid
dataset-4_800389_jpg.rf.3d06f0df27ef8c9b3d11371a5d30e6da.jpg,dataset-4,valid
dataset-4_800400_jpg.rf.0a66546f122d5203ad08384b3fe2ba9b.jpg,dataset-4,valid
dataset-4_800405_jpg.rf.106ef1133373fbb70d15154d77aaa3fd.jpg,dataset-4,valid
dataset-4_800408_jpg.rf.608a915e17c827aeb98efa6fd81d5abd.jpg,dataset-4,valid
dataset-4_800426_jpg.rf.6dcdb7bb0b720486ea258470a908b962.jpg,dataset-4,valid
dataset-4_800443_jpg.rf.9c6dcaeef9d997ca81c2880464382f0a.jpg,dataset-4,valid
dataset-4_800471_jpg.rf.efb38da3b6b79604b57700e361f67ab9.jpg,dataset-4,valid
dataset-4_800475_jpg.rf.e739da39fccddab77a99986919e0377a.jpg,dataset-4,valid
dataset-4_800px_COLOURBOX3621066_jpg.rf.0fa5e1c3d6525d27b737ef5c2eafe004.jpg,dataset-4,valid
dataset-4_800px_COLOURBOX4610056_jpg.rf.ba85e9d309dc647d1db796b722839a9d.jpg,dataset-4,valid
dataset-4_82_jpg.rf.b981c195dba8a0d3b5d3b98d9bd1327d.jpg,dataset-4,valid
dataset-4_88_jpg.rf.18a9043295a6fc3210c9963c39000b32.jpg,dataset-4,valid
dataset-4_8wtjst88up_Medium_WW275057_jpg.rf.2c766eb549a64cdeefa848302196a282.jpg,dataset-4,valid
dataset-4_900001_jpg.rf.37cbd91a789ea7d1ce2455b64f511966.jpg,dataset-4,valid
dataset-4_900013_jpg.rf.4fcd28bc507b42d72b5ed85eb08bf8e4.jpg,dataset-4,valid
dataset-4_900017_jpg.rf.4bd798c2a74790ce2647a27bf5f9bfb6.jpg,dataset-4,valid
dataset-4_900025_jpg.rf.9f2479ec8a6f9ef37ec558cdf34b78cd.jpg,dataset-4,valid
dataset-4_900046_jpg.rf.6359cdac55f217199f0717700365c0c2.jpg,dataset-4,valid
dataset-4_900049_jpg.rf.2ad57c3f27f0df1aa69feebbbfb10a1a.jpg,dataset-4,valid
dataset-4_900060_jpg.rf.80a64412eab2d8795dba53169f66874a.jpg,dataset-4,valid
dataset-4_900072_jpg.rf.180aeb4e223ee2991798e821cc948af8.jpg,dataset-4,valid
dataset-4_900126_jpg.rf.8b2ad8659e65619c5fda61a26f02f95f.jpg,dataset-4,valid
dataset-4_900188_jpg.rf.13a8c75c75165e997d9eb3a58c803948.jpg,dataset-4,valid
dataset-4_900206_jpg.rf.dabcb8aed345b291f9f4fc550baa9527.jpg,dataset-4,valid
dataset-4_900215_jpg.rf.3031e97c0f86795397841e086cfbfebc.jpg,dataset-4,valid
dataset-4_900235_jpg.rf.937ca95537768f8a37ba75d28cffafef.jpg,dataset-4,valid
dataset-4_900244_jpg.rf.654f61e7c8e95c921479d63973200667.jpg,dataset-4,valid
dataset-4_900264_jpg.rf.64f31afa8676b530e3a36d3e837c73c2.jpg,dataset-4,valid
dataset-4_900291_jpg.rf.88d6f7d9ec32a424e073cb5a2ee9f947.jpg,dataset-4,valid
dataset-4_900305_jpg.rf.e365a2cef80f2fbaf68711f10d1f3fbe.jpg,dataset-4,valid
dataset-4_900549_jpg.rf.31449933ffdd50f91a7af8e2f71bf019.jpg,dataset-4,valid
dataset-4_94_jpg.rf.860d024fe81e0573aed56d0dcab03b59.jpg,dataset-4,valid
dataset-4_96_jpg.rf.65a357f1f905bacd555303a97e502b71.jpg,dataset-4,valid
dataset-4_9_jpg.rf.292bb5a9fd18f1ca0eb30305136fac6f.jpg,dataset-4,valid
dataset-4_basura-en-el-bosque-botellas-de-plastico-vacias-tiradas-bajo-crecimiento-problema-ecologico-160765599_jpg.rf.6f8be640e331e1a499ba868a90821455.jpg,dataset-4,valid
dataset-4_basura-parque-o-bosque-botella-vacia-tirada-suelo-concepto-contaminacion-ambiental-problemas-ambientales-naturaleza_629315-2827-1-_jpg.rf.82ae4a3a1f2009f8223cfec08823aad2.jpg,dataset-4,valid
dataset-4_Best-5-Water-Delivery-Services-1024x678_png_jpg.rf.c7d6016f0365d220ef13d3fbccbeabf1.jpg,dataset-4,valid
dataset-4_botellas-de-plastico-tirado-en-un-campo-t72j6n_jpg.rf.cc2e001d4c912c213875eb44d87938c8.jpg,dataset-4,valid
dataset-4_botellas-de-plastico-un-monton-sucias-cortadas-y-usadas-yacen-sobre-la-hierba-concepto-contaminacion-ambiental-ecologico-225425114_jpg.rf.24059ad98a0e4d0961c664f9362187e6.jpg,dataset-4,valid
dataset-4_bottle-10-_JPG_jpg.rf.e36c3d023ae6bacddc52d88483098a32.jpg,dataset-4,valid
dataset-4_bottle-12-_JPG_jpg.rf.3cf88c47475f17f90752192ba9ea04ab.jpg,dataset-4,valid
dataset-4_bottle-121-_JPG_jpg.rf.e106d5bdca04b64117bd2ff40be6a501.jpg,dataset-4,valid
dataset-4_bottle-125-_JPG_jpg.rf.a52ca40437a58d3bd6e8c7c24eafab3e.jpg,dataset-4,valid
dataset-4_bottle-126-_JPG_jpg.rf.07047e26dd0b076b27dbfb17a1020361.jpg,dataset-4,valid
dataset-4_bottle-128-_JPG_jpg.rf.b9c6c732d3f2390e2ad113bc29462ae3.jpg,dataset-4,valid
dataset-4_bottle-14-_JPG_jpg.rf.f48ce773d147dcf36ce61e85bdf9b3c6.jpg,dataset-4,valid
dataset-4_bottle-140-_JPG_jpg.rf.072826e2f2b4852ab2124a3a7b89e6d3.jpg,dataset-4,valid
dataset-4_bottle-145-_JPG_jpg.rf.4fe5d5219a2462c3fa9a509d42a0d0ba.jpg,dataset-4,valid
dataset-4_bottle-154-_JPG_jpg.rf.6a34ee609f5aad56bd7098cdd6dd8ddf.jpg,dataset-4,valid
dataset-4_bottle-158-_JPG_jpg.rf.341822d08a07247fa42e600af19fb0a6.jpg,dataset-4,valid
dataset-4_bottle-159-_JPG_jpg.rf.4ee37ab45614a1b64063541e5796968f.jpg,dataset-4,valid
dataset-4_bottle-161-_JPG_jpg.rf.41f3a7155d6847c8d0046403b190dcd7.jpg,dataset-4,valid
dataset-4_bottle-164-_JPG_jpg.rf.dceb1f4540119def20e8ddf8d9619541.jpg,dataset-4,valid
dataset-4_bottle-165-_JPG_jpg.rf.f156305efe31516da8f2e9d958e0cd53.jpg,dataset-4,valid
dataset-4_bottle-166-_JPG_jpg.rf.2648dec2eb99b00639b6eb149475a4c4.jpg,dataset-4,valid
dataset-4_bottle-167-_JPG_jpg.rf.5d9898886cb6dc88c5d8291dc6aea483.jpg,dataset-4,valid
dataset-4_bottle-17-_JPG_jpg.rf.619ac557ac10bf3feb4963b2bd3b21af.jpg,dataset-4,valid
dataset-4_bottle-170-_JPG_jpg.rf.ca30caf10dbc2a867488ca35610c8314.jpg,dataset-4,valid
dataset-4_bottle-177-_JPG_jpg.rf.7f808f041351d89132a0cb1781557a63.jpg,dataset-4,valid
dataset-4_bottle-180-_JPG_jpg.rf.d71d13a93be4fbb3a5dfd655e99805a3.jpg,dataset-4,valid
dataset-4_bottle-2-_jpg.rf.46cdfde11413e4a7e41cbb98f3a8ba98.jpg,dataset-4,valid
dataset-4_bottle-20-_JPG_jpg.rf.c7d766916f20417f970f6b1d560b1c48.jpg,dataset-4,valid
dataset-4_bottle-21-_JPG_jpg.rf.0d08dc1738e08eb54db932b4bb1da7df.jpg,dataset-4,valid
dataset-4_bottle-224-_JPG_jpg.rf.a459937533b6ec7cbeac273c1e581225.jpg,dataset-4,valid
dataset-4_bottle-225-_JPG_jpg.rf.a8e22ae462d1cc94f95bbc3595ab26d8.jpg,dataset-4,valid
dataset-4_bottle-227-_JPG_jpg.rf.3745b6cfe6ccca6c0a72a679a1c6983f.jpg,dataset-4,valid
dataset-4_bottle-229-_JPG_jpg.rf.fc42f690aed2666e4220a26740a7940f.jpg,dataset-4,valid
dataset-4_bottle-233-_JPG_jpg.rf.379d0dd60a1d4581c28af81bca1483ce.jpg,dataset-4,valid
dataset-4_bottle-24-_JPG_jpg.rf.7ced1116ce76254cc8026a43bd617981.jpg,dataset-4,valid
dataset-4_bottle-298-_JPG_jpg.rf.a01971ac4e982aa47f4fdd387108b848.jpg,dataset-4,valid
dataset-4_bottle-300-_JPG_jpg.rf.acdb4f58e305ad42debf48748f99f159.jpg,dataset-4,valid
dataset-4_bottle-311-_JPG_jpg.rf.4d5d054d580f509ac538b80ae7bb1aca.jpg,dataset-4,valid
dataset-4_bottle-317-_JPG_jpg.rf.48cb170168bf50daab06085a837dbda1.jpg,dataset-4,valid
dataset-4_bottle-319-_JPG_jpg.rf.511bf9086b057f636c1d270c71a960af.jpg,dataset-4,valid
dataset-4_bottle-323-_JPG_jpg.rf.ae5ca166889772702d53a5b3ef40c351.jpg,dataset-4,valid
dataset-4_bottle-326-_JPG_jpg.rf.8918af3bb53a4537ae6b5383b9de4852.jpg,dataset-4,valid
dataset-4_bottle-330-_JPG_jpg.rf.b11fd5ce842a64ad4f87c0682167afab.jpg,dataset-4,valid
dataset-4_bottle-339-_JPG_jpg.rf.465ca4dd5baa5fa460cdb3f2fb7ccd32.jpg,dataset-4,valid
dataset-4_bottle-347-_JPG_jpg.rf.c42a0cb40b7a1fd976c8f1ff967a6214.jpg,dataset-4,valid
dataset-4_bottle-356-_JPG_jpg.rf.6f94c3477bd581203da830e5d9c25e3f.jpg,dataset-4,valid
dataset-4_bottle-368-_JPG_jpg.rf.29f3ab78ca7af23eb5a72414395c8e23.jpg,dataset-4,valid
dataset-4_bottle-372-_JPG_jpg.rf.0fd2dafea541d2b4f0a7a682b35f5834.jpg,dataset-4,valid
dataset-4_bottle-381-_JPG_jpg.rf.2d35ddda99eddae174a2f15b612ee849.jpg,dataset-4,valid
dataset-4_bottle-383-_JPG_jpg.rf.ff96f068537c04f30d5855d12ab759b8.jpg,dataset-4,valid
dataset-4_bottle-384-_JPG_jpg.rf.9279595fae0d8fbdafc70ef8fda886e3.jpg,dataset-4,valid
dataset-4_bottle-393-_JPG_jpg.rf.ef897661d192bb714f79e559f44570ca.jpg,dataset-4,valid
dataset-4_bottle-394-_JPG_jpg.rf.4db9862bc4f325417ad9451b4066d8cf.jpg,dataset-4,valid
dataset-4_bottle-403-_JPG_jpg.rf.f48ef6c1c5c704d31f2d0dd71a3aa64e.jpg,dataset-4,valid
dataset-4_bottle-416-_JPG_jpg.rf.860ff2108003d4737b7394de2b89feaf.jpg,dataset-4,valid
dataset-4_bottle-423-_JPG_jpg.rf.c73a2941448f0bba249fe1083d24ca04.jpg,dataset-4,valid
dataset-4_bottle-435-_JPG_jpg.rf.3a10a7d621fc83364bf01e0163ad16f6.jpg,dataset-4,valid
dataset-4_bottle-438-_JPG_jpg.rf.f6166387057b04067536c6bcd3288cc8.jpg,dataset-4,valid
dataset-4_bottle-440-_JPG_jpg.rf.a3a246a19895192b6fdeea55eb48015a.jpg,dataset-4,valid
dataset-4_bottle-448-_JPG_jpg.rf.e85444a06fafd26bed671674635a6073.jpg,dataset-4,valid
dataset-4_bottle-458-_JPG_jpg.rf.7ee5efd89735d7e0020c5aab03233316.jpg,dataset-4,valid
dataset-4_bottle-475-_JPG_jpg.rf.f30291ce10feae027cfb684001ed87fd.jpg,dataset-4,valid
dataset-4_bottle-479-_JPG_jpg.rf.f65e3d322d669f0dd47b0d50edcbdd7e.jpg,dataset-4,valid
dataset-4_bottle-488-_JPG_jpg.rf.e3530ef7a55b49c26cd9af09d10b63ba.jpg,dataset-4,valid
dataset-4_bottle-489-_JPG_jpg.rf.b291f8dc7b599d372b55537017eb8e2e.jpg,dataset-4,valid
dataset-4_bottle-492-_JPG_jpg.rf.ccfd2b94be9321c8cafd867dd7d00f43.jpg,dataset-4,valid
dataset-4_bottle-5-_jpg.rf.5e71c3fe8464b41e8200433664dd30ff.jpg,dataset-4,valid
dataset-4_bottle-500-_JPG_jpg.rf.36804536213da35e16a44b75276636e4.jpg,dataset-4,valid
dataset-4_bottle-501-_JPG_jpg.rf.cac91427485ab8713dd4dac524c9879a.jpg,dataset-4,valid
dataset-4_bottle-502-_JPG_jpg.rf.ada89ed21f93f9327b9d750b80da00db.jpg,dataset-4,valid
dataset-4_bottle-503-_JPG_jpg.rf.5a6291e926646a10fb19c267697f02d0.jpg,dataset-4,valid
dataset-4_bottle-521-_JPG_jpg.rf.64252c26d1cea0e8dc8dc9b211f5f071.jpg,dataset-4,valid
dataset-4_bottle-525-_JPG_jpg.rf.8475b479697f0c38ce3f42204c19353a.jpg,dataset-4,valid
dataset-4_bottle-532-_JPG_jpg.rf.cace39703c3e4c02d7326c43b7c77392.jpg,dataset-4,valid
dataset-4_bottle-552-_JPG_jpg.rf.005a0d00e2f8dfac8d7482fa31b29414.jpg,dataset-4,valid
dataset-4_bottle-56-_JPG_jpg.rf.00d8a1357bccd16957a768e1d8b7847a.jpg,dataset-4,valid
dataset-4_bottle-561-_JPG_jpg.rf.4b53443c734bd8af338da4085d404c6b.jpg,dataset-4,valid
dataset-4_bottle-564-_JPG_jpg.rf.2820b58283bbd4da567c32fd4fd4129f.jpg,dataset-4,valid
dataset-4_bottle-565-_JPG_jpg.rf.a398ee6d136cee9665e70b3d044c9daa.jpg,dataset-4,valid
dataset-4_bottle-566-_JPG_jpg.rf.80814de1d5785e048335c9c54ce83b28.jpg,dataset-4,valid
dataset-4_bottle-587-_JPG_jpg.rf.252d0a3abd1b0392f1825fc46838a3cd.jpg,dataset-4,valid
dataset-4_bottle-589-_JPG_jpg.rf.47b42f9f08efb190ef8c75a7a08a9244.jpg,dataset-4,valid
dataset-4_bottle-59-_JPG_jpg.rf.73b69d98faf314f46a03a9ad008a01be.jpg,dataset-4,valid
dataset-4_bottle-590-_JPG_jpg.rf.87d55019ac9cbcfc67c94c84926db562.jpg,dataset-4,valid
dataset-4_bottle-591-_JPG_jpg.rf.a8ed8d9d1527c471dd3c29e620dddad9.jpg,dataset-4,valid
dataset-4_bottle-592-_JPG_jpg.rf.f3d5322b8242544004e14086b575d0c6.jpg,dataset-4,valid
dataset-4_bottle-593-_JPG_jpg.rf.7cbc95f4c2aabb2de1252bc7ec9af75a.jpg,dataset-4,valid
dataset-4_bottle-594-_JPG_jpg.rf.a8b3fd08288436dc3be27801d561ee32.jpg,dataset-4,valid
dataset-4_bottle-597-_JPG_jpg.rf.e2c79768c0782b539577ed150ff7a089.jpg,dataset-4,valid
dataset-4_bottle-603-_JPG_jpg.rf.9d9b97c4e86c1a874d3a0cec090a55ea.jpg,dataset-4,valid
dataset-4_bottle-606-_JPG_jpg.rf.5495a8aecf4ef29c43deafaae87fcdca.jpg,dataset-4,valid
dataset-4_bottle-61-_JPG_jpg.rf.f421bcb12a452cfd16342d42ff679438.jpg,dataset-4,valid
dataset-4_bottle-612-_JPG_jpg.rf.cecbb5260752e9726e9b9e5de7925105.jpg,dataset-4,valid
dataset-4_bottle-613-_JPG_jpg.rf.0393ee3dbd1835c4ea424c5c77248b9e.jpg,dataset-4,valid
dataset-4_bottle-615-_JPG_jpg.rf.ce9b1364465464ec041f15e15758cd0b.jpg,dataset-4,valid
dataset-4_bottle-618-_JPG_jpg.rf.3efef5c44575f8c4ea9b69863bd37e70.jpg,dataset-4,valid
dataset-4_bottle-623-_JPG_jpg.rf.a30e338fb56d111ecbbe07333937d702.jpg,dataset-4,valid
dataset-4_bottle-63-_JPG_jpg.rf.d407a92af6118bfa08a1d8d58d1f11bb.jpg,dataset-4,valid
dataset-4_bottle-649-_JPG_jpg.rf.30304c128aafc4ff31c1059e5dbbf915.jpg,dataset-4,valid
dataset-4_bottle-65-_JPG_jpg.rf.16dfe3a735e4661feb867d2f16916055.jpg,dataset-4,valid
dataset-4_bottle-650-_JPG_jpg.rf.6fb24aae25faf6ce92b3ecd05245db45.jpg,dataset-4,valid
dataset-4_bottle-651-_JPG_jpg.rf.7bd65f08705dd46a9be7cda273c7f2f3.jpg,dataset-4,valid
dataset-4_bottle-655-_JPG_jpg.rf.d7c35fe8e2920db01f3fbdbfb9e9a279.jpg,dataset-4,valid
dataset-4_bottle-664-_JPG_jpg.rf.fe5f61b93db03d0d3bb216f27385075c.jpg,dataset-4,valid
dataset-4_bottle-666-_JPG_jpg.rf.08e5730b30daf181a8e5b91e571b8486.jpg,dataset-4,valid
dataset-4_bottle-670-_JPG_jpg.rf.f64b24e203547d647a5845ddfc4b1035.jpg,dataset-4,valid
dataset-4_bottle-672-_JPG_jpg.rf.26805b4865334c4e3f297b012edeba64.jpg,dataset-4,valid
dataset-4_bottle-676-_JPG_jpg.rf.df766be567c17ca97a2847c2398982e1.jpg,dataset-4,valid
dataset-4_bottle-68-_JPG_jpg.rf.c464a8891f4f07308040b6574903270d.jpg,dataset-4,valid
dataset-4_bottle-687-_JPG_jpg.rf.8a53d20eacf2c1dcc0d9d6bb3fc17e29.jpg,dataset-4,valid
dataset-4_bottle-69-_JPG_jpg.rf.beec7b612f706f30a2a2cd59d5137fae.jpg,dataset-4,valid
dataset-4_bottle-696-_JPG_jpg.rf.adb13ddac4cb962993ec5e8b571875ff.jpg,dataset-4,valid
dataset-4_bottle-698-_JPG_jpg.rf.166ea5adf7ef88ea9961c9245995b17e.jpg,dataset-4,valid
dataset-4_bottle-7-_JPG_jpg.rf.e55013aa89e2855af2e89042e0f682a8.jpg,dataset-4,valid
dataset-4_bottle-703-_JPG_jpg.rf.cbc17129a31c0c3a8f6e23f398680733.jpg,dataset-4,valid
dataset-4_bottle-707-_jpg.rf.58b8384911ef6c1dcd51c7725687c8f8.jpg,dataset-4,valid
dataset-4_bottle-708-_jpg.rf.2af01a2a2afba0fa1841e11d098c381e.jpg,dataset-4,valid
dataset-4_bottle-71-_JPG_jpg.rf.293f71020e2f5d2a2535b056ee41cd08.jpg,dataset-4,valid
dataset-4_bottle-710-_jpg.rf.956a5cc9ca10ab09776c70c2cc710d7b.jpg,dataset-4,valid
dataset-4_bottle-713-_jpg.rf.0a8a51a15b1b2305a481229ff1968ed9.jpg,dataset-4,valid
dataset-4_bottle-717-_jpg.rf.6b78154f46689057568ca918ccb1699a.jpg,dataset-4,valid
dataset-4_bottle-718-_jpg.rf.8646b14977ba0ebb1b63f7978065c4b6.jpg,dataset-4,valid
dataset-4_bottle-72-_JPG_jpg.rf.21b93000227ac6d9ede0b33a4c3b3c18.jpg,dataset-4,valid
dataset-4_bottle-720-_jpg.rf.6d16fef77278e3680daa78398944f5ad.jpg,dataset-4,valid
dataset-4_bottle-722-_jpg.rf.fc13a1419a35c56499adf0bf4df41241.jpg,dataset-4,valid
dataset-4_bottle-723-_jpg.rf.90d7bfc2362b0e4381ecebe7bef8654c.jpg,dataset-4,valid
dataset-4_bottle-724-_jpg.rf.745135bda01cb007a5f8e69824395bf8.jpg,dataset-4,valid
dataset-4_bottle-725-_jpg.rf.b173497f076b2c709dfd1566b82709b4.jpg,dataset-4,valid
dataset-4_bottle-726-_jpg.rf.07a03016fc126113356b07d51d65056a.jpg,dataset-4,valid
dataset-4_bottle-727-_jpg.rf.9f625dea6669af295e5af46cfe0e26b3.jpg,dataset-4,valid
dataset-4_bottle-734-_jpg.rf.35a49d68de83ade2ed61b4f6cc4ae949.jpg,dataset-4,valid
dataset-4_bottle-737-_jpg.rf.b0a8bcbbcf816fc0e6bb01d19ecbca97.jpg,dataset-4,valid
dataset-4_bottle-738-_jpg.rf.6e1d2afbf1b38185b4b1b93a43b08b3f.jpg,dataset-4,valid
dataset-4_bottle-742-_jpg.rf.f7842b49cfc8d0577b4ae794034d6d6d.jpg,dataset-4,valid
dataset-4_bottle-743-_jpg.rf.523daac708b71ba469c9181f1e49ab3e.jpg,dataset-4,valid
dataset-4_bottle-744-_jpg.rf.ba2b42e556566c336ebfbff41a5c3535.jpg,dataset-4,valid
dataset-4_bottle-745-_jpg.rf.8264f967f9be0c0bd789f4794832852d.jpg,dataset-4,valid
dataset-4_bottle-746-_jpg.rf.42cd4b2f122e39a1e65425819fe112cb.jpg,dataset-4,valid
dataset-4_bottle-747-_jpg.rf.a68e246a185c44fd55af351a7e6de73d.jpg,dataset-4,valid
dataset-4_bottle-748-_jpg.rf.fe36ae5f9b77ce6c23f37142737268cc.jpg,dataset-4,valid
dataset-4_bottle-751-_jpg.rf.0c1fe2afe0ce08cd820505246b1e4309.jpg,dataset-4,valid
dataset-4_bottle-753-_jpg.rf.a29232e3a723cd21cc3fb7358208fb5f.jpg,dataset-4,valid
dataset-4_bottle-756-_jpg.rf.a13887464812e5647454fa61445ab5dd.jpg,dataset-4,valid
dataset-4_bottle-757-_jpg.rf.110e509f126012f2f132bfb20869a5b6.jpg,dataset-4,valid
dataset-4_bottle-758-_jpg.rf.af4621a5ad04a18fb12cb8bd34d53e11.jpg,dataset-4,valid
dataset-4_bottle-759-_jpg.rf.27f287609603c2047c2f4e508e7e915e.jpg,dataset-4,valid
dataset-4_bottle-760-_jpg.rf.e8511c20f90007625b383dc81206febd.jpg,dataset-4,valid
dataset-4_bottle-768-_jpg.rf.9766c7bff6a758eac27e589821f72b40.jpg,dataset-4,valid
dataset-4_bottle-771-_jpg.rf.271248ecf7cdddf06e7307efddc4828d.jpg,dataset-4,valid
dataset-4_bottle-773-_jpg.rf.1d7c51844167bea808fd94367af78982.jpg,dataset-4,valid
dataset-4_bottle-774-_jpg.rf.89329e53c4498e9a07080ef80f597f61.jpg,dataset-4,valid
dataset-4_bottle-775-_jpg.rf.bfea988a9f65a2be93a5cee5f3030640.jpg,dataset-4,valid
dataset-4_bottle-776-_jpg.rf.89cc5db17d971a29f2d042d779dee10e.jpg,dataset-4,valid
dataset-4_bottle-777-_jpg.rf.c00bf394460f9f25e9ec59cdb5444f00.jpg,dataset-4,valid
dataset-4_bottle-778-_jpg.rf.281ee0a93c8efa59780fef85462398e0.jpg,dataset-4,valid
dataset-4_bottle-780-_jpg.rf.a04cfbb389286e6f0c0a2afdd9ffc068.jpg,dataset-4,valid
dataset-4_bottle-781-_jpg.rf.787684426920bf6c9765330f6b63d233.jpg,dataset-4,valid
dataset-4_bottle-782-_jpg.rf.53d34f7d0fe9df4a9a71e9882e24849e.jpg,dataset-4,valid
dataset-4_bottle-793-_jpg.rf.61e98fc90b03d517b26e025c85bf20d2.jpg,dataset-4,valid
dataset-4_bottle-794-_jpg.rf.673cac2d899879ff78bf6be541facb35.jpg,dataset-4,valid
dataset-4_bottle-795-_jpg.rf.70200e133bf78349b163623537e9fb02.jpg,dataset-4,valid
dataset-4_bottle-796-_jpg.rf.e9a231fb80957aba39f5f0198e096e71.jpg,dataset-4,valid
dataset-4_bottle-797-_jpg.rf.6e838b2fae04fec3a9daf74a672c2aab.jpg,dataset-4,valid
dataset-4_bottle-798-_jpg.rf.819fd01401027faa7a144898426ab1f1.jpg,dataset-4,valid
dataset-4_bottle-799-_jpg.rf.3a1d9d72bf5c380c017e28c35832ebc0.jpg,dataset-4,valid
dataset-4_bottle-8-_JPG_jpg.rf.58ce6b2e8ffde1ced1931ccbdf555b9c.jpg,dataset-4,valid
dataset-4_bottle-800-_jpg.rf.07a5dacc2b97e2b34ed538234499b36a.jpg,dataset-4,valid
dataset-4_bottle-85-_JPG_jpg.rf.2b86f6aaa5afbe9211f8414a823ebaf8.jpg,dataset-4,valid
dataset-4_bottle-86-_JPG_jpg.rf.74a2f1225f2bf89c9347ec635f87ed42.jpg,dataset-4,valid
dataset-4_bottle-87-_JPG_jpg.rf.b4a2692f07bbcaa5ba2a0e1eb1a5f424.jpg,dataset-4,valid
dataset-4_bottle-9-_JPG_jpg.rf.7d3efb7e0b806048cb573975bf5f2f0f.jpg,dataset-4,valid
dataset-4_brian-yurasits-y8k-dMPNWNI-unsplash-1_jpg.rf.81b96fa2fe62b037993e53a61623cc6d.jpg,dataset-4,valid
dataset-4_c6ce1969c0c9299b3a3f387b42277bec_png_jpg.rf.cb29daf3a3ef436eb674b90522f631b1.jpg,dataset-4,valid
dataset-4_cecbecfc-4349-11e8-adb4-0eade9635e9d_png_jpg.rf.e8c1e400d811523a220a84f7ce762681.jpg,dataset-4,valid
dataset-4_contaminacion-ambiental-por-residuos-domesticos-el-plastico-es-una-botella-en-el-bosque-concepto-de-problemas-ambientales-2d84rb1_jpg.rf.89f10e97459f06eacdb9937cb8acc8a6.jpg,dataset-4,valid
dataset-4_depositphotos_194237190-stock-photo-pet-nature-plastic-pollution-concept_jpg.rf.ee818438bbe7a5a69cf1149332d4aa32.jpg,dataset-4,valid
dataset-4_depositphotos_195022030-stock-photo-plastic-and-glass-bottles-thrown_jpg.rf.2df33c9f359523165aa50f2ab226179b.jpg,dataset-4,valid
dataset-4_discarded-empty-plastic-bottle-lying-in-street-gutter-plastic-waste-war-on-plastic-metaphors-and-plastic-rubbish-rubbish-in-the-street-PEAACA_jpg.rf.94a6d8fa9fa55b54a3a9a157b52515fb.jpg,dataset-4,valid
dataset-4_discarded-plastic-bottles-woods-illustrating-plastic-pollution-problem-discarded-plastic-bottles-woods-illustrating-161486970-1-_jpg.rf.573fdcdca227411a113179ebcd6d9b55.jpg,dataset-4,valid
dataset-4_download_jpg.rf.6f58de9fc6c16c987b059c63c4bd75a9.jpg,dataset-4,valid
dataset-4_Ekran-Goruntusu-35-_png_jpg.rf.fd8ecf01946fcb748fca59a27651723e.jpg,dataset-4,valid
dataset-4_Ekran-Goruntusu-38-_png_jpg.rf.9f5bb3e084a19afef84fa7bd44cceee1.jpg,dataset-4,valid
dataset-4_Ekran-Goruntusu-39-_png_jpg.rf.ce2c30689059bd66c72e040943f15143.jpg,dataset-4,valid
dataset-4_Ekran-Goruntusu-43-_png_jpg.rf.99e67ccfde5402e805b077a03f094917.jpg,dataset-4,valid
dataset-4_Ekran-Goruntusu-44-_png_jpg.rf.61fcb29c6a1e47b2265735b69c442004.jpg,dataset-4,valid
dataset-4_Ekran-Goruntusu-45-_png_jpg.rf.0500f773c97eca6da47ec16692d8f028.jpg,dataset-4,valid
dataset-4_Ekran-Goruntusu-48-_png_jpg.rf.652fac1bab43106b4b4ae4f1967485f8.jpg,dataset-4,valid
dataset-4_Ekran-Goruntusu-49-_png_jpg.rf.c981ea55902e582f7d8d3c4ac04e31e7.jpg,dataset-4,valid
dataset-4_Ekran-Goruntusu-51-_png_jpg.rf.aaed870a7fb446e92d7553883e019f6a.jpg,dataset-4,valid
dataset-4_Ekran-Goruntusu-52-_png_jpg.rf.e822de29ce29fee5e5cd8d2a539ef095.jpg,dataset-4,valid
dataset-4_Ekran-Goruntusu-53-_png_jpg.rf.3502d184cadd08e56716ee7ecca33088.jpg,dataset-4,valid
dataset-4_Ekran-Goruntusu-55-_png_jpg.rf.45c18d49b649e706f75ace86e1e2cf7c.jpg,dataset-4,valid
dataset-4_Ekran-Goruntusu-56-_png_jpg.rf.ce9c0f82600abe66d04f81c3d782a912.jpg,dataset-4,valid
dataset-4_Ekran-Goruntusu-57-_png_jpg.rf.4a5646d0ed1856343362a9eb16bdc5c8.jpg,dataset-4,valid
dataset-4_empty-plastic-bottle-lying-around-park-ground-empty-plastic-bottle-lying-around-park-ground-146271701_jpg.rf.06689da314838ba1010db5576b12176d.jpg,dataset-4,valid
dataset-4_empty-plastic-bottles-lying-grass-garbage-waste-157118766_jpg.rf.55586f3e1be758c79b0fb4ba2053618a.jpg,dataset-4,valid
dataset-4_fff26ada4a64d7398ed461f796eb3ff5_jpg.rf.244a5bac0ffaf31d2c7f4a2f7167386f.jpg,dataset-4,valid
dataset-4_images_jpg.rf.67088f47e98c5be698562d1212ec2c68.jpg,dataset-4,valid
dataset-4_indir-1-_jpg.rf.5fff7fc2fcc5dbef12e26c274e171791.jpg,dataset-4,valid
dataset-4_indir-2-_jpg.rf.d8d47ad5f1da08e95ac493366654fa92.jpg,dataset-4,valid
dataset-4_indir-3-_jpg.rf.b51e7f3b140b53bb75801c41f1260e5b.jpg,dataset-4,valid
dataset-4_indir-7-_jpg.rf.9dffb4311caf4760b9653187a34dfbbe.jpg,dataset-4,valid
dataset-4_indir_jpg.rf.123d7b9a76ed44d3a41d5c2a854ebde5.jpg,dataset-4,valid
dataset-4_ishan-seefromthesky-4xmgrNUbyNA-unsplash-1250-by-703_jpg.rf.eb45d239d9735e98ca08a06431f70d5c.jpg,dataset-4,valid
dataset-4_istockphoto-1139872059-1024x1024_jpg.rf.b8730e363f5b1ef9505324047538c0ad.jpg,dataset-4,valid
dataset-4_istockphoto-1176138499-170667a_jpg.rf.c2be8f1f988de1e6e969f720a6e42910.jpg,dataset-4,valid
dataset-4_jrgdfgdf_png_jpg.rf.ef9b18c3791a1ea30d160cbb6da3f397.jpg,dataset-4,valid
dataset-4_long-decaying-waste-nature-disposable-plastic-bottle-has-been-lying-ground-forest-pollution-environment-233650737_jpg.rf.e8d8afd37fa9a0e0147a5a286246c6de.jpg,dataset-4,valid
dataset-4_mano-hombre-chico-recoger-botella-plastico-bosque-concepto-conservacion-naturaleza-medio-ambiente_29277-484_jpg.rf.b754e708ead6317c413c5145075bae09.jpg,dataset-4,valid
dataset-4_old-disposable-plastic-bottle-edge-forest-environmental-pollution-long-decaying-waste-nature-208884714_jpg.rf.15b82fc788b9d333d42ce7a9354db6a6.jpg,dataset-4,valid
dataset-4_pexels-anna-shvets-3900507_jpg.rf.9f4d2143fe67447dc89ee7fba6bb63f3.jpg,dataset-4,valid
dataset-4_pexels-anna-shvets-5029862_jpg.rf.ce6c52eaf9b44ff8f87f37d4744b4e81.jpg,dataset-4,valid
dataset-4_pexels-karolina-grabowska-4498090_jpg.rf.0d21b7f4b43647eeee8154384a10665b.jpg,dataset-4,valid
dataset-4_pexels-lisa-fotios-3264752_jpg.rf.518ec6f77cf239fb7f2b1ebd20327806.jpg,dataset-4,valid
dataset-4_pexels-mikhail-nilov-8543579_jpg.rf.8c858511eacabe259c64fc48c95a6a5d.jpg,dataset-4,valid
dataset-4_pexels-mikhail-nilov-8543607_jpg.rf.4ffc0c9fe7a2fc93940801b20cdcdcab.jpg,dataset-4,valid
dataset-4_pexels-pnw-production-8980050_jpg.rf.a7923588363f090e2ce42f5da4d65b82.jpg,dataset-4,valid
dataset-4_pexels-ron-lach-7817871_jpg.rf.e6f441b58248c249ef39dcde9cd55632.jpg,dataset-4,valid
dataset-4_pexels-stas-knop-3457243_jpg.rf.4960175789bca5b7c625e75eba5137f6.jpg,dataset-4,valid
dataset-4_pexels-vincent-peters-2084017_jpg.rf.c53bd11c9bc4ecaa45f5fdabb1e9e042.jpg,dataset-4,valid
dataset-4_pinar-suyun-dijital-ajansi-00_jpg.rf.9c66f631f02793ce6152f83b4c553c7e.jpg,dataset-4,valid
dataset-4_plastic-bottle-2781388_1280_jpg.rf.5a3497ae33ea767886dbc75aaeeb7aa0.jpg,dataset-4,valid
dataset-4_plastic-bottle-bottom-ocean-contaminating-water-rendering-contamination-contaminated-sea-lake-pollution-environmental-216100537_jpg.rf.33c739553fa7be4b83cdecf20f0dded5.jpg,dataset-4,valid
dataset-4_plastic-bottle-garbage-beach-plastic-bottle-garbage-beach-pollution-sea-scape-environment-sun-lighting-148168733_jpg.rf.dffdaeca58127ab13e7d2ad833edb9ab.jpg,dataset-4,valid
dataset-4_plastic-bottles-grass-plastic-waste-nature-plastic-waste-nature-148258974_jpg.rf.f559d665570a5406dea6137f8bee430a.jpg,dataset-4,valid
dataset-4_plastic-pollution-in-nature-plastic-garbage-waste-that-pollutes-natural-nature-scenes-taken-to-spread-awareness-about-the-environmental-damage-2BD82TJ_jpg.rf.0289dd22ea07ad5a0520b7051ef5b88e.jpg,dataset-4,valid
dataset-4_plastic276_jpg.rf.a23015655bb8ddd128f16ba2c02d9ae0.jpg,dataset-4,valid
dataset-4_plastic386_jpg.rf.89bb23727dfa596468009c5ce43cd6e8.jpg,dataset-4,valid
dataset-4_plastic440_jpg.rf.265164687329f5acd25699b1e13e1008.jpg,dataset-4,valid
dataset-4_plastic5_jpg.rf.4c81a59cbcabffd98cc7535eb82ef916.jpg,dataset-4,valid
dataset-4_plastic_bottle-11_jpg.rf.ddf3b4c37a9bc09db04a0db193e4f722.jpg,dataset-4,valid
dataset-4_plastic_bottle-12_jpg.rf.dac64465956c05ccac44a48c71d5c96f.jpg,dataset-4,valid
dataset-4_plastic_bottle-135_jpg.rf.d206001d50be4acd7c98aa6ed162fd55.jpg,dataset-4,valid
dataset-4_plastic_bottle-139_jpg.rf.f556a38f928144228428ad7266259c74.jpg,dataset-4,valid
dataset-4_plastic_bottle-141_jpg.rf.3624c7fe13b1ac6f7e892e21826be610.jpg,dataset-4,valid
dataset-4_plastic_bottle-143_jpg.rf.0199a5abd0a4dc1498ea8eb99145f935.jpg,dataset-4,valid
dataset-4_plastic_bottle-145_jpg.rf.728b801781de4be47d6ffbeb1c8690f3.jpg,dataset-4,valid
dataset-4_plastic_bottle-171_jpg.rf.cb54cf04def3dfaa075ba1ca756927b7.jpg,dataset-4,valid
dataset-4_plastic_bottle-178_jpg.rf.2d4e9ecd97f947587d0a65e6a3f90e39.jpg,dataset-4,valid
dataset-4_plastic_bottle-180_jpg.rf.60c99c7e309a337a3911e5b66be37248.jpg,dataset-4,valid
dataset-4_plastic_bottle-190_jpg.rf.01a7552743bb5f0cad7439ebe4aee094.jpg,dataset-4,valid
dataset-4_plastic_bottle-201_jpg.rf.f813a512af8dcbab856945bd7f9aecf5.jpg,dataset-4,valid
dataset-4_plastic_bottle-203_jpg.rf.eabbdcc252bd92d30e8d0cf0cb443109.jpg,dataset-4,valid
dataset-4_plastic_bottle-205_jpg.rf.6e6df03e8121ac2d3f8bb95fc2d20598.jpg,dataset-4,valid
dataset-4_plastic_bottle-206_jpg.rf.14247e7c5396aeb885408d8ff06e466d.jpg,dataset-4,valid
dataset-4_plastic_bottle-208_jpg.rf.703770dc6b4e4172f56dbf6d1a75ef16.jpg,dataset-4,valid
dataset-4_plastic_bottle-212_jpg.rf.d7bcc0bef8b28453828bdf796cfb6269.jpg,dataset-4,valid
dataset-4_plastic_bottle-229_jpg.rf.68275136c4557186a7a935dbcbe2257f.jpg,dataset-4,valid
dataset-4_plastic_bottle-238_jpg.rf.2c4d39b85c2625a0a42fb20f8b63ef95.jpg,dataset-4,valid
dataset-4_plastic_bottle-23_jpg.rf.997e446616a05c8624fd6bd2750d6aea.jpg,dataset-4,valid
dataset-4_plastic_bottle-241_jpg.rf.545ee0088b4f6e97fe1f2d84f3bc32f7.jpg,dataset-4,valid
dataset-4_plastic_bottle-248_jpg.rf.3c165a8ed5c23067b264fe1acfea6175.jpg,dataset-4,valid
dataset-4_plastic_bottle-267_jpg.rf.c6f9eac7c0f77ada33caecbba8ee8b64.jpg,dataset-4,valid
dataset-4_plastic_bottle-276_jpg.rf.3252e5a34c6cc57a42d0371910fdaed3.jpg,dataset-4,valid
dataset-4_plastic_bottle-306_jpg.rf.d20b4aade0149dc48e3eba4628fa92dc.jpg,dataset-4,valid
dataset-4_plastic_bottle-326_jpg.rf.b300de2c23e4e47527b1237ab239204c.jpg,dataset-4,valid
dataset-4_plastic_bottle-344_jpg.rf.289410e52f7e6b27a57fa8ac484053fb.jpg,dataset-4,valid
dataset-4_plastic_bottle-361_jpg.rf.333a2e62b0486e70fc356564fb116e1f.jpg,dataset-4,valid
dataset-4_plastic_bottle-368_jpg.rf.35062965dcccbe8ade9ecc6e8e5a8c09.jpg,dataset-4,valid
dataset-4_plastic_bottle-389_jpg.rf.9615f099dcc62a752d1de1b3224c59f7.jpg,dataset-4,valid
dataset-4_plastic_bottle-408_jpg.rf.067ef215545cf0f2b27035ab892e3432.jpg,dataset-4,valid
dataset-4_plastic_bottle-447_jpg.rf.1345baa5484bbebb255a7fb6b14b0a9f.jpg,dataset-4,valid
dataset-4_plastic_bottle-45_jpg.rf.aa95af72d800ffb12c4567668b3789e6.jpg,dataset-4,valid
dataset-4_plastic_bottle-472_jpg.rf.8fbab0591865540c36858dda2bbdb1fd.jpg,dataset-4,valid
dataset-4_plastic_bottle-48_jpg.rf.f36c25a19137d15d330458126340fe3f.jpg,dataset-4,valid
dataset-4_plastic_bottle-500_jpg.rf.bf20c9aace56aeb18ad922d115c7ab8f.jpg,dataset-4,valid
dataset-4_plastic_bottle-505_jpg.rf.738f379f5907440ad43d9b5dbcc10d0d.jpg,dataset-4,valid
dataset-4_plastic_bottle-513_jpg.rf.3b535119175631d96eb3aec9f71a78dd.jpg,dataset-4,valid
dataset-4_plastic_bottle-532_jpg.rf.2e3cb54cf5dbe6f4578e8c0c540d3101.jpg,dataset-4,valid
dataset-4_plastic_bottle-560_jpg.rf.db6c7582aede425e8dd6dcb272ab505d.jpg,dataset-4,valid
dataset-4_plastic_bottle-61_jpg.rf.1508ad274e540ca34448abbc1b33e805.jpg,dataset-4,valid
dataset-4_plastic_bottle-62_jpg.rf.c72dffb29f92a1f2b16340d5649e200e.jpg,dataset-4,valid
dataset-4_plastic_bottle-69_jpg.rf.8adb7c8888176e165a02babbf716b123.jpg,dataset-4,valid
dataset-4_plastic_bottle-70_jpg.rf.a38a6ecd85759031317be5ffa4fab6bb.jpg,dataset-4,valid
dataset-4_plastic_bottle-71_jpg.rf.ec089d5bf75b211321e092f1c51bf7e3.jpg,dataset-4,valid
dataset-4_plastic_bottle-85_jpg.rf.5bf49da26d943aeefce22fdf2f108e72.jpg,dataset-4,valid
dataset-4_plastic_bottle-88_jpg.rf.27a68d560f3f558a91adbb31c5377e91.jpg,dataset-4,valid
dataset-4_plastic_bottle-89_jpg.rf.2f10a820748f4f305f99b76df3379878.jpg,dataset-4,valid
dataset-4_plastic_bottle-97_jpg.rf.926e07165aad6fdae9f6cb4c1c8d0fa2.jpg,dataset-4,valid
dataset-4_plasticbottle-1-_jpg.rf.e1e5a33e8c0e54a46063bc517dc7e5be.jpg,dataset-4,valid
dataset-4_plasticbottle-1-_jpg.rf.eb927454caaaa6fa39c038b15d22272c.jpg,dataset-4,valid
dataset-4_plasticbottle-13-_jpg.rf.2f1e7550f21b97392295fcbb3118323a.jpg,dataset-4,valid
dataset-4_plasticbottle-16-_jpg.rf.55e9036ff4a75c1cfd2aab7f3f2ed02b.jpg,dataset-4,valid
dataset-4_plasticbottle-16-_jpg.rf.6cbd9c1cf4a6ea376a8f7dd95a6aaa39.jpg,dataset-4,valid
dataset-4_plasticbottle-169-_jpg.rf.0b4ea75765cbe02a769cada82153e018.jpg,dataset-4,valid
dataset-4_plasticbottle-170-_jpg.rf.784bf6ce5bfa7a305b788b581c95352e.jpg,dataset-4,valid
dataset-4_plasticbottle-174-_jpg.rf.3540a4b8fd98380f2966f6762ac2e538.jpg,dataset-4,valid
dataset-4_plasticbottle-178-_jpg.rf.723f45bfcc316dc154aa0c51fccda551.jpg,dataset-4,valid
dataset-4_plasticbottle-179-_jpg.rf.1ee16397fde286fd13c53f8a7dfa83e2.jpg,dataset-4,valid
dataset-4_plasticbottle-188-_jpg.rf.dfb506827437a38020d6aa632bb7a221.jpg,dataset-4,valid
dataset-4_plasticbottle-19-_jpg.rf.d7adad8ef80e31c8909acb4799412173.jpg,dataset-4,valid
dataset-4_plasticbottle-3-_jpg.rf.33f1addee066b7512116e5ad6695bc54.jpg,dataset-4,valid
dataset-4_plasticbottle-37-_jpg.rf.409236d0482c16d72a9a2d634038c697.jpg,dataset-4,valid
dataset-4_plasticbottle-372-_jpg.rf.f63328777b131e96d39fc18b0659214a.jpg,dataset-4,valid
dataset-4_plasticbottle-374-_jpg.rf.7883ba5c5387f51222b82bcbfa79da39.jpg,dataset-4,valid
dataset-4_plasticbottle-40-_jpg.rf.a9e39f09fdd71016436a17391b602508.jpg,dataset-4,valid
dataset-4_plasticbottle-433-_jpg.rf.b4beceeefafaf69a11bd30de60c59d04.jpg,dataset-4,valid
dataset-4_plasticbottle-438-_jpg.rf.fa22b483cca6dffcb27f8242bdced6fd.jpg,dataset-4,valid
dataset-4_plasticbottle-504-_jpg.rf.7a440226f0317a5e41f8d7d1e46ef5b2.jpg,dataset-4,valid
dataset-4_plasticbottle-512-_jpg.rf.0c0755f1afed728f8b1e803179ee3c8e.jpg,dataset-4,valid
dataset-4_plasticbottle-546-_jpg.rf.00604b9767a0c2f33a3a1d030b7d1b52.jpg,dataset-4,valid
dataset-4_plasticbottle-561-_jpg.rf.f77f76ff656d2c5956aaa6eef3c94b2e.jpg,dataset-4,valid
dataset-4_plasticbottle-641-_jpg.rf.e6b854de5d2eed5e07a925d4b4dac10f.jpg,dataset-4,valid
dataset-4_png-transparent-water-bottles-bottled-water-plastic-bottle-bottle-glass-recycling-plastic-bottle_png_jpg.rf.9904f3554df2e6ec22c02c2a4c0894b1.jpg,dataset-4,valid
dataset-4_pngtree-mineral-water-bottles-png-image_1628353_jpg.rf.cd2dd193925480fe4991b8b83feef175.jpg,dataset-4,valid
dataset-4_pngtree-plastic-bottle-vector-empty-label-bluer-classic-water-bottle-with-cap-png-image_5139135_jpg.rf.c7760eb4e88e1b78898790b668526cc8.jpg,dataset-4,valid
dataset-4_Pros-and-Cons-of-Bottled-Water-e1574180898415_jpg.rf.4e918177b6e9818d1c52c111eff54b55.jpg,dataset-4,valid
dataset-4_R_119_jpg.rf.05b5c73a9c48ba6a05cce169e838e260.jpg,dataset-4,valid
dataset-4_R_31_jpg.rf.3a72c1aaa0f4ed5a0525347cf6903ac0.jpg,dataset-4,valid
dataset-4_R_3_jpg.rf.57f2061f6dd45df5d8630d4880e64629.jpg,dataset-4,valid
dataset-4_R_52_jpg.rf.d8f9fc0192c74d790e08f298f6787f54.jpg,dataset-4,valid
dataset-4_R_80_jpg.rf.2ee303eb27435d7093618abcf2559295.jpg,dataset-4,valid
dataset-4_R_84_jpg.rf.f47f2ecfd36440cbcd43d58dc2dda92f.jpg,dataset-4,valid
dataset-4_R_85_jpg.rf.b447fd97aebb124d248d285c031e5b6c.jpg,dataset-4,valid
dataset-4_s64380_jpg.rf.ccf72800de0b51d2e5c83758834e6a4b.jpg,dataset-4,valid
dataset-4_saka-su-0-5-lt-ad3e_jpg.rf.cb86e66fb2c1db173572165d385f36a2.jpg,dataset-4,valid
dataset-4_sidelg_jpg.rf.0cca590281cc58e93bde8f13fe018fa5.jpg,dataset-4,valid
dataset-4_sirma-su-pet-050-lt-80b6_jpg.rf.927a8daf21046164f0c8577cf7bd6851.jpg,dataset-4,valid
dataset-4_stock-photo-india-april-plastic-pollution-in-soil-pollution-1955685634_jpg.rf.5f97941f3740138dc8328e333f8eacb2.jpg,dataset-4,valid
dataset-4_su-0-5_11-10-2021_05_23_59_jpg.rf.580f1cfa0fb17e82f37868b29486d5c9.jpg,dataset-4,valid
dataset-4_underwater-plastic-bottle-pollution-ocean-sea-plastic-waste-its-danger-to-water-fish-life-impact-223464619_jpg.rf.5235ae3738f4411ada38eee1ca17407c.jpg,dataset-4,valid
dataset-4_UNWTO-Plastic-on-beach_jpg.rf.2ad6107f8479fe328da046e679519dfd.jpg,dataset-4,valid
dataset-4_used-plastic-bottle-in-water-concept-of-pollution-of-the-environment-ocean-sea-nature-save-the-planetzero-waste-WAP430-1-_jpg.rf.5278b5345fd99acdacc052a7b146528b.jpg,dataset-4,valid
dataset-4_water-bottle-B6R06X_jpg.rf.1821a879874349b58c5d2cfd596c6307.jpg,dataset-4,valid
dataset-4_water-bottle-bottle-water-maza-turkish-mediterranean-las-vegas-12_png_jpg.rf.1217263cb00658c46dd0405120bde02f.jpg,dataset-4,valid
dataset-4_water-bottle-png-159607_png_jpg.rf.7fba311b6f04f886a80db3bbc62e3c02.jpg,dataset-4,valid
dataset-4_waterbottle125_jpg.rf.120c13466fb085371fb117c1f483cf6e.jpg,dataset-4,valid
dataset-4_waterbottle137_jpg.rf.743f8c3c94f93ebbc201fd102b4b4a07.jpg,dataset-4,valid
dataset-4_waterbottle144_jpg.rf.f8ac05704530c9552fa4a0f62f5fdf0b.jpg,dataset-4,valid
dataset-4_WhatsApp-Image-2022-12-24-at-00-33-53_jpeg_jpg.rf.80ef2b7b8e178bacc6bbbbb7325eeea3.jpg,dataset-4,valid
dataset-4_WhatsApp-Image-2022-12-24-at-00-34-15_jpeg_jpg.rf.f1f1234b6489c31fcfb6f02cc8501d5a.jpg,dataset-4,valid
dataset-4_WhatsApp-Image-2022-12-24-at-00-34-40_jpeg_jpg.rf.5b83b09b8a06f70eb6a4b494ee38645c.jpg,dataset-4,valid
dataset-4_WhatsApp-Image-2022-12-24-at-00-35-14_jpeg_jpg.rf.abe0170a3f0139b3173e359240038be5.jpg,dataset-4,valid
dataset-4_WhatsApp-Image-2022-12-24-at-00-38-01_jpeg_jpg.rf.a6bfb10aa7b1230e1c47158b89093156.jpg,dataset-4,valid
dataset-4_WhatsApp-Image-2022-12-24-at-00-38-11-Kopya_jpeg_jpg.rf.380615ec69180ff3aee469b59bb3e936.jpg,dataset-4,valid
dataset-4_WhatsApp-Image-2022-12-24-at-00-38-15_jpeg_jpg.rf.0bee1fe331f16ff5e2cd95ad4cc69859.jpg,dataset-4,valid
dataset-4_WhatsApp-Image-2022-12-24-at-00-41-41_jpeg_jpg.rf.e6aa7aac5e3bcee0917ab17e62cb6922.jpg,dataset-4,valid
dataset-4_WhatsApp-Image-2022-12-24-at-00-41-49-1-_jpeg_jpg.rf.d3841eab5a01b9f4e9a77119c182f484.jpg,dataset-4,valid
dataset-4_WhatsApp-Image-2022-12-24-at-00-41-51_jpeg_jpg.rf.778b45169e0789286e12004c79369e27.jpg,dataset-4,valid
dataset-4_WhatsApp-Image-2022-12-24-at-00-41-57-1-_jpeg_jpg.rf.b6a5284671bd04adaa7b704bf6cbd55e.jpg,dataset-4,valid
dataset-4_WhatsApp-Image-2022-12-24-at-00-41-57_jpeg_jpg.rf.20a016309709915920c5123b1164938d.jpg,dataset-4,valid
dataset-4_WhatsApp-Image-2022-12-24-at-00-42-04-1-_jpeg_jpg.rf.bbf83082638d7f8398b3f5fb911a0ca9.jpg,dataset-4,valid
dataset-4_WhatsApp-Image-2022-12-24-at-00-42-04_jpeg_jpg.rf.980aed9a97f1f9c29d69a8839e51d29d.jpg,dataset-4,valid
dataset-4_WhatsApp-Image-2022-12-24-at-00-44-08_jpeg_jpg.rf.58ad408ba344f7f120ad8746ce8db215.jpg,dataset-4,valid
dataset-4_WhatsApp-Image-2022-12-24-at-00-44-13-1-_jpeg_jpg.rf.8a4971dc4ae09dbb087af921dd3ae2ae.jpg,dataset-4,valid
dataset-4_WhatsApp-Image-2022-12-24-at-00-44-28-Kopya_jpeg_jpg.rf.7856ad6e56c196defe8d26d9a4de34ae.jpg,dataset-4,valid
dataset-4_WhatsApp-Image-2022-12-24-at-00-44-33_jpeg_jpg.rf.aac8fb4d0e71ea873e77743e991694ea.jpg,dataset-4,valid
dataset-4_WIN_20221224_00_48_26_Pro_jpg.rf.5656fc1a41756794e26d7793732b0361.jpg,dataset-4,valid
dataset-4_WIN_20221224_00_49_03_Pro_jpg.rf.59d26a08b55945436a4293a049407635.jpg,dataset-4,valid
dataset-4_-136_jpg.rf.b7c9a6e6ec5460aaae7a65a7fd82d4ab.jpg,dataset-4,test
dataset-4_-171_jpg.rf.04f53c9832b2bfd37a810bb145396675.jpg,dataset-4,test
dataset-4_-18_jpg.rf.374b4f92ba185b0061c098a487de8d67.jpg,dataset-4,test
dataset-4_-216_jpg.rf.053ec7e310f8348b673eff7107468ea5.jpg,dataset-4,test
dataset-4_-270_jpg.rf.855e9f66fa7b6f107f8bb514c76b40f5.jpg,dataset-4,test
dataset-4_-285_jpg.rf.4150cae2669cd2653d02de750fe2d70a.jpg,dataset-4,test
dataset-4_-2_jpg.rf.2ff7c47932bb2c1f97886e47ae8397f2.jpg,dataset-4,test
dataset-4_-300_jpg.rf.21d06b67ae731720ae591e2c4a6f678d.jpg,dataset-4,test
dataset-4_-329_jpg.rf.40155feeec6ebec86dc9d1949da5797f.jpg,dataset-4,test
dataset-4_-333_jpg.rf.1c16ed633fb39b8e8d3d6c3dd4dcb6a1.jpg,dataset-4,test
dataset-4_-346_jpg.rf.cfc9f4ccdfdfa900f02478bc5f7fda38.jpg,dataset-4,test
dataset-4_-37_jpg.rf.ab27d8f4aa070136b4bcd48ce096fbd4.jpg,dataset-4,test
dataset-4_-381_jpg.rf.79141789db7cdd6754878c0560173a35.jpg,dataset-4,test
dataset-4_-414_jpg.rf.f7435bf9646b4f42253b42d76d405da3.jpg,dataset-4,test
dataset-4_-421_jpg.rf.d89f6fa3625d433608835d1cd3969032.jpg,dataset-4,test
dataset-4_-47_jpg.rf.581e366d691f33b1374eee3e0db31c2f.jpg,dataset-4,test
dataset-4_-49_jpg.rf.ae93b7bd442667c1cbd36dd98e39cff7.jpg,dataset-4,test
dataset-4_-57_jpg.rf.8b742a44359689a669f9d2cc5e30d6d1.jpg,dataset-4,test
dataset-4_-78_jpg.rf.5ffdaa8723eced359c8c26c8b80ced51.jpg,dataset-4,test
dataset-4_-84_jpg.rf.2994608d886a0d41891359347180f64d.jpg,dataset-4,test
dataset-4_000001_jpg.rf.0153c7dfe369473f66506007230a74d3.jpg,dataset-4,test
dataset-4_000037-2-_jpg.rf.05031d915c270c355d75590309b8049c.jpg,dataset-4,test
dataset-4_000037-2-_jpg.rf.f3f381a4a21c23a7423cce0b3325053d.jpg,dataset-4,test
dataset-4_000040-2-_jpg.rf.c7155b43712df00d7d6fce0f7b6d0b80.jpg,dataset-4,test
dataset-4_000040-2-_jpg.rf.d9eb881d3d6d021e777ef67e0dc7f344.jpg,dataset-4,test
dataset-4_000099_jpg.rf.03393f8031b299969d987b5222afc1a6.jpg,dataset-4,test
dataset-4_000124_jpg.rf.61fcd88ff645fa7db4592282be5fec21.jpg,dataset-4,test
dataset-4_000171_jpg.rf.1b610f528e9d7312945e8024cf67abfa.jpg,dataset-4,test
dataset-4_000195_jpg.rf.53ebdd3ebabc15d04a6915f835995cd4.jpg,dataset-4,test
dataset-4_00ake_jpg.rf.3214d6f830646e2b9d09eb71f1a63078.jpg,dataset-4,test
dataset-4_00dc42ee2c80c169_jpg.rf.112939be9407da74cab69d5994392670.jpg,dataset-4,test
dataset-4_00dc42ee2c80c169_jpg.rf.2dcd62df35794ae89dc487ec4b769b49.jpg,dataset-4,test
dataset-4_00dc42ee2c80c169_jpg.rf.42e38aa646e58343444012dd394291ec.jpg,dataset-4,test
dataset-4_069e16f5ab78c05f_jpg.rf.3b973c4c35e31110b4f8fe7e5f399723.jpg,dataset-4,test
dataset-4_069e16f5ab78c05f_jpg.rf.b155ba8da18bf2b48980782c319ed742.jpg,dataset-4,test
dataset-4_069e16f5ab78c05f_jpg.rf.f405d9374db3b132f9227f3e6485c1af.jpg,dataset-4,test
dataset-4_0a93_jpg.rf.0debc798823fe51d9378090b700fac3f.jpg,dataset-4,test
dataset-4_0a93_jpg.rf.ebaa64f7f63faaa18bf76f0db569e8b9.jpg,dataset-4,test
dataset-4_0d6b3901a9524c6a_jpg.rf.31f72b1e08e1e1559fd082a3fd6714ef.jpg,dataset-4,test
dataset-4_0d6b3901a9524c6a_jpg.rf.79e9b1690ce7c58d1c26975314ba99ae.jpg,dataset-4,test
dataset-4_0d6b3901a9524c6a_jpg.rf.8076f070f81ccfab91d5e8828c94c412.jpg,dataset-4,test
dataset-4_0e408419850dbde0_jpg.rf.15104324d36ee50414980c1b311fb7c8.jpg,dataset-4,test
dataset-4_0e408419850dbde0_jpg.rf.2fd2414ee43d2e35ff2b19efd80a7621.jpg,dataset-4,test
dataset-4_0e408419850dbde0_jpg.rf.b93cba5a526ac3e23156e0591145952b.jpg,dataset-4,test
dataset-4_0f6d3ae7cc5030b2_jpg.rf.86def3ca2086ccaf266186558271a308.jpg,dataset-4,test
dataset-4_0f6d3ae7cc5030b2_jpg.rf.cf8bfbb3ba5ed6e6aac52e59fa514934.jpg,dataset-4,test
dataset-4_0f6f6c2cb535e203_jpg.rf.b3eaf7218f252a93c8122886b2ef06ce.jpg,dataset-4,test
dataset-4_0fd31baacd87f404_jpg.rf.29f1c43e72944f8018348e8ac12e37f9.jpg,dataset-4,test
dataset-4_0fd31baacd87f404_jpg.rf.9e254ced88d28e74aa1b1c40328c055e.jpg,dataset-4,test
dataset-4_100004_jpg.rf.73e440325bb7ae620f449715931dbd7c.jpg,dataset-4,test
dataset-4_100011_jpg.rf.3cb3b2fc06fabf9a833e96a0ae7a3e83.jpg,dataset-4,test
dataset-4_100026_jpg.rf.5f5208fd40db9a439bd3e55d60289c4b.jpg,dataset-4,test
dataset-4_100036_jpg.rf.94cdf27c2bccfa7e2c52453b89d115db.jpg,dataset-4,test
dataset-4_100058_jpg.rf.10eb13faf7e35f6c29730386181b03cc.jpg,dataset-4,test
dataset-4_10013_0_m_17_jpg.rf.bb8a4f2eb272aebf5c89f211e4e760fa.jpg,dataset-4,test
dataset-4_10013_0_m_17_jpg.rf.cae96334fdfc0dec8149605706e43d5f.jpg,dataset-4,test
dataset-4_10013_0_m_19_jpg.rf.2a38ecb683a3ec7ad0f1dd727d8b5473.jpg,dataset-4,test
dataset-4_10013_0_m_19_jpg.rf.455f30df1259f2e53c5d7e428a885b75.jpg,dataset-4,test
dataset-4_10013_0_m_19_jpg.rf.99f03667c4e5ec32102155de3ddd84a6.jpg,dataset-4,test
dataset-4_10013_0_m_1_jpg.rf.85344bb75531393f3c0f22f883d900b0.jpg,dataset-4,test
dataset-4_10013_0_m_1_jpg.rf.9e42bc743ce1a05de39cba6728e7358c.jpg,dataset-4,test
dataset-4_10013_0_m_8_jpg.rf.05d33362557606e3ad8489e8a190f599.jpg,dataset-4,test
dataset-4_10013_0_m_8_jpg.rf.4a1130f7a13d7893ead864f9b312f2ff.jpg,dataset-4,test
dataset-4_10013_0_s_12_jpg.rf.2f7bde2e20bfdb67ad6ef278921cd4b5.jpg,dataset-4,test
dataset-4_10013_0_s_12_jpg.rf.8d9d71d364753d995d6e2f25682f5dd9.jpg,dataset-4,test
dataset-4_10013_30_m_12_jpg.rf.203e7c0292903f665e81dbee313260aa.jpg,dataset-4,test
dataset-4_10013_30_m_12_jpg.rf.aaff459357e655128a2d099d7762d3b8.jpg,dataset-4,test
dataset-4_10013_30_m_12_jpg.rf.d6a1002d4526342333f6fdef570e6411.jpg,dataset-4,test
dataset-4_10013_30_m_9_jpg.rf.e38ef2bab4ef3501de465ce4c90e0f14.jpg,dataset-4,test
dataset-4_10013_30_m_9_jpg.rf.fc1cf79a1468432c651510c0de2361e2.jpg,dataset-4,test
dataset-4_100153_jpg.rf.9b4a978fcf44c516c108a489967fdae7.jpg,dataset-4,test
dataset-4_10015_30_m_18_jpg.rf.5d5740eb0adfc246239536ea78f9762c.jpg,dataset-4,test
dataset-4_10015_30_m_18_jpg.rf.6cba1149ddd7347eff625da260ad6eca.jpg,dataset-4,test
dataset-4_10015_30_m_18_jpg.rf.970bb210b8a418f89e29f6bbf5542a52.jpg,dataset-4,test
dataset-4_10015_30_s_14_jpg.rf.33e395fe45d333adb2b38408a030061f.jpg,dataset-4,test
dataset-4_10015_60_s_13_jpg.rf.cab1379c3222381f0d637bf972b6111a.jpg,dataset-4,test
dataset-4_10015_60_s_22_jpg.rf.82ff0104a10c49937d261fedf1a3a936.jpg,dataset-4,test
dataset-4_10015_60_s_22_jpg.rf.9c465e616c0305398bc8c6c7e6840a6a.jpg,dataset-4,test
dataset-4_10016_0_m_19_jpg.rf.00eb99e245104e4daa5942050908d3a6.jpg,dataset-4,test
dataset-4_10016_0_m_19_jpg.rf.2b74e0492e92446335f712baa10454c6.jpg,dataset-4,test
dataset-4_10016_0_m_19_jpg.rf.5173f15d03f7ee94f5fae84d4ccb8693.jpg,dataset-4,test
dataset-4_10016_0_s_18_jpg.rf.072058596e8ee7da46e4a91480fb1518.jpg,dataset-4,test
dataset-4_10016_0_s_18_jpg.rf.e92d8ba17e69a0dee2fd6c347ce17cd3.jpg,dataset-4,test
dataset-4_10016_60_m_21_jpg.rf.48879a7ef3eafab941d32846c0164596.jpg,dataset-4,test
dataset-4_10016_60_m_21_jpg.rf.4c91d3b7ce24996aafbf190fac778fb7.jpg,dataset-4,test
dataset-4_10016_60_m_4_jpg.rf.0a70d7d99da3a59171473d02bd106492.jpg,dataset-4,test
dataset-4_10016_60_s_16_jpg.rf.093d34b6557d6baaaf8a18fcf36d80db.jpg,dataset-4,test
dataset-4_10016_60_s_16_jpg.rf.a6f01d163e35935f9ac0735d307417ef.jpg,dataset-4,test
dataset-4_10016_60_s_1_jpg.rf.f47b7aecb8cc2df580d1db0671d212d9.jpg,dataset-4,test
dataset-4_100177_jpg.rf.4dfe01d346a4e02c8a0489bcf0e69afd.jpg,dataset-4,test
dataset-4_10019_0_m_16_jpg.rf.160cad2f219ed1b72ba15a820cc8141c.jpg,dataset-4,test
dataset-4_10019_0_m_16_jpg.rf.b7bbea5027bab0e75d7080200ac25366.jpg,dataset-4,test
dataset-4_10019_0_m_16_jpg.rf.e9f12c362a4116b710e746bcc07e179c.jpg,dataset-4,test
dataset-4_10019_0_m_18_jpg.rf.a0c6a7e83f0d730f928e9fdfed72bf38.jpg,dataset-4,test
dataset-4_10019_0_m_18_jpg.rf.a3f678494c2447da360698b04afb7770.jpg,dataset-4,test
dataset-4_10019_0_m_18_jpg.rf.d8692de820e9f1c024c1615ff42305a5.jpg,dataset-4,test
dataset-4_10019_0_m_1_jpg.rf.72911584744dae9c1da7fd39fda12d08.jpg,dataset-4,test
dataset-4_10019_0_m_1_jpg.rf.74444ddac6c2f03f359a75a95530cea7.jpg,dataset-4,test
dataset-4_10019_0_m_1_jpg.rf.ea5314f37b5f6bf11c53d3bb12fb35d3.jpg,dataset-4,test
dataset-4_10019_30_s_10_jpg.rf.231edbb422b286a5abe150869e646200.jpg,dataset-4,test
dataset-4_10019_30_s_10_jpg.rf.536aa3f1aa67479d7148a77df6acd3ed.jpg,dataset-4,test
dataset-4_10019_30_s_10_jpg.rf.90b27e2bb510a662679e565a1517bcd4.jpg,dataset-4,test
dataset-4_10019_30_s_1_jpg.rf.8aff0a1083533615dbbdb0ab12d3a9ae.jpg,dataset-4,test
dataset-4_10019_30_s_1_jpg.rf.d75f6031525dac331d95a39a97a57766.jpg,dataset-4,test
dataset-4_10019_60_s_14_jpg.rf.3c3bb3409cff4d371146cc1db41b71ee.jpg,dataset-4,test
dataset-4_10019_60_s_14_jpg.rf.d6202b0613ef26068fb290fcf877505a.jpg,dataset-4,test
dataset-4_100257_jpg.rf.2503eff2b510d0b4988918a85466310e.jpg,dataset-4,test
dataset-4_100296_jpg.rf.0cb16bc370022fd42bb147a7eb654afb.jpg,dataset-4,test
dataset-4_10032_0_m_10_jpg.rf.7037c5f506a66a2bfa52e8b0aa248381.jpg,dataset-4,test
dataset-4_10032_0_m_10_jpg.rf.8416842df1a34099255c28b2e804989b.jpg,dataset-4,test
dataset-4_10032_0_m_18_jpg.rf.445a052772e8c6b254378e55d83cbc6b.jpg,dataset-4,test
dataset-4_10032_0_m_18_jpg.rf.b69fd55146ce3063916949c24e63c576.jpg,dataset-4,test
dataset-4_10032_0_m_8_jpg.rf.6cebad2ef6681701c795e013202b0d86.jpg,dataset-4,test
dataset-4_10032_0_m_8_jpg.rf.90c0b8854dba3a2b4dab15d2c09cb04a.jpg,dataset-4,test
dataset-4_10032_0_s_10_jpg.rf.1b78537272c97ec94b1ba07a45c281ac.jpg,dataset-4,test
dataset-4_10032_0_s_10_jpg.rf.e646b700de93a891d0a59097d37ba6cb.jpg,dataset-4,test
dataset-4_10032_0_s_10_jpg.rf.f9aaa1e5be2db17b2cfc6aae5620d6a5.jpg,dataset-4,test
dataset-4_10032_0_s_8_jpg.rf.6c251250fa06f81bfffc9b0973446b87.jpg,dataset-4,test
dataset-4_10032_0_s_8_jpg.rf.aa09761b4d9187e0fd67d6d62a58bc99.jpg,dataset-4,test
dataset-4_10032_60_s_10_jpg.rf.23d5ccbfa7717b1636c62016b63074f3.jpg,dataset-4,test
dataset-4_10032_60_s_10_jpg.rf.5614c0812ab167fd5e48e0c97f35c790.jpg,dataset-4,test
dataset-4_10032_60_s_3_jpg.rf.fda9ef1b28a08ba340c3b7e24f07a9f8.jpg,dataset-4,test
dataset-4_10033_00_s_10_jpg.rf.7737cc2a6f51c6bad172ee29e5f9bae6.jpg,dataset-4,test
dataset-4_10033_00_s_3_jpg.rf.58a1d7d7dbe09c3a21d25a345ccf76e7.jpg,dataset-4,test
dataset-4_10033_00_s_3_jpg.rf.a8dc214227975c8f7a982cd548a07ffd.jpg,dataset-4,test
dataset-4_10033_00_s_3_jpg.rf.e79f756fe4f50fbdaaf13bb30225804a.jpg,dataset-4,test
dataset-4_10033_0_m_2_jpg.rf.0a1c6b075d5f63dda58ec81d02def9d6.jpg,dataset-4,test
dataset-4_10033_0_m_2_jpg.rf.4b1634dd51fd198be1eb360ccfe961a7.jpg,dataset-4,test
dataset-4_10033_0_m_2_jpg.rf.8ebb7bdcb21a8942c31df8996e95df4a.jpg,dataset-4,test
dataset-4_10033_0_m_8_jpg.rf.5b5d3026e0df27b683046c71fe34cf2f.jpg,dataset-4,test
dataset-4_10033_0_m_8_jpg.rf.e03d79738b6234b7b284a039d48bb550.jpg,dataset-4,test
dataset-4_10033_0_m_8_jpg.rf.e999e8657900cea65c46aeda221c3edc.jpg,dataset-4,test
dataset-4_10033_30_m_15_jpg.rf.45695c227c81a37ecc36c0a9de85be04.jpg,dataset-4,test
dataset-4_10033_30_m_15_jpg.rf.be665a276bdf947fdddc5243dc3a37c3.jpg,dataset-4,test
dataset-4_10033_30_m_18_jpg.rf.271570a7c54c88165b1d5b34175e9033.jpg,dataset-4,test
dataset-4_10033_30_m_18_jpg.rf.aa02d726e8ce665a2840a9d1ebc12308.jpg,dataset-4,test
dataset-4_10034_00_s_1_jpg.rf.1c53d2766555b195a2dd4a0710cdfb0c.jpg,dataset-4,test
dataset-4_10034_00_s_1_jpg.rf.447a45c8f47e89561cc9a622599c94a4.jpg,dataset-4,test
dataset-4_10034_00_s_1_jpg.rf.45689f061860948df8b94703a7731b33.jpg,dataset-4,test
dataset-4_10034_00_s_9_jpg.rf.65692e68effc77477417b689a08f16e0.jpg,dataset-4,test
dataset-4_10034_00_s_9_jpg.rf.b2af164455f55eb2f67f74d9d1bd9486.jpg,dataset-4,test
dataset-4_10034_00_s_9_jpg.rf.f96b8d45622e21df13b4f0f65ea4b375.jpg,dataset-4,test
dataset-4_10034_0_m_10_jpg.rf.bb017dd9eb5ffab8f900f1995e5d5e94.jpg,dataset-4,test
dataset-4_10034_0_m_10_jpg.rf.fbe031a18f65578cba4f8151b5772483.jpg,dataset-4,test
dataset-4_10034_30_m_10_jpg.rf.451a723c90673967c12f9b238be79283.jpg,dataset-4,test
dataset-4_10034_30_m_10_jpg.rf.82b904eb18301b420a5a93e3e20df03d.jpg,dataset-4,test
dataset-4_10034_30_m_10_jpg.rf.badef122b06a695f9cc64cb637be04fc.jpg,dataset-4,test
dataset-4_10034_30_m_20_jpg.rf.07b6440120690dac35108dc0ee191f9a.jpg,dataset-4,test
dataset-4_10034_30_m_7_jpg.rf.50d688325b8b61af264899e053a5752e.jpg,dataset-4,test
dataset-4_10034_30_m_7_jpg.rf.57a808d8c68b562528cfbd114ac63653.jpg,dataset-4,test
dataset-4_10034_30_m_7_jpg.rf.ebd078399cbc4a9449ad57241bee4d7f.jpg,dataset-4,test
dataset-4_10034_30_s_17_jpg.rf.7370db2e98372cba577da7ad58e0a967.jpg,dataset-4,test
dataset-4_10034_30_s_17_jpg.rf.9be8717a0a30c5df30298adeb72b8f51.jpg,dataset-4,test
dataset-4_10034_60_m_10_jpg.rf.402339cd18e42330435c382a66ac7c75.jpg,dataset-4,test
dataset-4_10034_60_m_10_jpg.rf.8c93197f810bf4909cbe18355229ad41.jpg,dataset-4,test
dataset-4_100353_jpg.rf.05d69dda4f5283a8ce59597649528a3f.jpg,dataset-4,test
dataset-4_10036_0_m_1_jpg.rf.5824f9704107c28ea43e591ae734f45e.jpg,dataset-4,test
dataset-4_10036_0_m_1_jpg.rf.c0b649738efe8929c659ac14760f8aa2.jpg,dataset-4,test
dataset-4_10036_0_m_21_jpg.rf.90b71987c82098a9a0892c7052a3c251.jpg,dataset-4,test
dataset-4_10036_30_m_14_jpg.rf.4642a6f23970859750de91b8bca821a6.jpg,dataset-4,test
dataset-4_10036_30_m_14_jpg.rf.8edc29865021272cabb0565dfa83e463.jpg,dataset-4,test
dataset-4_10036_30_m_14_jpg.rf.ff9eebcbc445c935c0ab376a3addbeb4.jpg,dataset-4,test
dataset-4_10036_30_m_9_jpg.rf.9dd601a76e345fc745b21bfc302bd883.jpg,dataset-4,test
dataset-4_10036_30_s_7_jpg.rf.29f516b3fa626b241b64f8e7fa478d07.jpg,dataset-4,test
dataset-4_10036_60_m_10_jpg.rf.c29d1a4c5336fe0729dd98356fd2e1f2.jpg,dataset-4,test
dataset-4_10036_60_m_10_jpg.rf.e49595d2bac1e3edf86bbbfae4a5fccb.jpg,dataset-4,test
dataset-4_10036_60_m_9_jpg.rf.186fbd5633575f46519bea33552ec19f.jpg,dataset-4,test
dataset-4_100414_jpg.rf.dcf05e95da38aa08b8e209f2f2f04d85.jpg,dataset-4,test
dataset-4_100488_jpg.rf.abac8eef23375d3032cb7eddf6fa3b55.jpg,dataset-4,test
dataset-4_100497_jpg.rf.8a270299e27147f659154f2cfa54debd.jpg,dataset-4,test
dataset-4_100499_jpg.rf.967f0dd56c72d71869776f4d55c86e8d.jpg,dataset-4,test
dataset-4_100526_jpg.rf.2295c26947a273698edafef9c083f82c.jpg,dataset-4,test
dataset-4_10052_0_m_15_jpg.rf.6c3ca733b3962af29f3d8050b1743c93.jpg,dataset-4,test
dataset-4_10052_0_m_15_jpg.rf.7613fbf96ead81fbeff0a29f515d4a25.jpg,dataset-4,test
dataset-4_10052_0_m_15_jpg.rf.e0fcfe38a72d1ee85e5f9e1ead31de4b.jpg,dataset-4,test
dataset-4_10052_0_s_1_jpg.rf.549357d6588985ae49cd78398b0d5a51.jpg,dataset-4,test
dataset-4_100556_jpg.rf.34fb245df0092905ffeba37bb32492a9.jpg,dataset-4,test
dataset-4_100_jpg.rf.e092bc48e638ca0a47eadafc709d8f71.jpg,dataset-4,test
dataset-4_101_jpg.rf.bf9ab5899a1fb0bdd5d5f9987aaa0b7b.jpg,dataset-4,test
dataset-4_13_jpg.rf.10289747c97f50a029c2e39dd4ea869c.jpg,dataset-4,test
dataset-4_15244_00_m_1_jpg.rf.cbf84590e9d97be50ac8cbe0499a59bd.jpg,dataset-4,test
dataset-4_1798_jpg.rf.9d3d3e06567bc639a96a0ca475fee34f.jpg,dataset-4,test
dataset-4_17f681daacb62f09_jpg.rf.4dfb2c0e555c055d639518092ca186c8.jpg,dataset-4,test
dataset-4_1_jpg.rf.c40e52abf02259963b5c3b75cd3edfb1.jpg,dataset-4,test
dataset-4_200008_jpg.rf.97cfbf6ae33ee42852ed08a03006dd34.jpg,dataset-4,test
dataset-4_200010_jpg.rf.1cb8664b1cb94c233e82f4c2c443a4f2.jpg,dataset-4,test
dataset-4_200025_jpg.rf.31e985f416ec3231b34647c4e9ded9af.jpg,dataset-4,test
dataset-4_200026_jpg.rf.3ba33f6ba41ef990e956eaedd599d192.jpg,dataset-4,test
dataset-4_200028_jpg.rf.3f073a51bae4ec18e8f8976fcf518be7.jpg,dataset-4,test
dataset-4_200029_jpg.rf.c355ecb12e2a07ce9d24ace2e7232f8b.jpg,dataset-4,test
dataset-4_200039_jpg.rf.827a5e7e063fbc6ea3adbaaadcc3d06e.jpg,dataset-4,test
dataset-4_200047_jpg.rf.1e604bb33f57bbeabc15b5ad366b1b97.jpg,dataset-4,test
dataset-4_200057_jpg.rf.00f663ba39676903e6fa2092c7d74cb4.jpg,dataset-4,test
dataset-4_200062_jpg.rf.1c497005f22900ab29cf0ac4cccb666b.jpg,dataset-4,test
dataset-4_200064_jpg.rf.1305f6fc638f2816cb08dd29ca610f41.jpg,dataset-4,test
dataset-4_200075_jpg.rf.36ca22ad42c10ca1696be90bb131555e.jpg,dataset-4,test
dataset-4_200079_jpg.rf.585b1fe8e0658e43f0eec2623408bf93.jpg,dataset-4,test
dataset-4_200088_jpg.rf.e543e18eeb7083776ee6c660c2143c7d.jpg,dataset-4,test
dataset-4_200089_jpg.rf.23187e6ce84aadf429218255b3246908.jpg,dataset-4,test
dataset-4_200099_jpg.rf.bb192c4a42934fa97b190dd754445c63.jpg,dataset-4,test
dataset-4_200103_jpg.rf.22263331cdf4f36cd5acd9a3f3c56110.jpg,dataset-4,test
dataset-4_200108_jpg.rf.126a6a26373ee8a739fc490210642471.jpg,dataset-4,test
dataset-4_200111_jpg.rf.a82681b54306bbbae416b785d5e524d7.jpg,dataset-4,test
dataset-4_200117_jpg.rf.bc72cfbb8e0a70503ccde3dc663e89ce.jpg,dataset-4,test
dataset-4_20011_00_s_13_jpg.rf.25a3c5d4cf7f7c26751723f95777eefc.jpg,dataset-4,test
dataset-4_20011_60_s_16_jpg.rf.8479760decba6592a6e4b3aae90b4f57.jpg,dataset-4,test
dataset-4_200120_jpg.rf.7a99afcd699f1cce43ae59b308c033d8.jpg,dataset-4,test
dataset-4_200138_jpg.rf.344e4b98f44519afc0a8ee4bbbb9b068.jpg,dataset-4,test
dataset-4_20014_0_s_19_jpg.rf.bcf74aae95bd6b0bbbf6db02f79ef80e.jpg,dataset-4,test
dataset-4_20014_2_jpg.rf.f88b364739ca6ed2ff490f8df56bada1.jpg,dataset-4,test
dataset-4_200155_jpg.rf.560bbd26a6d9039b84497b08c3b43472.jpg,dataset-4,test
dataset-4_200175_jpg.rf.408bf62549303fcb76463d9daa9d7f13.jpg,dataset-4,test
dataset-4_200189_jpg.rf.466faf2fc6b912e1bbf02875166178bb.jpg,dataset-4,test
dataset-4_200214_jpg.rf.2a56e349d5a8c6961f541d0a1530223b.jpg,dataset-4,test
dataset-4_200270_jpg.rf.26b44112d2b79aeb840811c0d83c3b60.jpg,dataset-4,test
dataset-4_200281_jpg.rf.6b338d5024197e3d581f2273639c1c1a.jpg,dataset-4,test
dataset-4_200370_jpg.rf.6637e17900b198de949d0695b40711bf.jpg,dataset-4,test
dataset-4_200422_jpg.rf.957707b66515b2fa7347ed8c785c1640.jpg,dataset-4,test
dataset-4_200429_jpg.rf.785517ea7a3424006b14df9500c5f350.jpg,dataset-4,test
dataset-4_20211028_085354_jpg.rf.d3a8669d3acee9fa6bfa83b653b6a7ca.jpg,dataset-4,test
dataset-4_20211028_085436_jpg.rf.704a8a09d36e3a8e611d5ee63a499bb3.jpg,dataset-4,test
dataset-4_20211028_085559_jpg.rf.742b07688316049b178fffbed88e31b1.jpg,dataset-4,test
dataset-4_20211125_121606_jpg.rf.69e1fb78c22d5e977cfbe20e170678af.jpg,dataset-4,test
dataset-4_20211125_121937_jpg.rf.2fd5a83bc62f6ab7cc71ae83dcac8e49.jpg,dataset-4,test
dataset-4_20211125_122038_jpg.rf.131ce8b04af5d7661642e8b26071e30b.jpg,dataset-4,test
dataset-4_20211125_122231_jpg.rf.d32e4e1f49c91e92bc4b3f88bb8456ef.jpg,dataset-4,test
dataset-4_20211125_122235_jpg.rf.e12567104a62e4b5bae09cd7cda2be19.jpg,dataset-4,test
dataset-4_20211125_122336_jpg.rf.874ae2138a321b41f7fa3274ebdab481.jpg,dataset-4,test
dataset-4_20220211_182344_jpg.rf.f555187003e0a5319e8823b87ee22905.jpg,dataset-4,test
dataset-4_20220213_194728_jpg.rf.afa61f20d750e2fa5eb320c2c194eeb0.jpg,dataset-4,test
dataset-4_20220216_202010_jpg.rf.47863962f2c7dabfa5fb852ad4efe903.jpg,dataset-4,test
dataset-4_20220216_202941_jpg.rf.da403749d999e2c8114d1f15f9f5912f.jpg,dataset-4,test
dataset-4_20302_00_s_11_jpg.rf.24a2109d3e529e97ab07af3e8b01ad91.jpg,dataset-4,test
dataset-4_20_jpg.rf.2e2bae80b25db79dd1ef4851e2c99c9d.jpg,dataset-4,test
dataset-4_21_jpg.rf.df82a60c86dd5dd8297ca90c53d57567.jpg,dataset-4,test
dataset-4_22_jpg.rf.f291fb28b81f22f83b93bb82e63d2393.jpg,dataset-4,test
dataset-4_2318_jpg.rf.c0700047810c7a3c25908245a4f5943a.jpg,dataset-4,test
dataset-4_2370_jpg.rf.683bdb91396f6c4c5e509c10637edd8d.jpg,dataset-4,test
dataset-4_2438_jpg.rf.d0883fc835366131b8be73fd53e29541.jpg,dataset-4,test
dataset-4_25331_00_s_13_jpg.rf.74d8b809f68b5fc77336b93ad66a1427.jpg,dataset-4,test
dataset-4_25331_30_m_18_jpg.rf.e6f2aeaaea87ca01d46f28958127d472.jpg,dataset-4,test
dataset-4_25332_00_m_14_jpg.rf.63ec57c21afb31db30ac905d354f6cac.jpg,dataset-4,test
dataset-4_25335_00_m_19_jpg.rf.4300181bff231480872bf178b9fbc981.jpg,dataset-4,test
dataset-4_2533_jpg.rf.c5c34718db8a5d40e709b4eb1712d26e.jpg,dataset-4,test
dataset-4_25_jpg.rf.7e06c27b74c45fbee9f6844e5d65874f.jpg,dataset-4,test
dataset-4_28_jpg.rf.0f3b2c6bf1fb80033a885e8d1eab7dbb.jpg,dataset-4,test
dataset-4_300015_jpg.rf.6bfcca1f6da8804eb96917e52d46867b.jpg,dataset-4,test
dataset-4_300019_jpg.rf.6e6c19d3e2ebae6eaf9ac271bbbbb4d4.jpg,dataset-4,test
dataset-4_300061_jpg.rf.9995d5d3e1fca9f5c7bdaddf98750ad8.jpg,dataset-4,test
dataset-4_300099_jpg.rf.23c9db393eea6ac767897499e5d74f70.jpg,dataset-4,test
dataset-4_30015_60_s_8_jpg.rf.f58eafee17f0249177b2ad000e661641.jpg,dataset-4,test
dataset-4_300180_jpg.rf.b383adb268e04e2e4136e6e847479321.jpg,dataset-4,test
dataset-4_300215_jpg.rf.16c8bcc3c7e0699d6b9d7571969f94f0.jpg,dataset-4,test
dataset-4_300303_jpg.rf.5a34217b8fba912a98b72ec6f5c8b129.jpg,dataset-4,test
dataset-4_300464_jpg.rf.6b3680730f16ac77d0898939a2cd9332.jpg,dataset-4,test
dataset-4_300564_jpg.rf.25e22f61128acfb562c103e22164337a.jpg,dataset-4,test
dataset-4_300621_jpg.rf.68c7c431ab51186ecc36ff2fe4bb19b1.jpg,dataset-4,test
dataset-4_30276_30_s_15_jpg.rf.ec2f3d93c0c328f563f4e5a14e772834.jpg,dataset-4,test
dataset-4_31_jpg.rf.4cca03057ef95b0cb6bf681114975b63.jpg,dataset-4,test
dataset-4_4-42413_water-bottle-png-images-free-download-water-bottle_png_jpg.rf.1e45906bea0039f3446a2024013b1b89.jpg,dataset-4,test
dataset-4_400015_jpg.rf.319d6d6840feedad70dfb45e700fa1d7.jpg,dataset-4,test
dataset-4_400023_jpg.rf.a15961b448b8e629351335f1d2893b8f.jpg,dataset-4,test
dataset-4_400059_jpg.rf.26d4dde12f8ca28d065955d7864a5914.jpg,dataset-4,test
dataset-4_400088_jpg.rf.2154a8c1dcb0c32c6dbd555b3ab28bcf.jpg,dataset-4,test
dataset-4_400475_jpg.rf.7661baeb4f54ec2e29b5bd7edf5bfeb2.jpg,dataset-4,test
dataset-4_40067_0_m_7_jpg.rf.16dda00039915b1aade34e6d3fd61ef6.jpg,dataset-4,test
dataset-4_40067_0_s_18_jpg.rf.fa89758b0eb31dde466d4f8fcf578fb2.jpg,dataset-4,test
dataset-4_40116_00_s_11_jpg.rf.7eef3f43482450614512e143a6ce732c.jpg,dataset-4,test
dataset-4_40292_00_s_18_jpg.rf.2f4c4a275129438336dd62de27c354aa.jpg,dataset-4,test
dataset-4_47_jpg.rf.5a7eeddf3964d3b5b16544bb3b4b4886.jpg,dataset-4,test
dataset-4_500047_jpg.rf.a2c8ae1a26ad6fbf631b25323cc1c4a9.jpg,dataset-4,test
dataset-4_500135_jpg.rf.dcc9950338532d29e521df31810d8bc9.jpg,dataset-4,test
dataset-4_500183_jpg.rf.8e9243c2075c8e11de713cfe4c970311.jpg,dataset-4,test
dataset-4_500200_jpg.rf.1012439871599781de7d2d418afe87d9.jpg,dataset-4,test
dataset-4_500217_jpg.rf.d67eb63bc05e16d481d53ff4e89979e6.jpg,dataset-4,test
dataset-4_500240_jpg.rf.3a9d9c0b3ad71482681863bc813690ae.jpg,dataset-4,test
dataset-4_500244_jpg.rf.4c9b212eddfe385a3f219f74e54b481d.jpg,dataset-4,test
dataset-4_500307_jpg.rf.3e55d6e97ad4d744fbdf95aa4e6ffee8.jpg,dataset-4,test
dataset-4_500341_jpg.rf.9153004b610e4b3702138a736d2ac9bd.jpg,dataset-4,test
dataset-4_500351_jpg.rf.2dc76fa0af8b89e0ebc64bb3941ee4f1.jpg,dataset-4,test
dataset-4_500363_jpg.rf.397cafafd5fc0b9972bee04d31089316.jpg,dataset-4,test
dataset-4_500394_jpg.rf.36b2ee433f2ec9e839bbaec1c6dfebfe.jpg,dataset-4,test
dataset-4_500396_jpg.rf.11715b814bdfd16ea0ad2a28297fe5cc.jpg,dataset-4,test
dataset-4_500457_jpg.rf.35445cd9aa714ae84339de977193f48e.jpg,dataset-4,test
dataset-4_500482_jpg.rf.68a34ff7b02689e49d654acafea5184c.jpg,dataset-4,test
dataset-4_500598_jpg.rf.31b9c7d872325251217dbd8a671e4364.jpg,dataset-4,test
dataset-4_500613_jpg.rf.fbf5234b6a33836473ac9617d77fd782.jpg,dataset-4,test
dataset-4_500625_jpg.rf.04800e276fa68fd8488461f26c8545a1.jpg,dataset-4,test
dataset-4_500632_jpg.rf.04375a3e7ac67ce3d4be51fa1e5633fd.jpg,dataset-4,test
dataset-4_500693_jpg.rf.6a6739a30c29d1748fd4edc411347b08.jpg,dataset-4,test
dataset-4_500749_jpg.rf.490ba4191d8fcdc30618fda65da0c640.jpg,dataset-4,test
dataset-4_500754_jpg.rf.99ccb0d1ea4b32707c5e43df2147b2c1.jpg,dataset-4,test
dataset-4_50121_00_s_11_jpg.rf.3e7748ec20a7b994bd274386b066b977.jpg,dataset-4,test
dataset-4_50121_30_s_9_jpg.rf.b39d108b9208d8fd90c708faf1873d8c.jpg,dataset-4,test
dataset-4_56_jpg.rf.35cf53982fa37fd87f7ebf1e9f4aad53.jpg,dataset-4,test
dataset-4_58_jpg.rf.a80e3a9915bcfba8111f509157dbe690.jpg,dataset-4,test
dataset-4_600000_jpg.rf.37374fe0167b284f1bf5a46ef5cf0bcb.jpg,dataset-4,test
dataset-4_600002_jpg.rf.ccd58a0b9c291a4d53d34356ca96858a.jpg,dataset-4,test
dataset-4_600010_jpg.rf.9a633b8a6cab4cb031cf8e07211fbe7c.jpg,dataset-4,test
dataset-4_600018_jpg.rf.d2cd1b86c6c6b0af040031e1c5fbc5ba.jpg,dataset-4,test
dataset-4_600029_jpg.rf.91c21616d40791d139154b4aa124f7f3.jpg,dataset-4,test
dataset-4_600040_jpg.rf.8e1538b65cf4b0bd00688079f84af2c7.jpg,dataset-4,test
dataset-4_600080_jpg.rf.27e07cc0f307564bfc73e23ce3c2a212.jpg,dataset-4,test
dataset-4_600099_jpg.rf.3e69a0dd9ba7ab01f58d52223b873758.jpg,dataset-4,test
dataset-4_600138_jpg.rf.706c69a4c39a8b79555fd36f404ae436.jpg,dataset-4,test
dataset-4_600153_jpg.rf.279b10a4e4f97fa5486e73cd15a07e70.jpg,dataset-4,test
dataset-4_65239_30_s_3_jpg.rf.a6e3dfc6ab6f9ec57f91557f091f4a85.jpg,dataset-4,test
dataset-4_684_jpg.rf.a565183dd0d327e7a91457d76d103f5a.jpg,dataset-4,test
dataset-4_700000_jpg.rf.4345e808bd886d78cb94a519bd1690e6.jpg,dataset-4,test
dataset-4_700001_jpg.rf.2f5f62e5c8be5853ff50ea668661edec.jpg,dataset-4,test
dataset-4_700002_jpg.rf.33d7a6164091ae495ac0588b4b209f0b.jpg,dataset-4,test
dataset-4_700003_jpg.rf.cecbf32f715b6514e31394eeb95236f0.jpg,dataset-4,test
dataset-4_700007_jpg.rf.2a1300c4063b8604ed227bc1d4588e7e.jpg,dataset-4,test
dataset-4_700009_jpg.rf.a0d1c0abf51ad8898ce14410cddc0dc5.jpg,dataset-4,test
dataset-4_700010_jpg.rf.0063d823b976371302a7f31a816b1a2e.jpg,dataset-4,test
dataset-4_700011_jpg.rf.886cd4c4e6681524bd3f6cea8cc45fbe.jpg,dataset-4,test
dataset-4_700012_jpg.rf.117cedbe9b736c3692a9461258e14fd8.jpg,dataset-4,test
dataset-4_700014_jpg.rf.b7256a2b245800ea59c190ad2c564014.jpg,dataset-4,test
dataset-4_700015_jpg.rf.265ebffa47ed3bffe481727827f54369.jpg,dataset-4,test
dataset-4_700016_jpg.rf.26f2208208c344931601e7ee76724764.jpg,dataset-4,test
dataset-4_700020_jpg.rf.533b3743e7abf9f976fa0f22f4c574cd.jpg,dataset-4,test
dataset-4_700022_jpg.rf.10e885db47d172676531d949ccc8465a.jpg,dataset-4,test
dataset-4_700024_jpg.rf.1aa24180eb0a165bea2c91e14f8058d4.jpg,dataset-4,test
dataset-4_700027_jpg.rf.09950c03557d02e005acf243616df318.jpg,dataset-4,test
dataset-4_700059_jpg.rf.6e5f9e9b5174bfe52cfd3351f66ff99a.jpg,dataset-4,test
dataset-4_700262_jpg.rf.43283d3e527133c1b0dfdc808e61fe07.jpg,dataset-4,test
dataset-4_700274_jpg.rf.7b064cffad07a4dfbb426057ffaccfe2.jpg,dataset-4,test
dataset-4_700280_jpg.rf.f2c0a1a7d5d2799d7bf262effee9d5b4.jpg,dataset-4,test
dataset-4_700289_jpg.rf.1fb0d7c276f1fdbc8c9ba1c16418644f.jpg,dataset-4,test
dataset-4_700292_jpg.rf.2dd1107719b2178a6cab87a737b4cdef.jpg,dataset-4,test
dataset-4_700304_jpg.rf.884fa1d271ec54ca52313447e2e8f453.jpg,dataset-4,test
dataset-4_85056_00_s_14_jpg.rf.3a50d0dee39edb10af684cd2581bcf7b.jpg,dataset-4,test
dataset-4_85056_00_s_1_jpg.rf.75cc73174ba0cb5d59724bb6bc446703.jpg,dataset-4,test
dataset-4_86_jpg.rf.072b195acc44198533016f0d40745310.jpg,dataset-4,test
dataset-4_8_jpg.rf.507a9c11b0051b400a3c569d48d64edf.jpg,dataset-4,test
dataset-4_968-9680159_pepsi-can-330ml-x-carbonated-soft-drinks_png_jpg.rf.b4d8f6a7c43f608050a6f1909822536e.jpg,dataset-4,test
dataset-4_9_jpg.rf.ebdff932c20fb731a4dab6a534a3df10.jpg,dataset-4,test
dataset-4_beverage_cans-378_jpg.rf.6816c7b3a139b8d37451c7284e242bbf.jpg,dataset-4,test
dataset-4_beverage_cans-848_jpg.rf.338a8ebeaa1fe530dda34f065e8d05c9.jpg,dataset-4,test
dataset-4_botellas-de-plastico-tiradas-la-basura-sobre-hierba-vertedero-en-el-bosque-concepto-residuos-y-alimentos-184562416_jpg.rf.b62eaec8bc85a190d2f6e5e142391e4c.jpg,dataset-4,test
dataset-4_bottle-1-_jpg.rf.28a50d5f25b5627350762ae3e0ca0201.jpg,dataset-4,test
dataset-4_bottle-13-_JPG_jpg.rf.5f1528755ee580a76fb78d03e70ab135.jpg,dataset-4,test
dataset-4_bottle-162-_JPG_jpg.rf.2c5f28c8676767f3ab744ba1bb5cb4c2.jpg,dataset-4,test
dataset-4_bottle-163-_JPG_jpg.rf.cfb68353519a4a91acfcc83b8b64efae.jpg,dataset-4,test
dataset-4_bottle-172-_JPG_jpg.rf.f39087d3b5cb372781dad92a1ea0e700.jpg,dataset-4,test
dataset-4_bottle-18-_JPG_jpg.rf.9598bd555083d1fd7c7aa050afd1a5d8.jpg,dataset-4,test
dataset-4_bottle-230-_JPG_jpg.rf.337225ed9400881a019f8662c14a73c0.jpg,dataset-4,test
dataset-4_bottle-231-_JPG_jpg.rf.2c2ae05fc4f456ef7418fbdc47738ffb.jpg,dataset-4,test
dataset-4_bottle-235-_JPG_jpg.rf.b186e571293d94cfdb6a45d77c3cbe6a.jpg,dataset-4,test
dataset-4_bottle-239-_JPG_jpg.rf.ec56d55d84e6bedd415860adc359ca1f.jpg,dataset-4,test
dataset-4_bottle-240-_JPG_jpg.rf.7a852e813eae2d03a7777eb16aa5d30e.jpg,dataset-4,test
dataset-4_bottle-248-_JPG_jpg.rf.fc2a1f12f14e3ef1c0b254e12da0fc02.jpg,dataset-4,test
dataset-4_bottle-272-_JPG_jpg.rf.29d49e79a415faa827f442a44fdf75df.jpg,dataset-4,test
dataset-4_bottle-28-_JPG_jpg.rf.8b726aceab3dd49e1d6f793e2413fd00.jpg,dataset-4,test
dataset-4_bottle-286-_JPG_jpg.rf.89dd15fd8484efdf40df08199d20cac7.jpg,dataset-4,test
dataset-4_bottle-287-_JPG_jpg.rf.7da8b65b3018220597f57bc49f1d12cc.jpg,dataset-4,test
dataset-4_bottle-288-_JPG_jpg.rf.becb46376d6fd4414caf6b74d3082d20.jpg,dataset-4,test
dataset-4_bottle-289-_JPG_jpg.rf.a60e7ea8d53a187bd57bee41128bd7ef.jpg,dataset-4,test
dataset-4_bottle-290-_JPG_jpg.rf.db32b313a4fc333b7667aa1a094be2a0.jpg,dataset-4,test
dataset-4_bottle-293-_JPG_jpg.rf.8b752e3a64078107e4e1bd7ac34a0124.jpg,dataset-4,test
dataset-4_bottle-294-_JPG_jpg.rf.70f6479fb1c3ba834c2e18285c29461d.jpg,dataset-4,test
dataset-4_bottle-295-_JPG_jpg.rf.a2fc1e5719985fce490f0205d48ff38e.jpg,dataset-4,test
dataset-4_bottle-296-_JPG_jpg.rf.71031eea0c6f99caec7011886fa6b20f.jpg,dataset-4,test
dataset-4_bottle-297-_JPG_jpg.rf.7981c60a0c7bd673ad2a7c114b6333a2.jpg,dataset-4,test
dataset-4_bottle-299-_JPG_jpg.rf.0ed61af3c7e83984898c04b6ff7a703a.jpg,dataset-4,test
dataset-4_bottle-3-_jpg.rf.8569987571bac5b98770f571df2400fa.jpg,dataset-4,test
dataset-4_bottle-301-_JPG_jpg.rf.8b10aac1db9b432bd508fdabdab11203.jpg,dataset-4,test
dataset-4_bottle-304-_JPG_jpg.rf.0ba3e15f80ef224b02feca75b1d13704.jpg,dataset-4,test
dataset-4_bottle-307-_JPG_jpg.rf.d62b56afed4102ae32afe1a1c1dd8dfc.jpg,dataset-4,test
dataset-4_bottle-308-_JPG_jpg.rf.1f06227fded6b6fa53bc13995a9ffff1.jpg,dataset-4,test
dataset-4_bottle-309-_JPG_jpg.rf.0f342d28ea62e6aaba92336ea695f54e.jpg,dataset-4,test
dataset-4_bottle-313-_JPG_jpg.rf.4017856b95822f3b95457c921f830b88.jpg,dataset-4,test
dataset-4_bottle-314-_JPG_jpg.rf.133882ff7a7ce950c23cc778e28302fa.jpg,dataset-4,test
dataset-4_bottle-320-_JPG_jpg.rf.7d6a553706025d99902f8c1f5308e0ab.jpg,dataset-4,test
dataset-4_bottle-321-_JPG_jpg.rf.f2a827b2e5564f193cc123df43a1af64.jpg,dataset-4,test
dataset-4_bottle-322-_JPG_jpg.rf.bd32756d04685ad19cea6348a0e3c4cd.jpg,dataset-4,test
dataset-4_bottle-324-_JPG_jpg.rf.2fd00c496b378eb524843e42ff5a0466.jpg,dataset-4,test
dataset-4_bottle-327-_JPG_jpg.rf.9df0b60b782d972ad548503f4db5e5fc.jpg,dataset-4,test
dataset-4_bottle-328-_JPG_jpg.rf.85e06655946d908c7717e2890bd5d6fb.jpg,dataset-4,test
dataset-4_bottle-329-_JPG_jpg.rf.398fa5f7a1de5d6957c9c6e98d57dd6d.jpg,dataset-4,test
dataset-4_bottle-33-_JPG_jpg.rf.927606deca532767064772d4b45fd91f.jpg,dataset-4,test
dataset-4_bottle-335-_JPG_jpg.rf.8fc4d74d47e42ccd8a0279ab95aafc1b.jpg,dataset-4,test
dataset-4_bottle-336-_JPG_jpg.rf.455553700d195a41704f906cfd856ae3.jpg,dataset-4,test
dataset-4_bottle-337-_JPG_jpg.rf.ff049e5b31297a6b1d3273c5c15eabe4.jpg,dataset-4,test
dataset-4_bottle-338-_JPG_jpg.rf.7979ec9049ea2dbdb9b1315588855ab7.jpg,dataset-4,test
dataset-4_bottle-343-_JPG_jpg.rf.248d8cb6418285ad7aa4e3cc4d2ea92b.jpg,dataset-4,test
dataset-4_bottle-344-_JPG_jpg.rf.92b8d8d504b8d77c054528cc461f731b.jpg,dataset-4,test
dataset-4_bottle-346-_JPG_jpg.rf.c17b9ba266a01c60f9a3d8dc025f3f94.jpg,dataset-4,test
dataset-4_bottle-348-_JPG_jpg.rf.d63c7d53e157195a9a528afe128f2443.jpg,dataset-4,test
dataset-4_bottle-352-_JPG_jpg.rf.78ba06a18c6eab59e9d24648b21b6d6f.jpg,dataset-4,test
dataset-4_bottle-353-_JPG_jpg.rf.ca254f46d8d92da56157f012561c8a93.jpg,dataset-4,test
dataset-4_bottle-354-_JPG_jpg.rf.489d4e25ae8a5afb1a71edcfbe47737b.jpg,dataset-4,test
dataset-4_bottle-363-_JPG_jpg.rf.689983817970db3d9f2a6b0dac5864e8.jpg,dataset-4,test
dataset-4_bottle-364-_JPG_jpg.rf.c92061059534e37890ef335067226920.jpg,dataset-4,test
dataset-4_bottle-369-_JPG_jpg.rf.ec09d2f52748313bf7042ff6423f3afd.jpg,dataset-4,test
dataset-4_bottle-370-_JPG_jpg.rf.cacb7099ce83b2bc6245a10b158c76dc.jpg,dataset-4,test
dataset-4_bottle-371-_JPG_jpg.rf.cf9dfc2c3f5ec743f9f76ff3d8c7077e.jpg,dataset-4,test
dataset-4_bottle-374-_JPG_jpg.rf.60904c8b18dcb240c5abe3ce848e308a.jpg,dataset-4,test
dataset-4_bottle-376-_JPG_jpg.rf.e707ad8a790ef740122e2159086b2b34.jpg,dataset-4,test
dataset-4_bottle-377-_JPG_jpg.rf.834eb41ec310e804ee108b8e1de17ba1.jpg,dataset-4,test
dataset-4_bottle-378-_JPG_jpg.rf.03e060f95f1ad6bfad9d31250d1d353e.jpg,dataset-4,test
dataset-4_bottle-379-_JPG_jpg.rf.5ddf9dcc4fb269d56732b1ca4849513d.jpg,dataset-4,test
dataset-4_bottle-380-_JPG_jpg.rf.2822d218fca2206d2655582a43ea4b24.jpg,dataset-4,test
dataset-4_bottle-388-_JPG_jpg.rf.7cf8b3291aa28aca4a5bbe9651b9bd9d.jpg,dataset-4,test
dataset-4_bottle-389-_JPG_jpg.rf.a2cd569a4493f6aad5d24b7b32c76fa9.jpg,dataset-4,test
dataset-4_bottle-39-_JPG_jpg.rf.8d8c9064a890b49a916758b417667cf1.jpg,dataset-4,test
dataset-4_bottle-390-_JPG_jpg.rf.82934d59577ff0538dbc07dadbe2c6f3.jpg,dataset-4,test
dataset-4_bottle-391-_JPG_jpg.rf.0a746ae368fe6e7d0919ea62a4eefb29.jpg,dataset-4,test
dataset-4_bottle-392-_JPG_jpg.rf.01f91803d7af18244cdbf5eebfe95d49.jpg,dataset-4,test
dataset-4_bottle-395-_JPG_jpg.rf.c3e57b19d1f43e2548c3da884681ee2c.jpg,dataset-4,test
dataset-4_bottle-396-_JPG_jpg.rf.4bd4618f0cbe1a9b04e8ec3e6df3e757.jpg,dataset-4,test
dataset-4_bottle-397-_JPG_jpg.rf.bd28808a552ecdf8e3e14bd75cee874c.jpg,dataset-4,test
dataset-4_bottle-398-_JPG_jpg.rf.2dcd9ee872bda26cf97b40fb80bae939.jpg,dataset-4,test
dataset-4_bottle-399-_JPG_jpg.rf.a9a8b2c1a9cbe1f63e5b65e0017d8874.jpg,dataset-4,test
dataset-4_bottle-4-_jpg.rf.2274ec46fd026443f82ae8acd50225c9.jpg,dataset-4,test
dataset-4_bottle-40-_JPG_jpg.rf.56314d497d0b9e0147ee1e6d8fce6a6e.jpg,dataset-4,test
dataset-4_bottle-401-_JPG_jpg.rf.64b450aed35462fe8cfe65f757865802.jpg,dataset-4,test
dataset-4_bottle-402-_JPG_jpg.rf.5551d202c84688abc486e5920f625508.jpg,dataset-4,test
dataset-4_bottle-404-_JPG_jpg.rf.952803277a5a5cf29e9013541f14ed8d.jpg,dataset-4,test
dataset-4_bottle-406-_JPG_jpg.rf.43f5843d5a43b9816f55ad1d8f15de29.jpg,dataset-4,test
dataset-4_bottle-407-_JPG_jpg.rf.6e8b1b0b6f11a4b4c4f6be70dfca9149.jpg,dataset-4,test
dataset-4_bottle-408-_JPG_jpg.rf.334265147dc3339c6229d8806cc53e6f.jpg,dataset-4,test
dataset-4_bottle-41-_JPG_jpg.rf.95e1d82d11a30deccde7775e79614090.jpg,dataset-4,test
dataset-4_bottle-410-_JPG_jpg.rf.03f1f9f8dc00609062e907190a49e557.jpg,dataset-4,test
dataset-4_bottle-411-_JPG_jpg.rf.283339ec54482fb32f8e6c9174225ef1.jpg,dataset-4,test
dataset-4_bottle-413-_JPG_jpg.rf.9ef2e03b45d416b65a23b12f9bb1bdbb.jpg,dataset-4,test
dataset-4_bottle-417-_JPG_jpg.rf.929c6d0b79a2798fad4bb86cce6328f9.jpg,dataset-4,test
dataset-4_bottle-418-_JPG_jpg.rf.d4f3e8c5f8d9ebd51b3fed51aff7f62f.jpg,dataset-4,test
dataset-4_bottle-419-_JPG_jpg.rf.760643bd85be852586f666a562b123e9.jpg,dataset-4,test
dataset-4_bottle-421-_JPG_jpg.rf.ce02ba59534e66939674292a6fecc56a.jpg,dataset-4,test
dataset-4_bottle-425-_JPG_jpg.rf.ef6d44e18c53344f91bb6f8b9bc81840.jpg,dataset-4,test
dataset-4_bottle-427-_JPG_jpg.rf.22f757f271c416e5ac03cd6de12cca74.jpg,dataset-4,test
dataset-4_bottle-429-_JPG_jpg.rf.afda8622556fe3cfc029247b7d9aa27f.jpg,dataset-4,test
dataset-4_bottle-431-_JPG_jpg.rf.b52b2bdedf0823a2ca5dc76001d97103.jpg,dataset-4,test
dataset-4_bottle-433-_JPG_jpg.rf.c5cfbe9c6d35300e00a1e695ba94a135.jpg,dataset-4,test
dataset-4_bottle-436-_JPG_jpg.rf.eeeb08ada48602b23a3b2f6c64398949.jpg,dataset-4,test
dataset-4_bottle-439-_JPG_jpg.rf.4df09bf4af6eb1c1546f08de5d379e26.jpg,dataset-4,test
dataset-4_bottle-441-_JPG_jpg.rf.6ed093803ba45ba2ad13b462c5b682ed.jpg,dataset-4,test
dataset-4_bottle-442-_JPG_jpg.rf.7cf0effbfa706a653135a510b8f3b773.jpg,dataset-4,test
dataset-4_bottle-443-_JPG_jpg.rf.a971ab4e7c5dd0f014ab0d5c730086cd.jpg,dataset-4,test
dataset-4_bottle-445-_JPG_jpg.rf.f42cc3713f655c550be08bb2c2a9d411.jpg,dataset-4,test
dataset-4_bottle-450-_JPG_jpg.rf.ea0eb70589d1239a4e70c9024d6d0c6a.jpg,dataset-4,test
dataset-4_bottle-453-_JPG_jpg.rf.8b508485ca2c026f5004fda30c766c36.jpg,dataset-4,test
dataset-4_bottle-454-_JPG_jpg.rf.1014b5f6b7892de19c4c91065fa1c7bd.jpg,dataset-4,test
dataset-4_bottle-455-_JPG_jpg.rf.a7fac272ade3f82dc346c4b7ff791b47.jpg,dataset-4,test
dataset-4_bottle-456-_JPG_jpg.rf.9bf0de6774d22415e2042b53a9f73e42.jpg,dataset-4,test
dataset-4_bottle-457-_JPG_jpg.rf.eaa0ca87fb1adb4fe58a083fcf3199b2.jpg,dataset-4,test
dataset-4_bottle-461-_JPG_jpg.rf.445c9655d593924760560fbb69d6ec17.jpg,dataset-4,test
dataset-4_bottle-462-_JPG_jpg.rf.234484d3ab726de68c75032966a889a5.jpg,dataset-4,test
dataset-4_bottle-464-_JPG_jpg.rf.7b573920fa91f43c0379afdec40d5ee9.jpg,dataset-4,test
dataset-4_bottle-466-_JPG_jpg.rf.3749f21922a1d7906ee84f5065e30beb.jpg,dataset-4,test
dataset-4_bottle-467-_JPG_jpg.rf.d205bbcb911a6faeb7c856753c9c0715.jpg,dataset-4,test
dataset-4_bottle-468-_JPG_jpg.rf.9227c8fa2a03b94967ebfc70d7f85c97.jpg,dataset-4,test
dataset-4_bottle-469-_JPG_jpg.rf.3ffa413991807ef83fbbe4f662c02326.jpg,dataset-4,test
dataset-4_bottle-471-_JPG_jpg.rf.f4c7f72e376beed96b6651483dd5ede6.jpg,dataset-4,test
dataset-4_bottle-472-_JPG_jpg.rf.21d44e5a8d5c59637ed9ffe44042f74f.jpg,dataset-4,test
dataset-4_bottle-473-_JPG_jpg.rf.b8d5c49d445e635288b9a85fbe01c38b.jpg,dataset-4,test
dataset-4_bottle-474-_JPG_jpg.rf.7aa840266b012e90b0d03f093c650784.jpg,dataset-4,test
dataset-4_bottle-476-_JPG_jpg.rf.ee11baeda707cbd52b949bf56a4af293.jpg,dataset-4,test
dataset-4_bottle-477-_JPG_jpg.rf.30d5037815f607d8feea9809876b5ae9.jpg,dataset-4,test
dataset-4_bottle-48-_JPG_jpg.rf.d7c9ed2be46b1190aefb8f7272d2d5ec.jpg,dataset-4,test
dataset-4_bottle-481-_JPG_jpg.rf.63ca9d7ecca1cfa24cff13719937268b.jpg,dataset-4,test
dataset-4_bottle-483-_JPG_jpg.rf.6c5a9374df2e5da37a92bd62ad864f58.jpg,dataset-4,test
dataset-4_bottle-484-_JPG_jpg.rf.5824cb8b520fde069d31f64891b0b7fe.jpg,dataset-4,test
dataset-4_bottle-485-_JPG_jpg.rf.ed3ba28c2dd35ed60d2b93a7d0b1ecf8.jpg,dataset-4,test
dataset-4_bottle-486-_JPG_jpg.rf.08a88bae2ccadf972d3215cb8026027e.jpg,dataset-4,test
dataset-4_bottle-487-_JPG_jpg.rf.84daa59c85c73e119899f09db27cccb7.jpg,dataset-4,test
dataset-4_bottle-491-_JPG_jpg.rf.64778f7d4e3707bccd26ecec474781d9.jpg,dataset-4,test
dataset-4_bottle-493-_JPG_jpg.rf.b2fcf9e540682fbc60a107c11cfd542e.jpg,dataset-4,test
dataset-4_bottle-494-_JPG_jpg.rf.043fbc1d1c18c22656a6bca8d6b64f3e.jpg,dataset-4,test
dataset-4_bottle-496-_JPG_jpg.rf.fd1ad4d41c5c9c9e8023ddd6e54cc84f.jpg,dataset-4,test
dataset-4_bottle-497-_JPG_jpg.rf.632e3c30a0823dc1d997121fba0ff645.jpg,dataset-4,test
dataset-4_bottle-499-_JPG_jpg.rf.10d6c795608b83ab60f4ca428345a793.jpg,dataset-4,test
dataset-4_bottle-504-_JPG_jpg.rf.4a0573fbb871ab057a77ce567b9bf8cb.jpg,dataset-4,test
dataset-4_bottle-506-_JPG_jpg.rf.264a72aac01092bdfbdec06d1a17e522.jpg,dataset-4,test
dataset-4_bottle-510-_JPG_jpg.rf.27fbe57e09294167814505cefef7c7d7.jpg,dataset-4,test
dataset-4_bottle-513-_JPG_jpg.rf.9c9ce544d02ab1c434f5fd5b6a1b0307.jpg,dataset-4,test
dataset-4_bottle-514-_JPG_jpg.rf.65fd1c5fb9da7c25990f46c83c480273.jpg,dataset-4,test
dataset-4_bottle-523-_JPG_jpg.rf.b5dba8e79a784e42ec2af9141fd30c07.jpg,dataset-4,test
dataset-4_bottle-524-_JPG_jpg.rf.f5817f03e2eedf5e5b580b83ce280be7.jpg,dataset-4,test
dataset-4_bottle-526-_JPG_jpg.rf.4b79aa9d437899ae257a1012773bff85.jpg,dataset-4,test
dataset-4_bottle-527-_JPG_jpg.rf.704a7a48aed5ec6459752357f195aedf.jpg,dataset-4,test
dataset-4_bottle-539-_JPG_jpg.rf.8c8fe0ac3a82dd14802ecbb00c4d38bb.jpg,dataset-4,test
dataset-4_bottle-54-_JPG_jpg.rf.92cdbe12e011ea6693715c3a937d46a2.jpg,dataset-4,test
dataset-4_bottle-540-_JPG_jpg.rf.60145fe3b0d424b3379e89477e6c3b45.jpg,dataset-4,test
dataset-4_bottle-541-_JPG_jpg.rf.b0f273722adc88282c682f1b47395a82.jpg,dataset-4,test
dataset-4_bottle-542-_JPG_jpg.rf.13e310f3b337ca9901b7752e6e57d2aa.jpg,dataset-4,test
dataset-4_bottle-543-_JPG_jpg.rf.acaa3312f7dce379b0109119c2d777bd.jpg,dataset-4,test
dataset-4_bottle-544-_JPG_jpg.rf.b6508b51d66d24acaf686775e4681088.jpg,dataset-4,test
dataset-4_bottle-545-_JPG_jpg.rf.e1f8a1cf72afe3b6e41a1e4c64c91c5e.jpg,dataset-4,test
dataset-4_bottle-546-_JPG_jpg.rf.61104e4a5f878df54155390f9e6babd4.jpg,dataset-4,test
dataset-4_bottle-548-_JPG_jpg.rf.7f80cc182441d738f74d1efa66e5982d.jpg,dataset-4,test
dataset-4_bottle-549-_JPG_jpg.rf.93450c693129d9a139feffad98c4775d.jpg,dataset-4,test
dataset-4_bottle-550-_JPG_jpg.rf.90ce108afd57687a1bce86640236ccea.jpg,dataset-4,test
dataset-4_bottle-554-_JPG_jpg.rf.58573bccdd5dc965c096b7abf64f9bba.jpg,dataset-4,test
dataset-4_bottle-562-_JPG_jpg.rf.6d2ff763a8781445c6250d3b88461a66.jpg,dataset-4,test
dataset-4_bottle-563-_JPG_jpg.rf.50248d1ac924a9299e3a7ccd72ca0c84.jpg,dataset-4,test
dataset-4_bottle-569-_JPG_jpg.rf.db159b45aa64a6322897753da1784105.jpg,dataset-4,test
dataset-4_bottle-571-_JPG_jpg.rf.46f8de4bbd10a4ae927dac553aa44c3c.jpg,dataset-4,test
dataset-4_bottle-573-_JPG_jpg.rf.b715db8658f246bf82e2aa7f58f666d2.jpg,dataset-4,test
dataset-4_bottle-574-_JPG_jpg.rf.a0222a0d8bd799e8b26e7f4cc091372a.jpg,dataset-4,test
dataset-4_bottle-577-_JPG_jpg.rf.00076cb31f223c8273e4f26eccb2b2d4.jpg,dataset-4,test
dataset-4_bottle-6-_jpg.rf.13ef2db62d6136d9a08518288c95f0ac.jpg,dataset-4,test
dataset-4_bottle-609-_JPG_jpg.rf.9fa8badad10f87e2925cac1f6a61c310.jpg,dataset-4,test
dataset-4_bottle-610-_JPG_jpg.rf.97fd7e850206ed9a6f8d31b1720fa2c3.jpg,dataset-4,test
dataset-4_bottle-662-_JPG_jpg.rf.3fe56337a84494646cf14531c3ea81d3.jpg,dataset-4,test
dataset-4_bottle-677-_JPG_jpg.rf.ad9a075e4a5c776a970d16d443e2bbce.jpg,dataset-4,test
dataset-4_bottle-690-_JPG_jpg.rf.711d9b01d2e28d34180ed41625f42d55.jpg,dataset-4,test
dataset-4_bottle-701-_JPG_jpg.rf.cffc8827ab88fdfbe17162462b28af2b.jpg,dataset-4,test
dataset-4_bottle-709-_jpg.rf.deb5b0a859cf25896ba532c5f8c00776.jpg,dataset-4,test
dataset-4_bottle-714-_jpg.rf.77fa77baa52f54714ddf4e82dd5c913f.jpg,dataset-4,test
dataset-4_bottle-715-_jpg.rf.d63ec87d78bf475cd55a228e535899e2.jpg,dataset-4,test
dataset-4_bottle-721-_jpg.rf.b2a26c3aa2d6c8ec1607a81dc7951064.jpg,dataset-4,test
dataset-4_bottle-752-_jpg.rf.a46117beb32b2b64fe90cc6a3d146d09.jpg,dataset-4,test
dataset-4_bottle-754-_jpg.rf.50bd933316ad71ed159e5e86afe32334.jpg,dataset-4,test
dataset-4_bottle-755-_jpg.rf.62af73e9646d20954ca5d0341e27ebbb.jpg,dataset-4,test
dataset-4_bottle-765-_jpg.rf.e458973366accc80cff6d87d4619ad1c.jpg,dataset-4,test
dataset-4_bottle-77-_JPG_jpg.rf.f84f2cc8df2eedb0abc5564261937b06.jpg,dataset-4,test
dataset-4_bottle-78-_JPG_jpg.rf.93bb278ccf7cbf0f69190238a35653ed.jpg,dataset-4,test
dataset-4_bottle-784-_jpg.rf.f3f010bf6a8c6935096941cca2adf733.jpg,dataset-4,test
dataset-4_bottle-785-_jpg.rf.018fd96e8b091d21dd923fa46232e236.jpg,dataset-4,test
dataset-4_bottle-792-_jpg.rf.0e68e5c83df4bde00596612c8ec94be4.jpg,dataset-4,test
dataset-4_bottle-99-_JPG_jpg.rf.3b1705d3e4a862b8c5c6ef2bc1621264.jpg,dataset-4,test
dataset-4_can-20-217-_jpg.rf.cb8291baa8bb3b0092a9af4e80b88fa3.jpg,dataset-4,test
dataset-4_can-20-229-_jpg.rf.019deb126616f3251069cb4ae9bda0bc.jpg,dataset-4,test
dataset-4_can-20-259-_jpg.rf.58a8495cc0e73fa8daad304cb0ad71c3.jpg,dataset-4,test
dataset-4_conserve_can-01_jpg.rf.d581733c9ccf19db2711ab407b1c2b32.jpg,dataset-4,test
dataset-4_cropped-Sustain-bottle-1-_png_jpg.rf.323079bc70a48c0a6169c2b871f5add8.jpg,dataset-4,test
dataset-4_crushed_can-057_jpg.rf.bbd7462cc07019cdd7b7bcf6e2a27f7b.jpg,dataset-4,test
dataset-4_ezik_teneke-08_jpg.rf.362c43d51787988cdaec92b7bc5547bd.jpg,dataset-4,test
dataset-4_garbage-empty-plastic-bottle-on-the-ground-CX0P6W_jpg.rf.0cdf32f42f170cf1b37d3ec5cc832859.jpg,dataset-4,test
dataset-4_gm-86c12f8c-a798-4482-a6ab-d3232956548b-lidl-water-bottle-infographic_png_jpg.rf.01e3c0729e6bcc18dfeac58b3348756d.jpg,dataset-4,test
dataset-4_images-12_jpeg_jpg.rf.0ea5d9e47feae27c8b1803fe170c67b3.jpg,dataset-4,test
dataset-4_IMG_-1003-_JPG_jpg.rf.34d6e70fa07e97e89a57bab6f2d395d8.jpg,dataset-4,test
dataset-4_IMG_2686_jpg.rf.3e0543180da14c5d7c32970d61c11871.jpg,dataset-4,test
dataset-4_IMG_2710_jpg.rf.70c6d6b7830ebcc6f798a93a2f4f946d.jpg,dataset-4,test
dataset-4_istockphoto-1194298151-612x612_jpg.rf.b11ccaaeaf21a24e40720f89e14acbff.jpg,dataset-4,test
dataset-4_istockphoto-492152678-612x612_jpg.rf.b606d36f156cf6d948286f3383e450cb.jpg,dataset-4,test
dataset-4_Mega_211_jpg.rf.9c55a1ebae4e35cd51967e99a763b348.jpg,dataset-4,test
dataset-4_metal103_jpg.rf.fa66e23a86b89d7d54c88c7d7d9d5d1f.jpg,dataset-4,test
dataset-4_metal10_jpg.rf.61dded471614bb5b912d83aca97a7309.jpg,dataset-4,test
dataset-4_metal1313_jpg.rf.1354873f0dbc393ed013c6f3b9a2f5c0.jpg,dataset-4,test
dataset-4_metal1318_jpg.rf.85f26ee730f32d1dc5939f01a7c4d316.jpg,dataset-4,test
dataset-4_metal1324_jpg.rf.d76d0668920a51959236c58ecd38bd4f.jpg,dataset-4,test
dataset-4_metal1396_jpg.rf.3dfa147e994226d2e5c32d5062f6a75c.jpg,dataset-4,test
dataset-4_metal13_jpg.rf.27fc74079ef6105fd08eb1b181da1ad5.jpg,dataset-4,test
dataset-4_metal1401_jpg.rf.8f7d86314a01cff9b70a1096b5e8337c.jpg,dataset-4,test
dataset-4_metal1438_jpg.rf.d513dcd46d178469c46524299354694c.jpg,dataset-4,test
dataset-4_metal14_jpg.rf.c584cb4b12ef4f6b1e63d4d52f4f1665.jpg,dataset-4,test
dataset-4_metal1631_jpg.rf.fec38bcef34b16c65ffb828c0dc95cba.jpg,dataset-4,test
dataset-4_metal200_jpg.rf.8b40d837cf41a9f91790367c0325b524.jpg,dataset-4,test
dataset-4_metal200_jpg.rf.e22e661142ed52ae495a3f4310b7b6b8.jpg,dataset-4,test
dataset-4_metal217_jpg.rf.a4b8847b3ffda57af355d96d7928586a.jpg,dataset-4,test
dataset-4_metal221_jpg.rf.d3e554d91a85d85706a51d885bc1fb27.jpg,dataset-4,test
dataset-4_metal234_jpg.rf.5480bb31847e6387946fda730efc5275.jpg,dataset-4,test
dataset-4_metal235_jpg.rf.7a0a849330305208b5ac185751f70c7d.jpg,dataset-4,test
dataset-4_metal254_jpg.rf.933942dc45a4a1f69b66cb21572a294b.jpg,dataset-4,test
dataset-4_metal254_jpg.rf.c6d66511e3ac7b9d8f9dff7e9677ddba.jpg,dataset-4,test
dataset-4_metal274_jpg.rf.5a48aa42573a1483d312170e3c49591d.jpg,dataset-4,test
dataset-4_metal276_jpg.rf.8028dc1283e36f1ab510e8ef2a4b19cd.jpg,dataset-4,test
dataset-4_metal29_jpg.rf.2720594ac0e5bc4d5347a4c0e46c8148.jpg,dataset-4,test
dataset-4_metal307_jpg.rf.0757e8e5410c8fab90c5eddd0cdd12c7.jpg,dataset-4,test
dataset-4_metal313_jpg.rf.ec5b57c437c41da60ab2a2815183966a.jpg,dataset-4,test
dataset-4_metal314_jpg.rf.2bac4c1034ab6a18d1a067c2b61705d6.jpg,dataset-4,test
dataset-4_metal318_jpg.rf.4d243a08e829079d9e00744818cf45bb.jpg,dataset-4,test
dataset-4_metal320_jpg.rf.0aee2cfd2df299e1fb82af5b31bdea48.jpg,dataset-4,test
dataset-4_metal332_jpg.rf.c6e6b23b07fbaca96a424709711e2564.jpg,dataset-4,test
dataset-4_metal337_jpg.rf.8766f2b4f6ce7dc27d42b5ae36ae83d3.jpg,dataset-4,test
dataset-4_metal340_jpg.rf.b32700ecb9c4356831f3fc282a50cf90.jpg,dataset-4,test
dataset-4_metal344_jpg.rf.033787683e6870da3dcd3a6937f09222.jpg,dataset-4,test
dataset-4_metal360_jpg.rf.20da667607ee3668a8caa0f39f4dda56.jpg,dataset-4,test
dataset-4_metal366_jpg.rf.722b8a9f5750f33264b7834bbeec186d.jpg,dataset-4,test
dataset-4_metal375_jpg.rf.f0253720ee7eebec95304a65847eeb8c.jpg,dataset-4,test
dataset-4_metal38_jpg.rf.4a81f6f575d5f5ff71dab6ef08e95edb.jpg,dataset-4,test
dataset-4_metal405_jpg.rf.c16846bde7491ab5483abfb6d14885cd.jpg,dataset-4,test
dataset-4_metal410_jpg.rf.0d4f28c061a23c1e6c98404ee7f41a29.jpg,dataset-4,test
dataset-4_metal413_jpg.rf.48cce09ab8c858d00ee7b421b7c7df3a.jpg,dataset-4,test
dataset-4_metal413_jpg.rf.e442efe59d9da1b02b0a23025e7986a2.jpg,dataset-4,test
dataset-4_metal481_jpg.rf.169fb0d77dd24bd15765f12babcbaf34.jpg,dataset-4,test
dataset-4_metal48_jpg.rf.5f6d906a12bc255fe706b492eaa2f76b.jpg,dataset-4,test
dataset-4_metal52_jpg.rf.27e5f8fc1dea134843b5d8d13fa80297.jpg,dataset-4,test
dataset-4_metal53_jpg.rf.7c41a215e0334a24cbea9bee5bdb70f1.jpg,dataset-4,test
dataset-4_metal569_jpg.rf.51e97f21b376e7ff7b51a35a76b3547f.jpg,dataset-4,test
dataset-4_metal590_jpg.rf.d378f2f3ce1cf0259f891c4f2d86d6d6.jpg,dataset-4,test
dataset-4_metal5_jpg.rf.38faee1da97c0c648ddd441a6868afa8.jpg,dataset-4,test
dataset-4_metal628_jpg.rf.80975bd74cf2d0eefb2b1404a24b8b7c.jpg,dataset-4,test
dataset-4_metal634_jpg.rf.bf3fb169b470df366588506d7a6a59f2.jpg,dataset-4,test
dataset-4_metal7_jpg.rf.89a98d2dc0cd12d63c7a18059efc0d03.jpg,dataset-4,test
dataset-4_metal95_jpg.rf.b9d59d71fd6100831c25461bf4d24d8f.jpg,dataset-4,test
dataset-4_Metal_310_jpg.rf.8000327589d2dd2618d516e432299d85.jpg,dataset-4,test
dataset-4_P_20220709_162215_jpg.rf.2866acafdc09c13c3df3a6e71d8d5929.jpg,dataset-4,test
dataset-4_P_20220709_163707_jpg.rf.5fe5df5dbe360f2b2ba4fa78fbc4631b.jpg,dataset-4,test
dataset-4_P_20220709_163810_jpg.rf.072a31832c86d2d4a80ce8d3b25066a8.jpg,dataset-4,test
dataset-4_P_20220709_164321_jpg.rf.23f9f17f44b936094a7d18df51460039.jpg,dataset-4,test
dataset-4_plastic-419-_JPG_jpg.rf.6e33dcfd84a29bde9ec1e7a4be06885c.jpg,dataset-4,test
dataset-4_plastic-bottle-12007493_jpg.rf.3159d73a8e016b3b03d8ed6bc7da3d04.jpg,dataset-4,test
dataset-4_plastic-bottle-drinking-water-littering-street-ground-floor-green-park-group-people-walking-way-nature-background-150832923_jpg.rf.6aee82509a1f15d309e903a60bc34c3c.jpg,dataset-4,test
dataset-4_Plastic-water-bottles-1-Pixabay_jpg.rf.d9bc143953542bd880abde4d273ee081.jpg,dataset-4,test
dataset-4_plasticbottle-14-_jpg.rf.a57227a7bd484046cf5f4a7aea4227c4.jpg,dataset-4,test
dataset-4_plasticbottle-171-_jpg.rf.3d65afd52722fe52397ed7010b0dc2e6.jpg,dataset-4,test
dataset-4_plasticbottle-192-_jpg.rf.b0e9ec59b8081d443530d44d993a9915.jpg,dataset-4,test
dataset-4_plasticbottle-360-_jpg.rf.af08dfe54ce5b237f1a2226f72d505ae.jpg,dataset-4,test
dataset-4_plasticbottle-361-_jpg.rf.fe855b583ec6e229189fbc131114faae.jpg,dataset-4,test
dataset-4_plasticbottle-366-_jpg.rf.5df50133326a3a5073a578bdd5f65198.jpg,dataset-4,test
dataset-4_plasticbottle-367-_jpg.rf.2dfbdad11ad6be6ca0980eab8f7c14f7.jpg,dataset-4,test
dataset-4_plasticbottle-387-_jpg.rf.ac37f8de2c68915e31d88ed65ae45ebe.jpg,dataset-4,test
dataset-4_plasticbottle-402-_jpg.rf.00d88261df251b76a4c829941df86f19.jpg,dataset-4,test
dataset-4_plasticbottle-406-_jpg.rf.4474c98e196147fc6e83f0f3da0f2cc1.jpg,dataset-4,test
dataset-4_plasticbottle-5-_jpg.rf.ad57fc9ffc355cf67edbf7ec76286079.jpg,dataset-4,test
dataset-4_plasticbottle-534-_jpg.rf.346d02a0acfac66c40752c5f8e3e70d6.jpg,dataset-4,test
dataset-4_plasticbottle-6-_jpg.rf.4f8b2f30870b17060944a17304fb4cf2.jpg,dataset-4,test
dataset-4_png-clipart-water-bottle-water-bottle_png_jpg.rf.001d666f744f9b29880760ac3362cf8a.jpg,dataset-4,test
dataset-4_prod-20210107-2040154710673891208371735-jpg-500x500_jpg.rf.888ac99717d26198947877699323b9ff.jpg,dataset-4,test
dataset-4_R_2684_jpg.rf.496f8422bbc19fdde3d51093e19c8cd9.jpg,dataset-4,test
dataset-4_somr_jpg.rf.7fdffdc30d489726eaa402b2a7a3d083.jpg,dataset-4,test
dataset-4_teneke_kutu-035_png_jpg.rf.dab23add5a0a35faea1183b3239df5de.jpg,dataset-4,test
dataset-4_teneke_kutu-140_jpg.rf.5dfaa990927509152d100034b8b35f23.jpg,dataset-4,test
dataset-4_teneke_kutu-173_jpg.rf.fc192e68ab72829052f74b1e108dd47c.jpg,dataset-4,test
dataset-4_teneke_kutu-231_jpg.rf.19bebffe5878532a53b407e0cad20b61.jpg,dataset-4,test
dataset-4_teneke_kutu-271_jpg.rf.c75389d497c63eb14bbe5e25088bb1d2.jpg,dataset-4,test
dataset-4_teneke_kutu-273_jpg.rf.3a53aa17d79914b6319ffc0642b257b0.jpg,dataset-4,test
dataset-4_teneke_kutu-273_jpg.rf.486afdcc2b0caeeaca1c63c10ad6e85e.jpg,dataset-4,test
dataset-4_teneke_kutu-277_jpg.rf.737c6ba5c3be61f30110dde974a39f43.jpg,dataset-4,test
dataset-4_teneke_kutu-280_jpg.rf.3522fbd39e6a1b9b25bb22fc74d85098.jpg,dataset-4,test
dataset-4_teneke_kutu-397_jpg.rf.8dd6c9a2e0a1d23e129b3b641d207bae.jpg,dataset-4,test
dataset-4_teneke_kutu-425_jpg.rf.2446c227f70a86daec8633030d03ae8b.jpg,dataset-4,test
dataset-4_volunteer-collecting-bottles-forest-environment-2568889_jpg.rf.a68b145c62dab8c0318916724e7240e0.jpg,dataset-4,test
dataset-4_wasted-empty-plastic-bag-green-grass-field-empty-plastic-bottle-trashed-green-field-172624118_jpg.rf.48fcc38cf5064fc1ad6ceff9519c4a78.jpg,dataset-4,test
dataset-4_water-bottles_png_jpg.rf.93e2f1eebb09cbb6f16206ce25d884ed.jpg,dataset-4,test
dataset-4_WhatsApp-Image-2022-02-11-at-6-30-09-PM_jpeg_jpg.rf.068fd34bf08caa33fe5ec1b0680c7ba2.jpg,dataset-4,test
dataset-4_WhatsApp-Image-2023-01-24-at-12-37-25-PM_jpeg_jpg.rf.e78fe02f870b058af61a65312d77284b.jpg,dataset-4,test
dataset-4_z1011_101_11zon_jpg.rf.661fb9660d060540d0dfcce046e3c620.jpg,dataset-4,test
dataset-5_images-10-_jpg.rf.41939bfa36dbfcdae1c63c1c2d729ff0.jpg,dataset-5,train
dataset-5_images-100-_jpg.rf.5842cfa8a3717577672d7af739b57769.jpg,dataset-5,train
dataset-5_images-101-_jpg.rf.92b3145301c145162c898feb3400e72e.jpg,dataset-5,train
dataset-5_images-102-_jpg.rf.9452b8d3ebfb66a1b1341a673a02aa95.jpg,dataset-5,train
dataset-5_images-103-_jpg.rf.6eb1226175fa6fdf49a67b965d3235bb.jpg,dataset-5,train
dataset-5_images-104-_jpeg.rf.12fcfcf2c35c697e8e2cb20b6fcf3945.jpg,dataset-5,train
dataset-5_images-105-_jpg.rf.2f69a0089712b7dd4108811ae1067448.jpg,dataset-5,train
dataset-5_images-107-_jpg.rf.25e653fe7b2361f49ed5c313149e4de9.jpg,dataset-5,train
dataset-5_images-109-_jpeg.rf.4787511090c3df340704266de0394143.jpg,dataset-5,train
dataset-5_images-109-_jpg.rf.0ae4c127cc0c1589529da2cf08b45c98.jpg,dataset-5,train
dataset-5_images-11-_jpg.rf.e3887cd8775ac20fb30b77dd30739cea.jpg,dataset-5,train
dataset-5_images-110-_jpg.rf.1a87d19b362cd67b4caf571f793f79e0.jpg,dataset-5,train
dataset-5_images-113-_jpg.rf.9ae14d187d984d2c34f9ab1beb962657.jpg,dataset-5,train
dataset-5_images-114-_jpg.rf.1466daacad789d0e0c2cecd7f49505e3.jpg,dataset-5,train
dataset-5_images-116-_jpg.rf.8204a827a313c013c4230d37b47f2750.jpg,dataset-5,train
dataset-5_images-116-_jpg.rf.c068b2b5e5d2f0bebb7d11db694116d7.jpg,dataset-5,train
dataset-5_images-117-_jpg.rf.920e0e590249c68a759b9d31e0642767.jpg,dataset-5,train
dataset-5_images-117-_jpg.rf.b8a2337fc13591ede6601ade36b5a4fe.jpg,dataset-5,train
dataset-5_images-118-_jpg.rf.8de22c90adcd488f4dfa9d66724402c5.jpg,dataset-5,train
dataset-5_images-118-_jpg.rf.fdf9f018d0ec0d53199543e659ac256c.jpg,dataset-5,train
dataset-5_images-12-_jpg.rf.d1b41dec7d782b8e53ef07bfd3fd060b.jpg,dataset-5,train
dataset-5_images-120-_jpg.rf.b473d3082dd4bf3f97a366ce94dd84ca.jpg,dataset-5,train
dataset-5_images-124-_jpg.rf.5aae3b193305850a03988c05f63d3905.jpg,dataset-5,train
dataset-5_images-126-_jpg.rf.a783f62e4a0cbfbfae903cd10715398f.jpg,dataset-5,train
dataset-5_images-127-_jpg.rf.817663ac56b36047aaa2ced0bfd72e47.jpg,dataset-5,train
dataset-5_images-128-_jpg.rf.bf7f90589f64251cfa42219d3be58eec.jpg,dataset-5,train
dataset-5_images-13-_jpg.rf.c38eeefc1e94c9368e458c4705b5261b.jpg,dataset-5,train
dataset-5_images-130-_jpeg.rf.146c04db07e654979f3fb6ded9e114bd.jpg,dataset-5,train
dataset-5_images-131-_jpg.rf.86a46d5c859baa1624799529c6076cfa.jpg,dataset-5,train
dataset-5_images-132-_jpeg.rf.eff25ed2f106cf7ab0cca62c2de7ceff.jpg,dataset-5,train
dataset-5_images-132-_jpg.rf.2b891333c3660093666bcbd978e6b152.jpg,dataset-5,train
dataset-5_images-132-_jpg.rf.fe7c0efb62b8a5ada129bf1a3253a4eb.jpg,dataset-5,train
dataset-5_images-133-_jpg.rf.f040e378a8ea9c296f269257d2ea1c4e.jpg,dataset-5,train
dataset-5_images-134-_jpg.rf.7e9fb56d5312f3b0689ead62e5258cd7.jpg,dataset-5,train
dataset-5_images-135-_jpeg.rf.61509401a389ba4485d9ab27a178609e.jpg,dataset-5,train
dataset-5_images-135-_jpg.rf.b383bcb5bfbfde9ffefe726a3a11c74f.jpg,dataset-5,train
dataset-5_images-136-_jpg.rf.6fb8455348b013fb29b1838ccf795289.jpg,dataset-5,train
dataset-5_images-137-_jpeg.rf.c1ccbdc84ceaf53cdaf8f3d6a3bfdaf9.jpg,dataset-5,train
dataset-5_images-137-_jpg.rf.57f1ede4bd7bb1354cb92f2a2916f168.jpg,dataset-5,train
dataset-5_images-137-_jpg.rf.cc58a4ab7b3dcd1d5ae2a5de8e3e0880.jpg,dataset-5,train
dataset-5_images-138-_jpeg.rf.20a9d07daf1cb6b8ac3619f8c2565099.jpg,dataset-5,train
dataset-5_images-139-_jpg.rf.ee1149fa5aa77f27eebc1d45addc4cbf.jpg,dataset-5,train
dataset-5_images-14-_jpg.rf.e635008f334c4b09e2c7a959a167fc0a.jpg,dataset-5,train
dataset-5_images-142-_jpg.rf.ce511d92df50f9b3624cedd0f22b2d1f.jpg,dataset-5,train
dataset-5_images-143-_jpg.rf.2c11aa7e52303c1afa29889492f95f48.jpg,dataset-5,train
dataset-5_images-144-_jpg.rf.ad90ca799711e20de175d2cdca6e1ff5.jpg,dataset-5,train
dataset-5_images-145-_jpeg.rf.1e67442e132a31a8aa263f5a82907be8.jpg,dataset-5,train
dataset-5_images-145-_jpg.rf.2cd8a3ef1fa1ae3ffb73829fb2482c6d.jpg,dataset-5,train
dataset-5_images-146-_jpeg.rf.ffa1e367b18b0c2f3da3fc6f84d0016f.jpg,dataset-5,train
dataset-5_images-146-_jpg.rf.e37024e09206080377e1000f8a898958.jpg,dataset-5,train
dataset-5_images-148-_jpeg.rf.dacae5fcee8fbf8eca3ee979a4a1a07e.jpg,dataset-5,train
dataset-5_images-149-_jpeg.rf.67b790fcd00b90c79769cd1372924ce3.jpg,dataset-5,train
dataset-5_images-15-_jpg.rf.4abd34960a54b10281aed779c13bc89b.jpg,dataset-5,train
dataset-5_images-150-_jpg.rf.f9133c0ed17a7ace3b32f4ce7fedf7b3.jpg,dataset-5,train
dataset-5_images-153-_jpg.rf.cd06f0a28e67b6f4c008dff03239710e.jpg,dataset-5,train
dataset-5_images-154-_jpg.rf.163aee5f6ff310bd6ad8e653857dd080.jpg,dataset-5,train
dataset-5_images-155-_jpg.rf.045698788e1162abc183c67c8b1ca63c.jpg,dataset-5,train
dataset-5_images-155-_jpg.rf.4a5acf8a0ce047f3a96cb7439ce7d192.jpg,dataset-5,train
dataset-5_images-158-_jpg.rf.3733903e69ec38d3651f0835970e3812.jpg,dataset-5,train
dataset-5_images-16-_jpg.rf.b0713e6d6f3e0da437bf017e53c32b2f.jpg,dataset-5,train
dataset-5_images-16-_jpg.rf.f100fe2433461a0acf387caf9f0d165e.jpg,dataset-5,train
dataset-5_images-163-_jpg.rf.b4488430a658ac1afed67d8ffc9e043d.jpg,dataset-5,train
dataset-5_images-163-_jpg.rf.baeefd5eb313655912d6e99f752e15a7.jpg,dataset-5,train
dataset-5_images-164-_jpg.rf.19f0aabf171aa7416f68f2d8507832d6.jpg,dataset-5,train
dataset-5_images-165-_jpg.rf.322376d2fce47050bc45bb331753dc05.jpg,dataset-5,train
dataset-5_images-168-_jpg.rf.1e5b8f302172729a31c3a556c2b19fbd.jpg,dataset-5,train
dataset-5_images-169-_jpeg.rf.fddfe326333f0b78bfb266c1ee7965f5.jpg,dataset-5,train
dataset-5_images-169-_jpg.rf.b388e35f792e06e764fe4ce6121c86dc.jpg,dataset-5,train
dataset-5_images-170-_jpg.rf.ce7b749bf799854b682e1fe2812962d2.jpg,dataset-5,train
dataset-5_images-171-_jpg.rf.342c624f33b57c18b7ed5880bc492340.jpg,dataset-5,train
dataset-5_images-171-_jpg.rf.7eaca6f6ade1942ebc1096dfa494a4c3.jpg,dataset-5,train
dataset-5_images-172-_jpg.rf.4b1f1ee6d493df24f1b5e431bb60fe80.jpg,dataset-5,train
dataset-5_images-173-_jpg.rf.e7acf6eee5e49e9f76c6394effc9fa84.jpg,dataset-5,train
dataset-5_images-173-_jpg.rf.f58f3ce8ca367c71fb68f518d66f359c.jpg,dataset-5,train
dataset-5_images-174-_jpg.rf.9f15ec6f175e0d4cd30cda7e7b071f96.jpg,dataset-5,train
dataset-5_images-176-_jpg.rf.3d2f8f38ad738220f9a58ffcb667891e.jpg,dataset-5,train
dataset-5_images-179-_jpg.rf.e8c03e4b3e3214305c2bceb38faad4dc.jpg,dataset-5,train
dataset-5_images-180-_jpg.rf.ef657158ea7b416877e4389c174812ae.jpg,dataset-5,train
dataset-5_images-184-_jpeg.rf.81380c08a427da2a68254b1202ea17bb.jpg,dataset-5,train
dataset-5_images-185-_jpg.rf.6aad7ded74763f4cc77f12966a6f0c8a.jpg,dataset-5,train
dataset-5_images-185-_jpg.rf.8168b639d8abbc2b7a143faec544ccb5.jpg,dataset-5,train
dataset-5_images-186-_jpg.rf.ee78ae711c3735699e820ae26ba582ca.jpg,dataset-5,train
dataset-5_images-188-_jpg.rf.ecba20cbb1284a17369365d6a5bae64c.jpg,dataset-5,train
dataset-5_images-19-_jpg.rf.3850c614b85bfdab248d3134527ee220.jpg,dataset-5,train
dataset-5_images-190-_jpg.rf.242f78e09186a693d9a9a121685fdac1.jpg,dataset-5,train
dataset-5_images-192-_jpg.rf.897d1dc72657f56422b2e5d9f5507ffe.jpg,dataset-5,train
dataset-5_images-193-_jpg.rf.80fc454718d70e6ee5c13eb2d167b418.jpg,dataset-5,train
dataset-5_images-195-_jpg.rf.b8e46a563212214aaef095ecc580f9ee.jpg,dataset-5,train
dataset-5_images-198-_jpeg.rf.4ffbfbda0f44faca2e55ba7d21b13804.jpg,dataset-5,train
dataset-5_images-198-_jpg.rf.1ff7c26b19cf71b1be089cfbf68b4293.jpg,dataset-5,train
dataset-5_images-199-_jpg.rf.6826d6c062424255a2c4eb707573e6ac.jpg,dataset-5,train
dataset-5_images-2-_jpg.rf.2a4c610aa5abb49106136598467f6b2f.jpg,dataset-5,train
dataset-5_images-20-_jpeg.rf.20d8f6a87ce04b208ecde2cb7e841e19.jpg,dataset-5,train
dataset-5_images-20-_jpg.rf.729f395ba2da0c22c6de605cad0ca76f.jpg,dataset-5,train
dataset-5_images-201-_jpg.rf.f0c36fdd03fe7b9258de00516068ecd1.jpg,dataset-5,train
dataset-5_images-202-_jpg.rf.4d8c9e5b17207bbd05ee0526ca142bd7.jpg,dataset-5,train
dataset-5_images-203-_jpg.rf.cc6a345c0a5e993f24a5a1056e877ca9.jpg,dataset-5,train
dataset-5_images-206-_jpg.rf.77cd508d536c7bf3bc9ad10401de18ac.jpg,dataset-5,train
dataset-5_images-207-_jpg.rf.77fda1dd21cbd23f027aacdf7fc3333d.jpg,dataset-5,train
dataset-5_images-209-_jpg.rf.a64cc2e11b2a5591036806a2da93ff87.jpg,dataset-5,train
dataset-5_images-21-_jpg.rf.99060a7573677460bf856aaf5ad0cd6d.jpg,dataset-5,train
dataset-5_images-21-_jpg.rf.be146d5c8b17e3b051ba05f2c8c5a5bb.jpg,dataset-5,train
dataset-5_images-211-_jpg.rf.eca8ab24817b5d717a5147f8799ff828.jpg,dataset-5,train
dataset-5_images-212-_jpg.rf.325f5c69d6f3e5e51c562dd3fc88ea4b.jpg,dataset-5,train
dataset-5_images-215-_jpg.rf.3bc59fa2d3b9e6a17299a5a9f5112d2b.jpg,dataset-5,train
dataset-5_images-218-_jpg.rf.59d21f1400f281ef9464a83667e4c101.jpg,dataset-5,train
dataset-5_images-222-_jpg.rf.78012429b9c7096da4d87c7f3780a20f.jpg,dataset-5,train
dataset-5_images-223-_jpg.rf.2cc50f52cc341d7f1c89047c5c74bc7d.jpg,dataset-5,train
dataset-5_images-223-_jpg.rf.d31c2b011752fc3ef540c74a06e2e23d.jpg,dataset-5,train
dataset-5_images-224-_jpg.rf.ebda48228a23d896cb0a2a4c382828aa.jpg,dataset-5,train
dataset-5_images-225-_jpg.rf.db942900399cd5f7ba7ebe663ff71abf.jpg,dataset-5,train
dataset-5_images-226-_jpg.rf.b3efa4a38f374934c6ccb558f217f8dc.jpg,dataset-5,train
dataset-5_images-226-_jpg.rf.b58656b7193f46db43feabd8779ba34f.jpg,dataset-5,train
dataset-5_images-227-_jpg.rf.faf749875c140f8768421f96fb8120fc.jpg,dataset-5,train
dataset-5_images-228-_jpg.rf.b02932a204467ccf02d50a0427f5cae2.jpg,dataset-5,train
dataset-5_images-23-_jpg.rf.7dc4e30deba6ddc5cb41655ffb582517.jpg,dataset-5,train
dataset-5_images-23-_jpg.rf.d06a79adf60037968cb0c36b95777740.jpg,dataset-5,train
dataset-5_images-230-_jpg.rf.4739a0503fd74d6a3fc47feb661d56b3.jpg,dataset-5,train
dataset-5_images-231-_jpg.rf.5cab16ce706a61e3ffa199c443720a99.jpg,dataset-5,train
dataset-5_images-232-_jpg.rf.79376bdb67da4d818ee49b579151e162.jpg,dataset-5,train
dataset-5_images-233-_jpg.rf.12fa2a3c5fac6e007ea6ce79c7bf7b50.jpg,dataset-5,train
dataset-5_images-236-_jpg.rf.5febf0e52fe3100ad414ed2ed9d0b668.jpg,dataset-5,train
dataset-5_images-237-_jpeg.rf.ac3d9ab2b409e0691830e03ccebf60fc.jpg,dataset-5,train
dataset-5_images-237-_jpg.rf.ec107b9fea67a53717c56c0127fbe801.jpg,dataset-5,train
dataset-5_images-239-_jpg.rf.a1405c4f772d306739e1c312ffd77acb.jpg,dataset-5,train
dataset-5_images-24-_jpg.rf.34dc713c3083115f0b97efeec6b12716.jpg,dataset-5,train
dataset-5_images-241-_jpg.rf.d4f41931630559fa995d69d3228c1c7b.jpg,dataset-5,train
dataset-5_images-244-_jpg.rf.31261aa99ccf6bf2703478e27303c806.jpg,dataset-5,train
dataset-5_images-246-_jpg.rf.e7a23d20a87b159ec60da002f248dfed.jpg,dataset-5,train
dataset-5_images-247-_jpg.rf.1ae9e643801e687d2f51f876dcdb1aae.jpg,dataset-5,train
dataset-5_images-248-_jpg.rf.95bb0dc5e26ed87c44af50a67f93cae5.jpg,dataset-5,train
dataset-5_images-249-_jpg.rf.8af30a6685d8ba13f6972c753aa389bb.jpg,dataset-5,train
dataset-5_images-25-_jpg.rf.475fffd8ff0ebba2f5b4a10fbc9f47a6.jpg,dataset-5,train
dataset-5_images-252-_jpg.rf.d58d9de4236b6462bc68f461ae89a44a.jpg,dataset-5,train
dataset-5_images-254-_jpg.rf.3fb0e44d67f82fc3df1ed7ad8cef8428.jpg,dataset-5,train
dataset-5_images-255-_jpg.rf.9ea3416f843dbc8e90687a67896e796b.jpg,dataset-5,train
dataset-5_images-255-_jpg.rf.f8bf288ec2b68784524c47b30de137fb.jpg,dataset-5,train
dataset-5_images-256-_jpg.rf.d940a73f1fbb938fe4dbbfd1066e4ae5.jpg,dataset-5,train
dataset-5_images-256-_jpg.rf.da68fdf43f662df48a5d3b3d6da80d1a.jpg,dataset-5,train
dataset-5_images-257-_jpg.rf.4c8e5e72e82220eec20dc33394f477ca.jpg,dataset-5,train
dataset-5_images-259-_jpg.rf.6aa7953e76caa3001944f575f938e630.jpg,dataset-5,train
dataset-5_images-259-_jpg.rf.9d622117ad4bc87d9ab9bef01fdb0c8d.jpg,dataset-5,train
dataset-5_images-26-_jpg.rf.a2ba3b537c7ae805ead53260f206dbf3.jpg,dataset-5,train
dataset-5_images-260-_jpg.rf.3a8569a6162a495a818c2e39bfb0cc18.jpg,dataset-5,train
dataset-5_images-260-_jpg.rf.e5eef09e2d56a86a6bcd066fe41f8fb5.jpg,dataset-5,train
dataset-5_images-261-_jpg.rf.8609859db6e65107a18f0c285524f971.jpg,dataset-5,train
dataset-5_images-262-_jpeg.rf.55c7a9e9725197bfdaca24e2c4c6a24f.jpg,dataset-5,train
dataset-5_images-262-_jpg.rf.f94f653e5fe54cb63642b3fd324c90b6.jpg,dataset-5,train
dataset-5_images-263-_jpg.rf.04ae5be2bc5c479aaa7e3fcdef70d04b.jpg,dataset-5,train
dataset-5_images-263-_jpg.rf.325df530336c08ae35d59d739d7adb34.jpg,dataset-5,train
dataset-5_images-264-_jpg.rf.0a5ffaa93d88afcafd2ae47c4c8583f6.jpg,dataset-5,train
dataset-5_images-266-_jpg.rf.fb139dba7cdff9c37731592288211e13.jpg,dataset-5,train
dataset-5_images-267-_jpg.rf.85f0e30d10d458a4cb96066279371c24.jpg,dataset-5,train
dataset-5_images-269-_jpg.rf.3f333a1c3e2650b48504c9dd00304ef5.jpg,dataset-5,train
dataset-5_images-270-_jpeg.rf.17790a11c73ce00ca78c4a11ec376088.jpg,dataset-5,train
dataset-5_images-270-_jpg.rf.2db0d7f7ac8dec7b2847c9772d7aa686.jpg,dataset-5,train
dataset-5_images-271-_jpg.rf.7cbe995627971dac7c8bdbf6cf987c10.jpg,dataset-5,train
dataset-5_images-271-_jpg.rf.e24bcc76cdb03e5aff81e7ea44ebf4b9.jpg,dataset-5,train
dataset-5_images-272-_jpg.rf.5d27b07e96e03806226e9ef4a7c4148d.jpg,dataset-5,train
dataset-5_images-273-_jpg.rf.8ac916d67dcc555eb1b06bc87226e126.jpg,dataset-5,train
dataset-5_images-274-_jpg.rf.a097a6c30e522198a90dc603fc4139f7.jpg,dataset-5,train
dataset-5_images-274-_jpg.rf.d501c60e6663463909e93808cbc22d1b.jpg,dataset-5,train
dataset-5_images-276-_jpg.rf.79eb12bbc28b23294576ea2d42bd5924.jpg,dataset-5,train
dataset-5_images-277-_jpg.rf.a39de0e863a57117ef6023cb8f8a5982.jpg,dataset-5,train
dataset-5_images-278-_jpg.rf.0ca78e96a4aa05e39d27c893deba53ec.jpg,dataset-5,train
dataset-5_images-278-_jpg.rf.5a26497cf2f60d61621c253ed016d7dd.jpg,dataset-5,train
dataset-5_images-279-_jpg.rf.0a66c75bc716f8f0590b3c6c33670c4f.jpg,dataset-5,train
dataset-5_images-28-_jpg.rf.7d347c30c72370764fd62005ed26c2de.jpg,dataset-5,train
dataset-5_images-280-_jpg.rf.20e68617e2e3cd68d1ed04cfd035f782.jpg,dataset-5,train
dataset-5_images-280-_jpg.rf.9680c05f01a3c767a92d2f71c95659f6.jpg,dataset-5,train
dataset-5_images-282-_jpg.rf.c2150b8024c53ecc259376b1cef34890.jpg,dataset-5,train
dataset-5_images-282-_jpg.rf.f4ebbcfea24b3016deac6c4311e34c53.jpg,dataset-5,train
dataset-5_images-283-_jpg.rf.fbd08f6bb138bc14354399044db08f72.jpg,dataset-5,train
dataset-5_images-284-_jpg.rf.7b25848ac136ff11dbb2981918ac664f.jpg,dataset-5,train
dataset-5_images-285-_jpg.rf.236a960243b5967ff695f875d4deed2d.jpg,dataset-5,train
dataset-5_images-287-_jpg.rf.09b8e78ffffeee61901817aed8666f32.jpg,dataset-5,train
dataset-5_images-289-_jpeg.rf.cb1bb7adda640865feaab67d8ccc3502.jpg,dataset-5,train
dataset-5_images-29-_jpg.rf.6fa6f203151450b3d69bf596dd522277.jpg,dataset-5,train
dataset-5_images-292-_jpg.rf.a44b50e749216e8671345b9ac0faeddf.jpg,dataset-5,train
dataset-5_images-293-_jpg.rf.23c52ed7ac29e64d297cd623da72afc5.jpg,dataset-5,train
dataset-5_images-294-_jpg.rf.36661fa510f02f993034569c4f7eb8c4.jpg,dataset-5,train
dataset-5_images-295-_jpg.rf.32629f6b16b1dd4a19bda0dda9d06d25.jpg,dataset-5,train
dataset-5_images-296-_jpg.rf.5133185b21fc7dce30f43ecb4e2632f8.jpg,dataset-5,train
dataset-5_images-298-_jpg.rf.0fff97ac514ed54aca8af9171048148f.jpg,dataset-5,train
dataset-5_images-299-_jpg.rf.9065753c0c2204b1f4bdcf578d017956.jpg,dataset-5,train
dataset-5_images-3-_jpg.rf.0f887635aaeec71dda078287f9862307.jpg,dataset-5,train
dataset-5_images-302-_jpg.rf.4b2f5fff76ba67e3eb0c8bd72d67f090.jpg,dataset-5,train
dataset-5_images-306-_jpg.rf.241ebae51f15bd062a42c306e308c52a.jpg,dataset-5,train
dataset-5_images-307-_jpg.rf.2dae50cf36acbdb11490b00b9674723e.jpg,dataset-5,train
dataset-5_images-309-_jpg.rf.e01e92c85429be83c4aae0a44d35925b.jpg,dataset-5,train
dataset-5_images-310-_jpg.rf.17ce40bc903f01b1c7809e1ced84eadf.jpg,dataset-5,train
dataset-5_images-311-_jpg.rf.c6efa8865207f1bfc019bb90edc5fb9f.jpg,dataset-5,train
dataset-5_images-314-_jpg.rf.2ec492ffe9890a20f2321b1935beee52.jpg,dataset-5,train
dataset-5_images-317-_jpg.rf.fdf232208d78c15cd90c68932487f7e4.jpg,dataset-5,train
dataset-5_images-32-_jpg.rf.e926cca6d6336939557a9fbdedcdf4cc.jpg,dataset-5,train
dataset-5_images-321-_jpg.rf.16c90a135290dc8c07043fc146ba5a15.jpg,dataset-5,train
dataset-5_images-321-_jpg.rf.71524fa8bf1a38b05ef08e04082eedb4.jpg,dataset-5,train
dataset-5_images-33-_jpg.rf.8d72b942d6597dea5842b03a8a81c460.jpg,dataset-5,train
dataset-5_images-334-_jpg.rf.32d83aee295cb88e413de5720078689b.jpg,dataset-5,train
dataset-5_images-335-_jpg.rf.38fd51c36292fff57f094b53295d496e.jpg,dataset-5,train
dataset-5_images-339-_jpg.rf.c699b1257e6d13903c28e49a1f14a827.jpg,dataset-5,train
dataset-5_images-34-_jpg.rf.072eaaecfe9027d62d3296fbcd95249d.jpg,dataset-5,train
dataset-5_images-340-_jpg.rf.24512c0b7d5e997acbd0b4d54268edc4.jpg,dataset-5,train
dataset-5_images-344-_jpg.rf.db3e4dfacd6434ad296cd678d41e02ac.jpg,dataset-5,train
dataset-5_images-345-_jpg.rf.150e7ff66545fe486a5096fffe435976.jpg,dataset-5,train
dataset-5_images-346-_jpg.rf.0545c1f28b8da1662fb9108c0011376d.jpg,dataset-5,train
dataset-5_images-347-_jpg.rf.76e30925219808fbd959aaac67c258c9.jpg,dataset-5,train
dataset-5_images-35-_jpg.rf.92e3f82effcea814305e9c42b6178216.jpg,dataset-5,train
dataset-5_images-350-_jpg.rf.8897e28bf6b23c351d91ef5fdcd350d8.jpg,dataset-5,train
dataset-5_images-359-_jpg.rf.26c0daebeee2f91a2aa75f37c9e67d9a.jpg,dataset-5,train
dataset-5_images-36-_jpg.rf.f92862251cb9207d2b0e46c0a67d71dc.jpg,dataset-5,train
dataset-5_images-360-_jpg.rf.9b23c40076a9aa3f38afce96f5a650ad.jpg,dataset-5,train
dataset-5_images-364-_jpg.rf.784ffb293e6f26ec3aab8cb8c65bcdbc.jpg,dataset-5,train
dataset-5_images-368-_jpg.rf.fcd68fb2fb37bb7b081b8733ce2785ef.jpg,dataset-5,train
dataset-5_images-37-_jpg.rf.2e7c8eb3cff13a3093f0be4b6f18a499.jpg,dataset-5,train
dataset-5_images-370-_jpg.rf.cfff153ba08c06d6e4fdd258679cd3de.jpg,dataset-5,train
dataset-5_images-373-_jpg.rf.90db6b0e1ad3764e1b35b9742f93501f.jpg,dataset-5,train
dataset-5_images-374-_jpg.rf.84e3d21212a7e8f1e8ba9a0f4f156125.jpg,dataset-5,train
dataset-5_images-376-_jpg.rf.ce9d1f7bf70ac2c995e2620b08757638.jpg,dataset-5,train
dataset-5_images-38-_jpg.rf.1480c609dab2a06828d7d4d99e520346.jpg,dataset-5,train
dataset-5_images-380-_jpg.rf.8b4dba15fcf5c41bb020c7bec89f9c9b.jpg,dataset-5,train
dataset-5_images-380-_jpg.rf.b71603da84c6ea33398d724418ee8760.jpg,dataset-5,train
dataset-5_images-381-_jpg.rf.165c3871f5580d54a0f71215c7c50351.jpg,dataset-5,train
dataset-5_images-382-_jpg.rf.a5425f8b54e8ceb316d387ee913e68b4.jpg,dataset-5,train
dataset-5_images-383-_jpg.rf.73e2c0b41b83f77c3e5fd9a501d2d57c.jpg,dataset-5,train
dataset-5_images-384-_jpg.rf.aefccbe02a594941b5ba8db43e20be33.jpg,dataset-5,train
dataset-5_images-384-_jpg.rf.dec2dcbf9bdccfc0e8671922889ceb98.jpg,dataset-5,train
dataset-5_images-39-_jpg.rf.05aa4191d83dc8ec4d258912baa94c4c.jpg,dataset-5,train
dataset-5_images-390-_jpg.rf.ef485b4028138182538482c84ccedeb6.jpg,dataset-5,train
dataset-5_images-391-_jpg.rf.26ee5dff97c059a7111b45bf2f6ec677.jpg,dataset-5,train
dataset-5_images-394-_jpg.rf.994e49af0c1d3621819055cdab9b1794.jpg,dataset-5,train
dataset-5_images-395-_jpg.rf.7de3c7c504006c1ec4fc9db598ad7dd1.jpg,dataset-5,train
dataset-5_images-397-_jpg.rf.916df281e5b1a89e560a7a891fd74352.jpg,dataset-5,train
dataset-5_images-398-_jpg.rf.808046175a1492e4155aed27dc4d0669.jpg,dataset-5,train
dataset-5_images-400-_jpg.rf.85a9468d674e575ccd6fcdc12c90f1bb.jpg,dataset-5,train
dataset-5_images-401-_jpg.rf.94ee3682528bbf230294fb1f4f07f4df.jpg,dataset-5,train
dataset-5_images-404-_jpg.rf.6deeeba461efcf8c615adb0288290798.jpg,dataset-5,train
dataset-5_images-407-_jpg.rf.94182f0949394918617f1471ee9f8782.jpg,dataset-5,train
dataset-5_images-41-_jpg.rf.2645e39fd6d64db948d219d6da1dd962.jpg,dataset-5,train
dataset-5_images-411-_jpg.rf.681b00470b798448dc6c4d10e97330c0.jpg,dataset-5,train
dataset-5_images-412-_jpg.rf.5c0c970cd73020b13fd4918b1fa619ff.jpg,dataset-5,train
dataset-5_images-414-_jpg.rf.d8d599fabff7c5dd5825529092b3a9a4.jpg,dataset-5,train
dataset-5_images-422-_jpg.rf.d60c71da7f740ff95925d3df492996ed.jpg,dataset-5,train
dataset-5_images-424-_jpg.rf.31291a88f5124c87102df51e2cf888bc.jpg,dataset-5,train
dataset-5_images-426-_jpg.rf.c0e241945f88e13ce2b28ec7ca2f91b1.jpg,dataset-5,train
dataset-5_images-428-_jpg.rf.0a3f045fe91040147d66514611e75000.jpg,dataset-5,train
dataset-5_images-429-_jpg.rf.620760e61abecc9767a77853461872db.jpg,dataset-5,train
dataset-5_images-43-_jpg.rf.40a828d0ebb556c09bc8fc11d18fd989.jpg,dataset-5,train
dataset-5_images-430-_jpg.rf.a4204c209abb0c5340352750dbd94f6f.jpg,dataset-5,train
dataset-5_images-433-_jpg.rf.b1e51f2fcbc927c70435ba09badaf814.jpg,dataset-5,train
dataset-5_images-44-_jpg.rf.a2b64c3db26f2532411f1bb56801ec90.jpg,dataset-5,train
dataset-5_images-441-_jpg.rf.2882b1247a817cccb5cb0a23bd2ca1d9.jpg,dataset-5,train
dataset-5_images-444-_jpg.rf.77b2bb453d98abc5eea7006e1ceba321.jpg,dataset-5,train
dataset-5_images-449-_jpg.rf.617b49b028c928b83a7c4d8a34210372.jpg,dataset-5,train
dataset-5_images-451-_jpg.rf.7af599117b07d42e45576625feb9ec08.jpg,dataset-5,train
dataset-5_images-452-_jpg.rf.30f1fce16c57d36fbd6c867e83b646a2.jpg,dataset-5,train
dataset-5_images-454-_jpg.rf.a59f9f26fd410819097a677471d2d6ad.jpg,dataset-5,train
dataset-5_images-455-_jpg.rf.12b7871a9e82e74d7ce7e0e81e5fcef6.jpg,dataset-5,train
dataset-5_images-457-_jpg.rf.b5d49f00c21ede8a6c1527c2119d34e9.jpg,dataset-5,train
dataset-5_images-459-_jpg.rf.6530c88f88ae8a0c230b16cd96750c22.jpg,dataset-5,train
dataset-5_images-46-_jpg.rf.8d82251193a32ab1f501d5a41ed29f63.jpg,dataset-5,train
dataset-5_images-463-_jpg.rf.2325f22eeea9238c998629499e3fb49c.jpg,dataset-5,train
dataset-5_images-464-_jpg.rf.d92ab531c3888b43f253a116c4ff0098.jpg,dataset-5,train
dataset-5_images-466-_jpg.rf.c2cd906af0528a5a052df1e5d371558c.jpg,dataset-5,train
dataset-5_images-469-_jpg.rf.2a8eefe18b22420006f74557fe958ba1.jpg,dataset-5,train
dataset-5_images-470-_jpg.rf.146e2a553dcdcb37d0c1f54e373a25e3.jpg,dataset-5,train
dataset-5_images-470-_jpg.rf.8efe1be42c314d94f3ebfb4c4163957b.jpg,dataset-5,train
dataset-5_images-472-_jpg.rf.dd54083bfc2de76ccee536c7a9c149bc.jpg,dataset-5,train
dataset-5_images-478-_jpg.rf.79cc4fecd94c54f0adc86befafa57534.jpg,dataset-5,train
dataset-5_images-48-_jpg.rf.42870923e9be29ecad5188c8bbe45bf5.jpg,dataset-5,train
dataset-5_images-483-_jpg.rf.fd99c7f4d091c17b993968da84919ae8.jpg,dataset-5,train
dataset-5_images-488-_jpg.rf.a5ac1480142cae3ec576b25875c909b7.jpg,dataset-5,train
dataset-5_images-49-_jpg.rf.10f53bb75223af875846b5554cad698e.jpg,dataset-5,train
dataset-5_images-492-_jpg.rf.7e70454257f394498885aa8862039740.jpg,dataset-5,train
dataset-5_images-500-_jpg.rf.bf9a3cbfb784d59c2b6690bc1e526496.jpg,dataset-5,train
dataset-5_images-504-_jpg.rf.332fcfd60c9a759ec9da3758fa84136f.jpg,dataset-5,train
dataset-5_images-506-_jpg.rf.90b4cee44fa0e6aea2713d6675a1970c.jpg,dataset-5,train
dataset-5_images-509-_jpg.rf.201d939d6719c8784ba5fe556366e270.jpg,dataset-5,train
dataset-5_images-51-_jpg.rf.2b243a577be7e00077713ed08e5491e1.jpg,dataset-5,train
dataset-5_images-511-_jpg.rf.3823bb21d1e776fee422f9c376104192.jpg,dataset-5,train
dataset-5_images-512-_jpg.rf.e7755b622145819c39cbff38fd5c2133.jpg,dataset-5,train
dataset-5_images-514-_jpg.rf.d9f299080655484391231618f95f405c.jpg,dataset-5,train
dataset-5_images-519-_jpg.rf.c900c1664c23a564119fccf1572206d6.jpg,dataset-5,train
dataset-5_images-521-_jpg.rf.51a1bdd5636d1245e5d110a864938583.jpg,dataset-5,train
dataset-5_images-524-_jpg.rf.af607a7f5e647c016674317e0c2dde0a.jpg,dataset-5,train
dataset-5_images-526-_jpg.rf.04fe9d612a87445e19a9518d49def226.jpg,dataset-5,train
dataset-5_images-527-_jpg.rf.dd80472be9cca97a39bfadf393c65acb.jpg,dataset-5,train
dataset-5_images-529-_jpg.rf.04b8f5199b2e93d3656bec737295fc6a.jpg,dataset-5,train
dataset-5_images-53-_jpg.rf.980d235d749d42cadce3eac1add37e2e.jpg,dataset-5,train
dataset-5_images-53-_jpg.rf.9df68a2b99c8946df04660688207ecd6.jpg,dataset-5,train
dataset-5_images-533-_jpg.rf.985d0e85102debe69f66a70a833b2053.jpg,dataset-5,train
dataset-5_images-534-_jpg.rf.94789080dcda42bd2d26afe8779c2ffe.jpg,dataset-5,train
dataset-5_images-537-_jpg.rf.41dbd5a6d7171e0b781617803ecc5d00.jpg,dataset-5,train
dataset-5_images-546-_jpg.rf.dcc110eada1f0535d0abcc5499613c9c.jpg,dataset-5,train
dataset-5_images-547-_jpg.rf.231c81fda9b91a4155ab1034c6df6b04.jpg,dataset-5,train
dataset-5_images-55-_jpg.rf.1104a73bd104bfda17265b7fa84bedae.jpg,dataset-5,train
dataset-5_images-552-_jpg.rf.05ddec843cb8a86d4e92df64decf94e2.jpg,dataset-5,train
dataset-5_images-552-_jpg.rf.47c33f5de16a3fa868b00a6019354944.jpg,dataset-5,train
dataset-5_images-553-_jpg.rf.bcdc5d8e9fc82e8b350e8c3aa016a2e1.jpg,dataset-5,train
dataset-5_images-556-_jpg.rf.29e9d754534d69abd7b4236650668c93.jpg,dataset-5,train
dataset-5_images-559-_jpg.rf.c7279d6726c7227c4a7388c2aecf8890.jpg,dataset-5,train
dataset-5_images-560-_jpg.rf.e1cb222f1ed39aab70ade0fc0b8e4a34.jpg,dataset-5,train
dataset-5_images-562-_jpg.rf.265d8d32dd2eb530ee8af26384309540.jpg,dataset-5,train
dataset-5_images-572-_jpg.rf.8000366e7be8ce6d45c3528e8ef5b68b.jpg,dataset-5,train
dataset-5_images-572-_jpg.rf.ceb595f218e3fb13878ccf8903eb0afb.jpg,dataset-5,train
dataset-5_images-573-_jpg.rf.7e5f90acdc627e9eda11c9770405bce8.jpg,dataset-5,train
dataset-5_images-574-_jpg.rf.2be3598cfa9e43ec3692d192fde8f243.jpg,dataset-5,train
dataset-5_images-576-_jpg.rf.85ae5d6fc46b6ab3762f9bc6d653c8e3.jpg,dataset-5,train
dataset-5_images-577-_jpg.rf.c62879bdc441a47a20bfebab3ca8828b.jpg,dataset-5,train
dataset-5_images-581-_jpg.rf.7400c81f162e547ef72eb04583ef4563.jpg,dataset-5,train
dataset-5_images-583-_jpg.rf.8c80c5904a1608a511626fcdba3a899c.jpg,dataset-5,train
dataset-5_images-584-_jpg.rf.496e0485a714acc89b0c8e40720b9bb9.jpg,dataset-5,train
dataset-5_images-59-_jpg.rf.37a5d926b8e4d3a99bed04612434e48e.jpg,dataset-5,train
dataset-5_images-59-_jpg.rf.c2c906442b60572ef9045c2de2d57ef1.jpg,dataset-5,train
dataset-5_images-597-_jpg.rf.9f6d398d7e29eb4202394779f1ba28ef.jpg,dataset-5,train
dataset-5_images-598-_jpg.rf.caf0e656a9c5b36253231a683d84d5bd.jpg,dataset-5,train
dataset-5_images-598-_jpg.rf.df2c3125056c732d34a7c4562647e823.jpg,dataset-5,train
dataset-5_images-6-_jpg.rf.0657a43fd2111a6edecf424e7d43ff75.jpg,dataset-5,train
dataset-5_images-600-_jpg.rf.33adf8c2f62bf51966986ad97859ed38.jpg,dataset-5,train
dataset-5_images-604-_jpg.rf.df144ea2e10bb99e6c7d2cef961cd69b.jpg,dataset-5,train
dataset-5_images-61-_jpg.rf.92cf1178a8638307df292ee757a5095e.jpg,dataset-5,train
dataset-5_images-610-_jpg.rf.807deb4ec9de1b584c246372760d5b43.jpg,dataset-5,train
dataset-5_images-614-_jpg.rf.bd28360b737b61d7709388bbb7605873.jpg,dataset-5,train
dataset-5_images-619-_jpg.rf.65a807e12fb7a6311658ca8ff942ba1b.jpg,dataset-5,train
dataset-5_images-621-_jpg.rf.2722ed819cd3d2461d0e1db88e1d190d.jpg,dataset-5,train
dataset-5_images-625-_jpg.rf.427f1826fa2b589cb67d45fe7b891587.jpg,dataset-5,train
dataset-5_images-630-_jpg.rf.fc108fa5d2cb29501151c5de3e13abfc.jpg,dataset-5,train
dataset-5_images-633-_jpg.rf.a0245d5a3d712b71437f29f8a6f6c487.jpg,dataset-5,train
dataset-5_images-637-_jpg.rf.63295b04b1f9d2f2903269a9815fdf69.jpg,dataset-5,train
dataset-5_images-639-_jpg.rf.044e74a461a983a5db68cc7514a5cff4.jpg,dataset-5,train
dataset-5_images-64-_jpg.rf.a7ebf73a1165ea038d03fbaaca8fe927.jpg,dataset-5,train
dataset-5_images-640-_jpg.rf.665b5afea3540abf47a826f991af57de.jpg,dataset-5,train
dataset-5_images-641-_jpg.rf.4350f9a9fce06bceef68500f4ebe7df2.jpg,dataset-5,train
dataset-5_images-642-_jpg.rf.fe6b41cb7bcaa9d5b9deaad32d7a2add.jpg,dataset-5,train
dataset-5_images-643-_jpg.rf.064e4603187a4fe9a67ad4904e3b3dd2.jpg,dataset-5,train
dataset-5_images-645-_jpg.rf.ed126183bdd5a3aea7551e00b0a8fd24.jpg,dataset-5,train
dataset-5_images-646-_jpg.rf.83c50b02f7cfd9dae51c89aa1650e444.jpg,dataset-5,train
dataset-5_images-652-_jpg.rf.beeccd0c9ebfe538ebbd76c575a6a256.jpg,dataset-5,train
dataset-5_images-654-_jpg.rf.9807d902ce7973808d24549f88c50cc5.jpg,dataset-5,train
dataset-5_images-658-_jpg.rf.ed03ae4d03de5c44e0ab1a0b63f873bf.jpg,dataset-5,train
dataset-5_images-659-_jpg.rf.dce43c3b986307d21f9f90c59ac6df4d.jpg,dataset-5,train
dataset-5_images-664-_jpg.rf.4b04bba5e421dea6c1d0229a8601d9fc.jpg,dataset-5,train
dataset-5_images-668-_jpg.rf.33c0cac6278d6683501f0573b04204aa.jpg,dataset-5,train
dataset-5_images-669-_jpg.rf.5eb370d49029fd86693a70794f98bb5b.jpg,dataset-5,train
dataset-5_images-674-_jpg.rf.f496deb3eeac49e44ccbeb28c76d1a7a.jpg,dataset-5,train
dataset-5_images-675-_jpeg.rf.2f2228c7576bb54f6676377be66d3d8b.jpg,dataset-5,train
dataset-5_images-676-_jpg.rf.fe769d6c3d4b01204ba377592f96adf9.jpg,dataset-5,train
dataset-5_images-677-_jpg.rf.5d1c2d53f0f7e4a3c332955957569a3a.jpg,dataset-5,train
dataset-5_images-677-_jpg.rf.b6cfa4449bb69bfa5c3fe8d8dbe83ea7.jpg,dataset-5,train
dataset-5_images-679-_jpg.rf.a8284622a5554f9770b86648b76cf5fd.jpg,dataset-5,train
dataset-5_images-68-_jpg.rf.d0c20c7bbf8f8600e097d4cce63d1982.jpg,dataset-5,train
dataset-5_images-680-_jpg.rf.f4fe49a7660748fa2bba012a996a133c.jpg,dataset-5,train
dataset-5_images-682-_jpeg.rf.6e3a7e1d238f7641835004fbf6918ef0.jpg,dataset-5,train
dataset-5_images-686-_jpg.rf.644c1785543b2d209ca8baffc079421b.jpg,dataset-5,train
dataset-5_images-689-_jpg.rf.b36a61dce248ba84f2575ae6e2bcdf4b.jpg,dataset-5,train
dataset-5_images-69-_jpeg.rf.2a124064dd82146f186b8a40c753e1fe.jpg,dataset-5,train
dataset-5_images-69-_jpg.rf.f1d4ab11da5c1103023234b68fae123f.jpg,dataset-5,train
dataset-5_images-690-_jpeg.rf.0b4cec7c27e527678fea649568b0ba8a.jpg,dataset-5,train
dataset-5_images-691-_jpg.rf.22de79fe849ae672ce89290246b7de65.jpg,dataset-5,train
dataset-5_images-694-_jpeg.rf.8143dcdc8aecf28021c7dba85bcc5472.jpg,dataset-5,train
dataset-5_images-695-_jpeg.rf.ca6deb6cdbea4c15a6bb58c37aad6acb.jpg,dataset-5,train
dataset-5_images-695-_jpg.rf.a80cc8d1af309c4af7d241f09179874c.jpg,dataset-5,train
dataset-5_images-697-_jpg.rf.f604a33ed94d77ec3ed23f85c4e3c370.jpg,dataset-5,train
dataset-5_images-7-_jpg.rf.f800607fd38385d33002d304af9343b9.jpg,dataset-5,train
dataset-5_images-70-_jpeg.rf.30402701e925ac0c659e5e188e59fa59.jpg,dataset-5,train
dataset-5_images-700-_jpg.rf.5e85c9ce9da01dca1a662a8216be09ea.jpg,dataset-5,train
dataset-5_images-703-_jpg.rf.863301aebe4257ef8e7c3cb88c4de860.jpg,dataset-5,train
dataset-5_images-706-_jpeg.rf.664fbe5ef443f7ef0fd209dd81b8db9c.jpg,dataset-5,train
dataset-5_images-71-_jpeg.rf.70486e5683558cc245d198a4de4c8cd7.jpg,dataset-5,train
dataset-5_images-71-_jpg.rf.ac51d0cc2f05431b9a8cc164211302eb.jpg,dataset-5,train
dataset-5_images-710-_jpg.rf.3f35fe1306fb5ffb37cd0ff98d2192ab.jpg,dataset-5,train
dataset-5_images-711-_jpg.rf.95bc8d3d92f128704171cb14fc8cc3f4.jpg,dataset-5,train
dataset-5_images-712-_jpg.rf.ad197d239f258fe6f117e3135b2b26bf.jpg,dataset-5,train
dataset-5_images-715-_jpeg.rf.877d23360ea6890f9f34b0012a065eeb.jpg,dataset-5,train
dataset-5_images-715-_jpg.rf.59d80bde983a09d7ef8800adcecc03b0.jpg,dataset-5,train
dataset-5_images-718-_jpeg.rf.05af3c79b690cd9cba5fc51311a5df8f.jpg,dataset-5,train
dataset-5_images-721-_jpg.rf.d29ff6ead4ce318ff27eda10a2e2dd09.jpg,dataset-5,train
dataset-5_images-722-_jpg.rf.dc777703acd29cf6bd45a5076b497ca2.jpg,dataset-5,train
dataset-5_images-723-_jpg.rf.1a7928410881f6c1f68e6a008b164f6a.jpg,dataset-5,train
dataset-5_images-724-_jpeg.rf.b35fbe5a9e5f0cf25658e295ebe6d8ca.jpg,dataset-5,train
dataset-5_images-724-_jpg.rf.65d63c5922aa58b3559c3deb948e304f.jpg,dataset-5,train
dataset-5_images-725-_jpeg.rf.14922db8d82a3b802b56e9aec90f6935.jpg,dataset-5,train
dataset-5_images-726-_jpg.rf.4538a1f745311d83a1a75dfde6f4c576.jpg,dataset-5,train
dataset-5_images-73-_jpg.rf.78d4e3d507fbf4ac4baa7c7e216d5750.jpg,dataset-5,train
dataset-5_images-73-_jpg.rf.8043eab51823f4e3259fbf774be6fd9d.jpg,dataset-5,train
dataset-5_images-734-_jpg.rf.3ac51404f4c309ac3cb2efb569d0071a.jpg,dataset-5,train
dataset-5_images-735-_jpeg.rf.22f5e48f4c901b1196f3cb68d936a3bf.jpg,dataset-5,train
dataset-5_images-736-_jpeg.rf.7375838f1e054525fe75583b362743e5.jpg,dataset-5,train
dataset-5_images-738-_jpeg.rf.67d8b717babe9e71ab8c6afa759ad188.jpg,dataset-5,train
dataset-5_images-74-_jpg.rf.89572f25e6bf50bd9e094e2f761d2de2.jpg,dataset-5,train
dataset-5_images-742-_jpg.rf.5ceb4ab5de81eb5e833788075baa3bff.jpg,dataset-5,train
dataset-5_images-746-_jpeg.rf.bbab5bfd0305ad1da436a5549fd630fd.jpg,dataset-5,train
dataset-5_images-747-_jpeg.rf.434fef609420b242d6d3bd257226f41a.jpg,dataset-5,train
dataset-5_images-748-_jpg.rf.3b37f92c10e01a23447166270d306204.jpg,dataset-5,train
dataset-5_images-75-_jpeg.rf.0db9f639a9a3ac41651ea6db2ee96a73.jpg,dataset-5,train
dataset-5_images-757-_jpeg.rf.bc4e25d7fa88ecfa23c409ef49303456.jpg,dataset-5,train
dataset-5_images-758-_jpeg.rf.07fc0403f2e1da14cdea825f8a938ba9.jpg,dataset-5,train
dataset-5_images-758-_jpg.rf.f754469d9c122e565f54e4831b2f0ead.jpg,dataset-5,train
dataset-5_images-764-_jpeg.rf.3aa89fbdf019009bbcd9b37b37c3f4f0.jpg,dataset-5,train
dataset-5_images-764-_jpg.rf.bfd163a3714fb61209e42eaecb163749.jpg,dataset-5,train
dataset-5_images-767-_jpeg.rf.e1a77e1fbeb21827c953f7861ec25dce.jpg,dataset-5,train
dataset-5_images-770-_jpg.rf.99e167b3c0b711e80347417be49159d1.jpg,dataset-5,train
dataset-5_images-771-_jpeg.rf.01c9126c8a0fb97b8a73a90023fb3db1.jpg,dataset-5,train
dataset-5_images-773-_jpg.rf.e2d5f864a67c15a5347be880536872e4.jpg,dataset-5,train
dataset-5_images-785-_jpg.rf.73491df109582c30e337a63717637577.jpg,dataset-5,train
dataset-5_images-788-_jpeg.rf.6e4bbfd9c595eaac00316fb2297d05ab.jpg,dataset-5,train
dataset-5_images-789-_jpeg.rf.4b260d7996f2e419fff8e274e548afdc.jpg,dataset-5,train
dataset-5_images-789-_jpg.rf.1ffde5297fff4f3dfb35cb125425a74d.jpg,dataset-5,train
dataset-5_images-790-_jpg.rf.196e07987eb079e220f6ee69f255b0a4.jpg,dataset-5,train
dataset-5_images-794-_jpeg.rf.8a04f95c2cd2e97742ff7c8794afd85e.jpg,dataset-5,train
dataset-5_images-796-_jpg.rf.3569992f8854bb3b58fd1c6c7c353e53.jpg,dataset-5,train
dataset-5_images-799-_jpeg.rf.1b5a676780178cf45a4de591540c2399.jpg,dataset-5,train
dataset-5_images-8-_jpeg.rf.58fa95292d5da2dfca05022861dcc5b7.jpg,dataset-5,train
dataset-5_images-80-_jpg.rf.e0f7452f72e5f64ae0fcc1238317c452.jpg,dataset-5,train
dataset-5_images-801-_jpg.rf.f7f909ae20b4d4b77191eb97a7a6bd41.jpg,dataset-5,train
dataset-5_images-807-_jpg.rf.28a73a17e48c91f0424e35f9d3258aa0.jpg,dataset-5,train
dataset-5_images-81-_jpeg.rf.9673d3913b8c4b9a5a1385cd47409c3b.jpg,dataset-5,train
dataset-5_images-816-_jpeg.rf.d6c06e963776e2a5d5688bec1c22d13c.jpg,dataset-5,train
dataset-5_images-820-_jpeg.rf.c9b73f6e9f0c219d1f8434dba52f2a84.jpg,dataset-5,train
dataset-5_images-827-_jpeg.rf.16afc4dff2edc08c79891f6d739bb8af.jpg,dataset-5,train
dataset-5_images-83-_jpeg.rf.c4510899379caf8cb328e20e7a3734eb.jpg,dataset-5,train
dataset-5_images-83-_jpg.rf.1df261eba0e884b87b2c76dbfdde65df.jpg,dataset-5,train
dataset-5_images-830-_jpeg.rf.66fe74f6da9c572f9f25af2b5bffc2a2.jpg,dataset-5,train
dataset-5_images-839-_jpeg.rf.2e491e80db03f0ac6b34f989be3547a9.jpg,dataset-5,train
dataset-5_images-84-_jpg.rf.9ac08f687b238f26ccc9e77a56247199.jpg,dataset-5,train
dataset-5_images-845-_jpeg.rf.fc2b653ebe9ecccac97d699ca8638276.jpg,dataset-5,train
dataset-5_images-85-_jpg.rf.d11d38868bc9a133e555faff4dad47d1.jpg,dataset-5,train
dataset-5_images-85-_jpg.rf.f6474a7ccd034075fd780fff47c90357.jpg,dataset-5,train
dataset-5_images-854-_jpeg.rf.da4b1f9369802629c116c67e5e2c74c0.jpg,dataset-5,train
dataset-5_images-856-_jpeg.rf.df14040661edce0a42d33a22007d26ab.jpg,dataset-5,train
dataset-5_images-858-_jpeg.rf.673f419cd202cd2e75ac04f0d0149216.jpg,dataset-5,train
dataset-5_images-859-_jpeg.rf.885ba9791f5a27ceb3d2fe6b6c2a846b.jpg,dataset-5,train
dataset-5_images-86-_jpg.rf.405d03d81ec5b920252c9e8db001869b.jpg,dataset-5,train
dataset-5_images-862-_jpeg.rf.532494687fec3d2b3741b8bfab37f20f.jpg,dataset-5,train
dataset-5_images-867-_jpeg.rf.310c405abb753caa343a4ac78ae152d7.jpg,dataset-5,train
dataset-5_images-872-_jpeg.rf.23dc3bfa46c457f9a14b658a77e2c27b.jpg,dataset-5,train
dataset-5_images-875-_jpeg.rf.832b2cc058e1d9ae39f9a780bab6d707.jpg,dataset-5,train
dataset-5_images-89-_jpg.rf.3a96f2d841b96285ea692da8a203af70.jpg,dataset-5,train
dataset-5_images-893-_jpeg.rf.027932b2bfe5be09e00cecb58240d0d5.jpg,dataset-5,train
dataset-5_images-897-_jpeg.rf.c39e05caa5bde228ea1c433a66d2fc98.jpg,dataset-5,train
dataset-5_images-898-_jpeg.rf.cd781842c445f48a953560187a45929e.jpg,dataset-5,train
dataset-5_images-9-_jpg.rf.09e4a40258e27de95f49ca583e7109b9.jpg,dataset-5,train
dataset-5_images-9-_jpg.rf.f8dcb017128e9e4e3aab31d9befd68be.jpg,dataset-5,train
dataset-5_images-90-_jpeg.rf.cc7f94fe328894aa5d03ee2f2da036cb.jpg,dataset-5,train
dataset-5_images-90-_jpg.rf.2fbf943f73fe0c57dfbfa5bd011e23bb.jpg,dataset-5,train
dataset-5_images-900-_jpeg.rf.d09050898706317a2918e1f58fe8c35a.jpg,dataset-5,train
dataset-5_images-906-_jpeg.rf.9bf82f1d00106fcb83b3866b9f374ced.jpg,dataset-5,train
dataset-5_images-908-_jpeg.rf.998f3ce31b5b4bac240c206bbd01f791.jpg,dataset-5,train
dataset-5_images-91-_jpg.rf.39f8c5ad173e224a750115f76084c785.jpg,dataset-5,train
dataset-5_images-91-_jpg.rf.45cacd93b0819d637f7f2a9dd2b06f1f.jpg,dataset-5,train
dataset-5_images-92-_jpg.rf.8bf44fbf817ef705d5c622192b22410c.jpg,dataset-5,train
dataset-5_images-93-_jpeg.rf.2a7a1b03850bd3c074182909bee4bdf5.jpg,dataset-5,train
dataset-5_images-93-_jpg.rf.5736249b2157788e5b69fea6c66c5f28.jpg,dataset-5,train
dataset-5_images-94-_jpeg.rf.64728a659883232f9fb95d40021e341f.jpg,dataset-5,train
dataset-5_images-95-_jpg.rf.33adf8a7ee5be9e8fe4c2a1008906a47.jpg,dataset-5,train
dataset-5_images-96-_jpg.rf.2bf33bf65782ed76dd84e8dac5dd744e.jpg,dataset-5,train
dataset-5_images-97-_jpeg.rf.1a4275b39211ee849b6d926888244c31.jpg,dataset-5,train
dataset-5_images-98-_jpg.rf.08f8d2091db35fc3f08b8a9abee3909d.jpg,dataset-5,train
dataset-5_images-98-_jpg.rf.bba1c2528f3b69cdf706528e0189aaff.jpg,dataset-5,train
dataset-5_images_jpg.rf.4e72f59da84422573ee6415758520f06.jpg,dataset-5,train
dataset-5_images-1-_jpg.rf.12c88206d24c301dd652081b09108799.jpg,dataset-5,valid
dataset-5_images-10-_jpeg.rf.a313ba8fcf4646ff4e183cacae95e3ba.jpg,dataset-5,valid
dataset-5_images-111-_jpg.rf.1fb86111a957c1a7a21a1cfb67679d08.jpg,dataset-5,valid
dataset-5_images-114-_jpg.rf.e32c6cd0f728f545683e92f277880dd2.jpg,dataset-5,valid
dataset-5_images-119-_jpg.rf.3a4242b9fd87123f6528d91fc6ee768e.jpg,dataset-5,valid
dataset-5_images-119-_jpg.rf.9047f1219c8bcaca81a6e60bbdb9f189.jpg,dataset-5,valid
dataset-5_images-12-_jpeg.rf.76bee56f8e80829e8f4d0d1862545cce.jpg,dataset-5,valid
dataset-5_images-124-_jpg.rf.b0f2127d217fa689a74a54fc11c942f7.jpg,dataset-5,valid
dataset-5_images-126-_jpeg.rf.e83b2b3d7ad7649c094fa43d0a66808e.jpg,dataset-5,valid
dataset-5_images-126-_jpg.rf.d279c697de071827bfc12938f2e1e837.jpg,dataset-5,valid
dataset-5_images-128-_jpg.rf.05d1c3f4d4f2638411320cf0ec5e1318.jpg,dataset-5,valid
dataset-5_images-129-_jpg.rf.3f77d8056d382ec20f3a2ad1ff4ec0f6.jpg,dataset-5,valid
dataset-5_images-130-_jpg.rf.2042e2bce912e4103194a454a73921e0.jpg,dataset-5,valid
dataset-5_images-130-_jpg.rf.5284b84de01c040e15c17dc8c0108da2.jpg,dataset-5,valid
dataset-5_images-135-_jpg.rf.4605b1a8f899936b745a689840c56615.jpg,dataset-5,valid
dataset-5_images-143-_jpeg.rf.38ffad3e625e463292cc84ade43a7c32.jpg,dataset-5,valid
dataset-5_images-143-_jpg.rf.344e18156d41cae3a062b480525cf65f.jpg,dataset-5,valid
dataset-5_images-15-_jpg.rf.a3b3bbcf6ad4fb6957d0e344a10938c8.jpg,dataset-5,valid
dataset-5_images-152-_jpg.rf.3fcbf54c0b3f2fbdbc24e0688a024c0e.jpg,dataset-5,valid
dataset-5_images-164-_jpg.rf.5cf60da6f945ccee49316077b5463c94.jpg,dataset-5,valid
dataset-5_images-17-_jpg.rf.37abd44ad2412fbcc523849a09301031.jpg,dataset-5,valid
dataset-5_images-172-_jpg.rf.d9075caece857d5086064ff35c539715.jpg,dataset-5,valid
dataset-5_images-178-_jpg.rf.f6849d3003193ba16986e43131b06035.jpg,dataset-5,valid
dataset-5_images-183-_jpg.rf.1ae402801c498611c488a8c2be73f542.jpg,dataset-5,valid
dataset-5_images-187-_jpg.rf.7f43e79dcecdf422ba82684d38498d9d.jpg,dataset-5,valid
dataset-5_images-192-_jpg.rf.e90c03cd7359bd6cecb19c63a9cfd969.jpg,dataset-5,valid
dataset-5_images-2-_jpg.rf.64ffe8a47aad7abea619c738bef49699.jpg,dataset-5,valid
dataset-5_images-201-_jpg.rf.7eb41ac6ace7af53e2e26f2f71885ccc.jpg,dataset-5,valid
dataset-5_images-208-_jpg.rf.370bee34ecb982a481b12141a45110bf.jpg,dataset-5,valid
dataset-5_images-209-_jpeg.rf.e07a764e5b400e97f4cd8651216db9c9.jpg,dataset-5,valid
dataset-5_images-209-_jpg.rf.29a4d1184e2a18f015c910eb740ab1a6.jpg,dataset-5,valid
dataset-5_images-210-_jpg.rf.228532243ffe8673cd51cacc14ee8354.jpg,dataset-5,valid
dataset-5_images-213-_jpg.rf.22141fdc2bc434dda9b158bcd5b06aa8.jpg,dataset-5,valid
dataset-5_images-229-_jpg.rf.6010804b7b3542899e79830b9764765a.jpg,dataset-5,valid
dataset-5_images-239-_jpg.rf.e67b46efb830494748ea3c5a7303a8cc.jpg,dataset-5,valid
dataset-5_images-24-_jpg.rf.8e2f8763c05a856da85031bb5fb2949c.jpg,dataset-5,valid
dataset-5_images-240-_jpg.rf.8951af75db8da54045c307a95506036d.jpg,dataset-5,valid
dataset-5_images-247-_jpg.rf.88961a2360ae9b738113b06816d19dcd.jpg,dataset-5,valid
dataset-5_images-257-_jpg.rf.5a67740fc39f3abaf9fab0ec4c5aa2d5.jpg,dataset-5,valid
dataset-5_images-265-_jpg.rf.c3ae70803407fff005730cb13aa9c00e.jpg,dataset-5,valid
dataset-5_images-267-_jpg.rf.4c411637e33155ce75234271c9361722.jpg,dataset-5,valid
dataset-5_images-284-_jpeg.rf.9d238a5990f94af0f29323089128e0fd.jpg,dataset-5,valid
dataset-5_images-289-_jpg.rf.28d0f9df4702d4de330c95f485500060.jpg,dataset-5,valid
dataset-5_images-29-_jpg.rf.1e9a7fbc4d0438dcb63c1f09df8c549b.jpg,dataset-5,valid
dataset-5_images-295-_jpg.rf.4df1b35d6554ba13d57ccbdd3f305350.jpg,dataset-5,valid
dataset-5_images-297-_jpeg.rf.b835a44ce27de48022d55dfe4c8f428e.jpg,dataset-5,valid
dataset-5_images-297-_jpg.rf.062c702f352904d6da3305951a957bcd.jpg,dataset-5,valid
dataset-5_images-301-_jpg.rf.4054d115a0796d59e8cc9a442a611d4b.jpg,dataset-5,valid
dataset-5_images-302-_jpg.rf.b67be746b1107ea11520ed87449b16ac.jpg,dataset-5,valid
dataset-5_images-306-_jpg.rf.293443bfcbb724a48832ba69c54ebcfd.jpg,dataset-5,valid
dataset-5_images-31-_jpg.rf.f1953089a99fc779870f9bf8f656fa9c.jpg,dataset-5,valid
dataset-5_images-312-_jpg.rf.9e1b9c358e6300ac4c9715ad52ead6c5.jpg,dataset-5,valid
dataset-5_images-319-_jpg.rf.cf961c1bd7775b8556869a22a45f4cc2.jpg,dataset-5,valid
dataset-5_images-32-_jpg.rf.fe40b88e82dc849a14a14b328c850f9f.jpg,dataset-5,valid
dataset-5_images-325-_jpg.rf.56553b27febefae24970e4efc6196608.jpg,dataset-5,valid
dataset-5_images-33-_jpeg.rf.6dad30dad0a0348801a8d5d97d49efbc.jpg,dataset-5,valid
dataset-5_images-331-_jpg.rf.0e3fa689a74dc6711cf4b1c1178dd635.jpg,dataset-5,valid
dataset-5_images-336-_jpg.rf.4f8081fba155c8f698ea09f7a41a5d9f.jpg,dataset-5,valid
dataset-5_images-362-_jpg.rf.e876c393695b127e85b9786cc9fce553.jpg,dataset-5,valid
dataset-5_images-363-_jpg.rf.9579e6b4175747f5321066cd3ce5f3b3.jpg,dataset-5,valid
dataset-5_images-365-_jpg.rf.f565a9c33870cfe0c46b75fdfc777d09.jpg,dataset-5,valid
dataset-5_images-371-_jpg.rf.523c1865a9131f441410530b05410466.jpg,dataset-5,valid
dataset-5_images-378-_jpg.rf.55caeab0c7c42292d5fa5b46d43635a6.jpg,dataset-5,valid
dataset-5_images-385-_jpg.rf.a67fa972beda51c794091d639cb53b6c.jpg,dataset-5,valid
dataset-5_images-386-_jpg.rf.1aadbcaf1731c70cc7b4ca5fb9bee114.jpg,dataset-5,valid
dataset-5_images-4-_jpg.rf.f145347ee033845260fce35555f32b21.jpg,dataset-5,valid
dataset-5_images-403-_jpg.rf.1171d2cb370538c2896b44c6fe2ac77c.jpg,dataset-5,valid
dataset-5_images-425-_jpg.rf.230b427eb3cc0b5016a7509d7c2df93e.jpg,dataset-5,valid
dataset-5_images-425-_jpg.rf.b622044bf23b7164211b237157b3e538.jpg,dataset-5,valid
dataset-5_images-434-_jpg.rf.ba177a4b3dd4b669e23c1b613cf499a7.jpg,dataset-5,valid
dataset-5_images-436-_jpg.rf.7192ababb2ed36af6202709495a1d509.jpg,dataset-5,valid
dataset-5_images-458-_jpg.rf.5e31f39f2243ae8babbe7d043860fa30.jpg,dataset-5,valid
dataset-5_images-461-_jpg.rf.d6829d0d96949d598c9f0abd77146f79.jpg,dataset-5,valid
dataset-5_images-47-_jpg.rf.5180aaa2191404c3e9b2c294a8a1449d.jpg,dataset-5,valid
dataset-5_images-47-_jpg.rf.680108fbd5136ebce4b7fb9391eea63a.jpg,dataset-5,valid
dataset-5_images-480-_jpg.rf.49714e0327def16909c23fd1d2c3f141.jpg,dataset-5,valid
dataset-5_images-482-_jpg.rf.8a5cdb96a9e2f357d7800d3a1001a897.jpg,dataset-5,valid
dataset-5_images-484-_jpg.rf.45e6932813ef87efcc6ce9e3496e20ba.jpg,dataset-5,valid
dataset-5_images-486-_jpg.rf.ec70d62e3952cca244671ccc27fc5272.jpg,dataset-5,valid
dataset-5_images-487-_jpg.rf.5c234a1ea84e54664d22d62eeaa8ea07.jpg,dataset-5,valid
dataset-5_images-487-_jpg.rf.94e81ecd1baa6677b16a4cc7b6de7452.jpg,dataset-5,valid
dataset-5_images-49-_jpg.rf.6cd77ae095c5ecd4303306fb0b640977.jpg,dataset-5,valid
dataset-5_images-5-_jpg.rf.18db8aff63768d2b7bf9e0cc229f2d55.jpg,dataset-5,valid
dataset-5_images-506-_jpg.rf.e8d66572f44af9732523f26c05d0ca5a.jpg,dataset-5,valid
dataset-5_images-508-_jpg.rf.97ac0356f1cb8873a67793576bea5137.jpg,dataset-5,valid
dataset-5_images-513-_jpg.rf.02675ad81007355466f9b5db03250fa5.jpg,dataset-5,valid
dataset-5_images-530-_jpg.rf.6634df7673fb66e1322ce20dc452f8ae.jpg,dataset-5,valid
dataset-5_images-533-_jpg.rf.249405ae37846ed767281215784f9ffe.jpg,dataset-5,valid
dataset-5_images-561-_jpg.rf.d4432190aa7e12844fa270625080f354.jpg,dataset-5,valid
dataset-5_images-58-_jpg.rf.5266bf66cf817045c64d86fc031bc4eb.jpg,dataset-5,valid
dataset-5_images-58-_jpg.rf.a0f109858dd7d597b0cfeeff8d4acf88.jpg,dataset-5,valid
dataset-5_images-582-_jpg.rf.610249fac05e99730a334096069664fb.jpg,dataset-5,valid
dataset-5_images-587-_jpg.rf.4edad421d9042ff7b3338d2b9af68ed3.jpg,dataset-5,valid
dataset-5_images-590-_jpg.rf.363830580d4d11470bf31858ee1578eb.jpg,dataset-5,valid
dataset-5_images-603-_jpg.rf.6411554a60b089574eca0a0d8ffc01a0.jpg,dataset-5,valid
dataset-5_images-618-_jpg.rf.ec4c563275d87b4944b8fa4c356a4025.jpg,dataset-5,valid
dataset-5_images-619-_jpg.rf.252b43d249d28846a33c86a9ff43a2b5.jpg,dataset-5,valid
dataset-5_images-62-_jpg.rf.c57ee281d7d97e74fa79698abe0ea940.jpg,dataset-5,valid
dataset-5_images-631-_jpg.rf.bff40f420125f59db166743d2ad55963.jpg,dataset-5,valid
dataset-5_images-635-_jpg.rf.d28cb4b0179d700205b1f5fa6d087036.jpg,dataset-5,valid
dataset-5_images-66-_jpg.rf.1a9235d76f308e4625e39d9975ea5530.jpg,dataset-5,valid
dataset-5_images-682-_jpg.rf.209a9cc28121cb5a0d90c23c47ea33e9.jpg,dataset-5,valid
dataset-5_images-687-_jpeg.rf.9ed523b073fcf89e2344b1c120f0e64f.jpg,dataset-5,valid
dataset-5_images-688-_jpg.rf.a41f41abc0be0e2091965b1168da3ebd.jpg,dataset-5,valid
dataset-5_images-689-_jpeg.rf.eb1728facfaa629efef69f98ef557cc8.jpg,dataset-5,valid
dataset-5_images-698-_jpg.rf.37799e61b7d631323d8b218753c0c563.jpg,dataset-5,valid
dataset-5_images-709-_jpg.rf.290dc4b0760ab5007f6d8976846edc17.jpg,dataset-5,valid
dataset-5_images-716-_jpeg.rf.a83ba4d38ea4fe7634ac2a3e3ea3a128.jpg,dataset-5,valid
dataset-5_images-72-_jpeg.rf.218141bac9ff3e0d21f6de5513151fab.jpg,dataset-5,valid
dataset-5_images-722-_jpeg.rf.f171a332ec2bd411eb18a46dc315cf02.jpg,dataset-5,valid
dataset-5_images-728-_jpeg.rf.ab9b03dea4eecabf05f5f5c3fd0dc5fa.jpg,dataset-5,valid
dataset-5_images-728-_jpg.rf.0f85734bdc035a3f08f7d97f63d549cb.jpg,dataset-5,valid
dataset-5_images-73-_jpeg.rf.8429b7f4fe7094d2671cffafc3e62d8d.jpg,dataset-5,valid
dataset-5_images-730-_jpg.rf.a1fd8bc59ce3db002a9bc058c476f2fa.jpg,dataset-5,valid
dataset-5_images-761-_jpeg.rf.50f1945aaf4a34296aef75598cc679e5.jpg,dataset-5,valid
dataset-5_images-763-_jpeg.rf.a9072356aeda219c92b5930cfe58eb45.jpg,dataset-5,valid
dataset-5_images-77-_jpg.rf.670a72c0f1cbae626ddddca329ef630a.jpg,dataset-5,valid
dataset-5_images-771-_jpg.rf.72f3b7af8104d81bca08a19b913eda02.jpg,dataset-5,valid
dataset-5_images-774-_jpeg.rf.62848b9f5171b4e04e6e0084525bb949.jpg,dataset-5,valid
dataset-5_images-79-_jpg.rf.d0afc9655669dfb2093b8bbf547712c0.jpg,dataset-5,valid
dataset-5_images-791-_jpg.rf.47f0e1e222bed4e6a1dbeb2bba639e72.jpg,dataset-5,valid
dataset-5_images-792-_jpg.rf.d98ba2dc8f6cd3853f1dc6a6ebb5b186.jpg,dataset-5,valid
dataset-5_images-795-_jpeg.rf.cc2c54afab24398c60c9228ca4f5d335.jpg,dataset-5,valid
dataset-5_images-798-_jpg.rf.de56556cd767ff0310d2b8c78f0f6c0c.jpg,dataset-5,valid
dataset-5_images-819-_jpeg.rf.a4268feab4509fa6e13af5f89a2c0069.jpg,dataset-5,valid
dataset-5_images-82-_jpg.rf.7c830aa045b29c820643253a8c755680.jpg,dataset-5,valid
dataset-5_images-853-_jpeg.rf.a9a036a2a9be242c90daaa70347b6dbb.jpg,dataset-5,valid
dataset-5_images-868-_jpeg.rf.9b6267d20272cb14d87a1b0d540c3b3e.jpg,dataset-5,valid
dataset-5_images-879-_jpeg.rf.74d4a4bcb91f39206b309d31f3ed06cb.jpg,dataset-5,valid
dataset-5_images-88-_jpg.rf.37555c301dc57bc6c9ba6f1f26db0cf2.jpg,dataset-5,valid
dataset-5_images-887-_jpeg.rf.27defd06276bc3a668b5aa758afb1332.jpg,dataset-5,valid
dataset-5_images-90-_jpg.rf.b8d3fbe64585f18c65cc03b7163ddfa8.jpg,dataset-5,valid
dataset-5_images-907-_jpeg.rf.679c3bdfe269aa9cf4ac35fce60fc307.jpg,dataset-5,valid
dataset-5_images-96-_jpg.rf.5ecdfd76aabdf151c486c451cffcebd5.jpg,dataset-5,valid
dataset-5_images-99-_jpg.rf.17035cc56542a3d89ed409a7917c0bd3.jpg,dataset-5,valid
dataset-5_images-102-_jpg.rf.7d61bd57037ce34884b3620275febe56.jpg,dataset-5,test
dataset-5_images-108-_jpg.rf.8a0c1600607b7094b2536d1997b25e1f.jpg,dataset-5,test
dataset-5_images-112-_jpg.rf.4829d6ef92a54f407cc4d46cae76b3d8.jpg,dataset-5,test
dataset-5_images-123-_jpeg.rf.ad7beff7bee78ed600b5a9a4a5443205.jpg,dataset-5,test
dataset-5_images-145-_jpg.rf.2a1181c881fcfcecb59dea7076de5f32.jpg,dataset-5,test
dataset-5_images-156-_jpg.rf.5fa449f5b7ba15cec28c60e3aeaced48.jpg,dataset-5,test
dataset-5_images-168-_jpg.rf.56c35d854e1207fa20bb626ff162d451.jpg,dataset-5,test
dataset-5_images-17-_jpg.rf.49bd697a9c1c796782cfa595b9d95fa5.jpg,dataset-5,test
dataset-5_images-182-_jpg.rf.9e6c85d4562a3cf6aa7e7e9040863d6a.jpg,dataset-5,test
dataset-5_images-208-_jpg.rf.ee7d743f0ce5c97450b1268ae5035704.jpg,dataset-5,test
dataset-5_images-211-_jpg.rf.19a09505f6ef1440b344bad937c233ba.jpg,dataset-5,test
dataset-5_images-212-_jpg.rf.176349d337cd48bc48331e2b4185647e.jpg,dataset-5,test
dataset-5_images-219-_jpg.rf.e05152f50f9692534a13e5b64e07e773.jpg,dataset-5,test
dataset-5_images-224-_jpg.rf.7d5a6442d057ed775a19b579c78aee61.jpg,dataset-5,test
dataset-5_images-229-_jpg.rf.0c0897d2161ac9bc020d6d6f44181436.jpg,dataset-5,test
dataset-5_images-244-_jpg.rf.afb8117503a208c68c75045d63c9010a.jpg,dataset-5,test
dataset-5_images-250-_jpg.rf.420a0f168d780194a9981417bf9e3049.jpg,dataset-5,test
dataset-5_images-272-_jpg.rf.ff68eb10ca74ba288f0ac7352ad0739b.jpg,dataset-5,test
dataset-5_images-275-_jpg.rf.89128d0c4e92c8858ba7906484f0ed24.jpg,dataset-5,test
dataset-5_images-286-_jpg.rf.80b187dabaddfe9e910dcdd4eaf3f810.jpg,dataset-5,test
dataset-5_images-30-_jpg.rf.029f739ebf6a4390c90e62acafb98d1e.jpg,dataset-5,test
dataset-5_images-316-_jpg.rf.3e56f9339d5c966b53b28f5628a6c444.jpg,dataset-5,test
dataset-5_images-333-_jpg.rf.77b0dc69103c91a08794126a334dbac4.jpg,dataset-5,test
dataset-5_images-354-_jpg.rf.148ee3182b07215a1107a9af246dc831.jpg,dataset-5,test
dataset-5_images-360-_jpg.rf.9f3f4893d904cef2a758b6c674158761.jpg,dataset-5,test
dataset-5_images-366-_jpg.rf.79fb967634860a2f24b1b83d61c74fa0.jpg,dataset-5,test
dataset-5_images-37-_jpg.rf.35bcd57127002de290dae6d8461d7160.jpg,dataset-5,test
dataset-5_images-39-_jpg.rf.dbb30f73d933499cb05fabc7da961583.jpg,dataset-5,test
dataset-5_images-410-_jpg.rf.84ca9f74d1996413b51698e478d88718.jpg,dataset-5,test
dataset-5_images-433-_jpg.rf.007ad62ca4497502dea3ea7ba4ce28c3.jpg,dataset-5,test
dataset-5_images-436-_jpg.rf.7d24556b89e02c3c31f9c194f61effba.jpg,dataset-5,test
dataset-5_images-450-_jpg.rf.71de129071cb0f97e0af0fd12f30440d.jpg,dataset-5,test
dataset-5_images-467-_jpg.rf.b1c75f95df31fd4d249aafc95449c4a6.jpg,dataset-5,test
dataset-5_images-48-_jpg.rf.d31155b69d5cd3f739a146a5bebbba55.jpg,dataset-5,test
dataset-5_images-480-_jpg.rf.abd267a4e653d4949f6e5c7f3bf321f9.jpg,dataset-5,test
dataset-5_images-500-_jpg.rf.68d3dc36eb6305ed98956029a5ba9b77.jpg,dataset-5,test
dataset-5_images-51-_jpg.rf.d27912b9a0a4ed8915b644b8958d4cae.jpg,dataset-5,test
dataset-5_images-516-_jpg.rf.9cb202c31a1e0958632c1aa229706f92.jpg,dataset-5,test
dataset-5_images-55-_jpg.rf.ea901bf923a58e6a847787e36d0ba735.jpg,dataset-5,test
dataset-5_images-57-_jpg.rf.2b814db28c813cd543156d103d450b02.jpg,dataset-5,test
dataset-5_images-580-_jpg.rf.8dd42ba502911466741b5e92c4637e73.jpg,dataset-5,test
dataset-5_images-583-_jpg.rf.b500b266dd95a225786df24c5ef404f9.jpg,dataset-5,test
dataset-5_images-613-_jpg.rf.c952665c005a7ebc4b30de38fa98b5c2.jpg,dataset-5,test
dataset-5_images-627-_jpg.rf.127f86ad965c982620164fb8c8d9b7c5.jpg,dataset-5,test
dataset-5_images-683-_jpg.rf.8a63c0e7946c53fd89e10873c0fd7d5d.jpg,dataset-5,test
dataset-5_images-690-_jpg.rf.23a263d7b81eab33708210f885f37c76.jpg,dataset-5,test
dataset-5_images-708-_jpg.rf.8b7e35bf4b72e28f47ae86a6eb968c2f.jpg,dataset-5,test
dataset-5_images-717-_jpg.rf.7a2ec65d3525a8b4f89d4f8b87c31225.jpg,dataset-5,test
dataset-5_images-734-_jpeg.rf.1f9aa4318fd9a6554bbf9ac884dad1aa.jpg,dataset-5,test
dataset-5_images-743-_jpg.rf.e4b7b6a056fa9d3e4d86239ecfcdcd44.jpg,dataset-5,test
dataset-5_images-75-_jpg.rf.31c8a608ebc778548117637505b6b28b.jpg,dataset-5,test
dataset-5_images-759-_jpg.rf.f84004d9c8b8b6355cfeef705260f5eb.jpg,dataset-5,test
dataset-5_images-762-_jpeg.rf.2aace9d98f043bdfc33bf498a96ec764.jpg,dataset-5,test
dataset-5_images-77-_jpeg.rf.ba650fb55fcef5a53955ce4374a7c928.jpg,dataset-5,test
dataset-5_images-77-_jpg.rf.db0d8dc019f0b2fe4b296cda423715ac.jpg,dataset-5,test
dataset-5_images-78-_jpg.rf.9945f49c6030269d3506e9e5c824eaa5.jpg,dataset-5,test
dataset-5_images-79-_jpg.rf.e3b68866fddd4ec2e821419414ad055e.jpg,dataset-5,test
dataset-5_images-790-_jpeg.rf.2a6716a3bb43dcbdb55823196fc6874e.jpg,dataset-5,test
dataset-5_images-800-_jpg.rf.c9dddbcb86a70b54d61bf0e18b25b46e.jpg,dataset-5,test
dataset-5_images-83-_jpg.rf.f0ec75722f6d110fe06c39323676ba63.jpg,dataset-5,test
dataset-5_images-841-_jpeg.rf.bf64dc2f019127d31f271a1b976ebafd.jpg,dataset-5,test
dataset-5_images-87-_jpg.rf.7ee10be5fded29076862d206817f94c8.jpg,dataset-5,test
dataset-5_images-88-_jpg.rf.3cf1290db4ae41db8af1f991f1886197.jpg,dataset-5,test
dataset-5_images-914-_jpeg.rf.58d9d2adcd33acb8b1862cde24254e16.jpg,dataset-5,test
dataset-5_images-92-_jpeg.rf.a0fe711c43a9e5913132fbda31391990.jpg,dataset-5,test
dataset-5_images-922-_jpeg.rf.27141eccdda69d217f86855eafb17ec7.jpg,dataset-5,test
