image,source,origin_split
dataset-2_IMG_4024_PNG.rf.1a9651320af8968257ad72fb67f0cedc.jpg,dataset-2,train
dataset-2_IMG_4024_PNG.rf.2c16406414c34f185bc563757b8a16ab.jpg,dataset-2,train
dataset-2_IMG_4024_PNG.rf.8231be537f8491b8eb2e8cec95158f94.jpg,dataset-2,train
dataset-2_IMG_4030_PNG.rf.250b143d209e964e409afa62dfe2efd6.jpg,dataset-2,train
dataset-2_IMG_4030_PNG.rf.4762bf507d9e3a8357555a37ed136471.jpg,dataset-2,train
dataset-2_IMG_4030_PNG.rf.bea1bcc6fcfc20e3571a538b2bc820a8.jpg,dataset-2,train
dataset-2_IMG_4036_PNG.rf.748ad30adaae6264ac2f5f082caefcf6.jpg,dataset-2,train
dataset-2_IMG_4036_PNG.rf.76b22dd9bac65b2f0df0e026eb0ca28f.jpg,dataset-2,train
dataset-2_IMG_4036_PNG.rf.e2d195ff0087d3fc4a72263ece296ec9.jpg,dataset-2,train
dataset-2_IMG_4037_PNG.rf.3a0fddd4b1bc13884129ec2faa7c809a.jpg,dataset-2,train
dataset-2_IMG_4037_PNG.rf.440e7336abd7c1591c9938234afd95d5.jpg,dataset-2,train
dataset-2_IMG_4037_PNG.rf.4b1d3c8efc0a9d601c05b59b2b28d4da.jpg,dataset-2,train
dataset-2_IMG_4050_PNG.rf.52fb4940deb9f40e64aaa17cee9a392f.jpg,dataset-2,train
dataset-2_IMG_4050_PNG.rf.c6da5ccb8e6d10a355aab09df2f7a84e.jpg,dataset-2,train
dataset-2_IMG_4051_JPG.rf.09c1c2787cd50be25e00c5e52cb976e9.jpg,dataset-2,train
dataset-2_IMG_4051_JPG.rf.a67afec3cedf356f4648a5948b692528.jpg,dataset-2,train
dataset-2_IMG_4064_PNG.rf.59346f0511768661e79040c397617b72.jpg,dataset-2,train
dataset-2_IMG_4064_PNG.rf.fb448987a1d0fc5fa55be0c8f16d1335.jpg,dataset-2,train
dataset-2_IMG_4067_PNG.rf.a47244bf53264adfc84f4bdb973e709f.jpg,dataset-2,train
dataset-2_IMG_4070_PNG.rf.40e870abc1254d892d35392793b91056.jpg,dataset-2,train
dataset-2_IMG_4070_PNG.rf.865498695d500c2ac8b1676b24df2e79.jpg,dataset-2,train
dataset-2_IMG_4070_PNG.rf.897f9398c38adb28a5f6e4961e4c41c9.jpg,dataset-2,train
dataset-2_IMG_4116_PNG.rf.2f62c35d8e23e6e90e26ef56f39ae2fc.jpg,dataset-2,train
dataset-2_IMG_4116_PNG.rf.86ddc8632b8401e7178d08208a6cb7b7.jpg,dataset-2,train
dataset-2_IMG_4116_PNG.rf.942bbe75daadfd98bffe2d142a31c5ad.jpg,dataset-2,train
dataset-2_IMG_4117_PNG.rf.06a2bfdbaf7235a03cbe6d396d2bb795.jpg,dataset-2,train
dataset-2_IMG_4117_PNG.rf.6dc1c7b7bf44c8c42b829e8e73b06d68.jpg,dataset-2,train
dataset-2_IMG_4117_PNG.rf.fbb2043b2af7331e1f1512ac4ec2e85b.jpg,dataset-2,train
dataset-2_IMG_4123_PNG.rf.1885d02c67669dc5146a703087703cf2.jpg,dataset-2,train
dataset-2_IMG_4123_PNG.rf.5733fc957f41832ff6572cc01ccba4a2.jpg,dataset-2,train
dataset-2_IMG_4123_PNG.rf.709d672f3ea03aa5d4d483264896c42a.jpg,dataset-2,train
dataset-2_IMG_4223_JPG.rf.508ed764dfa3f6c992a7ee590c11b095.jpg,dataset-2,train
dataset-2_IMG_4223_JPG.rf.61e534a5f5877dddf99a858c98598ff4.jpg,dataset-2,train
dataset-2_IMG_4223_JPG.rf.c6481344c7d6574fe3ee825a92990128.jpg,dataset-2,train
dataset-2_IMG_4249_JPG.rf.0052dd3c190f30006a231bfdc32b9c5c.jpg,dataset-2,train
dataset-2_IMG_4249_JPG.rf.3fb0d0f9b12523306d0797d707c257c2.jpg,dataset-2,train
dataset-2_IMG_4249_JPG.rf.79ee961ba4f5bbc4fd099ba8b5ac7200.jpg,dataset-2,train
dataset-2_IMG_4250_JPG.rf.02d5d53bafe166d9c06ef42a0a873bda.jpg,dataset-2,train
dataset-2_IMG_4250_JPG.rf.733773e51c034679afac6772f0160af4.jpg,dataset-2,train
dataset-2_IMG_4250_JPG.rf.dd781cc431f409b40aaee3dd6bba980d.jpg,dataset-2,train
dataset-2_IMG_4257_JPG.rf.2b6e7ea72206ff19bf54d99b7c0fcd86.jpg,dataset-2,train
dataset-2_IMG_4257_JPG.rf.7939e6e6f5eb732ee91249d9b759534a.jpg,dataset-2,train
dataset-2_IMG_4257_JPG.rf.a903c1e7e625c7034d9883e93fa746a9.jpg,dataset-2,train
dataset-2_IMG_4426_JPG.rf.1701c40556dbebc4aa527b7e2b9fb3fa.jpg,dataset-2,train
dataset-2_IMG_4426_JPG.rf.209acefb48f361a53174848cda517eef.jpg,dataset-2,train
dataset-2_IMG_4426_JPG.rf.a1c392a97a9e92a057a7026340df313c.jpg,dataset-2,train
dataset-2_IMG_4436_JPG.rf.c7a82330b2aee96315636ecac5e95ad3.jpg,dataset-2,train
dataset-2_IMG_4436_JPG.rf.ce9dcb1e1d0163f6ac5b0b9b6f30678d.jpg,dataset-2,train
dataset-2_IMG_4437_JPG.rf.713e503e3541b31a77dd06d44ac480d6.jpg,dataset-2,train
dataset-2_IMG_4437_JPG.rf.d048c3e1b179d909e28904865281b982.jpg,dataset-2,train
dataset-2_IMG_4439_JPG.rf.5a713c2bee616acb8d70d512b1ce70f0.jpg,dataset-2,train
dataset-2_IMG_4439_JPG.rf.b767585d051c9feb13beb433c0f1f972.jpg,dataset-2,train
dataset-2_IMG_4574_JPG.rf.3a43d02931c99551d537bba5e9522614.jpg,dataset-2,train
dataset-2_IMG_4574_JPG.rf.606c0bc9b71beebafa2eeed717f6d19c.jpg,dataset-2,train
dataset-2_IMG_4574_JPG.rf.6602e6f6d6a2850b6aa6f4f2f987d689.jpg,dataset-2,train
dataset-2_IMG_4575_JPG.rf.4b6066e8ae67f8d1c7d2eca0352cb38c.jpg,dataset-2,train
dataset-2_IMG_4575_JPG.rf.776f05fc46d50b55577ea930f4316dbb.jpg,dataset-2,train
dataset-2_IMG_4576_JPG.rf.36f433e76bd9cf828f920cb0ee060fc1.jpg,dataset-2,train
dataset-2_IMG_4576_JPG.rf.d83284070f2b236b8016181eb0d93cd7.jpg,dataset-2,train
dataset-2_IMG_4577_JPG.rf.82ce052bb13ab70ce8a91c169ea0016c.jpg,dataset-2,train
dataset-2_IMG_4577_JPG.rf.e0fa08961c63fa45e39ff3e59b79346c.jpg,dataset-2,train
dataset-2_IMG_4579_JPG.rf.46ad3acca06df497125b46ce9eec9548.jpg,dataset-2,train
dataset-2_IMG_4579_JPG.rf.ac71f60345e1c407ad9520cdc934e171.jpg,dataset-2,train
dataset-2_IMG_4580_JPG.rf.9d3faff3ee372c91f3198a58dfbb6819.jpg,dataset-2,train
dataset-2_IMG_4580_JPG.rf.f83b636c5ced4ab4b45bd0aa6279c90c.jpg,dataset-2,train
dataset-2_IMG_4581_JPG.rf.0b183ecf5b910825009b7bb59a93c457.jpg,dataset-2,train
dataset-2_IMG_4581_JPG.rf.996b2579b8cfb24d246c0d2bc958dd23.jpg,dataset-2,train
dataset-2_IMG_4582_JPG.rf.16cb7f8e5bb39339c6c97c3cdbc0cd04.jpg,dataset-2,train
dataset-2_IMG_4582_JPG.rf.5b729f3f0b7b6f2318250a71c86631b7.jpg,dataset-2,train
dataset-2_IMG_4583_JPG.rf.f8c68acd957086aebfe5961a8e38913b.jpg,dataset-2,train
dataset-2_IMG_4584_JPG.rf.44fe50c54f989ce23fa51d09fdf09adc.jpg,dataset-2,train
dataset-2_IMG_4584_JPG.rf.b533b4fc5960ab94437a92b8db6a10c7.jpg,dataset-2,train
dataset-2_IMG_4590_JPG.rf.6cfc3f43cb5bba3637d793d7651b7089.jpg,dataset-2,train
dataset-2_IMG_4590_JPG.rf.ed7792d3f082f8d9ade969101b611ab2.jpg,dataset-2,train
dataset-2_IMG_4591_JPG.rf.35ddddc4a3499caf186abc0772635dad.jpg,dataset-2,train
dataset-2_IMG_4591_JPG.rf.7e6aa9219ef69ac42d7002b7fb3def93.jpg,dataset-2,train
dataset-2_IMG_4591_JPG.rf.bfc501e059f4f1fa38ad7b6f56a85866.jpg,dataset-2,train
dataset-2_IMG_4612_JPG.rf.4318a802d54a909940c123a4949abc91.jpg,dataset-2,train
dataset-2_IMG_4612_JPG.rf.4ebf23b982127d076bec520f7121268b.jpg,dataset-2,train
dataset-2_IMG_4612_JPG.rf.65881684c45710fdd46ed95fa408975c.jpg,dataset-2,train
dataset-2_IMG_4613_JPG.rf.ad281000a74e5e14f5246f5849f9af10.jpg,dataset-2,train
dataset-2_IMG_4613_JPG.rf.bd8b1ce5fb8df932afd4f75a4623b103.jpg,dataset-2,train
dataset-2_IMG_4614_JPG.rf.7c51c60555f251f1d448d6998724db46.jpg,dataset-2,train
dataset-2_IMG_4614_JPG.rf.b0073c0abe59ded33b1e514c10f744a3.jpg,dataset-2,train
dataset-2_IMG_4615_JPG.rf.7080d8c43d2c97324565dd45acc14e28.jpg,dataset-2,train
dataset-2_IMG_4616_JPG.rf.2d1044a21ae8172fb8b69c7e2dc9b050.jpg,dataset-2,train
dataset-2_IMG_4616_JPG.rf.bffe7cb54c5991716efff58d55825ea8.jpg,dataset-2,train
dataset-2_IMG_4617_JPG.rf.82b3daa84cc5fcd661fe980ff76df117.jpg,dataset-2,train
dataset-2_IMG_4623_JPG.rf.1319d21f51e360bf79afa748bf46edac.jpg,dataset-2,train
dataset-2_IMG_4623_JPG.rf.95e8e758162d2148f1602b2265bef4f3.jpg,dataset-2,train
dataset-2_IMG_4624_JPG.rf.2a6741e574612ebe9a8d462c7914c837.jpg,dataset-2,train
dataset-2_IMG_4624_JPG.rf.b2ef44b879e70a44507a5f5cf56bf26e.jpg,dataset-2,train
dataset-2_IMG_4625_JPG.rf.2b88b926663f8b8b0add3a30c580b103.jpg,dataset-2,train
dataset-2_IMG_4625_JPG.rf.a83cf475653b124daa051794ea16dd56.jpg,dataset-2,train
dataset-2_IMG_4626_JPG.rf.71142ba88f962afa3f7d5dc4b7302c30.jpg,dataset-2,train
dataset-2_IMG_4628_JPG.rf.3224f10abeb9ff472e64d37b3cab17a8.jpg,dataset-2,train
dataset-2_IMG_4628_JPG.rf.e4b52c261ae3d2a07f2b16034188aa42.jpg,dataset-2,train
dataset-2_IMG_4629_JPG.rf.4ebf26cfa51f44d105f10a0edc90223b.jpg,dataset-2,train
dataset-2_IMG_4629_JPG.rf.7430a5c4fed984fe60346763c6dd74be.jpg,dataset-2,train
dataset-2_IMG_4629_JPG.rf.a214e30e2ab86389032463ef71cb87a2.jpg,dataset-2,train
dataset-2_IMG_4630_JPG.rf.375a353bb8f39212b21198eb18181ed5.jpg,dataset-2,train
dataset-2_IMG_4630_JPG.rf.7c578a124999bde27e39be676ba38055.jpg,dataset-2,train
dataset-2_IMG_4631_JPG.rf.528c20068d055c7678e5bd42ef118485.jpg,dataset-2,train
dataset-2_IMG_4631_JPG.rf.fe029cfd1697eedf89cdc9158827b245.jpg,dataset-2,train
dataset-2_IMG_4633_JPG.rf.004f8a96c78633bc349747adaf984319.jpg,dataset-2,train
dataset-2_IMG_4633_JPG.rf.2dc2f05b4f5cfd388fb2cb0e61b194a1.jpg,dataset-2,train
dataset-2_IMG_4633_JPG.rf.3050d9eb0983a0815a584527ff2cf3ce.jpg,dataset-2,train
dataset-2_IMG_4634_JPG.rf.bd05244961f8580e5583f85e1a459809.jpg,dataset-2,train
dataset-2_IMG_4634_JPG.rf.ec0e3493bc3ac98d1e46f6825ecd2935.jpg,dataset-2,train
dataset-2_IMG_4635_JPG.rf.1c696c97454dd5c34046c4cd8a432d30.jpg,dataset-2,train
dataset-2_IMG_4635_JPG.rf.34251f5e042694e28b7a7ed3612cd82a.jpg,dataset-2,train
dataset-2_IMG_4635_JPG.rf.5940c22fd1dec468186862c02e28046d.jpg,dataset-2,train
dataset-2_IMG_4638_JPG.rf.0a4c09ed012d8feebaaf6b56e81e9e03.jpg,dataset-2,train
dataset-2_IMG_4638_JPG.rf.6b160c857e4ae407f13c890c51d8d0da.jpg,dataset-2,train
dataset-2_IMG_4638_JPG.rf.c1fcc036d9be83c002224138ac3aa0ca.jpg,dataset-2,train
dataset-2_IMG_4639_JPG.rf.a9809b39623c8732f4909dc6aa9dc2ac.jpg,dataset-2,train
dataset-2_IMG_4639_JPG.rf.d271c8883c4ddf3c6f75010129cec298.jpg,dataset-2,train
dataset-2_IMG_4640_JPG.rf.188b1d58d16d709221ede51c59373969.jpg,dataset-2,train
dataset-2_IMG_4640_JPG.rf.55704735656e896cf9ea4acbb02a2d78.jpg,dataset-2,train
dataset-2_IMG_4642_JPG.rf.45503ae6ec7d31aaf40df2ab90e60560.jpg,dataset-2,train
dataset-2_IMG_4717_JPG.rf.32bf62442d3d8716349e8c8d2dd337d4.jpg,dataset-2,train
dataset-2_IMG_4717_JPG.rf.8dc4033938d3f991027b1219467c6c66.jpg,dataset-2,train
dataset-2_IMG_4717_JPG.rf.d9d8f1080e2028cad574129c3bb2d462.jpg,dataset-2,train
dataset-2_IMG_4718_JPG.rf.00f39de178b5bb2a434f6e8a943371e1.jpg,dataset-2,train
dataset-2_IMG_4718_JPG.rf.4bcc497b4e6f27194e72ed88bc281b28.jpg,dataset-2,train
dataset-2_IMG_4720_JPG.rf.295ad3a7864495820273b50a166bd9fb.jpg,dataset-2,train
dataset-2_IMG_4720_JPG.rf.71f09eaf4284bf9583ab84c7a021346c.jpg,dataset-2,train
dataset-2_IMG_4721_JPG.rf.59a63659da7ee1560d734c05cefced83.jpg,dataset-2,train
dataset-2_IMG_4745_JPG.rf.c964a72ab7d38f64edf308d1bc6aac85.jpg,dataset-2,train
dataset-2_IMG_4745_JPG.rf.f11205fc0f1d17658c6aa7d71b8af967.jpg,dataset-2,train
dataset-2_IMG_4746_JPG.rf.533e426d0696d0aae498527315aa3d3f.jpg,dataset-2,train
dataset-2_IMG_4746_JPG.rf.f8ede1ac7078566d5822ee5542bfb686.jpg,dataset-2,train
dataset-2_IMG_4747_JPG.rf.1ac8571458738dc4ba10f764ce974000.jpg,dataset-2,train
dataset-2_IMG_4747_JPG.rf.94f05952cf51112bd8f8d0e880d6fe62.jpg,dataset-2,train
dataset-2_IMG_4747_JPG.rf.ab16e8951fca9c528dd56ed18556f074.jpg,dataset-2,train
dataset-2_IMG_4748_JPG.rf.4316be2811d429e624efdd33be307c73.jpg,dataset-2,train
dataset-2_IMG_4748_JPG.rf.4f7869525ee2de9762c38df640a79fb9.jpg,dataset-2,train
dataset-2_IMG_4749_JPG.rf.a368db19ab4e838430c9c5f4f9882cda.jpg,dataset-2,train
dataset-2_IMG_4749_JPG.rf.c142a30559a581ae1bbb29edb0e970ea.jpg,dataset-2,train
dataset-2_IMG_4750_JPG.rf.0081132fe79284bf580d63bec71313b0.jpg,dataset-2,train
dataset-2_IMG_4750_JPG.rf.541003075a959944cc5981b549a6433a.jpg,dataset-2,train
dataset-2_IMG_4751_JPG.rf.d7025d2e54ef4308721ab039d979143d.jpg,dataset-2,train
dataset-2_IMG_4752_JPG.rf.1697c5f831400640b6354d1fc33650bf.jpg,dataset-2,train
dataset-2_IMG_4752_JPG.rf.5060a0e079499737a8d5febe58a813e5.jpg,dataset-2,train
dataset-2_IMG_4754_JPG.rf.21e0ed23d7f68eed98402e70db74985b.jpg,dataset-2,train
dataset-2_IMG_4755_JPG.rf.3c33e6e73675e214b657826f07bfbab7.jpg,dataset-2,train
dataset-2_IMG_4756_JPG.rf.b7051396c425bb18dfa1f759ec5b1e45.jpg,dataset-2,train
dataset-2_IMG_4756_JPG.rf.da9c2b2f7b64aef4f9b88f6fd41340fc.jpg,dataset-2,train
dataset-2_IMG_4757_JPG.rf.f7980c4ebe60be6fb7e9b757554e0012.jpg,dataset-2,train
dataset-2_IMG_4757_JPG.rf.fb4782fb8f8c5cf53796a26b876f3429.jpg,dataset-2,train
dataset-2_IMG_4797_JPG.rf.8da6603e4305defa1cde01ef939ce24c.jpg,dataset-2,train
dataset-2_IMG_4797_JPG.rf.8f7cb0bb8982474f47c0d01db90dc705.jpg,dataset-2,train
dataset-2_IMG_4797_JPG.rf.cbb37b1c1ca965b062a739b645f0f01b.jpg,dataset-2,train
dataset-2_IMG_4812_JPG.rf.02678c8ecf6ff21e8d2139a455c8a41b.jpg,dataset-2,train
dataset-2_IMG_4812_JPG.rf.0ceac55f92afb6b8146cf4d1c20159b6.jpg,dataset-2,train
dataset-2_IMG_4813_JPG.rf.4055d109edecece6e0153e26b2ffad65.jpg,dataset-2,train
dataset-2_IMG_4813_JPG.rf.cc8fa7c03c28c7a7f259c4cc75fc4b17.jpg,dataset-2,train
dataset-2_IMG_4816_JPG.rf.00029b75e8d4d53fb122c15b066c51c8.jpg,dataset-2,train
dataset-2_IMG_4816_JPG.rf.9f9da64e82a4ff50ef43730185f146e5.jpg,dataset-2,train
dataset-2_IMG_4816_JPG.rf.ca40b6d63b701cfdb2cd82b90f2e6c74.jpg,dataset-2,train
dataset-2_IMG_4817_JPG.rf.1b922f9fec07cfaa1ed417072db0a367.jpg,dataset-2,train
dataset-2_IMG_4818_JPG.rf.65e7f611cccb7fca3e7ea7dd280f4b9f.jpg,dataset-2,train
dataset-2_IMG_4818_JPG.rf.d63f23ba0ddf97030f04d4992b31e7a3.jpg,dataset-2,train
dataset-2_IMG_4819_JPG.rf.3a00f40ec099acbc62f9b20f6440aaf2.jpg,dataset-2,train
dataset-2_IMG_4819_JPG.rf.bb3fe6dc5050de260e880df5b40a32ce.jpg,dataset-2,train
dataset-2_IMG_4819_JPG.rf.cf1159e5a46f0ba686c0eef0b4bf890a.jpg,dataset-2,train
dataset-2_IMG_4838_JPG.rf.307a297dbce07b5c7c34218dd54c6804.jpg,dataset-2,train
dataset-2_IMG_4838_JPG.rf.34069cd5836cfc0b36946bd705f6b54b.jpg,dataset-2,train
dataset-2_IMG_4838_JPG.rf.ebd63ad25d849902954d48ee6652325a.jpg,dataset-2,train
dataset-2_IMG_4839_JPG.rf.28511db74cdbef2ae2cefce505b6cd37.jpg,dataset-2,train
dataset-2_IMG_4839_JPG.rf.5c783ec27d61f476ea67019769dfd26f.jpg,dataset-2,train
dataset-2_IMG_4840_JPG.rf.01d5352720a227f75bb246aff880a62a.jpg,dataset-2,train
dataset-2_IMG_4840_JPG.rf.d7b2dc7513347fd5354d5b5e7bd58b51.jpg,dataset-2,train
dataset-2_IMG_4840_JPG.rf.e8baa8a661311233e26bbd01a2bd2c8a.jpg,dataset-2,train
dataset-2_IMG_4841_JPG.rf.71d4b2b5f585ccf5090f4bb6c3a1db39.jpg,dataset-2,train
dataset-2_IMG_4841_JPG.rf.be4c2e0ad263cf325d2d4d00d03eec9e.jpg,dataset-2,train
dataset-2_IMG_4842_JPG.rf.06a48c587d5c7bbd9d3da9b51fa8bf83.jpg,dataset-2,train
dataset-2_IMG_4842_JPG.rf.51f43168545b11a53b7ea65fb9748e5f.jpg,dataset-2,train
dataset-2_IMG_4865_JPG.rf.11f14e355bec0d2c11f16442e09f03f9.jpg,dataset-2,train
dataset-2_IMG_4865_JPG.rf.8d13cc1a43dbe91429e2e9d27d8129c5.jpg,dataset-2,train
dataset-2_IMG_4865_JPG.rf.cc63b85896d3d05f7dc1d4a21d85f1ce.jpg,dataset-2,train
dataset-2_IMG_4884_JPG.rf.088a4cb0edb656b5af835045f667e3e8.jpg,dataset-2,train
dataset-2_IMG_4884_JPG.rf.5f2401281d1d3aa6774234db9fc31de2.jpg,dataset-2,train
dataset-2_IMG_4884_JPG.rf.d7df8715da3a6994236e10a923de5588.jpg,dataset-2,train
dataset-2_IMG_4885_JPG.rf.ec4a273b2ead91a18cdf99b3662f7003.jpg,dataset-2,train
dataset-2_IMG_4885_JPG.rf.ecaaf767093730836be4292d5a8d39a5.jpg,dataset-2,train
dataset-2_IMG_4887_JPG.rf.d8027e3ec595bda1cb9e44dadac990b9.jpg,dataset-2,train
dataset-2_IMG_4887_JPG.rf.d828960d20c7c32c1015ce8973e60aa4.jpg,dataset-2,train
dataset-2_IMG_4890_JPG.rf.0f7f7c5192a59b9ac10d4fd286645a3e.jpg,dataset-2,train
dataset-2_IMG_4890_JPG.rf.3257511e04e9f9beb0f83611285f5fd8.jpg,dataset-2,train
dataset-2_IMG_4891_JPG.rf.2b47c8f608c61e950436aaa9f4de1795.jpg,dataset-2,train
dataset-2_IMG_4891_JPG.rf.461116f4d473c08c47ca45dcce2cbf69.jpg,dataset-2,train
dataset-2_IMG_4892_JPG.rf.4fc5b8d7cc0996d530aafd78c55e7db1.jpg,dataset-2,train
dataset-2_IMG_4892_JPG.rf.6f88bff68df02fc9ccc6a4ee9e6da76c.jpg,dataset-2,train
dataset-2_IMG_4892_JPG.rf.b2d45a73f816406f222a8284d4f271b8.jpg,dataset-2,train
dataset-2_IMG_4925_JPG.rf.73a9b6566b51ee844e3c89ac17cf892c.jpg,dataset-2,train
dataset-2_IMG_4926_JPG.rf.be7f2ec899c408fa50409870f15c6b4a.jpg,dataset-2,train
dataset-2_IMG_4926_JPG.rf.c1d0807a8f6a0eb0ca0a64c402e5f95f.jpg,dataset-2,train
dataset-2_IMG_4927_JPG.rf.49508eb504d080d224047b147bfbd82c.jpg,dataset-2,train
dataset-2_IMG_5019_JPG.rf.373dbdce4384578a744dc0f848695dcc.jpg,dataset-2,train
dataset-2_IMG_5019_JPG.rf.7fab54d0642b59569460e58dc1e0c612.jpg,dataset-2,train
dataset-2_IMG_5019_JPG.rf.8bda6b80d61079cf60bbe5ea29a183b3.jpg,dataset-2,train
dataset-2_IMG_5020_JPG.rf.ad109ae74674b84a7adba38b2e4225cc.jpg,dataset-2,train
dataset-2_IMG_5020_JPG.rf.f813d9705cdb62423d6b5b674c8fa558.jpg,dataset-2,train
dataset-2_IMG_5022_JPG.rf.3dde5c81714f26857ed00453874e9214.jpg,dataset-2,train
dataset-2_IMG_5022_JPG.rf.4d22e6821991e1b61b5ea73a50d023b3.jpg,dataset-2,train
dataset-2_IMG_5022_JPG.rf.6153e699951e2a4f6a463bc45c5617a0.jpg,dataset-2,train
dataset-2_IMG_5057_JPG.rf.97b37c1bdb58b75eb577104b59fbe511.jpg,dataset-2,train
dataset-2_IMG_5057_JPG.rf.d5a0075173090f0b9cf0c28431557925.jpg,dataset-2,train
dataset-2_IMG_5059_JPG.rf.44ebf554385fc035de7d5b279d02335c.jpg,dataset-2,train
dataset-2_IMG_5059_JPG.rf.6c5aea8eab429a5cbb88331e0ad36091.jpg,dataset-2,train
dataset-2_IMG_5119_JPG.rf.a5fbafe8ccbbb26df22d86fd1ac42999.jpg,dataset-2,train
dataset-2_IMG_5119_JPG.rf.cef54793dcb6120d36c83ce75633cba1.jpg,dataset-2,train
dataset-2_IMG_5120_JPG.rf.2faa5d0f3f4ce760bc87d98d922c8fce.jpg,dataset-2,train
dataset-2_IMG_5120_JPG.rf.f7fae93e81b6f4cc32b9931b580754e7.jpg,dataset-2,train
dataset-2_IMG_5122_JPG.rf.0b70252d8c58f0cd16eec29c75b12f4a.jpg,dataset-2,train
dataset-2_IMG_5122_JPG.rf.b587bf3d5a0c1796bbf19646955044cb.jpg,dataset-2,train
dataset-2_IMG_5123_JPG.rf.06e44ecb998e45916f0d9853ad5c5781.jpg,dataset-2,train
dataset-2_IMG_5123_JPG.rf.52e2361d9a08d0eceb449fbfd157da9d.jpg,dataset-2,train
dataset-2_IMG_5125_JPG.rf.178ca68bfeda35091248c6d2c56df1f5.jpg,dataset-2,train
dataset-2_IMG_5125_JPG.rf.fb24aeb61be4a3681c88633eb5cd7781.jpg,dataset-2,train
dataset-2_IMG_5127_JPG.rf.0f1275e9997f1959e20c0c92b76768f4.jpg,dataset-2,train
dataset-2_IMG_5127_JPG.rf.853692cfb4c479cb1d09764f39e03b1c.jpg,dataset-2,train
dataset-2_IMG_5130_JPG.rf.5b441c452ff23df225e5e6357ac53ab6.jpg,dataset-2,train
dataset-2_IMG_5130_JPG.rf.a26374d2c5d5d9daa93ba7ca20125efd.jpg,dataset-2,train
dataset-2_IMG_5175_JPG.rf.0cbb0938a8ed1a95752461ce4ef0b0ac.jpg,dataset-2,train
dataset-2_IMG_5175_JPG.rf.e5046431047393dea99a2755cce3cb1e.jpg,dataset-2,train
dataset-2_IMG_5175_JPG.rf.fa0fbc2a80993014f38b202903a219c2.jpg,dataset-2,train
dataset-2_IMG_5176_JPG.rf.7ea7fcb6dbc3af508ab1ab4c1f90e7f3.jpg,dataset-2,train
dataset-2_IMG_5176_JPG.rf.8aa0ef4ef97be7829462211467fb2090.jpg,dataset-2,train
dataset-2_IMG_5221_JPG.rf.549af04fd613cf5b22c43317a2fc31e7.jpg,dataset-2,train
dataset-2_IMG_5221_JPG.rf.8444d88eaeb8950e5bda2f3ff655d59e.jpg,dataset-2,train
dataset-2_IMG_5222_JPG.rf.8cddb0b626b56a0595df6836023c1b86.jpg,dataset-2,train
dataset-2_IMG_5222_JPG.rf.daf13218ece8bc1f4b2a29f5c048f75e.jpg,dataset-2,train
dataset-2_IMG_5223_JPG.rf.d1858bcd242bbb8c8dbd07688cc82628.jpg,dataset-2,train
dataset-2_IMG_5224_JPG.rf.4969259e09052d06543e102c78b6da6b.jpg,dataset-2,train
dataset-2_IMG_5224_JPG.rf.bbc1bb62d92f36cea9dfeae58cc569dc.jpg,dataset-2,train
dataset-2_IMG_5225_JPG.rf.8395e38facf9c3b1f385c33b422868c7.jpg,dataset-2,train
dataset-2_IMG_5225_JPG.rf.bd115f87befd74cbc76417a4621f130d.jpg,dataset-2,train
dataset-2_IMG_5234_JPG.rf.0cea2f57999bef283a184554ced49ce2.jpg,dataset-2,train
dataset-2_IMG_5234_JPG.rf.165011491e4f6a133132feef1c75ebfb.jpg,dataset-2,train
dataset-2_IMG_5236_JPG.rf.1361f30a84b8d6119b13fcb60790a3cf.jpg,dataset-2,train
dataset-2_IMG_5236_JPG.rf.6ce11cf459b122763dfb4c251b74313a.jpg,dataset-2,train
dataset-2_IMG_5237_JPG.rf.df3b0a9b751f90c992469c012731d035.jpg,dataset-2,train
dataset-2_IMG_5241_JPG.rf.5aec63e4401d2ebb4dc9c292aee6355d.jpg,dataset-2,train
dataset-2_IMG_5241_JPG.rf.7e35b8f8c881a6548309f6bc69eda832.jpg,dataset-2,train
dataset-2_IMG_5242_JPG.rf.151a71f56a9bc0671880996a8645141c.jpg,dataset-2,train
dataset-2_IMG_5242_JPG.rf.c1489785ad4e2b7b586b02846b6940c8.jpg,dataset-2,train
dataset-2_IMG_5260_JPG.rf.3a33dbc6fda8e10265ee49b440870396.jpg,dataset-2,train
dataset-2_IMG_5260_JPG.rf.a6d9b3d41d1a45f53599d981b345b7d5.jpg,dataset-2,train
dataset-2_IMG_5261_JPG.rf.23389ce17f27cd6ce02e67d5a9f132d2.jpg,dataset-2,train
dataset-2_IMG_5261_JPG.rf.8c8bd790c14cd4daadea0a330c0d545e.jpg,dataset-2,train
dataset-2_IMG_5261_JPG.rf.d0232468d8e696836c7b12bbcdb8592d.jpg,dataset-2,train
dataset-2_IMG_5263_JPG.rf.1714403ae11eb90ae492b85ac4bcf577.jpg,dataset-2,train
dataset-2_IMG_5263_JPG.rf.cd358f06b295277db2df4681bcbfcbd0.jpg,dataset-2,train
dataset-2_IMG_5264_JPG.rf.25c4ae3fedf7008fe78b0c35f0694a8b.jpg,dataset-2,train
dataset-2_IMG_5264_JPG.rf.54f4200d7b6d3a8cbef25e4955d5265c.jpg,dataset-2,train
dataset-2_IMG_5264_JPG.rf.b418744f1d4417a19eea72e711a49cc6.jpg,dataset-2,train
dataset-2_IMG_5278_JPG.rf.4da2e996bb6856ac5773eb068d32f2f4.jpg,dataset-2,train
dataset-2_IMG_5278_JPG.rf.8576f217bb2f85c8d26c6e1a161329c9.jpg,dataset-2,train
dataset-2_IMG_5278_JPG.rf.86515fb95ac75cc8c0ca44c79c871768.jpg,dataset-2,train
dataset-2_IMG_5279_JPG.rf.77ed63a1197fbd4e8f4e0abcbe0b094a.jpg,dataset-2,train
dataset-2_IMG_5279_JPG.rf.cb55ac53123401d6d4ea7d6faf27006a.jpg,dataset-2,train
dataset-2_IMG_5281_JPG.rf.54d2ea7659529a288a8046e098237d15.jpg,dataset-2,train
dataset-2_IMG_5282_JPG.rf.3d48863d4d42e2747ce25483de413173.jpg,dataset-2,train
dataset-2_IMG_5282_JPG.rf.93c65ab87c4ff377a5799e9809309e28.jpg,dataset-2,train
dataset-2_IMG_5282_JPG.rf.e098671e845f3a4bc84901193ef3eefd.jpg,dataset-2,train
dataset-2_IMG_5283_JPG.rf.66308ae6ed42035661983e8b21ca1d67.jpg,dataset-2,train
dataset-2_IMG_5283_JPG.rf.918a8d84533711e58ff4af93bfb15bfa.jpg,dataset-2,train
dataset-2_IMG_5341_JPG.rf.c8c18ed99673e607b706cef033209da2.jpg,dataset-2,train
dataset-2_IMG_5341_JPG.rf.e2737b032eeb8906adfa8c4ed9427565.jpg,dataset-2,train
dataset-2_IMG_5341_JPG.rf.f228514bf94eef6ad42e6d602bfd4842.jpg,dataset-2,train
dataset-2_IMG_5344_JPG.rf.79924065e4cfa893ea075fb54d229c97.jpg,dataset-2,train
dataset-2_IMG_5344_JPG.rf.a34e778e0d906e92e12d5bcdaf1d27fb.jpg,dataset-2,train
dataset-2_IMG_5344_JPG.rf.b4adc27d6e0f47c95d7c0f321c237689.jpg,dataset-2,train
dataset-2_IMG_5345_JPG.rf.2db3d9327f643a9cc6d57468a835516a.jpg,dataset-2,train
dataset-2_IMG_5345_JPG.rf.ab723c7d5c955c791fe66f7f9f198f45.jpg,dataset-2,train
dataset-2_IMG_5346_JPG.rf.70e7ed9f6d208b38dd670c383ecda28d.jpg,dataset-2,train
dataset-2_IMG_5346_JPG.rf.8220c0b120c301c1780b496c7c6a8b1e.jpg,dataset-2,train
dataset-2_IMG_5427_JPG.rf.216ee6d94c031d8494eb411b0a22eb27.jpg,dataset-2,train
dataset-2_IMG_5427_JPG.rf.b253caef0b43f3ed4340de996bc569f7.jpg,dataset-2,train
dataset-2_IMG_5428_JPG.rf.755eba6c9d4352fc8d136be534ada393.jpg,dataset-2,train
dataset-2_IMG_5428_JPG.rf.c7eea1f79f3a4a877459dbb8237b755d.jpg,dataset-2,train
dataset-2_IMG_5429_JPG.rf.6897d77193bcf6ce83d44bddebd0f040.jpg,dataset-2,train
dataset-2_IMG_5429_JPG.rf.adb68a22a0c6a294577fcf50c5381689.jpg,dataset-2,train
dataset-2_IMG_5456_JPG.rf.c7d98588da22752b6a11276dbe56ad7e.jpg,dataset-2,train
dataset-2_IMG_5456_JPG.rf.e2dd81194f78dccc116b0f35ddb45c7d.jpg,dataset-2,train
dataset-2_IMG_5456_JPG.rf.f176fb78c36a44eaa385a356ea1560b3.jpg,dataset-2,train
dataset-2_IMG_5457_JPG.rf.002df04059c9f8fa2f7e382568efdd1a.jpg,dataset-2,train
dataset-2_IMG_5457_JPG.rf.d1f4ccfa82d3108a2e56a7a18b3fc942.jpg,dataset-2,train
dataset-2_IMG_5458_JPG.rf.1844b734b75fdcccc9f363a65f779358.jpg,dataset-2,train
dataset-2_IMG_5458_JPG.rf.57d417de5d53f9bf7c46b62e88430182.jpg,dataset-2,train
dataset-2_IMG_5458_JPG.rf.e40cff59216d23eebfe710cccc4aeb7f.jpg,dataset-2,train
dataset-2_IMG_5503_JPG.rf.4ba2a1685396b8dd47c79051f6b0c5d3.jpg,dataset-2,train
dataset-2_IMG_5503_JPG.rf.54c68f561b25ce6436056d05afe13dae.jpg,dataset-2,train
dataset-2_IMG_5503_JPG.rf.d4ee9cc9c02bfc74a59787800da941f4.jpg,dataset-2,train
dataset-2_IMG_5504_JPG.rf.48e4176a8a479ed55fc48d49224d81c8.jpg,dataset-2,train
dataset-2_IMG_5504_JPG.rf.a8adf09500505beb1ee19addc06acd76.jpg,dataset-2,train
dataset-2_IMG_5505_JPG.rf.224025f3c30ae1a3ed0bf839dc179d44.jpg,dataset-2,train
dataset-2_IMG_5505_JPG.rf.e7abcc4818fcbfc4810c979a68ca5070.jpg,dataset-2,train
dataset-2_IMG_5506_JPG.rf.5c90a9afe74922ee4f73f50ab653ed9f.jpg,dataset-2,train
dataset-2_IMG_5506_JPG.rf.b2c7cd1c19dcfd912a55d507867958a1.jpg,dataset-2,train
dataset-2_IMG_5507_JPG.rf.2ca74c8d2e01b8ae1a31a40a3edba1aa.jpg,dataset-2,train
dataset-2_IMG_5507_JPG.rf.4cf70dc08d5b85c5acc60a726f789545.jpg,dataset-2,train
dataset-2_IMG_5507_JPG.rf.6ae02d7976a27a1e733a4dd3d39f43f0.jpg,dataset-2,train
dataset-2_IMG_5519_JPG.rf.5caf0418df638cf2f4b11fc6d5b0006d.jpg,dataset-2,train
dataset-2_IMG_5519_JPG.rf.693a5ad8bbb356e69650b15b82466ede.jpg,dataset-2,train
dataset-2_IMG_5519_JPG.rf.e172be481bf27a1f6daecef4a7618601.jpg,dataset-2,train
dataset-2_IMG_5521_JPG.rf.1c30df307912363aa3d3775e1d754846.jpg,dataset-2,train
dataset-2_IMG_5521_JPG.rf.c85bfb0fc69788240e91dab842ff6cd9.jpg,dataset-2,train
dataset-2_IMG_5521_JPG.rf.e5bf95c8f10f873f46d87bdbdc43350a.jpg,dataset-2,train
dataset-2_IMG_5522_JPG.rf.a138e3629edf5d31b248e4988f223df8.jpg,dataset-2,train
dataset-2_IMG_5522_JPG.rf.cc47e0629d1ffbc83cb46b5d40900569.jpg,dataset-2,train
dataset-2_IMG_5523_JPG.rf.aefd74d22ce89c256e8a6416c2aa0dc0.jpg,dataset-2,train
dataset-2_IMG_5523_JPG.rf.ef21bd2a07993b2ff1664b9c2f9e685d.jpg,dataset-2,train
dataset-2_IMG_5525_JPG.rf.3ebdc035a25f2c0e761cd55406aa5a96.jpg,dataset-2,train
dataset-2_IMG_5525_JPG.rf.e42cc1522cdd780814d406c2a710fe9c.jpg,dataset-2,train
dataset-2_IMG_5605_JPG.rf.ba2cb27647573c5a39e8d8ef1325365f.jpg,dataset-2,train
dataset-2_IMG_5605_JPG.rf.ec74ebd17ee7bc451f5c06e4d487855e.jpg,dataset-2,train
dataset-2_IMG_5605_JPG.rf.f823268ec3709f7775f6988b9a3659a4.jpg,dataset-2,train
dataset-2_IMG_5606_JPG.rf.842cc2097c469bbbf84da0c0d8b23460.jpg,dataset-2,train
dataset-2_IMG_5606_JPG.rf.986dd12150884730d3cc4a7762af73b7.jpg,dataset-2,train
dataset-2_IMG_5608_JPG.rf.0fce9fe34b7d933a8a2b9ddfcd049158.jpg,dataset-2,train
dataset-2_IMG_5608_JPG.rf.77bc0b6799676f8dc72a6d376b735f63.jpg,dataset-2,train
dataset-2_IMG_5608_JPG.rf.7a8dc8473dfdc267405acc5b0056a343.jpg,dataset-2,train
dataset-2_IMG_5609_JPG.rf.21e453c2cfb2b647b046cc3dc565517f.jpg,dataset-2,train
dataset-2_IMG_5609_JPG.rf.51530a144e8f0f27c5cf7cffd247fe0c.jpg,dataset-2,train
dataset-2_IMG_5609_JPG.rf.c544599e2ed68ec4d0c7527d69099eb7.jpg,dataset-2,train
dataset-2_IMG_5610_JPG.rf.225953d911f107bfe59cbbb1fbc570e8.jpg,dataset-2,train
dataset-2_IMG_5610_JPG.rf.72628f7d44c062c1a524380f48c23493.jpg,dataset-2,train
dataset-2_IMG_5610_JPG.rf.dc1d07b1b2f642064ff0c9030991e337.jpg,dataset-2,train
dataset-2_IMG_5611_JPG.rf.9f974b3864d3513fece49ae7ede6ea59.jpg,dataset-2,train
dataset-2_IMG_5611_JPG.rf.c6e7dd390c3afbb93c18eb12a17b821a.jpg,dataset-2,train
dataset-2_IMG_5612_JPG.rf.2591bc73fe29e4930b5e692b2f29fc96.jpg,dataset-2,train
dataset-2_IMG_5612_JPG.rf.b4a38439a3eb26c65946d0ce8f17d97e.jpg,dataset-2,train
dataset-2_IMG_5612_JPG.rf.ff56e94394cce2f7cdf00dfeceb51657.jpg,dataset-2,train
dataset-2_IMG_5613_JPG.rf.180d4da9b8f12b3dd33ce6d4020cb757.jpg,dataset-2,train
dataset-2_IMG_5613_JPG.rf.2cf80b7a7b44583b815b8640a6530fcd.jpg,dataset-2,train
dataset-2_IMG_5614_JPG.rf.686de44abc2e4840b97ae43c5d0e189b.jpg,dataset-2,train
dataset-2_IMG_5614_JPG.rf.cd3ed530b4f17a4ee86192545e4b5e9b.jpg,dataset-2,train
dataset-2_IMG_5616_JPG.rf.99b76798aeb2b906a632aa26cc511092.jpg,dataset-2,train
dataset-2_IMG_5616_JPG.rf.c4e5ba6c4f0483076ac9926b0bf85275.jpg,dataset-2,train
dataset-2_IMG_5616_JPG.rf.e7dc59997139d128175ff4b82848ab43.jpg,dataset-2,train
dataset-2_IMG_5622_JPG.rf.2c50fdd90f4f918a81c60616d4f1d4da.jpg,dataset-2,train
dataset-2_IMG_5622_JPG.rf.8286beb6738ef7ea41fdcfbd9fb311fd.jpg,dataset-2,train
dataset-2_IMG_5622_JPG.rf.a9520922ff4c5eb95a463dc4f84352c5.jpg,dataset-2,train
dataset-2_IMG_5625_JPG.rf.bd9d2b6cc3d43b127cd4d5abd0c91dbb.jpg,dataset-2,train
dataset-2_IMG_5627_JPG.rf.1abaf18005a28d229affd286478c421a.jpg,dataset-2,train
dataset-2_IMG_5627_JPG.rf.740d0688deed24a39acfdb7e4fd4ab94.jpg,dataset-2,train
dataset-2_IMG_5627_JPG.rf.78941765490a6b4f2e7dff0903486cab.jpg,dataset-2,train
dataset-2_IMG_5628_JPG.rf.bdc30f853b1b6cd0614114b03acf48a9.jpg,dataset-2,train
dataset-2_IMG_5628_JPG.rf.c1dc35d31c3e2c08c4872bc3e4df7e67.jpg,dataset-2,train
dataset-2_IMG_5628_JPG.rf.f9ab301e2186fb34c0e774da37d0a927.jpg,dataset-2,train
dataset-2_IMG_5723_JPG.rf.b30fdded66d5271cd7156ec832a41b29.jpg,dataset-2,train
dataset-2_IMG_5723_JPG.rf.ca47ed76ee48ebd1158482fd3b5bca12.jpg,dataset-2,train
dataset-2_IMG_5724_JPG.rf.959d62c962f8a986ae31e48ba084fe03.jpg,dataset-2,train
dataset-2_IMG_5724_JPG.rf.ad8b1ee5f79ec318b1fdd80b3811d601.jpg,dataset-2,train
dataset-2_IMG_5725_JPG.rf.33a3a2c7d5379759a582cffc2b958060.jpg,dataset-2,train
dataset-2_IMG_5725_JPG.rf.a26b53d40520e8c0ed7f2f5f38b9d6b2.jpg,dataset-2,train
dataset-2_IMG_5726_JPG.rf.ad021c7c377ce328a145afc4c9716d13.jpg,dataset-2,train
dataset-2_IMG_5726_JPG.rf.c7051309906148088f7e2c1e3bec7937.jpg,dataset-2,train
dataset-2_IMG_5733_JPG.rf.0aabdea8064f0f4afc0dac9818b8cf60.jpg,dataset-2,train
dataset-2_IMG_5733_JPG.rf.22291a8703ab9a591233837360f1d0fe.jpg,dataset-2,train
dataset-2_IMG_5733_JPG.rf.574f6be19375f96ec69ee754be0343fc.jpg,dataset-2,train
dataset-2_IMG_5746_JPG.rf.373feb987e25ab47fcd4ddcad14d55bf.jpg,dataset-2,train
dataset-2_IMG_5746_JPG.rf.a43b67220458111cba352e475a40f5fb.jpg,dataset-2,train
dataset-2_IMG_5747_JPG.rf.211fe9b4975b99b34e062f46e8ba688e.jpg,dataset-2,train
dataset-2_IMG_5747_JPG.rf.974e54c3dcae6c81e1c955043c9072de.jpg,dataset-2,train
dataset-2_IMG_5750_JPG.rf.0425174e9f321a09649c4ccb202a5684.jpg,dataset-2,train
dataset-2_IMG_5750_JPG.rf.0f2809a24baf31893132f9688edc96fc.jpg,dataset-2,train
dataset-2_IMG_5750_JPG.rf.5421756361a7e869b37967fb806422db.jpg,dataset-2,train
dataset-2_IMG_5751_JPG.rf.0956f7a7a69cf46194fcee2a81484846.jpg,dataset-2,train
dataset-2_IMG_5751_JPG.rf.a013a3ae6b5199246c4d8df6e92fda35.jpg,dataset-2,train
dataset-2_IMG_5815_JPG.rf.6740b77deb6711ea272f6d6ce58c859e.jpg,dataset-2,train
dataset-2_IMG_5815_JPG.rf.b00ad759a5ce41a7b491605a91ebde39.jpg,dataset-2,train
dataset-2_IMG_5816_JPG.rf.8f8688114395e023a3ad09d5b3680ed6.jpg,dataset-2,train
dataset-2_IMG_5816_JPG.rf.fcfbb0adc623c926d904c3bcd5088390.jpg,dataset-2,train
dataset-2_IMG_5824_JPG.rf.7e5e355db20da600f975fb2896dcd2cb.jpg,dataset-2,train
dataset-2_IMG_5824_JPG.rf.c8e5c01d94974dfb146ae6485c440067.jpg,dataset-2,train
dataset-2_IMG_5824_JPG.rf.e7d116eb92d717bc3b9a45df9ed40e76.jpg,dataset-2,train
dataset-2_IMG_5825_JPG.rf.599fa19b70a05fa396a520e8f8ddfc6d.jpg,dataset-2,train
dataset-2_IMG_5826_JPG.rf.4bd7ffcec55bf8ff94308bd54fc7074d.jpg,dataset-2,train
dataset-2_IMG_5826_JPG.rf.5210b1adcbbb0bf2754eb007408e5147.jpg,dataset-2,train
dataset-2_IMG_5826_JPG.rf.ea3e0c5623e7437dba2ed58fe96d9c6d.jpg,dataset-2,train
dataset-2_IMG_5827_JPG.rf.2b6cbc7f017727e5d81f62e5cd563fdf.jpg,dataset-2,train
dataset-2_IMG_5827_JPG.rf.bc1b438bd8202a0f40cb321659f52fcb.jpg,dataset-2,train
dataset-2_IMG_5828_JPG.rf.32a1dfa3af795d2d90371d941d8de8fb.jpg,dataset-2,train
dataset-2_IMG_5828_JPG.rf.790c3fdb7409d4e4a7d07f530f136964.jpg,dataset-2,train
dataset-2_IMG_5829_JPG.rf.349eb6395c047695e56f132b41022dfc.jpg,dataset-2,train
dataset-2_IMG_5829_JPG.rf.8abed7879900b0232746161dba8c8041.jpg,dataset-2,train
dataset-2_IMG_5829_JPG.rf.b40d96200ae50e9233d4a6cb37736116.jpg,dataset-2,train
dataset-2_IMG_5832_JPG.rf.25cfb17a16bb137d6687a30da2083ddf.jpg,dataset-2,train
dataset-2_IMG_5832_JPG.rf.6f634dd872cb159f38aabd3d9192ebaa.jpg,dataset-2,train
dataset-2_IMG_5832_JPG.rf.aef77ca1c37e6abecde1687f7f038052.jpg,dataset-2,train
dataset-2_IMG_5884_JPG.rf.244693e742c664a7d1496438c1b32531.jpg,dataset-2,train
dataset-2_IMG_5884_JPG.rf.6740efb429597f67a0db05da6cae829e.jpg,dataset-2,train
dataset-2_IMG_5884_JPG.rf.e8dc2a061a763f446640969642f3ef12.jpg,dataset-2,train
dataset-2_IMG_5885_JPG.rf.546234d96089dd2173735ad5c10a8875.jpg,dataset-2,train
dataset-2_IMG_5885_JPG.rf.7d88318a9d25c4b167c14f6f0531f72b.jpg,dataset-2,train
dataset-2_IMG_5885_JPG.rf.b0d285811383c03d649640abd6f7a928.jpg,dataset-2,train
dataset-2_IMG_5887_JPG.rf.92cf9385e3da84d5b4871dca2b784bc6.jpg,dataset-2,train
dataset-2_IMG_5887_JPG.rf.ef110eb4eb41020c58ace6471d706988.jpg,dataset-2,train
dataset-2_IMG_5888_JPG.rf.670c0773d5fbfff53f3efb176993bd01.jpg,dataset-2,train
dataset-2_IMG_5889_JPG.rf.711d3b16d63eb54b100846c818ebb355.jpg,dataset-2,train
dataset-2_IMG_5889_JPG.rf.e969f2bf5ca8a6522a4a6c907b085bb4.jpg,dataset-2,train
dataset-2_IMG_5894_JPG.rf.055bd8e6772ea31f4ff40fe241d0af22.jpg,dataset-2,train
dataset-2_IMG_5894_JPG.rf.33f63ac2205a86edbac145b3d4a96f73.jpg,dataset-2,train
dataset-2_IMG_5894_JPG.rf.b3fd38bbfe65b005f09b48571f17edd0.jpg,dataset-2,train
dataset-2_IMG_5895_JPG.rf.a53564d646bdeb357e3a0d280bb98345.jpg,dataset-2,train
dataset-2_IMG_5895_JPG.rf.dd531f1d35dca8e644b491ad19afcdea.jpg,dataset-2,train
dataset-2_IMG_5896_JPG.rf.182f6b2c59616387bb228a53620a4ce3.jpg,dataset-2,train
dataset-2_IMG_5896_JPG.rf.469eb35de590e327293a879274c8d787.jpg,dataset-2,train
dataset-2_IMG_5901_JPG.rf.485483b7207eea9882d39d2a1da02e94.jpg,dataset-2,train
dataset-2_IMG_5901_JPG.rf.b067367b415ec9c8f0aec070d123c753.jpg,dataset-2,train
dataset-2_IMG_5901_JPG.rf.c6f526d9efb4c92a2783a851c4cf3f5d.jpg,dataset-2,train
dataset-2_IMG_5902_JPG.rf.194ac053fa95f49f0a40c078e34b2e6f.jpg,dataset-2,train
dataset-2_IMG_5902_JPG.rf.41365c337bf4cc35550d4dbc3ace82dd.jpg,dataset-2,train
dataset-2_IMG_5902_JPG.rf.acb2457da2545b97488e7c7576398c16.jpg,dataset-2,train
dataset-2_IMG_5903_JPG.rf.1427047e572ba193fe750fc428e77fc6.jpg,dataset-2,train
dataset-2_IMG_5903_JPG.rf.4be0a13bb3c1328dddbaedca676599e0.jpg,dataset-2,train
dataset-2_IMG_5905_JPG.rf.47d8e7aa19d2d64204a46a31aab41f31.jpg,dataset-2,train
dataset-2_IMG_5905_JPG.rf.9379ea7fd01c68c97a8ba7e4f5d389dc.jpg,dataset-2,train
dataset-2_IMG_5906_JPG.rf.ed13ee582ef8ea478663b1283df1a406.jpg,dataset-2,train
dataset-2_IMG_5907_JPG.rf.bba354f21727eac994e98218055eae96.jpg,dataset-2,train
dataset-2_IMG_5908_JPG.rf.5e3f8566d8026e1f2be31b8edc34cb9c.jpg,dataset-2,train
dataset-2_IMG_5909_JPG.rf.3fb6a41e146c84542838823ac4c32d58.jpg,dataset-2,train
dataset-2_IMG_5909_JPG.rf.d77651ec067a578cdb8ea5b503a2b148.jpg,dataset-2,train
dataset-2_IMG_5909_JPG.rf.f1619ce6d5cf6a13cbfa2f176fe0b127.jpg,dataset-2,train
dataset-2_IMG_5910_JPG.rf.1bbd5457a5e63236a679626f33371efc.jpg,dataset-2,train
dataset-2_IMG_5910_JPG.rf.a02b24b529b808eac4315418d1403074.jpg,dataset-2,train
dataset-2_IMG_5910_JPG.rf.de364e4896aec65e26453046006cd11b.jpg,dataset-2,train
dataset-2_IMG_5911_JPG.rf.b1185bf39669704716c215c40b855a5f.jpg,dataset-2,train
dataset-2_IMG_5911_JPG.rf.c4e2798be119a2931f26b91e2863c3ff.jpg,dataset-2,train
dataset-2_IMG_5911_JPG.rf.d8807f4e2f11aff24210a13f516cf1a9.jpg,dataset-2,train
dataset-2_IMG_5912_JPG.rf.165e9ed6edbf2cda3c41d87003ea4b78.jpg,dataset-2,train
dataset-2_IMG_5912_JPG.rf.50e11c37f5940de10a05b678c84168b9.jpg,dataset-2,train
dataset-2_IMG_6026_JPG.rf.1efe42b83703ce2faf1fc62a22ed37b5.jpg,dataset-2,train
dataset-2_IMG_6026_JPG.rf.bc3b44c4238e00441f680406380fa01f.jpg,dataset-2,train
dataset-2_IMG_6026_JPG.rf.ee7736bc2f27ff776de3d0003e3346fa.jpg,dataset-2,train
dataset-2_IMG_6027_JPG.rf.5b6ae4accc739d8d4fe54d7e07feb02c.jpg,dataset-2,train
dataset-2_IMG_6027_JPG.rf.fe5027c0496ace9629a9906755f1749a.jpg,dataset-2,train
dataset-2_IMG_6034_JPG.rf.9ebe8958bf5516e5a3d4b9325001f675.jpg,dataset-2,train
dataset-2_IMG_6034_JPG.rf.abbf03baab8dd6422b504a323101dcdd.jpg,dataset-2,train
dataset-2_IMG_6034_JPG.rf.d57677f18414910e940ebf1e1b4adc98.jpg,dataset-2,train
dataset-2_IMG_6096_JPG.rf.0f12224af20e35a472403088d3e67e57.jpg,dataset-2,train
dataset-2_IMG_6096_JPG.rf.87048f34e1f0a0cbd6f9b493971bbb4d.jpg,dataset-2,train
dataset-2_IMG_6097_JPG.rf.d8009370b85dc2431867f0392e29ed9a.jpg,dataset-2,train
dataset-2_IMG_6097_JPG.rf.e71c9a0e77f8d7c2f822d0db878f1f42.jpg,dataset-2,train
dataset-2_IMG_6098_JPG.rf.28cfae522b6b6b949357bce136d9be1c.jpg,dataset-2,train
dataset-2_IMG_6098_JPG.rf.faeb8997151c92a7883d96e7940c1a9d.jpg,dataset-2,train
dataset-2_IMG_6144_JPG.rf.42b3a8cbaf04b2aef1b34098d20c80b3.jpg,dataset-2,train
dataset-2_IMG_6144_JPG.rf.d1a1d9857b6d6ab473d008fdc2bd2bd1.jpg,dataset-2,train
dataset-2_IMG_6144_JPG.rf.dddf8d23c247f1d607d701a9ec860188.jpg,dataset-2,train
dataset-2_IMG_6145_JPG.rf.0ac5740b68367bbc8abb7fc8f528e70b.jpg,dataset-2,train
dataset-2_IMG_6145_JPG.rf.22d2801b16367d2331547d4d62ca55f4.jpg,dataset-2,train
dataset-2_IMG_6145_JPG.rf.fd52b64e6913b9be5c596e10db631c80.jpg,dataset-2,train
dataset-2_IMG_6147_JPG.rf.aa625f48241ec6d1086e3ca9bbd105fc.jpg,dataset-2,train
dataset-2_IMG_6147_JPG.rf.c6831599d10d419c7f4cfcf88866ad1a.jpg,dataset-2,train
dataset-2_IMG_6189_JPG.rf.866c3cad08a389f1561c9507ad7e0a11.jpg,dataset-2,train
dataset-2_IMG_6189_JPG.rf.a72e29fdf3e7e3c4c49b28e64e901b69.jpg,dataset-2,train
dataset-2_IMG_6189_JPG.rf.c4a513739ad3823a8fc955379547cc6f.jpg,dataset-2,train
dataset-2_IMG_6191_JPG.rf.3808d5233224af3e69665777f7718fef.jpg,dataset-2,train
dataset-2_IMG_6191_JPG.rf.9c5abfc2fe38ce35a81d557f299ca07d.jpg,dataset-2,train
dataset-2_IMG_6192_JPG.rf.16715bfaa3cc4ff9a2d9f87aa7126f9c.jpg,dataset-2,train
dataset-2_IMG_6192_JPG.rf.41dc0ba09d793a1d27e38dfbe8e54f26.jpg,dataset-2,train
dataset-2_IMG_6193_JPG.rf.69c566da1dc85562a6798437f636720f.jpg,dataset-2,train
dataset-2_IMG_6193_JPG.rf.c6d1d1f65f39712c140822b2eaeeb09d.jpg,dataset-2,train
dataset-2_IMG_6195_JPG.rf.010720ee81f63c49c7c6e3eb64ecfe6d.jpg,dataset-2,train
dataset-2_IMG_6195_JPG.rf.6f5714c9772cbc60f249f0e1ed43a630.jpg,dataset-2,train
dataset-2_IMG_6203_JPG.rf.0e689c5a7514d6b2ffb5f004161822fa.jpg,dataset-2,train
dataset-2_IMG_6203_JPG.rf.b798b13c8159cfd3b9cab882ef934432.jpg,dataset-2,train
dataset-2_IMG_6203_JPG.rf.c7f00cd925d291df3a9b801e5a7cbf16.jpg,dataset-2,train
dataset-2_IMG_6205_JPG.rf.004582d9df56b0e9d3169dbbe7becdbb.jpg,dataset-2,train
dataset-2_IMG_6205_JPG.rf.3d8791d0660f8cf796b006ac2c94de5e.jpg,dataset-2,train
dataset-2_IMG_6205_JPG.rf.4e58d5ac037083051fa52d86b7828135.jpg,dataset-2,train
dataset-2_IMG_6206_JPG.rf.72403bbb5f0a75d93618bf9b2906727a.jpg,dataset-2,train
dataset-2_IMG_6206_JPG.rf.c18c436e0aba8cff418b76bd46dce46f.jpg,dataset-2,train
dataset-2_IMG_6256_JPG.rf.016a22e064fe7fa83591f4b7a72aaabb.jpg,dataset-2,train
dataset-2_IMG_6256_JPG.rf.a40f49fa01a7a547113e7a8a6d33bd77.jpg,dataset-2,train
dataset-2_IMG_6256_JPG.rf.cdc52ee98ed28b18ecf6df23a11e265a.jpg,dataset-2,train
dataset-2_IMG_6487_JPG.rf.afce3dd6aee43be1a350f3d84ec35b4c.jpg,dataset-2,train
dataset-2_IMG_6487_JPG.rf.bdb117ad3645c5908485d655ad1f1a01.jpg,dataset-2,train
dataset-2_IMG_6487_JPG.rf.ebf38beb95ace2ebafd589327f138f07.jpg,dataset-2,train
dataset-2_IMG_6488_JPG.rf.61f63ebbe1f655cb79e1fbc536f9c612.jpg,dataset-2,train
dataset-2_IMG_6489_JPG.rf.15f67fe763c1843cc0513d4bf47e504d.jpg,dataset-2,train
dataset-2_IMG_6489_JPG.rf.60fd72de8c61585b7286bc733f992139.jpg,dataset-2,train
dataset-2_IMG_6491_JPG.rf.2f29080d87ca54ce194f9ba5079421c5.jpg,dataset-2,train
dataset-2_IMG_6491_JPG.rf.3152f705171e48afdf85cfe0f426860d.jpg,dataset-2,train
dataset-2_IMG_6492_JPG.rf.56f27b85629382055a1922885f6a07c5.jpg,dataset-2,train
dataset-2_IMG_6492_JPG.rf.c10f03e58ae2a3651e67b0f0300f67ef.jpg,dataset-2,train
dataset-2_IMG_6492_JPG.rf.cdf0ce556e6096f112c67467ab485a72.jpg,dataset-2,train
dataset-2_IMG_6509_JPG.rf.47b3f159219738f55236dd4791df5ebc.jpg,dataset-2,train
dataset-2_IMG_6509_JPG.rf.92377bb02eeda2a9834c7300b0f2b4f9.jpg,dataset-2,train
dataset-2_IMG_6509_JPG.rf.c0611991a298689def6df3c9bbad60aa.jpg,dataset-2,train
dataset-2_IMG_6510_JPG.rf.358ae9ac4c5ce5499e26b969c2bb5239.jpg,dataset-2,train
dataset-2_IMG_6511_JPG.rf.19141ed1f1ae586b57dc4c5eb3b97fab.jpg,dataset-2,train
dataset-2_IMG_6511_JPG.rf.c4f752e193feff4bae6d18d2f6d1a6b7.jpg,dataset-2,train
dataset-2_IMG_6512_JPG.rf.2ecedb93ca1817a28227c2fcdc91cb19.jpg,dataset-2,train
dataset-2_IMG_6512_JPG.rf.7d4fee50a231f9328bc2b216839c79c9.jpg,dataset-2,train
dataset-2_IMG_6512_JPG.rf.c871ead5f321b28679f09e4178035948.jpg,dataset-2,train
dataset-2_IMG_6527_JPG.rf.0f51401e64f0388c9a59f2c2d5acdea2.jpg,dataset-2,train
dataset-2_IMG_6527_JPG.rf.5efa1ac1c531d66fb678f55d233c8619.jpg,dataset-2,train
dataset-2_IMG_6529_JPG.rf.e184b4aee88cc80d122964126f0883d7.jpg,dataset-2,train
dataset-2_IMG_6529_JPG.rf.e869a16dacc2c372494ad78042325a68.jpg,dataset-2,train
dataset-2_IMG_6530_JPG.rf.5f3c56300016cf7333a859b911ca2907.jpg,dataset-2,train
dataset-2_IMG_6530_JPG.rf.6a9506e16c02959ea3a9e5e29dfd4adf.jpg,dataset-2,train
dataset-2_IMG_6530_JPG.rf.fd52bc84b55d10ce158bc13882dde484.jpg,dataset-2,train
dataset-2_IMG_6531_JPG.rf.5fda2843b77d8a6d94c18f8dd9fbd822.jpg,dataset-2,train
dataset-2_IMG_6531_JPG.rf.a40c5c93a65f860a5dee6363baffe3a8.jpg,dataset-2,train
dataset-2_IMG_6532_JPG.rf.031dd740a1a761970dc5a214033e41ab.jpg,dataset-2,train
dataset-2_IMG_6532_JPG.rf.aec45db7dd96363d166665050152c9c1.jpg,dataset-2,train
dataset-2_IMG_6532_JPG.rf.bf236794da9426d0eedc997b2954ced6.jpg,dataset-2,train
dataset-2_IMG_6533_JPG.rf.413b9f8a0180c1b0d6d3ee1f8617459b.jpg,dataset-2,train
dataset-2_IMG_6533_JPG.rf.acb3dac9034b1e965ea5ea2dbac39afd.jpg,dataset-2,train
dataset-2_IMG_6535_JPG.rf.5c91e3bddccd3a1f9b4dd62993cd6aab.jpg,dataset-2,train
dataset-2_IMG_6596_JPG.rf.23c3545b9060a07d0f9c82fd069ac6a9.jpg,dataset-2,train
dataset-2_IMG_6596_JPG.rf.579c5456e15f3215bc045377041df5c0.jpg,dataset-2,train
dataset-2_IMG_6596_JPG.rf.aaef4375cc8f43a510a94e829469147c.jpg,dataset-2,train
dataset-2_IMG_6597_JPG.rf.0cc1202c9f1fb36b59b51fef5bd8d89d.jpg,dataset-2,train
dataset-2_IMG_6597_JPG.rf.2b2bc92fa2100f6c64666943d03235fe.jpg,dataset-2,train
dataset-2_IMG_6598_JPG.rf.762ef9748f0c98482d0e528f85c781dc.jpg,dataset-2,train
dataset-2_IMG_6598_JPG.rf.9cfba3fe642b7db2a0217590db4a9973.jpg,dataset-2,train
dataset-2_IMG_6600_JPG.rf.0d5526914785bcf73a71ea642e81de0d.jpg,dataset-2,train
dataset-2_IMG_6600_JPG.rf.c695b1658cd94f7875f8551a37f26c10.jpg,dataset-2,train
dataset-2_IMG_6600_JPG.rf.f5429a38ebe54e2b7adbfa709afff3d0.jpg,dataset-2,train
dataset-2_IMG_6707_JPG.rf.72b9f487fec280067de48b47a5f1c536.jpg,dataset-2,train
dataset-2_IMG_6707_JPG.rf.78de8b4b7fe1c19ccdc5d6184cf27302.jpg,dataset-2,train
dataset-2_IMG_6707_JPG.rf.8f93f79c2263f1486c5f721c46f62cde.jpg,dataset-2,train
dataset-2_IMG_6708_JPG.rf.50a2ba0d9b1368178cca3bf756ad9509.jpg,dataset-2,train
dataset-2_IMG_6708_JPG.rf.60f4638f68bedb1f0985ecba3563090e.jpg,dataset-2,train
dataset-2_IMG_6708_JPG.rf.82c08e4ea474b44f14fcaf91a914d117.jpg,dataset-2,train
dataset-2_IMG_6709_JPG.rf.39c4fd04a749bacd01f4880643432a44.jpg,dataset-2,train
dataset-2_IMG_6709_JPG.rf.d1c1ece82a198a36a180f634b0d86ddf.jpg,dataset-2,train
dataset-2_IMG_6709_JPG.rf.f05dc59c5027741bb69d4910580fd906.jpg,dataset-2,train
dataset-2_IMG_6710_JPG.rf.566f94023783b2f48ef5310c80f5f046.jpg,dataset-2,train
dataset-2_IMG_6711_JPG.rf.5b573f25b7ae64ffaf9406d328bf7bad.jpg,dataset-2,train
dataset-2_IMG_6711_JPG.rf.d801beb02c858ce5df154d3a2acba8bb.jpg,dataset-2,train
dataset-2_IMG_6712_JPG.rf.ab4ff8229d563fdbd8afd1b1af350803.jpg,dataset-2,train
dataset-2_IMG_6713_JPG.rf.a3cf829bc2114f5daa1820c42bf6b123.jpg,dataset-2,train
dataset-2_IMG_6714_JPG.rf.9a86dbd41338bf0922aa0a527c50579e.jpg,dataset-2,train
dataset-2_IMG_6714_JPG.rf.e184ec4f81d649025c6638da488bc53f.jpg,dataset-2,train
dataset-2_IMG_6715_JPG.rf.82f40eee8077a2054e063f25d8ad336d.jpg,dataset-2,train
dataset-2_IMG_6715_JPG.rf.df72369cb01cfd8e6182aac7184d90e9.jpg,dataset-2,train
dataset-2_IMG_6716_JPG.rf.2e21794dec3b87c75b4657f9f7dab1c8.jpg,dataset-2,train
dataset-2_IMG_6716_JPG.rf.8f33bcee8ba76c4134a759bd57c3d8cc.jpg,dataset-2,train
dataset-2_IMG_6717_JPG.rf.6fab82a64a984ab9ae315d1585db28e4.jpg,dataset-2,train
dataset-2_IMG_6717_JPG.rf.a6c7356b6d9d46f7bc258848d1c68f20.jpg,dataset-2,train
dataset-2_IMG_6719_JPG.rf.3b8a231f7ef15e81a7bf231ac2086c4d.jpg,dataset-2,train
dataset-2_IMG_6719_JPG.rf.9aea632a6479efb24adf3d705ed6e6ce.jpg,dataset-2,train
dataset-2_IMG_6746_JPG.rf.9147a57e19a301b2798dd7bdca18aca8.jpg,dataset-2,train
dataset-2_IMG_6746_JPG.rf.a747a4200479940fb5faa000ce188b20.jpg,dataset-2,train
dataset-2_IMG_6746_JPG.rf.a9e881ee04ee88eab6653761994cd0f3.jpg,dataset-2,train
dataset-2_IMG_6747_JPG.rf.22540d32d65c85294d3960801828a504.jpg,dataset-2,train
dataset-2_IMG_6747_JPG.rf.914eece1d4201b935226122f78965cb7.jpg,dataset-2,train
dataset-2_IMG_6748_JPG.rf.02b6238a009ba7e78bad600aafa2ab7a.jpg,dataset-2,train
dataset-2_IMG_6749_JPG.rf.05e4177136915602077494e85f3de93b.jpg,dataset-2,train
dataset-2_IMG_6749_JPG.rf.e743abec3cf24a4255fde07e745cf7ee.jpg,dataset-2,train
dataset-2_IMG_6756_JPG.rf.47aae408330774d6e78dd180de9fbbb7.jpg,dataset-2,train
dataset-2_IMG_6758_JPG.rf.7058c3f525d924aad191ecb12dd0bd4e.jpg,dataset-2,train
dataset-2_IMG_6758_JPG.rf.cf91df05675811e28b0a0e7b2357b3e2.jpg,dataset-2,train
dataset-2_IMG_6789_JPG.rf.00d10ac290ab7327a2e15ba124f35af2.jpg,dataset-2,train
dataset-2_IMG_6789_JPG.rf.b7e13cc144f1e0f36d11ff9da2b190ae.jpg,dataset-2,train
dataset-2_IMG_6789_JPG.rf.cd617e2a0b329bf3a12b7910806182f3.jpg,dataset-2,train
dataset-2_IMG_6790_JPG.rf.a7167022d19fa69b6a52eb0a44024012.jpg,dataset-2,train
dataset-2_IMG_6790_JPG.rf.ed7ef728c4a32386b10feb8179599a8e.jpg,dataset-2,train
dataset-2_IMG_6791_JPG.rf.b35f6b7cab87e0aa1b5f91bd0c0ab33c.jpg,dataset-2,train
dataset-2_IMG_6791_JPG.rf.c6623092dfb9ccb8c319e6c130383624.jpg,dataset-2,train
dataset-2_IMG_6792_JPG.rf.311d05e9c2c25593f74a99e9af0a7510.jpg,dataset-2,train
dataset-2_IMG_6792_JPG.rf.993d1647dbfb586e4a3f23c0d9d7864d.jpg,dataset-2,train
dataset-2_IMG_6793_JPG.rf.264fab3b2e2dabfb045bcf8e2f195ed2.jpg,dataset-2,train
dataset-2_IMG_6793_JPG.rf.e665b71b00d5d01a536eff8eb8249a70.jpg,dataset-2,train
dataset-2_IMG_6794_JPG.rf.194bde9f4fe0c7a1cfbe54f177a07d74.jpg,dataset-2,train
dataset-2_IMG_6794_JPG.rf.3e589bc7a2955ac6d0167278e0e0874a.jpg,dataset-2,train
dataset-2_IMG_6796_JPG.rf.6bb88fc16e7ecb807533361ba402a590.jpg,dataset-2,train
dataset-2_IMG_6797_JPG.rf.0f7a617aa84dcd10fe2a363f37320cda.jpg,dataset-2,train
dataset-2_IMG_6797_JPG.rf.a3cd53ce1d09d07d914a8125df30b120.jpg,dataset-2,train
dataset-2_IMG_6798_JPG.rf.7b6f558af32f76e2772830a660d2c29b.jpg,dataset-2,train
dataset-2_IMG_6798_JPG.rf.dc2df82e9a5f95b86d9815c1c1cdca7d.jpg,dataset-2,train
dataset-2_IMG_6800_JPG.rf.c578b19403d26ebcf950c87d2c9d7f22.jpg,dataset-2,train
dataset-2_IMG_6800_JPG.rf.ededc941ed914832ab0df6eae0a04e16.jpg,dataset-2,train
dataset-2_IMG_6801_JPG.rf.9ebd95d8022e48d12037de2107973ab8.jpg,dataset-2,train
dataset-2_IMG_6801_JPG.rf.e9d6c68b795fd691c39b380a6e370302.jpg,dataset-2,train
dataset-2_IMG_6803_JPG.rf.00d7dcce87f1da4719685d41cd001310.jpg,dataset-2,train
dataset-2_IMG_6803_JPG.rf.c8a8c7a3e76df02166e4584fea595a9a.jpg,dataset-2,train
dataset-2_IMG_6805_JPG.rf.63d2bb17abcdf2b529bc5022ee56e35d.jpg,dataset-2,train
dataset-2_IMG_6805_JPG.rf.ef63284a9d48e34923b0a0e24c8aca3b.jpg,dataset-2,train
dataset-2_IMG_6806_JPG.rf.484df1042ef8f03b8820d6443f229edd.jpg,dataset-2,train
dataset-2_IMG_6806_JPG.rf.89d076b6e74ffc7384d4ced24397d4c3.jpg,dataset-2,train
dataset-2_IMG_6806_JPG.rf.a497462b8fb1c3752bbeea12cddcce1c.jpg,dataset-2,train
dataset-2_IMG_6808_JPG.rf.4e2270f158da5ef03886c566292127df.jpg,dataset-2,train
dataset-2_IMG_6808_JPG.rf.c758c027443cacf94f179029999efe61.jpg,dataset-2,train
dataset-2_IMG_6810_JPG.rf.1d23393a6df33f9bc4dd48503f10702c.jpg,dataset-2,train
dataset-2_IMG_6810_JPG.rf.c45ea4d8ac222ef346771e059c7630ad.jpg,dataset-2,train
dataset-2_IMG_6811_JPG.rf.7ad6b60e4126316d0153777cfc1d5723.jpg,dataset-2,train
dataset-2_IMG_6811_JPG.rf.e141e33b4fe282d4de5834468cc956a9.jpg,dataset-2,train
dataset-2_IMG_6812_JPG.rf.55c0608b1c0118e5cc3cad1c24f53a6a.jpg,dataset-2,train
dataset-2_IMG_6812_JPG.rf.7cf726ad3a694f4959bdb2978fe4de85.jpg,dataset-2,train
dataset-2_IMG_6814_JPG.rf.7b33a525872e665378284a3b8850fb6c.jpg,dataset-2,train
dataset-2_IMG_6814_JPG.rf.7e2d3e93d585f686b0997f462e90c7ac.jpg,dataset-2,train
dataset-2_IMG_6814_JPG.rf.a4fc8372bf6ad223e5ebc95195c5788e.jpg,dataset-2,train
dataset-2_IMG_6815_JPG.rf.58b9639e35cb839d8ccbccb8949ad3bf.jpg,dataset-2,train
dataset-2_IMG_6815_JPG.rf.5e87b27378fb13d0455207d73f87be56.jpg,dataset-2,train
dataset-2_IMG_6816_JPG.rf.8c1f679ed17232b60597d5bf359d5b7c.jpg,dataset-2,train
dataset-2_IMG_6816_JPG.rf.ac514c29ffb8a727c9838dc10431474c.jpg,dataset-2,train
dataset-2_IMG_6821_JPG.rf.a80ceb333b2b0192295333f19f348af3.jpg,dataset-2,train
dataset-2_IMG_6823_JPG.rf.92b1c396e0e5107af20e3ae8eaabdbe0.jpg,dataset-2,train
dataset-2_IMG_6823_JPG.rf.f564c21024a09791ac72f0d6f31f56e8.jpg,dataset-2,train
dataset-2_IMG_6824_JPG.rf.0f60cb0fd24b34d2304d669ac6e86163.jpg,dataset-2,train
dataset-2_IMG_6825_JPG.rf.1af8bb75da0528ad806d941bd726cec1.jpg,dataset-2,train
dataset-2_IMG_6825_JPG.rf.9ad861fc44d8366a5eeb2a5673abd137.jpg,dataset-2,train
dataset-2_IMG_6825_JPG.rf.e526883100743964501a72c0b8ac46f0.jpg,dataset-2,train
dataset-2_IMG_6827_JPG.rf.7239b51b94607adda544d1fc2fc328a6.jpg,dataset-2,train
dataset-2_IMG_6828_JPG.rf.66a20bc99dd8ed6814bf09ff4510a261.jpg,dataset-2,train
dataset-2_IMG_6828_JPG.rf.69ed58a30923f7f95125a29d79e3ac66.jpg,dataset-2,train
dataset-2_IMG_6828_JPG.rf.f13af06d02f3816bd460d495f84dde0d.jpg,dataset-2,train
dataset-2_IMG_6830_JPG.rf.7d8d1fd510a138399dc18933354d03ab.jpg,dataset-2,train
dataset-2_IMG_6830_JPG.rf.a2bc3d98460e5c0215a6b2ea6bcc4a52.jpg,dataset-2,train
dataset-2_IMG_6831_JPG.rf.0ae3faca7db2385a0cddc5067ee9bb72.jpg,dataset-2,train
dataset-2_IMG_6831_JPG.rf.42401a8bbf22f268c6fe286029a299c6.jpg,dataset-2,train
dataset-2_IMG_6831_JPG.rf.7a510650a8f771290baacc9cb183da86.jpg,dataset-2,train
dataset-2_IMG_6832_JPG.rf.1204d9bee92c94afd9c32f3e80689f3b.jpg,dataset-2,train
dataset-2_IMG_6832_JPG.rf.a51426e4b5aa52b3437887b148eb836a.jpg,dataset-2,train
dataset-2_IMG_6832_JPG.rf.ae4b620eddebfb2ac50cfb45f55951af.jpg,dataset-2,train
dataset-2_IMG_6833_JPG.rf.c1c8a68b93c13fa54251ac4a9e10f943.jpg,dataset-2,train
dataset-2_IMG_6833_JPG.rf.fcafb3e9167b69f2c81304e958292acf.jpg,dataset-2,train
dataset-2_IMG_6833_JPG.rf.fd79a6f888bb9c444bc2d08b281f0983.jpg,dataset-2,train
dataset-2_IMG_6835_JPG.rf.1cf70493d1fa1a8271a518afe8e3e3c0.jpg,dataset-2,train
dataset-2_IMG_6835_JPG.rf.9e1fe3dd4fdced2c488b239d64472925.jpg,dataset-2,train
dataset-2_IMG_6836_JPG.rf.5900fabfce345f2bab91c1671240473f.jpg,dataset-2,train
dataset-2_IMG_6836_JPG.rf.64541e7a92617b53df77a50e10410205.jpg,dataset-2,train
dataset-2_IMG_6837_JPG.rf.969ecc5e6fd91c69fb8fb56d9c18051e.jpg,dataset-2,train
dataset-2_IMG_6837_JPG.rf.f81e82f274aa12b49d19f024e7b1c5e7.jpg,dataset-2,train
dataset-2_IMG_6838_JPG.rf.35ced4eef0b5e3941c33dd4f5ac46b70.jpg,dataset-2,train
dataset-2_IMG_6838_JPG.rf.c2066f4682b1465b8614889c5d89db9c.jpg,dataset-2,train
dataset-2_IMG_6838_JPG.rf.f38ec6eddce0682433f76a9baa3a2899.jpg,dataset-2,train
dataset-2_IMG_6840_JPG.rf.75640ddf402bb9004ec4a3006ab2d056.jpg,dataset-2,train
dataset-2_IMG_6840_JPG.rf.cd21f9b4ac4d818836fab290dca1e8a5.jpg,dataset-2,train
dataset-2_IMG_6840_JPG.rf.e9afa988c32ce4bced4bc76a39146927.jpg,dataset-2,train
dataset-2_IMG_6841_JPG.rf.e2e890ee2c64e7579a0fb87b22b516a1.jpg,dataset-2,train
dataset-2_IMG_6842_JPG.rf.79289b95c32b0a6a2504a21d3aa02c7c.jpg,dataset-2,train
dataset-2_IMG_6843_JPG.rf.9ca4b12e27fbf54789fb6e36bf5a323c.jpg,dataset-2,train
dataset-2_IMG_6843_JPG.rf.ec08999a18caefb4de9249b8bdaafe16.jpg,dataset-2,train
dataset-2_IMG_6844_JPG.rf.bd75ac1ea3aaa17c8e5e596f74253ddd.jpg,dataset-2,train
dataset-2_IMG_6844_JPG.rf.bfce56ace4da8cb36baebee3f000da3e.jpg,dataset-2,train
dataset-2_IMG_6845_JPG.rf.4a2313d1304bd3667ef9b0f2a7526f59.jpg,dataset-2,train
dataset-2_IMG_6845_JPG.rf.b26d57c647328928d6c47fd16bfa6999.jpg,dataset-2,train
dataset-2_IMG_6845_JPG.rf.f0aa89f30efeb49236bdba60d0100428.jpg,dataset-2,train
dataset-2_IMG_6847_JPG.rf.956a54f416317b0ef44d8de094bc350d.jpg,dataset-2,train
dataset-2_IMG_6847_JPG.rf.c4e14eeb9b3df1ae1a0b121cfc8f8941.jpg,dataset-2,train
dataset-2_IMG_6849_JPG.rf.3e46e5e94e5aefe761c03d027861e899.jpg,dataset-2,train
dataset-2_IMG_6851_JPG.rf.46418ef95b020f4b709d090202497f55.jpg,dataset-2,train
dataset-2_IMG_6852_JPG.rf.41f2604d808facfeaf9c4d312e4338a9.jpg,dataset-2,train
dataset-2_IMG_6852_JPG.rf.c4dca89be9793e863e1f8064cfff449c.jpg,dataset-2,train
dataset-2_IMG_6853_JPG.rf.6417d45ce9f737aa5510aedc149e638d.jpg,dataset-2,train
dataset-2_IMG_6853_JPG.rf.7ec17ac9a24b81b84097c50f59b80f92.jpg,dataset-2,train
dataset-2_IMG_6855_JPG.rf.6be3250f8916cddd35e908e8d9111b73.jpg,dataset-2,train
dataset-2_IMG_6855_JPG.rf.8def613f916ccb664681da84d9a4052f.jpg,dataset-2,train
dataset-2_IMG_6856_JPG.rf.6d5019b0e864470a780910fc09d492b9.jpg,dataset-2,train
dataset-2_IMG_6856_JPG.rf.a0c82096a3733c8158a3b0f0e3b1aab1.jpg,dataset-2,train
dataset-2_IMG_6857_JPG.rf.946eb407cd71e62ed1776ea2a4e23e7a.jpg,dataset-2,train
dataset-2_IMG_6857_JPG.rf.d3ec557a80f442a95abf1b314e044d36.jpg,dataset-2,train
dataset-2_IMG_6859_JPG.rf.c03ed6de49d30a8980c7ecb109499519.jpg,dataset-2,train
dataset-2_IMG_6859_JPG.rf.c3a0017b88a3b20af358cf63016f3012.jpg,dataset-2,train
dataset-2_IMG_6859_JPG.rf.d8e55eb581d54aae2630073c3a33feec.jpg,dataset-2,train
dataset-2_IMG_6860_JPG.rf.6d0c15e27163e49e9e17fa30dd554822.jpg,dataset-2,train
dataset-2_IMG_6863_JPG.rf.aae30795213ca4d17d85e14063c79213.jpg,dataset-2,train
dataset-2_IMG_6864_JPG.rf.4207e9c22d77448525209c3b72b325c9.jpg,dataset-2,train
dataset-2_IMG_6864_JPG.rf.ac4e7abd239ac8a2f6194f4a6fdfaa55.jpg,dataset-2,train
dataset-2_IMG_6867_JPG.rf.738269d5fda3c635180106976ae924eb.jpg,dataset-2,train
dataset-2_IMG_6867_JPG.rf.73f1623fbf7e9a3637adec4e80495ada.jpg,dataset-2,train
dataset-2_IMG_6868_JPG.rf.2aa0e6b91dd178c7fcdb0784e0d71b2e.jpg,dataset-2,train
dataset-2_IMG_6868_JPG.rf.9fc78cc23067b0aa4a0544cd2eb6c763.jpg,dataset-2,train
dataset-2_IMG_6870_JPG.rf.a1acd41d51f757b28c7b2df6ae9a9c54.jpg,dataset-2,train
dataset-2_IMG_6870_JPG.rf.c3ccdd4a2fca85d2e9c3cc91ee79e0ed.jpg,dataset-2,train
dataset-2_IMG_6872_JPG.rf.abfec5684c29ae28c73849132efd9d84.jpg,dataset-2,train
dataset-2_IMG_6872_JPG.rf.e7876dc1886abcd80337d629a11baf7d.jpg,dataset-2,train
dataset-2_IMG_6873_JPG.rf.708a2e9d109b4f7cba73dbed237a7ae3.jpg,dataset-2,train
dataset-2_IMG_6873_JPG.rf.a12758fba88dec8188f56f1b7ca29aef.jpg,dataset-2,train
dataset-2_IMG_6875_JPG.rf.43d6cb20ef17bf172463c6f4431acd6a.jpg,dataset-2,train
dataset-2_IMG_6876_JPG.rf.572096ebdbcd4b08003e2e673d9e3464.jpg,dataset-2,train
dataset-2_IMG_6879_JPG.rf.4b4e4629d349049b0ce04082f13e03f2.jpg,dataset-2,train
dataset-2_IMG_6879_JPG.rf.d8a57da4fb7b7b1368df08f84e843d7b.jpg,dataset-2,train
dataset-2_IMG_6882_JPG.rf.720f1dab65d44a6b97b7e38157928efb.jpg,dataset-2,train
dataset-2_IMG_6882_JPG.rf.eef3b5995b40ea0840d5b0c2562f18a3.jpg,dataset-2,train
dataset-2_IMG_6883_JPG.rf.0295339e35bc7418b66953004c25e112.jpg,dataset-2,train
dataset-2_IMG_6884_JPG.rf.7d665c5782ab492144805955fb301020.jpg,dataset-2,train
dataset-2_IMG_6884_JPG.rf.8850cb9db06146733ab1f4186e18fd3f.jpg,dataset-2,train
dataset-2_IMG_6885_JPG.rf.9b42c40c33e8d28e94d70acba2e40d38.jpg,dataset-2,train
dataset-2_IMG_6885_JPG.rf.c3fa9713216aa11e66cd0233b4f0bf68.jpg,dataset-2,train
dataset-2_IMG_6906_JPG.rf.2ac47e832e3ceb0ac715c9f24ec17a43.jpg,dataset-2,train
dataset-2_IMG_6906_JPG.rf.48639caeb6c41b936c72333a8b808050.jpg,dataset-2,train
dataset-2_IMG_6906_JPG.rf.ade28555d939cd72a6f4948a5924f495.jpg,dataset-2,train
dataset-2_IMG_6907_JPG.rf.3d3e2fb0a7f7e5ac49fd0e51f102193e.jpg,dataset-2,train
dataset-2_IMG_6907_JPG.rf.fe34a99f362a38100da77d31c89944c1.jpg,dataset-2,train
dataset-2_IMG_6908_JPG.rf.c4486fb373d74ea49b947ec0c9bb607d.jpg,dataset-2,train
dataset-2_IMG_6908_JPG.rf.c5d25a9e636aae08057d08db9a5464f4.jpg,dataset-2,train
dataset-2_IMG_6908_JPG.rf.f02155e1a34acd53a23079b78fea13c2.jpg,dataset-2,train
dataset-2_IMG_6909_JPG.rf.29b11bace7a07c620e759b39b65a3107.jpg,dataset-2,train
dataset-2_IMG_6909_JPG.rf.6051a25163598ddc4003febf6d353081.jpg,dataset-2,train
dataset-2_IMG_6909_JPG.rf.caeaf23af3db90090d1bc60fe2cfe21d.jpg,dataset-2,train
dataset-2_IMG_6910_JPG.rf.81999d70b3de9f41181c43c4cdb4dbd8.jpg,dataset-2,train
dataset-2_IMG_6910_JPG.rf.8924d6a6550dea9f77762c27a8586db8.jpg,dataset-2,train
dataset-2_IMG_6910_JPG.rf.cfef4c1b7b00eaba899349a9a9f47ea5.jpg,dataset-2,train
dataset-2_IMG_6911_JPG.rf.535d22d9bc71e69684347e9129764fc7.jpg,dataset-2,train
dataset-2_IMG_6911_JPG.rf.9eda4525290f06d79738f90728bc1947.jpg,dataset-2,train
dataset-2_IMG_6911_JPG.rf.b7ebc0693e4e093f82a2b02f68532304.jpg,dataset-2,train
dataset-2_IMG_6912_JPG.rf.66dd08d7d7eaadb0de618020458efb26.jpg,dataset-2,train
dataset-2_IMG_6912_JPG.rf.8fd899d65d01bbb704aa0ebb00927f27.jpg,dataset-2,train
dataset-2_IMG_6912_JPG.rf.bd3fb80abd1157baa2306b9ff0187373.jpg,dataset-2,train
dataset-2_IMG_6913_JPG.rf.33c9482394d6170c71dad70e36ddba35.jpg,dataset-2,train
dataset-2_IMG_6913_JPG.rf.72bf4b0e74cc810b56918d926b4f643f.jpg,dataset-2,train
dataset-2_IMG_6914_JPG.rf.a05ec9737a8adbe43c4248909126eba9.jpg,dataset-2,train
dataset-2_IMG_6914_JPG.rf.c9829f7747987de921a5fbd1fa8e385f.jpg,dataset-2,train
dataset-2_IMG_6915_JPG.rf.37b4a52abd2d654ac1a4b2cad82bb198.jpg,dataset-2,train
dataset-2_IMG_6916_JPG.rf.e5fd77eec577c81dcea37f60c8bb7ca6.jpg,dataset-2,train
dataset-2_IMG_6916_JPG.rf.e94695c2fcf2f6f2174d44240e241ac5.jpg,dataset-2,train
dataset-2_IMG_6918_JPG.rf.4f37a1ca182cfd6e972982b449347092.jpg,dataset-2,train
dataset-2_IMG_6918_JPG.rf.bd297266ec708009a348fcb685939321.jpg,dataset-2,train
dataset-2_IMG_6919_JPG.rf.179c6560186deb4d41af91a2e7da2907.jpg,dataset-2,train
dataset-2_IMG_6919_JPG.rf.bc8d1c28ef1bf9a6992fb4692a0055f0.jpg,dataset-2,train
dataset-2_IMG_6920_JPG.rf.70e515a1c7a131c67e4e7910c9ebbdcc.jpg,dataset-2,train
dataset-2_IMG_6920_JPG.rf.d53c1ed57e1e3457aaddc034a8d10c12.jpg,dataset-2,train
dataset-2_IMG_6921_JPG.rf.c8c848797497dd236130f511d1a2c21c.jpg,dataset-2,train
dataset-2_IMG_6921_JPG.rf.d0be61686a17966a731d0caab5498dce.jpg,dataset-2,train
dataset-2_IMG_6922_JPG.rf.988bb7354b10019a679d84910106dfb0.jpg,dataset-2,train
dataset-2_IMG_6922_JPG.rf.b257c85f7fd108ab197e11cbc4293366.jpg,dataset-2,train
dataset-2_IMG_6923_JPG.rf.584b4eaff2460de465145862a67ba148.jpg,dataset-2,train
dataset-2_IMG_6923_JPG.rf.79f5695410d61a47ee694d5cd0b86e8a.jpg,dataset-2,train
dataset-2_IMG_6924_JPG.rf.3d0ad81eef1282154c10d81c691fd4d8.jpg,dataset-2,train
dataset-2_IMG_6924_JPG.rf.8d211fb859f5591323903b49edb03943.jpg,dataset-2,train
dataset-2_IMG_6926_JPG.rf.0de161e7d367a7c04396554f2e6cba7e.jpg,dataset-2,train
dataset-2_IMG_6926_JPG.rf.d3c3b352f88ed4fdd205c2f3fb9e1a89.jpg,dataset-2,train
dataset-2_IMG_6927_JPG.rf.11c3859e276b2a338d9bda23dba82c1c.jpg,dataset-2,train
dataset-2_IMG_6927_JPG.rf.23457c75485a23827c679df76a4c72eb.jpg,dataset-2,train
dataset-2_IMG_6927_JPG.rf.ce0f3205588340dd137aa7b4da3f0202.jpg,dataset-2,train
dataset-2_IMG_6928_JPG.rf.a91a92bf96ceb1aa0fd209ee074a0acc.jpg,dataset-2,train
dataset-2_IMG_6928_JPG.rf.f280d1d62b35ec06cc5d56020d2d187f.jpg,dataset-2,train
dataset-2_IMG_6929_JPG.rf.68c351f7c83947fce567d173895d4f16.jpg,dataset-2,train
dataset-2_IMG_6930_JPG.rf.4668404c378eec3fd08c3307ee8741da.jpg,dataset-2,train
dataset-2_IMG_6930_JPG.rf.994206b4d9af2035bee584fb210bf01f.jpg,dataset-2,train
dataset-2_IMG_6930_JPG.rf.f07cc799b199758664534b20bc7b8795.jpg,dataset-2,train
dataset-2_IMG_6931_JPG.rf.89f6db5c27e0733a95c111a976d0ffea.jpg,dataset-2,train
dataset-2_IMG_6931_JPG.rf.fd6d7cf9c4596815aa45d65c2c1e5349.jpg,dataset-2,train
dataset-2_IMG_6938_JPG.rf.24403bf2b68afe76435e65ada77a2da1.jpg,dataset-2,train
dataset-2_IMG_6938_JPG.rf.3abe4c0811357b5cb85d681dbae07a01.jpg,dataset-2,train
dataset-2_IMG_6939_JPG.rf.13f780f107521fcc5896ba43beadc7c7.jpg,dataset-2,train
dataset-2_IMG_6939_JPG.rf.f8cfbbd4ccc900ba4c8f10866f0cd1ea.jpg,dataset-2,train
dataset-2_IMG_6940_JPG.rf.3eb79d9f800b27b77480e9727c25b5e5.jpg,dataset-2,train
dataset-2_IMG_6940_JPG.rf.6abbe18de54b050d078912e92893b7fd.jpg,dataset-2,train
dataset-2_IMG_6948_JPG.rf.0554a9184eab762e406fd0529a101157.jpg,dataset-2,train
dataset-2_IMG_6948_JPG.rf.9af9744ceeab8b5680c16499f9c5451b.jpg,dataset-2,train
dataset-2_IMG_6948_JPG.rf.fac712a97abfb3ec7c4ef8d8012b4cc1.jpg,dataset-2,train
dataset-2_IMG_6969_JPG.rf.4ff9528b829917313a6dfcfe8d4bbc35.jpg,dataset-2,train
dataset-2_IMG_6969_JPG.rf.ef66fb1adc9d41fe2b8dfa61b560bb84.jpg,dataset-2,train
dataset-2_IMG_6970_JPG.rf.71d7d08d721bdb6835a80ecbfe07c6ea.jpg,dataset-2,train
dataset-2_IMG_6970_JPG.rf.cf22637d41b0ae5699a172a5b1eae3b2.jpg,dataset-2,train
dataset-2_IMG_6971_JPG.rf.4b832cb3c02b72552f649f606ff63154.jpg,dataset-2,train
dataset-2_IMG_6971_JPG.rf.fc85aecb379ebc19f5f9f0c1fce80f8f.jpg,dataset-2,train
dataset-2_IMG_6973_JPG.rf.3307c1b6720295c5f2a6af2d2896df86.jpg,dataset-2,train
dataset-2_IMG_6973_JPG.rf.c70d44958fb05b9d431b014ddba5c19f.jpg,dataset-2,train
dataset-2_IMG_6974_JPG.rf.5c9c66dffc56c3be131af53c5c6b4bf9.jpg,dataset-2,train
dataset-2_IMG_6974_JPG.rf.bcc3019e4c4aa8f0b3506e486dfa9019.jpg,dataset-2,train
dataset-2_IMG_6974_JPG.rf.cf81672c0bf6176505c889c1a334caff.jpg,dataset-2,train
dataset-2_IMG_6976_JPG.rf.4fcc6c275c3b1f3ce9334db1529ac31a.jpg,dataset-2,train
dataset-2_IMG_6976_JPG.rf.99873e987658e15471e6d4d5738d1895.jpg,dataset-2,train
dataset-2_IMG_6977_JPG.rf.08f5a5adae828b8d12127ce2305556a2.jpg,dataset-2,train
dataset-2_IMG_6977_JPG.rf.e1a64ebc2373ad7d0987a77086740742.jpg,dataset-2,train
dataset-2_IMG_6978_JPG.rf.73670f772286e48f0fb456b3627946d3.jpg,dataset-2,train
dataset-2_IMG_6978_JPG.rf.de8a63e94198248fdccc84f1cd25bb9b.jpg,dataset-2,train
dataset-2_IMG_6980_JPG.rf.9cdb234c0816c4312a7f6be1662943bc.jpg,dataset-2,train
dataset-2_IMG_6980_JPG.rf.eb9c8c30b18df8ea7d1c6eab6314d29e.jpg,dataset-2,train
dataset-2_IMG_6980_JPG.rf.f65fca4af6b22204573ba1d778f42937.jpg,dataset-2,train
dataset-2_IMG_6981_JPG.rf.5963a706e1ed0f3c07d937973d7feaf5.jpg,dataset-2,train
dataset-2_IMG_6981_JPG.rf.6b9f17e6dc4384cb132d3eff088b817a.jpg,dataset-2,train
dataset-2_IMG_6982_JPG.rf.1f002e795b2eb3ffea6f375cda4307b1.jpg,dataset-2,train
dataset-2_IMG_6982_JPG.rf.779833a81f00ca0a7df14996eeecaffc.jpg,dataset-2,train
dataset-2_IMG_6983_JPG.rf.528d8f378143abe796f2eb08ca8a7366.jpg,dataset-2,train
dataset-2_IMG_6983_JPG.rf.9edfb3edd011823129e38a84ff37c208.jpg,dataset-2,train
dataset-2_IMG_6983_JPG.rf.da117bb02bf1cdf1561e3598587f3a87.jpg,dataset-2,train
dataset-2_IMG_6984_JPG.rf.be627569d8413bfbf3c979199380a0ac.jpg,dataset-2,train
dataset-2_IMG_6985_JPG.rf.4a04983ca55ed9bf94676d93f553527f.jpg,dataset-2,train
dataset-2_IMG_6985_JPG.rf.e191f542a6398cb6dddb90296283b826.jpg,dataset-2,train
dataset-2_IMG_6986_JPG.rf.38333f6f36fc49556e5f397ef1ab4b46.jpg,dataset-2,train
dataset-2_IMG_6986_JPG.rf.43e262789939d9eebb3333750730dfba.jpg,dataset-2,train
dataset-2_IMG_6986_JPG.rf.bb35ff147483218206606025ce5962c5.jpg,dataset-2,train
dataset-2_IMG_6987_JPG.rf.69030aa4cdced35f080c60b92d0a0936.jpg,dataset-2,train
dataset-2_IMG_6987_JPG.rf.9b650765c3656e20561ec76e1191cdb7.jpg,dataset-2,train
dataset-2_IMG_6987_JPG.rf.c4e05ffb64b32124cca2aec795beeed3.jpg,dataset-2,train
dataset-2_IMG_6989_JPG.rf.145959c0349af12b0a1762341b5c04c6.jpg,dataset-2,train
dataset-2_IMG_6989_JPG.rf.7dcc2b49cf9f31e5affd457acc19cc12.jpg,dataset-2,train
dataset-2_IMG_6989_JPG.rf.966ea4289d6248c9515d63d5ec810012.jpg,dataset-2,train
dataset-2_IMG_6990_JPG.rf.dcf26125471fca57c1da938b0c0af1ef.jpg,dataset-2,train
dataset-2_IMG_6990_JPG.rf.ff0cb6a0e7b33a06eca4114e4ab55fce.jpg,dataset-2,train
dataset-2_IMG_6991_JPG.rf.976f0d93acd55dd6f05bdc6bec4fab53.jpg,dataset-2,train
dataset-2_IMG_6992_JPG.rf.1c2802e304024fca40cc8801343c8407.jpg,dataset-2,train
dataset-2_IMG_6992_JPG.rf.3feef779c8ccdb2f536ac1bc6e10d707.jpg,dataset-2,train
dataset-2_IMG_6992_JPG.rf.5ab44361dea56c6596ba939cdf6070d8.jpg,dataset-2,train
dataset-2_IMG_6993_JPG.rf.82fefd0dcbd4fdee1392c1a277afd0ad.jpg,dataset-2,train
dataset-2_IMG_6993_JPG.rf.a65f312b8aea5e60c18eb837fc8916e9.jpg,dataset-2,train
dataset-2_IMG_6994_JPG.rf.49a9c9ca206eca488db17694b8f4ca70.jpg,dataset-2,train
dataset-2_IMG_6994_JPG.rf.5fe1fd9fb60f42a6e237e90304b24f15.jpg,dataset-2,train
dataset-2_IMG_6995_JPG.rf.52805408be95d04a1a4359e0e12ded2a.jpg,dataset-2,train
dataset-2_IMG_6995_JPG.rf.90d497585e37501a5f19e8056b6a6c2a.jpg,dataset-2,train
dataset-2_IMG_6995_JPG.rf.94e89afa118328ca4a0e29f40fc56822.jpg,dataset-2,train
dataset-2_IMG_6996_JPG.rf.0d030d96ae59fda1d1123375c3dab1a3.jpg,dataset-2,train
dataset-2_IMG_6996_JPG.rf.5a7a5ca31720fbd0750e823342d5d616.jpg,dataset-2,train
dataset-2_IMG_6997_JPG.rf.d563dea7b3c6cf2715ee35bb8804e297.jpg,dataset-2,train
dataset-2_IMG_6997_JPG.rf.edfeb97eb8f8286ef5612076d39f9350.jpg,dataset-2,train
dataset-2_IMG_6998_JPG.rf.7a93c0536e2aed65db52a276ac2c1160.jpg,dataset-2,train
dataset-2_IMG_6998_JPG.rf.bdb94cb737eae14aa4ee7e84d9464649.jpg,dataset-2,train
dataset-2_IMG_6999_JPG.rf.bf469c683dd9a2e15b3c26a393be0b79.jpg,dataset-2,train
dataset-2_IMG_7001_JPG.rf.384245ac50940b8a7557b5e68033e423.jpg,dataset-2,train
dataset-2_IMG_7001_JPG.rf.403d9011d47c397653570bfa04520b0d.jpg,dataset-2,train
dataset-2_IMG_7001_JPG.rf.9c342fb7de5bb748e39f286b5da32bb1.jpg,dataset-2,train
dataset-2_IMG_7002_JPG.rf.05faa1f2f68c2215fe0d7bcb0ad00a5b.jpg,dataset-2,train
dataset-2_IMG_7002_JPG.rf.f1a769ab3f2b3cbfaa013014acdf57af.jpg,dataset-2,train
dataset-2_IMG_7003_JPG.rf.189aa46ee83edc6b009901349cc50356.jpg,dataset-2,train
dataset-2_IMG_7003_JPG.rf.9936267e8040b53048e2b91a21325e40.jpg,dataset-2,train
dataset-2_IMG_7004_JPG.rf.8e932b9ddeb5271f03aa16c23062892b.jpg,dataset-2,train
dataset-2_IMG_7005_JPG.rf.1ad11d8d7a24732d3001ac34cfe61ac0.jpg,dataset-2,train
dataset-2_IMG_7005_JPG.rf.5da5afe6fe1d1ea4959ad924f2341d1f.jpg,dataset-2,train
dataset-2_IMG_7006_JPG.rf.014fb10d1b5171476e17cb99680408f0.jpg,dataset-2,train
dataset-2_IMG_7006_JPG.rf.853f9fe48211739348bca88a7d9b6d8a.jpg,dataset-2,train
dataset-2_IMG_7007_JPG.rf.8b3c534b446af584a1173de1e17e7802.jpg,dataset-2,train
dataset-2_IMG_7008_JPG.rf.fe5d58ebec69b3949e81307ddc5d8bca.jpg,dataset-2,train
dataset-2_IMG_7010_JPG.rf.c5d692f712b38a6d63dc4f2f0c1388bd.jpg,dataset-2,train
dataset-2_IMG_7037_JPG.rf.4baac34cbf415c4cf9533569d145a9f8.jpg,dataset-2,train
dataset-2_IMG_7037_JPG.rf.b1d14eb4361fba8f5b206737137fbad9.jpg,dataset-2,train
dataset-2_IMG_7037_JPG.rf.d5756587d65ac974e468f5e6533fc402.jpg,dataset-2,train
dataset-2_IMG_7038_JPG.rf.1c0db5a25ee38455139ad3bf916d4029.jpg,dataset-2,train
dataset-2_IMG_7038_JPG.rf.ae7baeb9ceba18e193984d9217fe997a.jpg,dataset-2,train
dataset-2_IMG_7038_JPG.rf.fc6636f548530006b11d75c008e0a2d7.jpg,dataset-2,train
dataset-2_IMG_7039_JPG.rf.9d7c50f6e16d7251920e43fdb24b1047.jpg,dataset-2,train
dataset-2_IMG_7039_JPG.rf.b6059b40f630dcac3c4ea7e16d20edd6.jpg,dataset-2,train
dataset-2_IMG_7040_JPG.rf.84e0899930e7523334b914e766695bd9.jpg,dataset-2,train
dataset-2_IMG_7040_JPG.rf.99d612a4d0cd7da3b001ef323cb49b5e.jpg,dataset-2,train
dataset-2_IMG_7040_JPG.rf.b6fc7bca9b1726959112a969cce45e42.jpg,dataset-2,train
dataset-2_IMG_7041_JPG.rf.56ad5ccd58a804a3978a6231db063f24.jpg,dataset-2,train
dataset-2_IMG_7041_JPG.rf.f957c77c1a75d745fb524121171faf72.jpg,dataset-2,train
dataset-2_IMG_7042_JPG.rf.2aba7cadd6a5caa7099ac08acf142ed8.jpg,dataset-2,train
dataset-2_IMG_7042_JPG.rf.30b709912dbaf542f9fe7f485b2ec792.jpg,dataset-2,train
dataset-2_IMG_7043_JPG.rf.5d4f33f5e080c28af3caf5c995323288.jpg,dataset-2,train
dataset-2_IMG_7043_JPG.rf.c144be0ba6fba7c91c5e5af23055dd5b.jpg,dataset-2,train
dataset-2_IMG_7043_JPG.rf.ea92a45173611b788d08568169c7b24a.jpg,dataset-2,train
dataset-2_IMG_7044_JPG.rf.296b17a1758c41cca1a232ba71897a97.jpg,dataset-2,train
dataset-2_IMG_7045_JPG.rf.6d40a31d219d84e34aee8b1c622c76ba.jpg,dataset-2,train
dataset-2_IMG_7045_JPG.rf.a9452c2187ba98542cd8194a1e965b64.jpg,dataset-2,train
dataset-2_IMG_7045_JPG.rf.ec339c7a8a5d8f8511344e826c056aff.jpg,dataset-2,train
dataset-2_IMG_7047_JPG.rf.7c5ac28d61b9ad182cc7a4860f64d5f9.jpg,dataset-2,train
dataset-2_IMG_7047_JPG.rf.b4d1d39203b50ceae6c6f839360a7a21.jpg,dataset-2,train
dataset-2_IMG_7047_JPG.rf.e81ca7717bf99a6140a8af1e74778225.jpg,dataset-2,train
dataset-2_IMG_7049_JPG.rf.7190cb8bc8beb3eaec3e9bf8d746fd34.jpg,dataset-2,train
dataset-2_IMG_7049_JPG.rf.d955c27edaa09e28054ddb9310dfa0c7.jpg,dataset-2,train
dataset-2_IMG_7049_JPG.rf.e504cfff4c804f4f40370820b970371c.jpg,dataset-2,train
dataset-2_IMG_7050_JPG.rf.6da19153c4d4b2660077c6bbce3badd8.jpg,dataset-2,train
dataset-2_IMG_7050_JPG.rf.8849e521652dd15419fa6dd30a27b1e9.jpg,dataset-2,train
dataset-2_IMG_7051_JPG.rf.12820fe361aba7a0d83336b2b93ab2ae.jpg,dataset-2,train
dataset-2_IMG_7051_JPG.rf.1ac7c3ff022dcfd6fd37869871e3320d.jpg,dataset-2,train
dataset-2_IMG_7051_JPG.rf.ce8177dbede0a16935a2b9e2a7dc7e09.jpg,dataset-2,train
dataset-2_IMG_7056_JPG.rf.5f14e5d254dc6e363e7ca9a335c3e435.jpg,dataset-2,train
dataset-2_IMG_7056_JPG.rf.67ca6bf89f56d717fd6d921e3fe4c7d9.jpg,dataset-2,train
dataset-2_IMG_7057_JPG.rf.271050a9505c77bfe31ca713f67556af.jpg,dataset-2,train
dataset-2_IMG_7057_JPG.rf.c39af1cf0fc7e78dbfd45f73f56997f1.jpg,dataset-2,train
dataset-2_IMG_7058_JPG.rf.d92347d75c5833ef102af2823f4902e6.jpg,dataset-2,train
dataset-2_IMG_7058_JPG.rf.dab9e86282cc94a0ed185f54da8b4731.jpg,dataset-2,train
dataset-2_IMG_4251_JPG.rf.ea84701f5b1895c248b0a71063bb725e.jpg,dataset-2,valid
dataset-2_IMG_4435_JPG.rf.055eb7c03404ea5090add2cb6d03364e.jpg,dataset-2,valid
dataset-2_IMG_4744_JPG.rf.293419e7b087d24483402ca8b5627fe8.jpg,dataset-2,valid
dataset-2_IMG_4883_JPG.rf.991688683e3474d660a9aef49b8af6c1.jpg,dataset-2,valid
dataset-2_IMG_5056_JPG.rf.048cd266a41b5e7b11253e4079ece2da.jpg,dataset-2,valid
dataset-2_IMG_5121_JPG.rf.850b19fd6cb070113b5f3fc7b825e864.jpg,dataset-2,valid
dataset-2_IMG_5178_JPG.rf.54bb8fa242e741ebb7fed28aa15d438c.jpg,dataset-2,valid
dataset-2_IMG_5259_JPG.rf.46e6701729312042396d1e941186e00a.jpg,dataset-2,valid
dataset-2_IMG_5426_JPG.rf.ffed4e246059cfdeb3439ff74bd8bc0e.jpg,dataset-2,valid
dataset-2_IMG_5607_JPG.rf.2141ba183c6c2f6045f373e9eabc6fe2.jpg,dataset-2,valid
dataset-2_IMG_5745_JPG.rf.5ab4aabd4930176bc01c6c86a38ce9bd.jpg,dataset-2,valid
dataset-2_IMG_6146_JPG.rf.781955751023189cb535912d32d93aae.jpg,dataset-2,valid
dataset-2_IMG_6490_JPG.rf.76120ccdeddc779417814a26793d81c4.jpg,dataset-2,valid
dataset-2_IMG_6822_JPG.rf.b551d5b3b62a7456d6474664a7f6ad42.jpg,dataset-2,valid
dataset-2_IMG_6834_JPG.rf.08bb20bd7e858c7f61c27c452e12102c.jpg,dataset-2,valid
dataset-2_IMG_6846_JPG.rf.422d3c8e8eb7cf358c53587ae03e0d57.jpg,dataset-2,valid
dataset-2_IMG_6850_JPG.rf.3b3c2a62e8bfc670018e83245ed3453d.jpg,dataset-2,valid
dataset-2_IMG_6854_JPG.rf.81194eccf1e8f8a3dd46e2f1c40b8729.jpg,dataset-2,valid
dataset-2_IMG_7059_JPG.rf.2f660abb31f7e24ba198d9182c4e1f8a.jpg,dataset-2,valid
dataset-2_IMG_4588_JPG.rf.c58f8d5681f2885ebefee253061931eb.jpg,dataset-2,test
dataset-2_IMG_4641_JPG.rf.5c0606cc006e7bd0eaf887e5f7c44874.jpg,dataset-2,test
dataset-2_IMG_4719_JPG.rf.6a1d02013cd67f5de6bbf9ab793a8402.jpg,dataset-2,test
dataset-2_IMG_5262_JPG.rf.e950e6a01e39e5df573e3e03fc7c253b.jpg,dataset-2,test
dataset-2_IMG_5343_JPG.rf.c2d33f920b2b8fd9e2467273cc98b4ff.jpg,dataset-2,test
dataset-2_IMG_5626_JPG.rf.e6fdb385df97ab9eb11de004170167f2.jpg,dataset-2,test
dataset-2_IMG_5830_JPG.rf.1ccccac978096ed4c7f1745d30d4ee20.jpg,dataset-2,test
dataset-2_IMG_6095_JPG.rf.056130a896de16bcfacba3e1d464f53a.jpg,dataset-2,test
dataset-2_IMG_6967_JPG.rf.51391578dbdbbc61ea350da59eb00c5c.jpg,dataset-2,test
dataset-2_IMG_6979_JPG.rf.2e79488f736b359972c50978ed30f5b0.jpg,dataset-2,test
dataset-2_IMG_6988_JPG.rf.73557a1d61a90fcf37971401473996a2.jpg,dataset-2,test
dataset-2_IMG_7046_JPG.rf.9c88774adb73ed7d1fc79ab172f799d7.jpg,dataset-2,test
ring-dataset_23_X001_C012_1113_0_jpg.rf.005bb509ae11ddd8751c3d370d16b80c.jpg,ring-dataset,train
ring-dataset_23_X001_C012_1113_0_jpg.rf.6f012bda9d6120f2ab0a0bb57380b965.jpg,ring-dataset,train
ring-dataset_23_X001_C012_1113_0_jpg.rf.8a5790a6e08145038fdfbd09d4ba70f6.jpg,ring-dataset,train
ring-dataset_23_X001_C012_1113_1_jpg.rf.2529eb4900da07ea5bde8962954b005c.jpg,ring-dataset,train
ring-dataset_23_X001_C012_1113_1_jpg.rf.7ca3d86215ad20317fe3db0bb4d0455c.jpg,ring-dataset,train
ring-dataset_23_X001_C012_1113_1_jpg.rf.e978990811fee9581c0184d9ac826926.jpg,ring-dataset,train
ring-dataset_23_X001_C012_1113_3_jpg.rf.3fdefed01ea1fddecd22603e21100501.jpg,ring-dataset,train
ring-dataset_23_X001_C012_1113_3_jpg.rf.c1c45517095e2ef1f4f5d8b802d51399.jpg,ring-dataset,train
ring-dataset_23_X001_C013_1019_0_jpg.rf.138aca6204c424f537e95e0cd2dc4ac9.jpg,ring-dataset,train
ring-dataset_23_X001_C013_1019_0_jpg.rf.9df0462426c086bb85e9fb400580b918.jpg,ring-dataset,train
ring-dataset_23_X001_C013_1019_3_jpg.rf.399889d663fbbc0b168990dd67601240.jpg,ring-dataset,train
ring-dataset_23_X001_C013_1019_3_jpg.rf.9992cb404a3001514e7c0d27968ad667.jpg,ring-dataset,train
ring-dataset_23_X001_C013_1019_3_jpg.rf.c826cb10ffffa4e09a4143b4f65892f1.jpg,ring-dataset,train
ring-dataset_23_X001_C013_1028_2_jpg.rf.3e02b3b8d4cca76f9c480c09fa24fbd6.jpg,ring-dataset,train
ring-dataset_23_X001_C013_1028_2_jpg.rf.8c6729d53a79ec32a2da0d3c0851e501.jpg,ring-dataset,train
ring-dataset_23_X001_C013_1028_2_jpg.rf.91da96e9c496fb02e6317ed27f8840a1.jpg,ring-dataset,train
ring-dataset_23_X001_C013_1028_4_jpg.rf.7c9ac9e2e28c9ca0f72313bbfc4b008d.jpg,ring-dataset,train
ring-dataset_23_X001_C013_1028_4_jpg.rf.7da6f8d7c365d93fcd9539a71439f327.jpg,ring-dataset,train
ring-dataset_23_X001_C013_1028_4_jpg.rf.a57c7ca4597dc3e8fe77970a989da95f.jpg,ring-dataset,train
ring-dataset_23_X001_C013_1110_0_jpg.rf.107eabe83c1d0ada8873ddc5dd05e70a.jpg,ring-dataset,train
ring-dataset_23_X001_C013_1110_1_jpg.rf.0ce4e7b8cae2a632f3edd5bb4e4f9796.jpg,ring-dataset,train
ring-dataset_23_X001_C013_1110_1_jpg.rf.29434f6d6fe0bc153638d42e1f62021f.jpg,ring-dataset,train
ring-dataset_23_X001_C013_1110_1_jpg.rf.4b2c8a149e5611bdb4fab46eb072f3f9.jpg,ring-dataset,train
ring-dataset_23_X001_C013_1110_4_jpg.rf.160875d6e84a381ba72a1937f36c4ef9.jpg,ring-dataset,train
ring-dataset_23_X001_C013_1110_4_jpg.rf.84ca0e0c48c1652d4388750b7cf3f78d.jpg,ring-dataset,train
ring-dataset_23_X001_C013_1110_4_jpg.rf.8ed9add4826a7c38ab4e12b9cda89782.jpg,ring-dataset,train
ring-dataset_23_X001_C015_1102_3_jpg.rf.87d12340831728a400d2ed27badc471a.jpg,ring-dataset,train
ring-dataset_23_X001_C015_1102_3_jpg.rf.9f4fe87fc4c7ff9afcb544966017389f.jpg,ring-dataset,train
ring-dataset_23_X001_C015_1102_3_jpg.rf.af39968ff6c0b8242c5895370ccc568a.jpg,ring-dataset,train
ring-dataset_23_X001_C015_1102_4_jpg.rf.88be36b57d26eb2440bbddda175ec6a4.jpg,ring-dataset,train
ring-dataset_23_X001_C015_1102_4_jpg.rf.aa1ee92ff483dcdc969ff068e0bfca39.jpg,ring-dataset,train
ring-dataset_23_X001_C016_1030_2_jpg.rf.0899a4ba5b72a85b3f9829f016db98dc.jpg,ring-dataset,train
ring-dataset_23_X001_C016_1030_2_jpg.rf.6f0f6466d3f3e395e1ff31902fa2cee5.jpg,ring-dataset,train
ring-dataset_23_X001_C016_1030_2_jpg.rf.9f8659e6ff5d024d56fa751493f64c42.jpg,ring-dataset,train
ring-dataset_23_X001_C016_1030_4_jpg.rf.42ea97e7d555fe06ee4642acac3abb8c.jpg,ring-dataset,train
ring-dataset_23_X001_C016_1030_4_jpg.rf.8576132fe8aae3429d88f2053f6415b1.jpg,ring-dataset,train
ring-dataset_23_X001_C021_1014_0_jpg.rf.6a41f8b6e809dde0773ac1d1dcd0a310.jpg,ring-dataset,train
ring-dataset_23_X001_C021_1014_0_jpg.rf.d5890a103275b4bdf0e1041aad0d5a3d.jpg,ring-dataset,train
ring-dataset_23_X001_C021_1014_1_jpg.rf.3af2a4aaf68c4930843343465acaa944.jpg,ring-dataset,train
ring-dataset_23_X001_C021_1014_1_jpg.rf.572f3b7861fefd8ea820db1aa8d9226e.jpg,ring-dataset,train
ring-dataset_23_X001_C021_1014_1_jpg.rf.c99e32ad56667eafb3550c413fd2d229.jpg,ring-dataset,train
ring-dataset_23_X001_C026_1029_1_jpg.rf.64b0b17b29288ea6a4a11e415a3d2bf1.jpg,ring-dataset,train
ring-dataset_23_X001_C026_1029_1_jpg.rf.6e27e4a5d94a1e8558501a879f9bd5f0.jpg,ring-dataset,train
ring-dataset_23_X001_C026_1029_2_jpg.rf.7a133221cfeb1146245758849fbe90ce.jpg,ring-dataset,train
ring-dataset_23_X001_C026_1029_2_jpg.rf.b4333d8182401c4d57a8f06095078b1d.jpg,ring-dataset,train
ring-dataset_23_X001_C026_1029_2_jpg.rf.b59c440b5078af9e08953f75b5311a54.jpg,ring-dataset,train
ring-dataset_23_X001_C033_1027_1_jpg.rf.3306fd70de212b9b027c65b5145c1e54.jpg,ring-dataset,train
ring-dataset_23_X001_C033_1027_1_jpg.rf.c019d10a2cbf6e247904e14cdaf468df.jpg,ring-dataset,train
ring-dataset_23_X001_C033_1027_1_jpg.rf.e646ee7cf4f16104b25dff2bd241ed12.jpg,ring-dataset,train
ring-dataset_23_X001_C035_1012_0_jpg.rf.71c85a56b4b2f1aeaa348e0d74d67487.jpg,ring-dataset,train
ring-dataset_23_X001_C035_1012_0_jpg.rf.c20d2aff32c570e24f267988f588dea5.jpg,ring-dataset,train
ring-dataset_23_X001_C035_1012_2_jpg.rf.0aced8d35c65c6c92e69cd57539e9094.jpg,ring-dataset,train
ring-dataset_23_X001_C035_1012_2_jpg.rf.2dcc39a0a1416835e4b0aeccdeecbc1b.jpg,ring-dataset,train
ring-dataset_23_X001_C035_1012_2_jpg.rf.a3d912a4552a1ae3758f2e097806885b.jpg,ring-dataset,train
ring-dataset_23_X001_C035_1012_3_jpg.rf.284a2303a9acd116816f630d1c349930.jpg,ring-dataset,train
ring-dataset_23_X001_C035_1012_3_jpg.rf.9407652b94b18e34d786873f0ea80db1.jpg,ring-dataset,train
ring-dataset_23_X001_C035_1012_3_jpg.rf.e0a2016954e15fc5a8245b8f1d4e9b29.jpg,ring-dataset,train
ring-dataset_23_X001_C035_1015_0_jpg.rf.2dc8201cc8341d6fa0f3402423369002.jpg,ring-dataset,train
ring-dataset_23_X001_C035_1015_0_jpg.rf.68bc506c273af441ed21c548b2ac51d5.jpg,ring-dataset,train
ring-dataset_23_X001_C035_1015_0_jpg.rf.ff20c4004c453ab653df3c665315efd7.jpg,ring-dataset,train
ring-dataset_23_X001_C035_1015_1_jpg.rf.922a8578780e4f19ef002c036910f858.jpg,ring-dataset,train
ring-dataset_23_X001_C035_1015_1_jpg.rf.9511a0731c3ecfcb9b40bee5abdb88b2.jpg,ring-dataset,train
ring-dataset_23_X001_C035_1015_2_jpg.rf.4843679fcef4b4ddf7c94e90655a44a0.jpg,ring-dataset,train
ring-dataset_23_X001_C035_1015_2_jpg.rf.5de2b26de1c8a94a008b9aeae1089494.jpg,ring-dataset,train
ring-dataset_23_X001_C035_1015_2_jpg.rf.bdb3583fe9558ce6cf99745215c82525.jpg,ring-dataset,train
ring-dataset_23_X001_C035_1029_2_jpg.rf.0b55292237777c216c11756b7a930769.jpg,ring-dataset,train
ring-dataset_23_X001_C035_1029_2_jpg.rf.b1e3ed73d868a79fcad43e72bba5c1c0.jpg,ring-dataset,train
ring-dataset_23_X001_C035_1029_2_jpg.rf.ff8c4b4281c3ffa56ab14545531370e7.jpg,ring-dataset,train
ring-dataset_23_X001_C035_1029_4_jpg.rf.0254baaef5f4228ea3302a6b22270230.jpg,ring-dataset,train
ring-dataset_23_X001_C035_1029_4_jpg.rf.3474419f582d191cea90583ebc9cd104.jpg,ring-dataset,train
ring-dataset_23_X001_C035_1029_4_jpg.rf.e635072d99774cbbdc67113e81e3f2e0.jpg,ring-dataset,train
ring-dataset_23_X001_C035_1109_0_jpg.rf.38c4853738abd18de130ee7b77cb7835.jpg,ring-dataset,train
ring-dataset_23_X001_C035_1109_0_jpg.rf.654a7a49995c79c95c519f69e107ce62.jpg,ring-dataset,train
ring-dataset_23_X001_C035_1109_0_jpg.rf.c9426b9a0ea43d8bc8d406f6c4774828.jpg,ring-dataset,train
ring-dataset_23_X001_C035_1109_1_jpg.rf.023870ff8536d6fbe7fe13401a703a5e.jpg,ring-dataset,train
ring-dataset_23_X001_C035_1109_1_jpg.rf.d84bd374579eb1383032e79692bdbecd.jpg,ring-dataset,train
ring-dataset_23_X001_C035_1109_3_jpg.rf.5bb2728da53454e81db53246a7b00459.jpg,ring-dataset,train
ring-dataset_23_X001_C035_1109_3_jpg.rf.e26573ec12a9bd760517c29b4f700794.jpg,ring-dataset,train
ring-dataset_23_X001_C037_1030_0_jpg.rf.43ef373b6ec3f94e6ffaceb4339af30b.jpg,ring-dataset,train
ring-dataset_23_X001_C037_1030_0_jpg.rf.969b743a624217a718848f58a117c719.jpg,ring-dataset,train
ring-dataset_23_X001_C037_1030_0_jpg.rf.bf6f01e807f6f1414cd8ee225d9935a9.jpg,ring-dataset,train
ring-dataset_23_X001_C037_1030_1_jpg.rf.0d55bb4d3b5af22335be5c169cbadd30.jpg,ring-dataset,train
ring-dataset_23_X001_C037_1030_1_jpg.rf.5d8fee950b82a59be6642f99f386426c.jpg,ring-dataset,train
ring-dataset_23_X001_C037_1030_1_jpg.rf.a74b5e796673709314a46554c0e05ae4.jpg,ring-dataset,train
ring-dataset_23_X001_C037_1030_2_jpg.rf.032697add09fc03cab35faf46b511525.jpg,ring-dataset,train
ring-dataset_23_X001_C037_1030_2_jpg.rf.3a40dcc1f31a6f15af8830bc7d630964.jpg,ring-dataset,train
ring-dataset_23_X001_C037_1030_2_jpg.rf.c1ab4b571d880649307e66d6acfa2cb3.jpg,ring-dataset,train
ring-dataset_23_X001_C037_1030_3_jpg.rf.8cb542bbd1b4fce6ef3735152e2245fd.jpg,ring-dataset,train
ring-dataset_23_X001_C037_1030_3_jpg.rf.9f59bf4f43fcd63c12146ad8d314f04e.jpg,ring-dataset,train
ring-dataset_23_X001_C037_1030_3_jpg.rf.d586139af7cb6b1e8d81d5ce7fb934ad.jpg,ring-dataset,train
ring-dataset_23_X001_C037_1030_4_jpg.rf.499dd0acd9d330cb06940bc7ffcec774.jpg,ring-dataset,train
ring-dataset_23_X001_C037_1030_4_jpg.rf.67373aedec7f53b38aeff73b9488a0a5.jpg,ring-dataset,train
ring-dataset_23_X001_C037_1030_4_jpg.rf.f49b64ec33951463eff91eec3c800f92.jpg,ring-dataset,train
ring-dataset_23_X001_C039_1026_1_jpg.rf.36a9c4cf83636599cde1289ae65440f5.jpg,ring-dataset,train
ring-dataset_23_X001_C039_1026_1_jpg.rf.5c1a9e166ba81690a8aa4f16daeae6b0.jpg,ring-dataset,train
ring-dataset_23_X001_C039_1026_1_jpg.rf.6b9cf67bc4f8e8505b549724c34377d3.jpg,ring-dataset,train
ring-dataset_23_X001_C039_1026_2_jpg.rf.229625ad1867d48bce6ed190f3d17440.jpg,ring-dataset,train
ring-dataset_23_X001_C039_1026_2_jpg.rf.572efdd8c227b75957356c40dfd92c74.jpg,ring-dataset,train
ring-dataset_23_X001_C039_1026_3_jpg.rf.9aa360aba03d27f81d548999c2339791.jpg,ring-dataset,train
ring-dataset_23_X001_C039_1026_3_jpg.rf.a8c66fa100fd147fc3ad275aec8f8047.jpg,ring-dataset,train
ring-dataset_23_X001_C039_1027_2_jpg.rf.24fa305bcdd7e26d2a52ddfe9e07a4ab.jpg,ring-dataset,train
ring-dataset_23_X001_C039_1027_2_jpg.rf.53098ec0e59ed86d4eabb5b1a80b653a.jpg,ring-dataset,train
ring-dataset_23_X001_C039_1027_4_jpg.rf.2c023872a484ea2af8ea0a42847daf6f.jpg,ring-dataset,train
ring-dataset_23_X001_C039_1027_4_jpg.rf.8e31940a55c4827335505f1b456ba94c.jpg,ring-dataset,train
ring-dataset_23_X001_C039_1027_4_jpg.rf.cb265588db5888471135b28ce53da6c2.jpg,ring-dataset,train
ring-dataset_23_X001_C046_1008_1_jpg.rf.8121d568bbb0360a6ed3dab14650b8ac.jpg,ring-dataset,train
ring-dataset_23_X001_C046_1008_1_jpg.rf.b434054351a7dfdb69afc44636270948.jpg,ring-dataset,train
ring-dataset_23_X001_C046_1008_1_jpg.rf.c07d3f0de7ce13449762816a39ccfd3e.jpg,ring-dataset,train
ring-dataset_23_X001_C046_1008_3_jpg.rf.177ca93b2a29561443c60b0b25c51369.jpg,ring-dataset,train
ring-dataset_23_X001_C046_1008_3_jpg.rf.6f3c34595ccbbf825dbbf58c4db35d24.jpg,ring-dataset,train
ring-dataset_23_X001_C046_1008_4_jpg.rf.6e3a746feb28a0ec30b2cd597b2a0cf2.jpg,ring-dataset,train
ring-dataset_23_X001_C046_1008_4_jpg.rf.a20a27f5fb3771c31f7d8522a921b49e.jpg,ring-dataset,train
ring-dataset_23_X001_C046_1008_4_jpg.rf.a4669187750b1735ebede1b72fc56f5b.jpg,ring-dataset,train
ring-dataset_23_X001_C053_1028_0_jpg.rf.84e3707fe20abaa36336d3a601cfbb04.jpg,ring-dataset,train
ring-dataset_23_X001_C053_1028_0_jpg.rf.afe7a84a2540542e51e499b1f9d5fb62.jpg,ring-dataset,train
ring-dataset_23_X001_C053_1028_0_jpg.rf.c0ab9792a5c67f61331d7219e5647a27.jpg,ring-dataset,train
ring-dataset_23_X001_C053_1028_2_jpg.rf.9c8dbf88c88f3db5b1a1d229031b48d8.jpg,ring-dataset,train
ring-dataset_23_X001_C053_1028_2_jpg.rf.a929cbec63be2055d3986152c20a49d8.jpg,ring-dataset,train
ring-dataset_23_X001_C053_1028_4_jpg.rf.8eab48ff7c1306a4d5d2098f01fe626e.jpg,ring-dataset,train
ring-dataset_23_X001_C053_1028_4_jpg.rf.94b717160d85e6fe64bdf32d80c5e01e.jpg,ring-dataset,train
ring-dataset_23_X001_C053_1103_0_jpg.rf.8f119b29d2018fbad6fb77fe731e6d7a.jpg,ring-dataset,train
ring-dataset_23_X001_C053_1103_0_jpg.rf.97a6d0e0cefbf24c05758dc67061370c.jpg,ring-dataset,train
ring-dataset_23_X001_C053_1103_0_jpg.rf.c0599b6a5b0bd00a9e9ea34eb6e63d56.jpg,ring-dataset,train
ring-dataset_23_X001_C053_1103_1_jpg.rf.2e78c5537515d244ade7b7b9c254fe5c.jpg,ring-dataset,train
ring-dataset_23_X001_C053_1103_1_jpg.rf.57b0293745dd01fe2a49b67a4d958ec2.jpg,ring-dataset,train
ring-dataset_23_X001_C055_1022_0_jpg.rf.4ffba04cffe09dda0c10ad65fa9c6b84.jpg,ring-dataset,train
ring-dataset_23_X001_C055_1022_0_jpg.rf.650339bf0bfae3774f96f8cdcabf52da.jpg,ring-dataset,train
ring-dataset_23_X001_C055_1022_0_jpg.rf.7eb5750fe89ea68a5330439cc3fec35c.jpg,ring-dataset,train
ring-dataset_23_X001_C055_1022_2_jpg.rf.069ddd1d54ac6f38141e8cec73a5fcd3.jpg,ring-dataset,train
ring-dataset_23_X001_C055_1022_2_jpg.rf.b85f00d91a1f6fc00b910e8ff74eb04b.jpg,ring-dataset,train
ring-dataset_23_X001_C055_1022_2_jpg.rf.f2d649edd7940d1a140fa1dcce4664a7.jpg,ring-dataset,train
ring-dataset_23_X001_C055_1022_3_jpg.rf.8c7fff42195cb98585de1b3f9ad76b19.jpg,ring-dataset,train
ring-dataset_23_X001_C055_1022_3_jpg.rf.a256ec3967bd54b1ef6a2542478bb58a.jpg,ring-dataset,train
ring-dataset_23_X001_C055_1022_3_jpg.rf.aebe8f99c203f4dbc7df15e3f4297638.jpg,ring-dataset,train
ring-dataset_23_X001_C055_1022_4_jpg.rf.3a27dfbec5af06c022bd7fd4cd361988.jpg,ring-dataset,train
ring-dataset_23_X001_C055_1022_4_jpg.rf.84cda333c67b9c8f2432d5d30218f49c.jpg,ring-dataset,train
ring-dataset_23_X001_C055_1022_4_jpg.rf.cbc2e00214967f0b946442a177800744.jpg,ring-dataset,train
ring-dataset_23_X001_C055_1106_0_jpg.rf.2ef5655f0bfe776c3ab4e07b8720e8b3.jpg,ring-dataset,train
ring-dataset_23_X001_C055_1106_0_jpg.rf.336ac629868bae5161a6c28a28876b9f.jpg,ring-dataset,train
ring-dataset_23_X001_C055_1106_0_jpg.rf.6aad29a47fa26106e592d75fb5e0a918.jpg,ring-dataset,train
ring-dataset_23_X001_C055_1106_2_jpg.rf.091f2ea646d2963fa85047a14afc7692.jpg,ring-dataset,train
ring-dataset_23_X001_C055_1106_2_jpg.rf.ad8e593593af1511b19758cbc3c5e2e8.jpg,ring-dataset,train
ring-dataset_23_X001_C055_1106_2_jpg.rf.f599ffe6de516cffe5d784a2d41d894c.jpg,ring-dataset,train
ring-dataset_23_X001_C055_1106_3_jpg.rf.0ed098a0093144ef411a79efcc181eb2.jpg,ring-dataset,train
ring-dataset_23_X001_C055_1106_4_jpg.rf.5c5fa73682be0ee3c580ff358f9b3156.jpg,ring-dataset,train
ring-dataset_23_X001_C055_1106_4_jpg.rf.c13dcbc1e83e9cc0bacc97746dbaf534.jpg,ring-dataset,train
ring-dataset_23_X001_C055_1106_4_jpg.rf.cd767d2e000a12b4cb4ba5a2aa02d1da.jpg,ring-dataset,train
ring-dataset_23_X001_C056_1026_4_jpg.rf.08e07fe8d78c043b1e8885baeb512749.jpg,ring-dataset,train
ring-dataset_23_X001_C056_1026_4_jpg.rf.c2bc4ced2cd370e7093f73f6f678537d.jpg,ring-dataset,train
ring-dataset_23_X001_C056_1026_4_jpg.rf.ee917a93ba84adffe759d1215f03f4a7.jpg,ring-dataset,train
ring-dataset_23_X001_C057_1023_0_jpg.rf.a6623bc82a7cc95de42650b3b8a8d309.jpg,ring-dataset,train
ring-dataset_23_X001_C057_1023_0_jpg.rf.e062acb951e99ec25e22c7a0c73ae39c.jpg,ring-dataset,train
ring-dataset_23_X001_C057_1023_0_jpg.rf.fd6baecc2fdd91a056946076c81a6783.jpg,ring-dataset,train
ring-dataset_23_X001_C057_1023_1_jpg.rf.14d27c21963b82bc55c13b4cee07eaee.jpg,ring-dataset,train
ring-dataset_23_X001_C057_1023_2_jpg.rf.2b646a5d0d23364e1c5672e30e0edf76.jpg,ring-dataset,train
ring-dataset_23_X001_C057_1023_2_jpg.rf.7673d2dfd8a1873c7ab818aaa1f1cac7.jpg,ring-dataset,train
ring-dataset_23_X001_C057_1023_2_jpg.rf.f873ec1926d419566c428186c3d0fe57.jpg,ring-dataset,train
ring-dataset_23_X001_C057_1023_3_jpg.rf.21332de81c2940a54d638b6aa4b9ebc9.jpg,ring-dataset,train
ring-dataset_23_X001_C057_1023_3_jpg.rf.7b8aa073e46f7a08054cbde02b5cbd88.jpg,ring-dataset,train
ring-dataset_23_X001_C057_1023_3_jpg.rf.bf179455b9bc9c31f04b7f051c94da10.jpg,ring-dataset,train
ring-dataset_23_X001_C057_1023_4_jpg.rf.01153c40045291d3dd9dc9ce237224d8.jpg,ring-dataset,train
ring-dataset_23_X001_C057_1023_4_jpg.rf.0c8205ba87f98518cf60a917f5ff42e1.jpg,ring-dataset,train
ring-dataset_23_X001_C057_1023_4_jpg.rf.b051d97ba5ba71c2c6d81afe8f9d75f3.jpg,ring-dataset,train
ring-dataset_23_X001_C101_0321_1_jpg.rf.2829febd5335470f6c5f1fa23c184aa6.jpg,ring-dataset,train
ring-dataset_23_X001_C101_0321_2_jpg.rf.2d8fb1d7028f482b8c0313222f1640f0.jpg,ring-dataset,train
ring-dataset_23_X001_C101_0321_2_jpg.rf.ed11d593b5dd91e028e76c2d506ca8d8.jpg,ring-dataset,train
ring-dataset_23_X001_C103_0321_0_jpg.rf.26e0c9722256d169047a49757c7e5ffc.jpg,ring-dataset,train
ring-dataset_23_X001_C103_0321_0_jpg.rf.366f46bc397cb6cb55568b1ab5d5f9c9.jpg,ring-dataset,train
ring-dataset_23_X001_C103_0321_2_jpg.rf.6d5409e7f9ca34f0a4ade22c26567ed1.jpg,ring-dataset,train
ring-dataset_23_X001_C103_0321_2_jpg.rf.b2fc9b19adc0e159c9f9e3471d09af0a.jpg,ring-dataset,train
ring-dataset_23_X001_C103_0321_2_jpg.rf.c68c736b845abeb78a8e81a79d3bb64b.jpg,ring-dataset,train
ring-dataset_23_X001_C103_0321_3_jpg.rf.8a7ed5b1da3ee78a340fa8761f9b0faf.jpg,ring-dataset,train
ring-dataset_23_X001_C103_0321_3_jpg.rf.8e8973c98163992b582230680637fb61.jpg,ring-dataset,train
ring-dataset_23_X001_C103_0321_3_jpg.rf.bd78a748312330d9927d1a8158688864.jpg,ring-dataset,train
ring-dataset_23_X001_C162_1012_0_jpg.rf.4e6a643254c1e3b2a8c37c7f09f04e01.jpg,ring-dataset,train
ring-dataset_23_X001_C162_1012_0_jpg.rf.752add71635336fee220e8d5f3af4df3.jpg,ring-dataset,train
ring-dataset_23_X001_C162_1012_0_jpg.rf.e7a2df238db1219d80cbbb2f2e74ea48.jpg,ring-dataset,train
ring-dataset_23_X001_C162_1012_1_jpg.rf.049f75e8ef5adc2ed43fa3fdf79339f6.jpg,ring-dataset,train
ring-dataset_23_X001_C162_1012_1_jpg.rf.51845add6c9d4a7f6032ef38f0924db2.jpg,ring-dataset,train
ring-dataset_23_X001_C162_1012_2_jpg.rf.8b127799d188119c72ad78925c87a740.jpg,ring-dataset,train
ring-dataset_23_X001_C162_1012_2_jpg.rf.c2428580c49ac14f0f85fe60d1ae05ae.jpg,ring-dataset,train
ring-dataset_23_X001_C162_1012_2_jpg.rf.c2a56b14fe2643787ce75572f9f86e2d.jpg,ring-dataset,train
ring-dataset_23_X001_C163_0928_0_jpg.rf.4c7d40039fef3fcad0ea2b3fbd0945f3.jpg,ring-dataset,train
ring-dataset_23_X001_C163_0928_0_jpg.rf.93417050166a47cf5d4171c44c4e6181.jpg,ring-dataset,train
ring-dataset_23_X001_C163_0928_0_jpg.rf.f4d1d2c49e84d9fb311587f0b1fdb4c8.jpg,ring-dataset,train
ring-dataset_23_X001_C163_0928_1_jpg.rf.185ae14a10b6a2aa88efa7098c6c0d74.jpg,ring-dataset,train
ring-dataset_23_X001_C163_0928_1_jpg.rf.76e5febe43206bdac0ca41f3e5d3c0c8.jpg,ring-dataset,train
ring-dataset_23_X001_C163_0928_1_jpg.rf.e4e29097892dfe3a15b2a1afe40e66f3.jpg,ring-dataset,train
ring-dataset_23_X001_C163_0928_2_jpg.rf.7c336261ed248796ad4e391c21e6b13e.jpg,ring-dataset,train
ring-dataset_23_X001_C163_0928_2_jpg.rf.82a9afd6247e8a1e172fa8f12a602b2b.jpg,ring-dataset,train
ring-dataset_23_X001_C163_0928_3_jpg.rf.8af1e841964e6c01ef13f223515d6fd5.jpg,ring-dataset,train
ring-dataset_23_X001_C163_0928_3_jpg.rf.ace771dff4e4aed3671b8c8d5da07bc6.jpg,ring-dataset,train
ring-dataset_23_X001_C163_0928_4_jpg.rf.48982fcd45d266fe2e6b03f427d1b0e0.jpg,ring-dataset,train
ring-dataset_23_X001_C163_0928_4_jpg.rf.6bd5943f0451e896b413d955379bc00e.jpg,ring-dataset,train
ring-dataset_23_X001_C163_1019_0_jpg.rf.11fc59bc1dad66061c87145c9c195b98.jpg,ring-dataset,train
ring-dataset_23_X001_C163_1019_3_jpg.rf.4ec6e51f64377b072973ed36d425899f.jpg,ring-dataset,train
ring-dataset_23_X001_C163_1019_3_jpg.rf.aba10332059ee89cf28b848d17cc5500.jpg,ring-dataset,train
ring-dataset_23_X001_C163_1019_3_jpg.rf.fc93832d810fc613e20e40c2112604e2.jpg,ring-dataset,train
ring-dataset_23_X001_C163_1019_4_jpg.rf.3cb4a34fb01d2e8f362c5518d8f78aa7.jpg,ring-dataset,train
ring-dataset_23_X001_C163_1019_4_jpg.rf.e8f847969991aba13468a3a8ad496a3a.jpg,ring-dataset,train
ring-dataset_23_X001_C163_1019_4_jpg.rf.ecb9559227bb9f5d7ab9aabb1c728bf3.jpg,ring-dataset,train
ring-dataset_23_X001_C164_1015_1_jpg.rf.01cdeb026336b3f552761525a2e246e9.jpg,ring-dataset,train
ring-dataset_23_X001_C164_1015_1_jpg.rf.4d213342ce62b16dfa5510b53686c4ce.jpg,ring-dataset,train
ring-dataset_23_X001_C164_1015_3_jpg.rf.33af9dc60908f97601ebc853aa90dfa1.jpg,ring-dataset,train
ring-dataset_23_X001_C164_1015_3_jpg.rf.803bd9be6daca0d9443070b243cca2f2.jpg,ring-dataset,train
ring-dataset_23_X001_C164_1015_3_jpg.rf.9758626ca5167e31d783eaf4a4602357.jpg,ring-dataset,train
ring-dataset_23_X001_C164_1027_6_0_jpg.rf.0e3e7c48bce1ba53256f8b909eb0dbe4.jpg,ring-dataset,train
ring-dataset_23_X001_C164_1027_6_0_jpg.rf.57fc45c24cbb287a1a50823374f98083.jpg,ring-dataset,train
ring-dataset_23_X001_C164_1027_6_1_jpg.rf.0222853b14c57a9d00f5e6603abe0eb7.jpg,ring-dataset,train
ring-dataset_23_X001_C164_1027_6_1_jpg.rf.3959a43c3204aa7e28bcec05dc413349.jpg,ring-dataset,train
ring-dataset_23_X001_C164_1027_6_1_jpg.rf.a3dffba7f68364e06a057d0e5e41b5e9.jpg,ring-dataset,train
ring-dataset_23_X001_C165_1019_2_jpg.rf.36f48f36464b7ff68d183bbcca1a1f52.jpg,ring-dataset,train
ring-dataset_23_X001_C165_1019_2_jpg.rf.7b5a2d2986eed74f05b49b4216e4e1f6.jpg,ring-dataset,train
ring-dataset_23_X001_C165_1019_2_jpg.rf.a023ee2780c0c58e72307e72b19931ae.jpg,ring-dataset,train
ring-dataset_23_X001_C165_1019_4_jpg.rf.2a590defdcf33444c73735ca02440217.jpg,ring-dataset,train
ring-dataset_23_X001_C165_1019_4_jpg.rf.5de5a6ca391c9637b62a0f3918ac2a23.jpg,ring-dataset,train
ring-dataset_23_X001_C165_1019_4_jpg.rf.c3f449cd674802b2dab9abd500c13c61.jpg,ring-dataset,train
ring-dataset_23_X001_C166_1008_0_jpg.rf.2af32621477831435a545a955a720946.jpg,ring-dataset,train
ring-dataset_23_X001_C166_1008_0_jpg.rf.468ec9e6dc431ddf1a1fa78f09db78da.jpg,ring-dataset,train
ring-dataset_23_X001_C166_1008_1_jpg.rf.720c734232ec5fa792e77b2179af3ad1.jpg,ring-dataset,train
ring-dataset_23_X001_C166_1008_1_jpg.rf.7ba6a566d14d82a33758b83292394fd5.jpg,ring-dataset,train
ring-dataset_23_X001_C166_1008_1_jpg.rf.850f6bda8fc4d491d5f76dd9baf1876e.jpg,ring-dataset,train
ring-dataset_23_X001_C166_1008_3_jpg.rf.779397abc7a75a4cb9f4586dcc6ef1a2.jpg,ring-dataset,train
ring-dataset_23_X001_C166_1008_3_jpg.rf.ef0dbd70557335d356780ae9b8987361.jpg,ring-dataset,train
ring-dataset_23_X001_C166_1008_3_jpg.rf.f8ba139805d7fee83277bf2cdbada940.jpg,ring-dataset,train
ring-dataset_23_X001_C166_1008_4_jpg.rf.185b6aa66e91a16c6c337d6223736f21.jpg,ring-dataset,train
ring-dataset_23_X001_C166_1008_4_jpg.rf.566720362fa10aecb6f8365a4d756f14.jpg,ring-dataset,train
ring-dataset_23_X001_C166_1014_0_jpg.rf.41127e7e7aba14c3d14a14750b059a12.jpg,ring-dataset,train
ring-dataset_23_X001_C166_1014_0_jpg.rf.959868913153f72cee106c19f2a6b0bf.jpg,ring-dataset,train
ring-dataset_23_X001_C166_1014_3_jpg.rf.0aded1c05f890800669b271be28cb833.jpg,ring-dataset,train
ring-dataset_23_X001_C166_1014_3_jpg.rf.567dc828a7fedb19a410466dec64e70e.jpg,ring-dataset,train
ring-dataset_23_X001_C166_1014_3_jpg.rf.e45a463500c8cdbff6dcb161c9782bcc.jpg,ring-dataset,train
ring-dataset_23_X001_C173_1014_0_jpg.rf.a1d14691b8cb8af03c2781f27a311311.jpg,ring-dataset,train
ring-dataset_23_X001_C173_1014_0_jpg.rf.f3aa37b5f6f47670bec798baec4a6ec5.jpg,ring-dataset,train
ring-dataset_23_X001_C173_1014_0_jpg.rf.f40670a4c6c6a46d289e8a526a71e94f.jpg,ring-dataset,train
ring-dataset_23_X001_C173_1014_1_jpg.rf.50b7c3432b042d42ad3ebf6e28e78af9.jpg,ring-dataset,train
ring-dataset_23_X001_C173_1014_1_jpg.rf.d8a6c4da7e34b7757f9ab12805dabf76.jpg,ring-dataset,train
ring-dataset_23_X001_C173_1014_1_jpg.rf.ef1547902664bead0aab0c0fe36a3082.jpg,ring-dataset,train
ring-dataset_23_X001_C173_1014_2_jpg.rf.193c341cc283a1cb757ab7ca27130359.jpg,ring-dataset,train
ring-dataset_23_X001_C173_1014_2_jpg.rf.5fdd8cd3c71314b6e440d4d759060fe6.jpg,ring-dataset,train
ring-dataset_23_X001_C173_1014_3_jpg.rf.0b7f54c6eac51924f0cc4feaff61669c.jpg,ring-dataset,train
ring-dataset_23_X001_C173_1014_3_jpg.rf.513ab94941a69b4470e9df7ffb77066e.jpg,ring-dataset,train
ring-dataset_23_X001_C173_1014_3_jpg.rf.8506db7b9c7d0351f839724f4e04ce6c.jpg,ring-dataset,train
ring-dataset_23_X001_C173_1014_4_jpg.rf.a11c2117ad102e0151079d7066506725.jpg,ring-dataset,train
ring-dataset_23_X001_C173_1015_0_jpg.rf.2ca4157562932eef693dcd671fbd983a.jpg,ring-dataset,train
ring-dataset_23_X001_C173_1015_0_jpg.rf.714059b423812a58058d973a9b736609.jpg,ring-dataset,train
ring-dataset_23_X001_C173_1015_0_jpg.rf.ea6e49be9fbe4cd2ce228196fe758aae.jpg,ring-dataset,train
ring-dataset_23_X001_C173_1015_2_jpg.rf.3a8c86012c0fdffa8c40a4c0124bf65a.jpg,ring-dataset,train
ring-dataset_23_X001_C173_1015_2_jpg.rf.ff8102db9459856ca4c7394112f6118a.jpg,ring-dataset,train
ring-dataset_23_X001_C173_1022_0_jpg.rf.14f822de642d23d1f156110e474bf463.jpg,ring-dataset,train
ring-dataset_23_X001_C173_1022_0_jpg.rf.d7b05d66c38dc31b085ce71fb12a6745.jpg,ring-dataset,train
ring-dataset_23_X001_C173_1022_0_jpg.rf.e2bbf1592c2b9b697c7c92484ed54ae1.jpg,ring-dataset,train
ring-dataset_23_X001_C173_1022_1_jpg.rf.2e5ec01cf6db17ddcb90b9f8f1095c62.jpg,ring-dataset,train
ring-dataset_23_X001_C173_1022_1_jpg.rf.31b70de52860a61c571930c4d0e3d661.jpg,ring-dataset,train
ring-dataset_23_X001_C173_1022_1_jpg.rf.c23888e868fe4d0dc6561aa86f7e69e7.jpg,ring-dataset,train
ring-dataset_23_X001_C173_1022_3_jpg.rf.0823fb05575b63ac002a8a01aefe2828.jpg,ring-dataset,train
ring-dataset_23_X001_C173_1022_3_jpg.rf.9f1eeaf1bc920d676de44582f0eab0a2.jpg,ring-dataset,train
ring-dataset_23_X001_C174_1014_4_jpg.rf.b403ef66dd45132df428161d43652164.jpg,ring-dataset,train
ring-dataset_23_X001_C174_1014_4_jpg.rf.c6775e0141458e4aeea18881855e84b0.jpg,ring-dataset,train
ring-dataset_23_X001_C174_1014_4_jpg.rf.e4d06d4be1ca0796e2e464fbd9a5d808.jpg,ring-dataset,train
ring-dataset_23_X001_C184_0925_1_jpg.rf.2ed4ca2fba2c1ee381372e5220f67c56.jpg,ring-dataset,train
ring-dataset_23_X001_C184_0925_1_jpg.rf.45401d4adc33458e1e043648702b8460.jpg,ring-dataset,train
ring-dataset_23_X001_C184_0925_1_jpg.rf.7f5d2a014167bbeb809cdb4ff9bf07da.jpg,ring-dataset,train
ring-dataset_23_X001_C184_0925_2_jpg.rf.f4cb801f2d05ef616ea5da1a5fbcc224.jpg,ring-dataset,train
ring-dataset_23_X001_C184_0925_2_jpg.rf.f56969ef8386874c09e110ec645eccd0.jpg,ring-dataset,train
ring-dataset_23_X001_C185_1013_1_jpg.rf.300c60211b19488af2fa51e4f9e3e0ca.jpg,ring-dataset,train
ring-dataset_23_X001_C185_1013_1_jpg.rf.79fa260def48685dc9dc56b0b6bd1fe8.jpg,ring-dataset,train
ring-dataset_23_X001_C185_1013_1_jpg.rf.b36fa1b56ee546b84e0e7f73630697f7.jpg,ring-dataset,train
ring-dataset_23_X001_C185_1013_3_jpg.rf.ba1765242316dc19fc83f9d557ddb218.jpg,ring-dataset,train
ring-dataset_23_X001_C185_1013_3_jpg.rf.d64c49ab5fd6400c056f9001c79112db.jpg,ring-dataset,train
ring-dataset_23_X001_C185_1013_3_jpg.rf.ea506d7f2d3e2aba66454a0b3c2b07e8.jpg,ring-dataset,train
ring-dataset_23_X001_C193_1007_1_jpg.rf.4b29670b1e70a22afc4a94e9444df038.jpg,ring-dataset,train
ring-dataset_23_X001_C193_1007_1_jpg.rf.54f6ce2ef8ddf3ff0f945e623a1efbf8.jpg,ring-dataset,train
ring-dataset_23_X001_C193_1007_1_jpg.rf.bee5d8db3635fff7a543608a9b0baa0b.jpg,ring-dataset,train
ring-dataset_23_X001_C194_1023_0_jpg.rf.196e07f00a324c6a45d2525e0ea948ce.jpg,ring-dataset,train
ring-dataset_23_X001_C194_1023_1_jpg.rf.90164ef424597059a78609bbdccc02da.jpg,ring-dataset,train
ring-dataset_23_X001_C194_1023_1_jpg.rf.91a73bfe593082c8cfa03360d195608a.jpg,ring-dataset,train
ring-dataset_23_X001_C194_1023_1_jpg.rf.e8872f61043b338608dc971879a9e352.jpg,ring-dataset,train
ring-dataset_23_X001_C196_1106_0_jpg.rf.19803f6058ec39c6afa51f8bfc665653.jpg,ring-dataset,train
ring-dataset_23_X001_C196_1106_0_jpg.rf.1e130dd070b6908139da0913fa398ecd.jpg,ring-dataset,train
ring-dataset_23_X001_C196_1106_0_jpg.rf.d86e4daf867cc63ed7178ba458257f6b.jpg,ring-dataset,train
ring-dataset_23_X001_C196_1106_1_jpg.rf.0faa9e1b965b321587905681c21bfc49.jpg,ring-dataset,train
ring-dataset_23_X001_C196_1106_1_jpg.rf.62223beee60fdc9c79132fe012202954.jpg,ring-dataset,train
ring-dataset_23_X001_C196_1106_1_jpg.rf.7e4203809b613efa026f019f47153e71.jpg,ring-dataset,train
ring-dataset_23_X001_C196_1106_3_jpg.rf.7a9c5b66c6133591bde4731a7b50d6c9.jpg,ring-dataset,train
ring-dataset_23_X001_C196_1106_3_jpg.rf.f3fec4375c46a5270ea13a9e5f5527a3.jpg,ring-dataset,train
ring-dataset_23_X001_C196_1110_2_jpg.rf.a74345c8f0bb244ae4920742dc83c891.jpg,ring-dataset,train
ring-dataset_23_X001_C196_1110_2_jpg.rf.f665a5e9824f609131cbb4e3247f470d.jpg,ring-dataset,train
ring-dataset_23_X001_C203_1015_0_jpg.rf.081745b6b7798ff880b0d7deae3fb0a0.jpg,ring-dataset,train
ring-dataset_23_X001_C203_1015_0_jpg.rf.4ad2c4ee322cdbbd4095ab7311cc66e7.jpg,ring-dataset,train
ring-dataset_23_X001_C203_1015_4_jpg.rf.7880bc9cbdb3bdf056ec5592e11b2cc0.jpg,ring-dataset,train
ring-dataset_23_X001_C203_1015_4_jpg.rf.c7f5f8b604e85eb74ec3515677e89dfa.jpg,ring-dataset,train
ring-dataset_23_X001_C203_1015_4_jpg.rf.e81f934d3bba35b7e69e9b608f9ebe27.jpg,ring-dataset,train
ring-dataset_23_X001_C203_1028_0_jpg.rf.5f9333c03142dd85b09ec20002a9a470.jpg,ring-dataset,train
ring-dataset_23_X001_C203_1028_0_jpg.rf.e982d267d2ca32dcc0a0e030e50bc838.jpg,ring-dataset,train
ring-dataset_23_X001_C203_1028_0_jpg.rf.f9ac7f4637f2dc8e1d2a73b123a2ed3b.jpg,ring-dataset,train
ring-dataset_23_X001_C203_1028_1_jpg.rf.064089bd83f6151c525df70ff5e6ffd0.jpg,ring-dataset,train
ring-dataset_23_X001_C203_1028_1_jpg.rf.8f916588cc2aaf40210cdbdcb1c894ca.jpg,ring-dataset,train
ring-dataset_23_X001_C203_1028_1_jpg.rf.c19ac9da0c0aa58fe6a5a917868e28d4.jpg,ring-dataset,train
ring-dataset_23_X001_C203_1028_2_jpg.rf.2ea0f262c848f0d474ccd6cff8d82678.jpg,ring-dataset,train
ring-dataset_23_X001_C203_1028_2_jpg.rf.c7f894635a14ff3ef3265e5f90a3a11c.jpg,ring-dataset,train
ring-dataset_23_X001_C203_1028_4_jpg.rf.037bf68f6490720c9d597067cfc13310.jpg,ring-dataset,train
ring-dataset_23_X001_C203_1028_4_jpg.rf.6310804f4b28643c892221d52274960b.jpg,ring-dataset,train
ring-dataset_23_X001_C205_1206_0_jpg.rf.05f9f01573cdbf73218e42a38f67b0ae.jpg,ring-dataset,train
ring-dataset_23_X001_C205_1206_0_jpg.rf.56c5ef3b538d579d76f360b56babc87c.jpg,ring-dataset,train
ring-dataset_23_X001_C205_1206_0_jpg.rf.949a57c7cd0fc333f65b43bff9d3d5a4.jpg,ring-dataset,train
ring-dataset_23_X001_C205_1206_3_jpg.rf.bdad7eb075a46f68c19b47010f560b1f.jpg,ring-dataset,train
ring-dataset_23_X001_C205_1206_3_jpg.rf.e2f6d8b4fe51bc548c9defad9788b085.jpg,ring-dataset,train
ring-dataset_23_X001_C205_1206_3_jpg.rf.fd2e63a9d382920d433a6db900e65c92.jpg,ring-dataset,train
ring-dataset_23_X001_C206_1209_4_jpg.rf.2a4143594ae31a012d660a678c49ac9d.jpg,ring-dataset,train
ring-dataset_23_X001_C206_1209_4_jpg.rf.4a4d1914dd13251133c2c104a2abc508.jpg,ring-dataset,train
ring-dataset_23_X001_C206_1209_4_jpg.rf.d09593b66da859668a0a20a87863e30c.jpg,ring-dataset,train
ring-dataset_23_X001_C208_1026_0_jpg.rf.1efc7998fbeb50678b697de935ed0688.jpg,ring-dataset,train
ring-dataset_23_X001_C208_1026_0_jpg.rf.905782287ea6d7b4aaab5ad7f815ccc0.jpg,ring-dataset,train
ring-dataset_23_X001_C208_1026_0_jpg.rf.968f0d3110602559c5d0530abfbcae66.jpg,ring-dataset,train
ring-dataset_23_X001_C208_1026_1_jpg.rf.4b211dd2ee4a9bd6223218d512140eeb.jpg,ring-dataset,train
ring-dataset_23_X001_C208_1026_1_jpg.rf.59a33ac2dff49bd95589e6f7b9fe2c9b.jpg,ring-dataset,train
ring-dataset_23_X001_C208_1026_1_jpg.rf.997fcba3d0c42e87fe56afa38a88de1a.jpg,ring-dataset,train
ring-dataset_23_X001_C208_1026_5_jpg.rf.6688ba249a00dfb98c64efb3a64e6a02.jpg,ring-dataset,train
ring-dataset_23_X001_C208_1026_5_jpg.rf.97671ccd6e8dd38d8ba4f2ba9a45cc35.jpg,ring-dataset,train
ring-dataset_23_X001_C208_1026_5_jpg.rf.eb859cdfc5e8eb5f0aa8f27ec2b4465e.jpg,ring-dataset,train
ring-dataset_23_X001_C312_1102_4_jpg.rf.a11c2f0708df599fb75fc52209c4c30d.jpg,ring-dataset,train
ring-dataset_23_X001_C312_1102_4_jpg.rf.a20a24e3be7c9a5526d5249721e4fd6b.jpg,ring-dataset,train
ring-dataset_23_X001_C312_1102_4_jpg.rf.b6824c255198d602e4cd5d001675745b.jpg,ring-dataset,train
ring-dataset_23_X001_C312_1110_1_jpg.rf.7e716413da11bfea25d9419daa48c4e1.jpg,ring-dataset,train
ring-dataset_23_X001_C312_1110_1_jpg.rf.7f9684b4ed32a6df36208cec41eadcfa.jpg,ring-dataset,train
ring-dataset_23_X001_C330_1104_0_jpg.rf.212902f6b4d293210166b936e598de1b.jpg,ring-dataset,train
ring-dataset_23_X001_C330_1104_0_jpg.rf.9314d8c817c10aa8739d09862fc4e86f.jpg,ring-dataset,train
ring-dataset_23_X001_C330_1104_1_jpg.rf.53f8c6bb61505d582ada7abca6c2a113.jpg,ring-dataset,train
ring-dataset_23_X001_C509_0326_0_jpg.rf.26dd986c8536118c5f1383de5568122a.jpg,ring-dataset,train
ring-dataset_23_X001_C509_0326_0_jpg.rf.35adf44c216f70e9605865d692f5e422.jpg,ring-dataset,train
ring-dataset_23_X001_C509_0326_0_jpg.rf.ec80566aa386d602d73ca7108b0821ae.jpg,ring-dataset,train
ring-dataset_23_X001_C509_0326_1_jpg.rf.19557dca1c7a7442bdc58e187a058b8f.jpg,ring-dataset,train
ring-dataset_23_X001_C509_0326_1_jpg.rf.ed74b67027361c9a255e96bac39ccf60.jpg,ring-dataset,train
ring-dataset_23_X001_C999_0511_3_jpg.rf.09b6032f4f03201f2355141501629392.jpg,ring-dataset,train
ring-dataset_23_X001_C999_0511_3_jpg.rf.8f6d5ad8f3e3f477ad8f1038b4560fa0.jpg,ring-dataset,train
ring-dataset_23_X002_C012_1020_1_jpg.rf.66b8e9d8babac4c842676d2484d29ce9.jpg,ring-dataset,train
ring-dataset_23_X002_C012_1020_1_jpg.rf.e1e4997a4ed4ba9b4121334004915c57.jpg,ring-dataset,train
ring-dataset_23_X002_C012_1020_1_jpg.rf.ffb78086a5913ab39d19247d15a6a477.jpg,ring-dataset,train
ring-dataset_23_X002_C012_1020_3_jpg.rf.158b77d6a14d48067521c85d336c324c.jpg,ring-dataset,train
ring-dataset_23_X002_C012_1020_3_jpg.rf.66d842e53c0580d18cc4a99cbccb57b1.jpg,ring-dataset,train
ring-dataset_23_X002_C012_1020_3_jpg.rf.d8141880dc64aed4a16fcda4f876d110.jpg,ring-dataset,train
ring-dataset_23_X002_C012_1102_1_jpg.rf.03af68ca010307a8cce120dea122372d.jpg,ring-dataset,train
ring-dataset_23_X002_C012_1102_1_jpg.rf.3a359b10df10060ae61e099779cc16f1.jpg,ring-dataset,train
ring-dataset_23_X002_C012_1102_1_jpg.rf.cc78a6645445ae9e79eea9761fabc79d.jpg,ring-dataset,train
ring-dataset_23_X002_C012_1102_3_jpg.rf.09525e7b2e1498f3793add934a756c62.jpg,ring-dataset,train
ring-dataset_23_X002_C012_1102_3_jpg.rf.4a833070a855a3ca41774ef33d39abc9.jpg,ring-dataset,train
ring-dataset_23_X002_C012_1102_3_jpg.rf.51167182a1e2f92e8b5808b3f33ad4cd.jpg,ring-dataset,train
ring-dataset_23_X002_C012_1102_4_jpg.rf.191c6ad735f4b61ad53b5004ad86ab63.jpg,ring-dataset,train
ring-dataset_23_X002_C012_1102_4_jpg.rf.817e6a6d279a71bc0d0d118684a9f5ea.jpg,ring-dataset,train
ring-dataset_23_X002_C012_1102_4_jpg.rf.b2ac101da0cc5220e2c46684629caf2d.jpg,ring-dataset,train
ring-dataset_23_X002_C013_1016_0_jpg.rf.280f0cadfe5dceff8af56496f76d5831.jpg,ring-dataset,train
ring-dataset_23_X002_C013_1016_0_jpg.rf.92903482ed9a421e799a045c73c80c88.jpg,ring-dataset,train
ring-dataset_23_X002_C013_1016_0_jpg.rf.a24154119f7233895165f55a4a8707ee.jpg,ring-dataset,train
ring-dataset_23_X002_C013_1016_1_jpg.rf.1bab21827e39e14ddb162605f69bcb77.jpg,ring-dataset,train
ring-dataset_23_X002_C013_1016_1_jpg.rf.7e03f6cc26009b59f5dd557588816d00.jpg,ring-dataset,train
ring-dataset_23_X002_C013_1016_1_jpg.rf.f919c56e923794e0a84bbcdf1fda20d0.jpg,ring-dataset,train
ring-dataset_23_X002_C013_1016_3_jpg.rf.550b37e9adb55839055ca15e7ac94beb.jpg,ring-dataset,train
ring-dataset_23_X002_C013_1016_3_jpg.rf.f13ba662c13a7066c707a153a81a23dc.jpg,ring-dataset,train
ring-dataset_23_X002_C014_1021_3_jpg.rf.7a4c25c3b3b5d3646d509da4b97b9cb6.jpg,ring-dataset,train
ring-dataset_23_X002_C014_1021_3_jpg.rf.e562cdeb153c8d88a477cf4cf413b0f3.jpg,ring-dataset,train
ring-dataset_23_X002_C014_1021_4_jpg.rf.04ba3b1c99324395b0be42c59e2453d5.jpg,ring-dataset,train
ring-dataset_23_X002_C014_1021_4_jpg.rf.26f1ed3f4477d2963d317bceb4698195.jpg,ring-dataset,train
ring-dataset_23_X002_C014_1021_4_jpg.rf.418cb0fd1ed06747c216e767311795a7.jpg,ring-dataset,train
ring-dataset_23_X002_C014_1023_1_jpg.rf.820dd66a7505898b988db525fc87bccb.jpg,ring-dataset,train
ring-dataset_23_X002_C014_1023_1_jpg.rf.b5a24fb7ad10efba33a7e35a9966acad.jpg,ring-dataset,train
ring-dataset_23_X002_C014_1023_1_jpg.rf.c7442b97c60a5e4172e3c40d0f2f1a4e.jpg,ring-dataset,train
ring-dataset_23_X002_C014_1023_2_jpg.rf.2372a9c792efff79f2a160b94c99e358.jpg,ring-dataset,train
ring-dataset_23_X002_C014_1023_2_jpg.rf.a1d137913488c0f2e01f0afc72faf4fa.jpg,ring-dataset,train
ring-dataset_23_X002_C014_1023_4_jpg.rf.6dd91ab272596107604e30a1e5b474ac.jpg,ring-dataset,train
ring-dataset_23_X002_C014_1109_0_jpg.rf.1d596af83097cbf8d24b99316be6a844.jpg,ring-dataset,train
ring-dataset_23_X002_C014_1109_0_jpg.rf.82ba8ac8feb38771397829799574a93d.jpg,ring-dataset,train
ring-dataset_23_X002_C014_1109_0_jpg.rf.86e3663ad553df5b791bcd8578247ff6.jpg,ring-dataset,train
ring-dataset_23_X002_C016_1021_0_jpg.rf.03993c48ad7a98deca93caf9a791702d.jpg,ring-dataset,train
ring-dataset_23_X002_C016_1021_0_jpg.rf.0d152000374187f39bcc152ca742cafe.jpg,ring-dataset,train
ring-dataset_23_X002_C016_1021_0_jpg.rf.305ba955e50bb76ca34c6a30f8793863.jpg,ring-dataset,train
ring-dataset_23_X002_C016_1021_2_jpg.rf.3efabec72c65c2003584674bbabbab7b.jpg,ring-dataset,train
ring-dataset_23_X002_C016_1021_2_jpg.rf.4ec5d748cbbd26902034fad034d4ead0.jpg,ring-dataset,train
ring-dataset_23_X002_C016_1021_2_jpg.rf.eb63c67f29ccf9fb2bb31ab4ca0097fb.jpg,ring-dataset,train
ring-dataset_23_X002_C016_1021_4_jpg.rf.01a0b9ce416c159736ac5bdef81291c5.jpg,ring-dataset,train
ring-dataset_23_X002_C016_1021_4_jpg.rf.0889e6ad2c198e145de1cbfe6fc2fc7c.jpg,ring-dataset,train
ring-dataset_23_X002_C016_1102_0_jpg.rf.06fc29e9d9cb6b55f8e6456512e8031e.jpg,ring-dataset,train
ring-dataset_23_X002_C016_1102_0_jpg.rf.19d4a2e8e2856caa80db10a91cb1cb35.jpg,ring-dataset,train
ring-dataset_23_X002_C016_1102_0_jpg.rf.c557f2accda71cce4339324c1d7bb244.jpg,ring-dataset,train
ring-dataset_23_X002_C016_1102_1_jpg.rf.215849779cc0050ee112889163c6a0c2.jpg,ring-dataset,train
ring-dataset_23_X002_C016_1102_1_jpg.rf.ce0dd801a8328f8380d6a91b111419c9.jpg,ring-dataset,train
ring-dataset_23_X002_C016_1102_1_jpg.rf.dd341091970527e71426045885dbcb89.jpg,ring-dataset,train
ring-dataset_23_X002_C016_1102_2_jpg.rf.4aaeecc758aaa0524e773c6da7c5eaf7.jpg,ring-dataset,train
ring-dataset_23_X002_C016_1102_2_jpg.rf.70afc2b3198ded0d737aafe2dd6f8c6d.jpg,ring-dataset,train
ring-dataset_23_X002_C016_1102_2_jpg.rf.7445ba0e5589fedbadb676df10673d80.jpg,ring-dataset,train
ring-dataset_23_X002_C016_1102_3_jpg.rf.61c4baffe67a0434c03de212513b1559.jpg,ring-dataset,train
ring-dataset_23_X002_C016_1102_3_jpg.rf.8696208c9278a7cac56cec2ebc0d436b.jpg,ring-dataset,train
ring-dataset_23_X002_C016_1102_3_jpg.rf.a1116620876c37b09966deb90fbde9cb.jpg,ring-dataset,train
ring-dataset_23_X002_C023_1013_1_jpg.rf.487bc9c54084be8d843a8a4763928841.jpg,ring-dataset,train
ring-dataset_23_X002_C023_1013_1_jpg.rf.4a01f203c89066b809a51fe8ce218a61.jpg,ring-dataset,train
ring-dataset_23_X002_C023_1013_1_jpg.rf.dd27e8957e26deca0f5f95ef30ffe5af.jpg,ring-dataset,train
ring-dataset_23_X002_C023_1016_0_jpg.rf.64217db363fac8fd9bdbd58f91f8a9a4.jpg,ring-dataset,train
ring-dataset_23_X002_C023_1016_0_jpg.rf.a4bb47972bc9ea32d503c261fcb62873.jpg,ring-dataset,train
ring-dataset_23_X002_C023_1016_3_jpg.rf.29fdb973e64bb4445a8babe471884f8d.jpg,ring-dataset,train
ring-dataset_23_X002_C023_1016_3_jpg.rf.7e2b7be821f0055e2660d6e3a451e75e.jpg,ring-dataset,train
ring-dataset_23_X002_C023_1016_3_jpg.rf.a5491893083d1f31629404c273a3f6c6.jpg,ring-dataset,train
ring-dataset_23_X002_C025_1021_0_jpg.rf.3e071e6b46d56533b701a5975c728b13.jpg,ring-dataset,train
ring-dataset_23_X002_C025_1021_0_jpg.rf.c8501d4431eb1c4033a810d88fb919c7.jpg,ring-dataset,train
ring-dataset_23_X002_C025_1021_0_jpg.rf.dd987c1e7eaa5e98cb5cdd423edaa4b4.jpg,ring-dataset,train
ring-dataset_23_X002_C026_1109_0_jpg.rf.8c8ca8ac23754d1a0bfb6a81e6ef4e19.jpg,ring-dataset,train
ring-dataset_23_X002_C026_1109_0_jpg.rf.bc8d35cf7859f7420c2b721ed4290ebd.jpg,ring-dataset,train
ring-dataset_23_X002_C026_1109_0_jpg.rf.c9edb28b24abf4e0adefe6c45eb00868.jpg,ring-dataset,train
ring-dataset_23_X002_C026_1109_1_jpg.rf.1876ce5dc3aaef2de742f2dfaae6226b.jpg,ring-dataset,train
ring-dataset_23_X002_C026_1109_1_jpg.rf.a5ab81a6c703f5aee8da03947f90f908.jpg,ring-dataset,train
ring-dataset_23_X002_C026_1109_2_jpg.rf.45539deacf94a65e5483dba073c464e9.jpg,ring-dataset,train
ring-dataset_23_X002_C026_1109_2_jpg.rf.ec09fe92ecc43135aaea58cf0b87fbc2.jpg,ring-dataset,train
ring-dataset_23_X002_C026_1109_2_jpg.rf.eecbc1a32aa1e9688f99d533ac253de1.jpg,ring-dataset,train
ring-dataset_23_X002_C026_1109_3_jpg.rf.4cf9ceb8776031a43abf7706e5e84a60.jpg,ring-dataset,train
ring-dataset_23_X002_C026_1109_3_jpg.rf.e761a66440c7d5e6f9247471cc75a311.jpg,ring-dataset,train
ring-dataset_23_X002_C026_1109_3_jpg.rf.fd8b790a7a31d1222b6a9d39936b0763.jpg,ring-dataset,train
ring-dataset_23_X002_C033_1005_0_jpg.rf.88ea494659eb7047d281143472a5aea4.jpg,ring-dataset,train
ring-dataset_23_X002_C033_1005_0_jpg.rf.93fc6f0a828c1964bc64e2599c344304.jpg,ring-dataset,train
ring-dataset_23_X002_C033_1005_0_jpg.rf.d61e734d5a5da132291653b8945e209f.jpg,ring-dataset,train
ring-dataset_23_X002_C033_1005_2_jpg.rf.0557a85863f2ea8b650a534968e508af.jpg,ring-dataset,train
ring-dataset_23_X002_C033_1005_2_jpg.rf.0f35218452fc36362e2ae3564f0c8f34.jpg,ring-dataset,train
ring-dataset_23_X002_C033_1005_2_jpg.rf.fa3929876739a6378008e69f20f80205.jpg,ring-dataset,train
ring-dataset_23_X002_C033_1005_3_jpg.rf.02e6684c7aadcf17d6987420e1a92cd2.jpg,ring-dataset,train
ring-dataset_23_X002_C033_1005_3_jpg.rf.02fc7b4ff1d0370f67d11184489f81f2.jpg,ring-dataset,train
ring-dataset_23_X002_C033_1005_3_jpg.rf.3c8c0d9ea2deb354c7f1bdca10638d53.jpg,ring-dataset,train
ring-dataset_23_X002_C033_1027_1_jpg.rf.06844ee3f6ce5d3bb4c24ec56fc85bb4.jpg,ring-dataset,train
ring-dataset_23_X002_C033_1027_1_jpg.rf.df60be534782c9af0a17ae2a1033a9c5.jpg,ring-dataset,train
ring-dataset_23_X002_C033_1027_2_jpg.rf.523756b38be21145f7d0e484da318797.jpg,ring-dataset,train
ring-dataset_23_X002_C033_1027_2_jpg.rf.a0988ad0dfe3e433c6abb2f2c9fbc9c4.jpg,ring-dataset,train
ring-dataset_23_X002_C033_1027_2_jpg.rf.e3f594cc2628a8e5f52e957ef82b7520.jpg,ring-dataset,train
ring-dataset_23_X002_C033_1027_3_jpg.rf.66ac62b2ba69829c6a35c6d4c0c2d432.jpg,ring-dataset,train
ring-dataset_23_X002_C033_1027_3_jpg.rf.79b565c7eecfb06fde5aa20ac18b8790.jpg,ring-dataset,train
ring-dataset_23_X002_C033_1027_3_jpg.rf.eb45fee1dda89a8c1388e0d441283efd.jpg,ring-dataset,train
ring-dataset_23_X002_C033_1028_1_jpg.rf.6d29f3a0d4f5b1f4c21e96db79770ecb.jpg,ring-dataset,train
ring-dataset_23_X002_C033_1028_1_jpg.rf.92e55c31d5c187eee63e46323c9fe0e1.jpg,ring-dataset,train
ring-dataset_23_X002_C033_1028_2_jpg.rf.7e1db3542dfdabb0e6dbc4dc61397316.jpg,ring-dataset,train
ring-dataset_23_X002_C034_1102_4_jpg.rf.78b49ac25b8e635992608e5282bd06ea.jpg,ring-dataset,train
ring-dataset_23_X002_C034_1102_4_jpg.rf.84d9b33e12fcf25e63aa68b875d3e81c.jpg,ring-dataset,train
ring-dataset_23_X002_C034_1102_4_jpg.rf.bc3112094a86b3fcaad3d563573fa682.jpg,ring-dataset,train
ring-dataset_23_X002_C035_1027_1_jpg.rf.747f5dc7c63495a5ef4cca6e25d08342.jpg,ring-dataset,train
ring-dataset_23_X002_C035_1027_1_jpg.rf.eb70918d7af80965c9e99589068bbfcb.jpg,ring-dataset,train
ring-dataset_23_X002_C035_1027_2_jpg.rf.3e309cd8cbb154b958cb15484a54d4f5.jpg,ring-dataset,train
ring-dataset_23_X002_C035_1027_2_jpg.rf.cbe9abf7424dab01120c44cc02d16447.jpg,ring-dataset,train
ring-dataset_23_X002_C035_1030_0_jpg.rf.06b605e917c3ccf3d7dadd8d35cb868a.jpg,ring-dataset,train
ring-dataset_23_X002_C035_1030_0_jpg.rf.0b8cdb121863c5a145e38301873a2361.jpg,ring-dataset,train
ring-dataset_23_X002_C035_1030_0_jpg.rf.efecaee311c932100b73f20999a6ccff.jpg,ring-dataset,train
ring-dataset_23_X002_C035_1030_2_jpg.rf.078220cbbf03c95f041b6d7b6c80d07c.jpg,ring-dataset,train
ring-dataset_23_X002_C035_1030_2_jpg.rf.2faced75f561b6071f00ada0451eb9be.jpg,ring-dataset,train
ring-dataset_23_X002_C035_1030_2_jpg.rf.492069a3ea9e6e092d03dc6ea9b50cd4.jpg,ring-dataset,train
ring-dataset_23_X002_C035_1030_4_jpg.rf.327516b3cf17b71c7db67dce38a18566.jpg,ring-dataset,train
ring-dataset_23_X002_C035_1030_4_jpg.rf.3658ad9db4d69c7836307f9cc7363bbd.jpg,ring-dataset,train
ring-dataset_23_X002_C036_1102_1_jpg.rf.11b202a6130842299e506e3b83f72209.jpg,ring-dataset,train
ring-dataset_23_X002_C036_1102_1_jpg.rf.7c4598b783e5ffa78640aae3e4fe049a.jpg,ring-dataset,train
ring-dataset_23_X002_C036_1102_3_jpg.rf.0b62f24f9a01eca4984f6120c9552529.jpg,ring-dataset,train
ring-dataset_23_X002_C037_1026_0_jpg.rf.2e5323a3930e842e4d7afb12940340b6.jpg,ring-dataset,train
ring-dataset_23_X002_C037_1026_0_jpg.rf.6b1ad11498120ac4b6b95cdc6872615c.jpg,ring-dataset,train
ring-dataset_23_X002_C037_1026_0_jpg.rf.7a529edecac5414974cb2d259449b435.jpg,ring-dataset,train
ring-dataset_23_X002_C037_1026_3_jpg.rf.308ccfa9b8f2ce34fa51816879fb0f33.jpg,ring-dataset,train
ring-dataset_23_X002_C037_1026_3_jpg.rf.67534d247f4a4775f9fa8d8038afa637.jpg,ring-dataset,train
ring-dataset_23_X002_C037_1026_3_jpg.rf.b9094fa8fc6c009725bd2615ed785e38.jpg,ring-dataset,train
ring-dataset_23_X002_C037_1102_1_jpg.rf.839d2babdcba209a567cc15a6801a8b2.jpg,ring-dataset,train
ring-dataset_23_X002_C037_1102_1_jpg.rf.9ab5d6dee64eb2fbd4a6013198df49d9.jpg,ring-dataset,train
ring-dataset_23_X002_C037_1102_1_jpg.rf.fe382e9854769561fc42665c7c90ce08.jpg,ring-dataset,train
ring-dataset_23_X002_C037_1102_2_jpg.rf.612ad04be597bc9f99f43d12f18db7f5.jpg,ring-dataset,train
ring-dataset_23_X002_C037_1102_3_jpg.rf.01f35222ed54665c06b34244b8b0de9c.jpg,ring-dataset,train
ring-dataset_23_X002_C037_1102_3_jpg.rf.143224304d986f031b3590d74dbdbd44.jpg,ring-dataset,train
ring-dataset_23_X002_C039_1102_1_jpg.rf.1a653bb337fb8410acddc91d40a4af30.jpg,ring-dataset,train
ring-dataset_23_X002_C039_1102_1_jpg.rf.cdf99ddac6dfa576a4d56f40842d1688.jpg,ring-dataset,train
ring-dataset_23_X002_C046_1006_0_jpg.rf.376e14959b074d928cd0dfa9724f6e3b.jpg,ring-dataset,train
ring-dataset_23_X002_C046_1006_0_jpg.rf.61d98f34e13c16cf8d60bd1da4271cfc.jpg,ring-dataset,train
ring-dataset_23_X002_C046_1006_0_jpg.rf.78e3f9f000179040914235fa81e2b36f.jpg,ring-dataset,train
ring-dataset_23_X002_C046_1006_1_jpg.rf.0ac18713b83d1b47c1778b5eafe97140.jpg,ring-dataset,train
ring-dataset_23_X002_C046_1006_1_jpg.rf.55f3e1a1795a662d2978e5884d83ae20.jpg,ring-dataset,train
ring-dataset_23_X002_C046_1006_1_jpg.rf.d0af4085dca2aebf78c5fee1d67af719.jpg,ring-dataset,train
ring-dataset_23_X002_C046_1006_3_jpg.rf.295edbb0edf8679457d184a441658fbe.jpg,ring-dataset,train
ring-dataset_23_X002_C046_1006_3_jpg.rf.2a9df11f6e8e945ddac71949a41e8d59.jpg,ring-dataset,train
ring-dataset_23_X002_C046_1006_3_jpg.rf.6a427565df91cf4f5e9d66457a8ddafc.jpg,ring-dataset,train
ring-dataset_23_X002_C053_1006_1_jpg.rf.043497b0d780b705806cd1b43b8d413a.jpg,ring-dataset,train
ring-dataset_23_X002_C053_1006_1_jpg.rf.46f9cda155af76b7df1b3912762e7a53.jpg,ring-dataset,train
ring-dataset_23_X002_C053_1006_1_jpg.rf.bb635fc54d27389a8f4c3ab94c62207c.jpg,ring-dataset,train
ring-dataset_23_X002_C053_1022_4_jpg.rf.3e7b77424be684af7874ed0d0a243c09.jpg,ring-dataset,train
ring-dataset_23_X002_C053_1022_4_jpg.rf.bd215f0247c7771ac0695a2c54be1422.jpg,ring-dataset,train
ring-dataset_23_X002_C053_1030_0_jpg.rf.6e3ada41d0e759979a9f93a769ed8cec.jpg,ring-dataset,train
ring-dataset_23_X002_C053_1030_0_jpg.rf.c1c924b5e7f0bbf0007ea41e55d865d6.jpg,ring-dataset,train
ring-dataset_23_X002_C057_1026_1_jpg.rf.3f419a1ef687ae3b0019d2cc0d9dfcde.jpg,ring-dataset,train
ring-dataset_23_X002_C057_1026_1_jpg.rf.60c20f3d0f6a66896aa5492b5bcf2042.jpg,ring-dataset,train
ring-dataset_23_X002_C057_1026_3_jpg.rf.280927a7dd832abe1eba58f1353196e0.jpg,ring-dataset,train
ring-dataset_23_X002_C057_1026_3_jpg.rf.a406e0f8fdbb26b1cbf4610bf36ee476.jpg,ring-dataset,train
ring-dataset_23_X002_C057_1026_3_jpg.rf.fa04d459cf8272dcc5869abda2a8953b.jpg,ring-dataset,train
ring-dataset_23_X002_C057_1026_4_jpg.rf.04d42b975954f36cbb28db1c4b87039a.jpg,ring-dataset,train
ring-dataset_23_X002_C057_1026_4_jpg.rf.371df56ee2cd90b43b3d00020acf9571.jpg,ring-dataset,train
ring-dataset_23_X002_C161_0928_1_jpg.rf.216f162f74bb4631197a3f85c32a4519.jpg,ring-dataset,train
ring-dataset_23_X002_C161_0928_1_jpg.rf.f07b014b5669755e70d1145ecb69fb30.jpg,ring-dataset,train
ring-dataset_23_X002_C161_0928_2_jpg.rf.0be26d9080f8f8d9e651b4e78882a94d.jpg,ring-dataset,train
ring-dataset_23_X002_C161_0928_2_jpg.rf.b9f305bdc4cd6df2c518aa040e086a49.jpg,ring-dataset,train
ring-dataset_23_X002_C161_0928_2_jpg.rf.c4070f28921afc8ee6e8f88dd9bd314b.jpg,ring-dataset,train
ring-dataset_23_X002_C161_0928_3_jpg.rf.367a5e72237b615fabd67d820e0c3781.jpg,ring-dataset,train
ring-dataset_23_X002_C161_0928_3_jpg.rf.cee96dd490bc35e47b863e8582c2d5b3.jpg,ring-dataset,train
ring-dataset_23_X002_C161_0928_3_jpg.rf.f4d995e1a36d5b4f42d5e43efe00ccfd.jpg,ring-dataset,train
ring-dataset_23_X002_C163_1016_0_jpg.rf.3f10ec205a5b0e470c6d10949f6a4801.jpg,ring-dataset,train
ring-dataset_23_X002_C163_1016_0_jpg.rf.96a6df821668a07de26f098d8d25e10a.jpg,ring-dataset,train
ring-dataset_23_X002_C163_1016_0_jpg.rf.f95cd330915e84ff0a1459ecca802654.jpg,ring-dataset,train
ring-dataset_23_X002_C163_1016_4_jpg.rf.7d7c2fadbfb5c390cd0ea5ae816058c0.jpg,ring-dataset,train
ring-dataset_23_X002_C163_1016_4_jpg.rf.8eb3a2b7e2be8fa96bc48b707560eac7.jpg,ring-dataset,train
ring-dataset_23_X002_C163_1016_4_jpg.rf.cbba26ab71679e13b4fc842da82aa941.jpg,ring-dataset,train
ring-dataset_23_X002_C165_1015_3_jpg.rf.681da5d468956dd9e4317222a0e9fc58.jpg,ring-dataset,train
ring-dataset_23_X002_C165_1015_3_jpg.rf.a47f3f590cc8a95d5962377a505c4c89.jpg,ring-dataset,train
ring-dataset_23_X002_C165_1015_4_jpg.rf.0258adbcba2f458be9aec1e393eed8f7.jpg,ring-dataset,train
ring-dataset_23_X002_C165_1015_4_jpg.rf.17ee0dd8f3034f0f5ce98296ddff6198.jpg,ring-dataset,train
ring-dataset_23_X002_C165_1015_4_jpg.rf.feaae9daf40d7307daa9d94faaa5f8ed.jpg,ring-dataset,train
ring-dataset_23_X002_C172_0929_0_jpg.rf.39eda11509edf1f80032501961eeb91b.jpg,ring-dataset,train
ring-dataset_23_X002_C172_0929_0_jpg.rf.5f041efb2fe25646c8b28c89254491c0.jpg,ring-dataset,train
ring-dataset_23_X002_C172_0929_0_jpg.rf.a992fee6493f763fb5e69dc645e4e7ed.jpg,ring-dataset,train
ring-dataset_23_X002_C172_0929_1_jpg.rf.1846d71f32a010ae9e4cea93e676acf0.jpg,ring-dataset,train
ring-dataset_23_X002_C172_0929_1_jpg.rf.9af33862ad1c63c8e4907235f2437287.jpg,ring-dataset,train
ring-dataset_23_X002_C172_0929_3_jpg.rf.524945323ed514f2670535a306ae508d.jpg,ring-dataset,train
ring-dataset_23_X002_C172_0929_3_jpg.rf.f44ff625a30621bd36d48b30f817b358.jpg,ring-dataset,train
ring-dataset_23_X002_C172_1021_0_jpg.rf.49c42013b7f5e481dce4f3500afd3ab0.jpg,ring-dataset,train
ring-dataset_23_X002_C172_1021_0_jpg.rf.7b52848ce03316fd29b2fbbc1a70201d.jpg,ring-dataset,train
ring-dataset_23_X002_C172_1021_1_jpg.rf.443b1e5692bef3155e5a4454b0e6d93c.jpg,ring-dataset,train
ring-dataset_23_X002_C172_1021_1_jpg.rf.6a1b9aeba28181ce3dbffa9efd87532f.jpg,ring-dataset,train
ring-dataset_23_X002_C172_1021_1_jpg.rf.fac04e8d15b75058ba7a3ace613533f3.jpg,ring-dataset,train
ring-dataset_23_X002_C173_1023_0_jpg.rf.34c36cfca5095f177418c36e7005b5eb.jpg,ring-dataset,train
ring-dataset_23_X002_C173_1023_0_jpg.rf.fd5106cb1aebd297a9692106159e775c.jpg,ring-dataset,train
ring-dataset_23_X002_C173_1023_1_jpg.rf.15e26f2c83ff74e3cfa2a5b2a2823afc.jpg,ring-dataset,train
ring-dataset_23_X002_C173_1023_1_jpg.rf.d776a1227ae3aa9e4a647e6262e5debe.jpg,ring-dataset,train
ring-dataset_23_X002_C173_1023_1_jpg.rf.f492114905cd2bdcd31da7bdef3c0ab6.jpg,ring-dataset,train
ring-dataset_23_X002_C173_1023_2_jpg.rf.16a431226f8234be7eff9092e3e3296e.jpg,ring-dataset,train
ring-dataset_23_X002_C173_1023_2_jpg.rf.dee3b21070a2d71025a1d7432971956f.jpg,ring-dataset,train
ring-dataset_23_X002_C173_1023_3_jpg.rf.49225fc1ec99cc20c54a4d5793c2753c.jpg,ring-dataset,train
ring-dataset_23_X002_C173_1023_3_jpg.rf.51e5174532952f595b93f724d71b976d.jpg,ring-dataset,train
ring-dataset_23_X002_C173_1023_3_jpg.rf.b92ee1018772a235eb2c4b74762dc922.jpg,ring-dataset,train
ring-dataset_23_X002_C176_1006_0_jpg.rf.87582fd12f019b9138b386de97aa5f58.jpg,ring-dataset,train
ring-dataset_23_X002_C176_1006_0_jpg.rf.a531d51b22ccdcf7e6856cf8b1fba301.jpg,ring-dataset,train
ring-dataset_23_X002_C176_1006_0_jpg.rf.db0167fcc82dd1ae3077f1fb0bdf4e19.jpg,ring-dataset,train
ring-dataset_23_X002_C190_1112_0_jpg.rf.01310822ea944dc6df6a9eb81e832f05.jpg,ring-dataset,train
ring-dataset_23_X002_C190_1112_0_jpg.rf.3b3127ece8226c03c33e42d65e81c541.jpg,ring-dataset,train
ring-dataset_23_X002_C190_1112_0_jpg.rf.8de91c51ea6396fddabf036a22acdea6.jpg,ring-dataset,train
ring-dataset_23_X002_C190_1112_1_jpg.rf.9dfcee95859276dc92a97e33ca9b8629.jpg,ring-dataset,train
ring-dataset_23_X002_C190_1112_1_jpg.rf.ab50d43e77dfe2115e4a520be66bf244.jpg,ring-dataset,train
ring-dataset_23_X002_C190_1112_2_jpg.rf.1526b2571dc8529ddbc7afb459adc6f5.jpg,ring-dataset,train
ring-dataset_23_X002_C190_1112_2_jpg.rf.6655f505b3f61cbd388569b984310710.jpg,ring-dataset,train
ring-dataset_23_X002_C190_1112_2_jpg.rf.de9c3ef292d3875f93f41e281a50758a.jpg,ring-dataset,train
ring-dataset_23_X002_C190_1112_4_jpg.rf.129e1503a87980735300fbeab6b370e5.jpg,ring-dataset,train
ring-dataset_23_X002_C190_1112_4_jpg.rf.20df8a6d5b603cf27e86bb04457b6a20.jpg,ring-dataset,train
ring-dataset_23_X002_C192_0928_0_jpg.rf.17c68763fafdeebcce8f95c2c23df3cc.jpg,ring-dataset,train
ring-dataset_23_X002_C192_0928_0_jpg.rf.1dcad76cdc923396d0af69ee25830792.jpg,ring-dataset,train
ring-dataset_23_X002_C192_0928_1_jpg.rf.220798f338d3c5c2598ed2aee46fbe92.jpg,ring-dataset,train
ring-dataset_23_X002_C192_0928_1_jpg.rf.e0c3a58c204f502af4e8929a7fc5b789.jpg,ring-dataset,train
ring-dataset_23_X002_C192_0928_1_jpg.rf.eed030f8a8952fa4e0234abaf49ba73f.jpg,ring-dataset,train
ring-dataset_23_X002_C192_0928_3_jpg.rf.006d3384ac25c40e6e02d382e53bc49c.jpg,ring-dataset,train
ring-dataset_23_X002_C192_0928_3_jpg.rf.2fa9ab8733fb182c6db831dce8a41d16.jpg,ring-dataset,train
ring-dataset_23_X002_C192_0928_3_jpg.rf.cf5004ff96738540f7b0f55ef3aa1a42.jpg,ring-dataset,train
ring-dataset_23_X002_C192_0928_4_jpg.rf.0423a9914220622da0cc06a548802870.jpg,ring-dataset,train
ring-dataset_23_X002_C192_0928_4_jpg.rf.f1ff0497c3d8171b4be4724afa18f182.jpg,ring-dataset,train
ring-dataset_23_X002_C192_1105_0_jpg.rf.d3cdbadf3239af4bc7a7f5eb5175c7d4.jpg,ring-dataset,train
ring-dataset_23_X002_C192_1105_2_jpg.rf.0be459208abfcd94a3da66d0d92ae03b.jpg,ring-dataset,train
ring-dataset_23_X002_C192_1105_2_jpg.rf.0eba7c9997a7b8fc0821e33ce5ea6c5a.jpg,ring-dataset,train
ring-dataset_23_X002_C192_1105_2_jpg.rf.f0e3e6e642917b74a5526d378b881c88.jpg,ring-dataset,train
ring-dataset_23_X002_C192_1105_3_jpg.rf.25a9e273374367532201c600ce30087a.jpg,ring-dataset,train
ring-dataset_23_X002_C192_1105_3_jpg.rf.2cc068d4d339e93e75552c67b2e7343a.jpg,ring-dataset,train
ring-dataset_23_X002_C192_1105_3_jpg.rf.38f655b170928cf8aa3eafa0e4e8e990.jpg,ring-dataset,train
ring-dataset_23_X002_C192_1105_4_jpg.rf.e8241d5cce18c0d6754d6ef19302e5a3.jpg,ring-dataset,train
ring-dataset_23_X002_C192_1105_4_jpg.rf.f734cdb71682b13437dd73fcc2d67ae7.jpg,ring-dataset,train
ring-dataset_23_X002_C192_1109_1_jpg.rf.30e10fe0742a153112da2b8ee6249719.jpg,ring-dataset,train
ring-dataset_23_X002_C192_1109_1_jpg.rf.74744f08a1c728b5e30c29c746d28bdc.jpg,ring-dataset,train
ring-dataset_23_X002_C192_1109_1_jpg.rf.9ba257c8dd95b77473bcc0492b9c4832.jpg,ring-dataset,train
ring-dataset_23_X002_C192_1109_2_jpg.rf.13873af0621eced3a8bbbef0bc56b3b5.jpg,ring-dataset,train
ring-dataset_23_X002_C192_1109_2_jpg.rf.257a633407d79c6c70a46da7e5542b95.jpg,ring-dataset,train
ring-dataset_23_X002_C192_1109_2_jpg.rf.8a6fd24d19e37fabef6fdb9adba744a7.jpg,ring-dataset,train
ring-dataset_23_X002_C192_1109_3_jpg.rf.6a90bd5d91c722df97dd222f8414d9af.jpg,ring-dataset,train
ring-dataset_23_X002_C192_1109_3_jpg.rf.7b065235cdfd19afa1c71c0a8339f868.jpg,ring-dataset,train
ring-dataset_23_X002_C192_1109_4_jpg.rf.01f24e5c01b5a0da632df84f5157873e.jpg,ring-dataset,train
ring-dataset_23_X002_C192_1109_4_jpg.rf.630e7f559bf2190be506f1daece9ea1a.jpg,ring-dataset,train
ring-dataset_23_X002_C194_1106_0_jpg.rf.481829b6a0daefb0cfe54e4094d1b118.jpg,ring-dataset,train
ring-dataset_23_X002_C194_1106_0_jpg.rf.81f736b457d6b125b34d452cce52a9f0.jpg,ring-dataset,train
ring-dataset_23_X002_C194_1106_0_jpg.rf.8fa212a0f467a39295b9b2c0a28b4ec4.jpg,ring-dataset,train
ring-dataset_23_X002_C194_1106_1_jpg.rf.17f47427fefd027b4a5fce6b5ed533d9.jpg,ring-dataset,train
ring-dataset_23_X002_C194_1106_3_jpg.rf.c167f4162acbf08a62a769999a55a160.jpg,ring-dataset,train
ring-dataset_23_X002_C194_1106_3_jpg.rf.f7ac34135f7800be6596c80e9fb13748.jpg,ring-dataset,train
ring-dataset_23_X002_C194_1106_4_jpg.rf.1ba2e1eb50dea6e34b0240c3dc99af25.jpg,ring-dataset,train
ring-dataset_23_X002_C194_1106_4_jpg.rf.3d78b3bc2163b991e440fe18fda9cfde.jpg,ring-dataset,train
ring-dataset_23_X002_C194_1106_4_jpg.rf.9f6462cb222fac16af00d8b7d47a9bc5.jpg,ring-dataset,train
ring-dataset_23_X002_C195_1109_0_jpg.rf.359ab0833594cc9c26d908189594bea4.jpg,ring-dataset,train
ring-dataset_23_X002_C195_1109_0_jpg.rf.bf608e8f2f4a64f4cb3e98a02f4c9372.jpg,ring-dataset,train
ring-dataset_23_X002_C195_1109_0_jpg.rf.c974fc08d0e19b95b61cfb27d787dbf1.jpg,ring-dataset,train
ring-dataset_23_X002_C195_1109_1_jpg.rf.5e55e8d91edc762adaf9e9b5b911d236.jpg,ring-dataset,train
ring-dataset_23_X002_C195_1109_1_jpg.rf.a62e2661883f0ea23937569782bc429a.jpg,ring-dataset,train
ring-dataset_23_X002_C195_1109_2_jpg.rf.6014f0adc5895d453bff831e872572e8.jpg,ring-dataset,train
ring-dataset_23_X002_C195_1109_2_jpg.rf.b8c1994c37df9bea7b729119eeea70ab.jpg,ring-dataset,train
ring-dataset_23_X002_C195_1109_2_jpg.rf.bf7047ed670c9dcf7fcdc51ddad35f6f.jpg,ring-dataset,train
ring-dataset_23_X002_C195_1109_4_jpg.rf.5a46ad0f13e2ce97c7ca3e52e812f0d8.jpg,ring-dataset,train
ring-dataset_23_X002_C195_1109_4_jpg.rf.8d261a7778395987eb42260befb0ce67.jpg,ring-dataset,train
ring-dataset_23_X002_C196_1110_1_jpg.rf.bf498745611b4d18d05c733e47cca2be.jpg,ring-dataset,train
ring-dataset_23_X002_C196_1110_1_jpg.rf.e9ba2be4a23d81a89c39b069e3e337da.jpg,ring-dataset,train
ring-dataset_23_X002_C196_1110_1_jpg.rf.eedd837529ccbc5d443e18d04dc12faf.jpg,ring-dataset,train
ring-dataset_23_X002_C196_1110_2_jpg.rf.110efa909102531455d627f7e6696682.jpg,ring-dataset,train
ring-dataset_23_X002_C196_1110_2_jpg.rf.217c72d0af63d7c07e73b56d3a39cfc3.jpg,ring-dataset,train
ring-dataset_23_X002_C196_1110_2_jpg.rf.328d80eada38b000f2cae43b5543ddd4.jpg,ring-dataset,train
ring-dataset_23_X002_C196_1110_3_jpg.rf.86e65352153146c40261ed9cab2384f1.jpg,ring-dataset,train
ring-dataset_23_X002_C196_1110_3_jpg.rf.928afddbf0be4cbf927546380371dc8e.jpg,ring-dataset,train
ring-dataset_23_X002_C196_1110_3_jpg.rf.eb81ebb6c5376fb54c97aa9115555662.jpg,ring-dataset,train
ring-dataset_23_X002_C203_1005_0_jpg.rf.5a0c8729976321e66482a72752c59ce0.jpg,ring-dataset,train
ring-dataset_23_X002_C203_1005_0_jpg.rf.705ba58cbaa23b72d76233e2c708dcc0.jpg,ring-dataset,train
ring-dataset_23_X002_C203_1005_1_jpg.rf.2bf3d9a6537c27b41c829244d9387b6f.jpg,ring-dataset,train
ring-dataset_23_X002_C203_1005_1_jpg.rf.940533c77a549ddb3d4905adb5b3d214.jpg,ring-dataset,train
ring-dataset_23_X002_C205_1021_1_jpg.rf.19844fc5a6eebc0129e3ccbcd7bf220f.jpg,ring-dataset,train
ring-dataset_23_X002_C205_1021_1_jpg.rf.78813f315303a590ffa8517d07c8271c.jpg,ring-dataset,train
ring-dataset_23_X002_C205_1021_1_jpg.rf.bb436e4720dfc1f018a465dc69c7ae62.jpg,ring-dataset,train
ring-dataset_23_X002_C205_1104_0_jpg.rf.06c449283ee5811f00f481af21232d3b.jpg,ring-dataset,train
ring-dataset_23_X002_C205_1104_0_jpg.rf.5f6db68806c062895246313dc68100cb.jpg,ring-dataset,train
ring-dataset_23_X002_C205_1104_0_jpg.rf.843ab19b493cf084dad9a76b0bb4cba8.jpg,ring-dataset,train
ring-dataset_23_X002_C205_1104_1_jpg.rf.448c326af2490941c348c0aaffbc1cc0.jpg,ring-dataset,train
ring-dataset_23_X002_C205_1104_1_jpg.rf.73087764a1b6cf953e1ec724fdffd3a4.jpg,ring-dataset,train
ring-dataset_23_X002_C205_1104_1_jpg.rf.effcc5d0fdcc061030fe33971fa687a8.jpg,ring-dataset,train
ring-dataset_23_X002_C205_1104_3_jpg.rf.3cacb9b3a7dbf314567a91f9a840c083.jpg,ring-dataset,train
ring-dataset_23_X002_C205_1104_3_jpg.rf.5d591a1d7f5928033b957108a5fd535a.jpg,ring-dataset,train
ring-dataset_23_X002_C205_1104_3_jpg.rf.83b7c96c5ae1836ab82295cc849404a0.jpg,ring-dataset,train
ring-dataset_23_X002_C207_1020_1_jpg.rf.0c06d1615da6087f691d242464498b41.jpg,ring-dataset,train
ring-dataset_23_X002_C207_1020_1_jpg.rf.1e19edeea42b07f9d6241940aa056d71.jpg,ring-dataset,train
ring-dataset_23_X002_C207_1020_1_jpg.rf.7b8704a8966ecd6dc04b75cbd7115386.jpg,ring-dataset,train
ring-dataset_23_X002_C207_1020_2_jpg.rf.2dde232727314bfe3ae773b0f6ddaa2e.jpg,ring-dataset,train
ring-dataset_23_X002_C207_1020_2_jpg.rf.99602c647a5a965db92064ab1d9b8ff2.jpg,ring-dataset,train
ring-dataset_23_X002_C209_1110_3_jpg.rf.2d3463008089e1ca9541ff4fa0ae7ff5.jpg,ring-dataset,train
ring-dataset_23_X002_C209_1110_3_jpg.rf.68f53e20ec076e1cb3d9f5e363454390.jpg,ring-dataset,train
ring-dataset_23_X002_C209_1110_4_jpg.rf.3fb7d202681a7d4d94203c290cc5ecd8.jpg,ring-dataset,train
ring-dataset_23_X002_C209_1110_4_jpg.rf.79df3c03f352630f57cc4fa10da703ca.jpg,ring-dataset,train
ring-dataset_23_X002_C209_1110_4_jpg.rf.d4c3bd996dbaca3cf75417ca679d76d5.jpg,ring-dataset,train
ring-dataset_23_X002_C318_1110_2_jpg.rf.95bd056349df02574d1681764fe62711.jpg,ring-dataset,train
ring-dataset_23_X002_C318_1110_2_jpg.rf.c4772650f8757e212fcdaf1358ba2013.jpg,ring-dataset,train
ring-dataset_23_X002_C318_1110_2_jpg.rf.dc4896b58f427d59a50da52389888ee9.jpg,ring-dataset,train
ring-dataset_23_X002_C318_1110_4_jpg.rf.326625912d939133394878347f0a12f5.jpg,ring-dataset,train
ring-dataset_23_X002_C318_1110_4_jpg.rf.418ac852bd8e9be06e649022d9a68c63.jpg,ring-dataset,train
ring-dataset_23_X002_C318_1110_4_jpg.rf.57ea3ff80e6177e0490dfc3840489e24.jpg,ring-dataset,train
ring-dataset_23_X002_C320_1106_4_jpg.rf.6e47d3fc05a484cd2c6370c95645ada7.jpg,ring-dataset,train
ring-dataset_23_X002_C320_1106_4_jpg.rf.6ee508a9daea15303a3834d2906c5dfd.jpg,ring-dataset,train
ring-dataset_23_X002_C320_1106_4_jpg.rf.e3a59d060f7cfb1e4d9719677660005c.jpg,ring-dataset,train
ring-dataset_23_X002_C326_1029_0_jpg.rf.56c22ccee53dead204e82bc867bdb536.jpg,ring-dataset,train
ring-dataset_23_X002_C326_1029_0_jpg.rf.c9490bc57aa934add87f3bee2b5e2fdf.jpg,ring-dataset,train
ring-dataset_23_X002_C326_1029_0_jpg.rf.ea19953283ad304d29c31218fae30802.jpg,ring-dataset,train
ring-dataset_23_X002_C326_1029_2_jpg.rf.2baceaa6e98aaeb8c7632e49dd0f4ef2.jpg,ring-dataset,train
ring-dataset_23_X002_C326_1029_2_jpg.rf.597be242ffb0765fc16d360d79a0d1d0.jpg,ring-dataset,train
ring-dataset_23_X002_C326_1029_3_jpg.rf.2f120f8243fe8f2a4cae5d646a66e059.jpg,ring-dataset,train
ring-dataset_23_X002_C326_1029_3_jpg.rf.74ea0027aeab87aa19724247ccedf394.jpg,ring-dataset,train
ring-dataset_23_X002_C326_1029_4_jpg.rf.9139844f59f73b27b0d6a300cf301783.jpg,ring-dataset,train
ring-dataset_23_X002_C326_1029_4_jpg.rf.c09210fb78f83426a4b4e808c5aa70b2.jpg,ring-dataset,train
ring-dataset_23_X002_C326_1029_4_jpg.rf.d84b04d717105bd10e2a9a3ba7824033.jpg,ring-dataset,train
ring-dataset_23_X002_C330_1103_3_jpg.rf.6a248bcdf57d82735137876cb5b2e978.jpg,ring-dataset,train
ring-dataset_23_X002_C330_1103_3_jpg.rf.a258c15dbb6b48d81ce206424a361144.jpg,ring-dataset,train
ring-dataset_23_X002_C330_1103_4_jpg.rf.1cc8426836018baeacbfb2c03e66447d.jpg,ring-dataset,train
ring-dataset_23_X002_C330_1103_4_jpg.rf.8ed7476df4c7930738bce32a541ff86c.jpg,ring-dataset,train
ring-dataset_23_X002_C330_1103_4_jpg.rf.f3508d68d3086b9a0e070992948c446a.jpg,ring-dataset,train
ring-dataset_23_X002_C331_1105_3_jpg.rf.65ad5a85da3ed774d210a80a969bef08.jpg,ring-dataset,train
ring-dataset_23_X002_C331_1105_3_jpg.rf.7ca60b0fc7a95e42db33b5cef4cb1036.jpg,ring-dataset,train
ring-dataset_23_X002_C331_1105_3_jpg.rf.b686fcd466fce6f49596270dd355dd41.jpg,ring-dataset,train
ring-dataset_23_X002_C331_1105_4_jpg.rf.0bc07409925edeed003b2ef30e3292ac.jpg,ring-dataset,train
ring-dataset_23_X002_C331_1105_4_jpg.rf.5af15268c0d802a99a968700104fdb99.jpg,ring-dataset,train
ring-dataset_23_X002_C331_1105_4_jpg.rf.8785c0934f9c1d39ec90703b5e502545.jpg,ring-dataset,train
ring-dataset_23_X002_C332_1109_2_jpg.rf.66fc8e171ffe41d723caf9b4932f69c4.jpg,ring-dataset,train
ring-dataset_23_X002_C332_1109_3_jpg.rf.423bcc19c160c67cea8f278393113307.jpg,ring-dataset,train
ring-dataset_23_X002_C332_1109_3_jpg.rf.98b139e84ef6a2d25c6fd799290603ce.jpg,ring-dataset,train
ring-dataset_23_X002_C332_1109_4_jpg.rf.2055b6d9a783cef2aea7b6d25818c586.jpg,ring-dataset,train
ring-dataset_23_X002_C332_1109_4_jpg.rf.dbe683887ece9de8dce2755f80467684.jpg,ring-dataset,train
ring-dataset_23_X002_C703_1220_1_jpg.rf.748c8243a17875e81114a16a27cdb543.jpg,ring-dataset,train
ring-dataset_23_X002_C703_1220_1_jpg.rf.df9d36e394fc5324b464e3dbfddbb53d.jpg,ring-dataset,train
ring-dataset_23_X002_C703_1220_1_jpg.rf.e6e74f478e8703b93e64c52e643b6974.jpg,ring-dataset,train
ring-dataset_23_X002_C703_1220_2_jpg.rf.446fb2a5df918f3351ffa988ed0e6e7b.jpg,ring-dataset,train
ring-dataset_23_X002_C703_1220_2_jpg.rf.5753bf3a720ba8c8e070d4aff2c80df5.jpg,ring-dataset,train
ring-dataset_23_X002_C703_1220_2_jpg.rf.eb5a4e9876012d55faf8d8e36d8464ed.jpg,ring-dataset,train
ring-dataset_23_X002_C703_1220_3_jpg.rf.087d38f9b6b50a30e35603072d117c00.jpg,ring-dataset,train
ring-dataset_23_X002_C703_1220_3_jpg.rf.c770ef902bff772fa920cab1ca27f6f2.jpg,ring-dataset,train
ring-dataset_23_X002_C703_1220_3_jpg.rf.df192ada6c0647bcbcb5ba3d7d57ec42.jpg,ring-dataset,train
ring-dataset_23_X002_C703_1220_4_jpg.rf.4af8a5cc108084d0c15653b6480f0022.jpg,ring-dataset,train
ring-dataset_23_X002_C703_1220_4_jpg.rf.8f24d26e5b5ab1325010fcf49cbdedb0.jpg,ring-dataset,train
ring-dataset_23_X002_C703_1220_4_jpg.rf.dd087574a20cce142b76a69ee0ed4f18.jpg,ring-dataset,train
ring-dataset_23_X002_C705_1223_0_jpg.rf.1037d0d68a9822746f728ac93099817d.jpg,ring-dataset,train
ring-dataset_23_X002_C705_1223_0_jpg.rf.20fa604b8c94cc7568dd463f65546874.jpg,ring-dataset,train
ring-dataset_23_X002_C705_1223_0_jpg.rf.bfe2b59902d73eef7bb2f4f6359403b8.jpg,ring-dataset,train
ring-dataset_23_X002_C705_1223_1_jpg.rf.079172779a47bd3478424edceb554896.jpg,ring-dataset,train
ring-dataset_23_X002_C705_1223_1_jpg.rf.5ee3236666991787f2794ff3b0ccd222.jpg,ring-dataset,train
ring-dataset_23_X002_C705_1223_1_jpg.rf.d5b94e856e34e3d19b358333e1832cce.jpg,ring-dataset,train
ring-dataset_23_X002_C705_1223_2_jpg.rf.4770956aab4deaade02395b640298adc.jpg,ring-dataset,train
ring-dataset_23_X002_C705_1223_2_jpg.rf.91fb76557a08916331ed40a62d50ec03.jpg,ring-dataset,train
ring-dataset_23_X002_C705_1223_4_jpg.rf.04f862daf4522817f6729cf2550b821c.jpg,ring-dataset,train
ring-dataset_23_X002_C705_1223_4_jpg.rf.20208790a3fff6750c246e3d1f4bf185.jpg,ring-dataset,train
ring-dataset_23_X002_C705_1223_4_jpg.rf.b25bdf5b0fc42416730ca72c032537ab.jpg,ring-dataset,train
ring-dataset_23_X002_C900_1021_2_jpg.rf.9f6efad077f515cc61aa5da39f623be8.jpg,ring-dataset,train
ring-dataset_23_X002_C900_1021_2_jpg.rf.b9bae04b03f6b210955426a7564f28ee.jpg,ring-dataset,train
ring-dataset_23_X002_C900_1021_2_jpg.rf.e7ed0ea8b00a9744797c8c048325032f.jpg,ring-dataset,train
ring-dataset_23_X002_C900_1021_3_jpg.rf.7a1e3cd813eaa6235e37edbe0d6c9057.jpg,ring-dataset,train
ring-dataset_23_X003_C013_1028_1_jpg.rf.5fe124376f01abb7d6bdb878013b5a76.jpg,ring-dataset,train
ring-dataset_23_X003_C013_1028_1_jpg.rf.96bcfe42f59fcc8a0211c3fd4cbd211b.jpg,ring-dataset,train
ring-dataset_23_X003_C013_1028_1_jpg.rf.d85bb30a7acbf8e84758d0ded4f8fd0b.jpg,ring-dataset,train
ring-dataset_23_X003_C013_1028_2_jpg.rf.401aa3c00421353b8faec81da5ae82ea.jpg,ring-dataset,train
ring-dataset_23_X003_C013_1028_2_jpg.rf.8558b74718c987ff04eef14df49b4976.jpg,ring-dataset,train
ring-dataset_23_X003_C013_1028_3_jpg.rf.4c29b96ce04d7f09972a4c963d861e65.jpg,ring-dataset,train
ring-dataset_23_X003_C013_1028_3_jpg.rf.650bd3919baaad84d69d539adced9bc2.jpg,ring-dataset,train
ring-dataset_23_X003_C013_1028_3_jpg.rf.bba8eed8dc43a25aa6a3ef45592faaf3.jpg,ring-dataset,train
ring-dataset_23_X003_C013_1030_1_jpg.rf.8251e28c3e8eecf3eab165ac1f432e6a.jpg,ring-dataset,train
ring-dataset_23_X003_C013_1030_1_jpg.rf.dd3769f5a2b02a7c6b4ed4a08449a8b4.jpg,ring-dataset,train
ring-dataset_23_X003_C013_1030_2_jpg.rf.74c7ee9abdcdc2de5f3a790e1a76ebe7.jpg,ring-dataset,train
ring-dataset_23_X003_C013_1030_2_jpg.rf.95684a53b637f2aeb3ec368623af2e12.jpg,ring-dataset,train
ring-dataset_23_X003_C013_1030_2_jpg.rf.e5839ba9bdb4a127b81b0109ee6136cd.jpg,ring-dataset,train
ring-dataset_23_X003_C013_1030_4_jpg.rf.0b03688fe16a777386763871aa4f5a84.jpg,ring-dataset,train
ring-dataset_23_X003_C013_1030_4_jpg.rf.637b81df0a6a81a991bd750e6c0d625d.jpg,ring-dataset,train
ring-dataset_23_X003_C013_1030_4_jpg.rf.efb3af4eb02288f7c7ab9a2588ae8cbb.jpg,ring-dataset,train
ring-dataset_23_X003_C014_1003_2_jpg.rf.0bc55f64d19422bfc8f8d48637aa7a91.jpg,ring-dataset,train
ring-dataset_23_X003_C014_1003_2_jpg.rf.352d2327c3fc2c596943880e5decf574.jpg,ring-dataset,train
ring-dataset_23_X003_C014_1003_2_jpg.rf.dc8cc3ceb771e42eeea086be3bdc4a88.jpg,ring-dataset,train
ring-dataset_23_X003_C014_1003_3_jpg.rf.47112e32b0df11bd9c18a7abb6ee5aff.jpg,ring-dataset,train
ring-dataset_23_X003_C014_1003_3_jpg.rf.c9ab587fb6e08210553b5afadc94548f.jpg,ring-dataset,train
ring-dataset_23_X003_C014_1003_3_jpg.rf.f0fd42612b07efe3bfad73c44c70d6e2.jpg,ring-dataset,train
ring-dataset_23_X003_C023_1029_0_jpg.rf.02132c4363e93ca06921e3e9fca386bb.jpg,ring-dataset,train
ring-dataset_23_X003_C023_1029_0_jpg.rf.06caaa7d2e501a59ba9d468b3b9b9cbf.jpg,ring-dataset,train
ring-dataset_23_X003_C023_1029_0_jpg.rf.d8268e07e591873f00b34c4e0b8813bf.jpg,ring-dataset,train
ring-dataset_23_X003_C023_1029_1_jpg.rf.074f60da40bdf28a91af1d8ad95af793.jpg,ring-dataset,train
ring-dataset_23_X003_C023_1029_1_jpg.rf.13c18cb347ee9eba59c3cdacc11dacd6.jpg,ring-dataset,train
ring-dataset_23_X003_C023_1029_3_jpg.rf.01941f642e05f354b4c60716d09e4525.jpg,ring-dataset,train
ring-dataset_23_X003_C023_1029_3_jpg.rf.31113da845d35e7ce0c801bca43087ae.jpg,ring-dataset,train
ring-dataset_23_X003_C023_1029_3_jpg.rf.d56464e74983e9420579d1a54b2a8dab.jpg,ring-dataset,train
ring-dataset_23_X003_C023_1029_4_jpg.rf.4b5037dd428abb3ad614cedfcde7f292.jpg,ring-dataset,train
ring-dataset_23_X003_C023_1029_4_jpg.rf.d982895735a60eef13e7991cf01bffa2.jpg,ring-dataset,train
ring-dataset_23_X003_C024_1027_0_jpg.rf.6cb93b18fccc462f9ba2c88e8144bda5.jpg,ring-dataset,train
ring-dataset_23_X003_C024_1027_0_jpg.rf.92555e514778ba99ee6feb8d44f81224.jpg,ring-dataset,train
ring-dataset_23_X003_C024_1027_3_jpg.rf.1f536bfb33614208a4b58c3ecc0e7339.jpg,ring-dataset,train
ring-dataset_23_X003_C024_1027_3_jpg.rf.9ec2f307dbef5814b156c5cb65699d51.jpg,ring-dataset,train
ring-dataset_23_X003_C024_1027_4_jpg.rf.13b055244571de901f59d4d798da55ca.jpg,ring-dataset,train
ring-dataset_23_X003_C024_1027_4_jpg.rf.1f5ab881b8fb9195f677adabedea140a.jpg,ring-dataset,train
ring-dataset_23_X003_C024_1027_4_jpg.rf.e366facbedac8a36cb48ae1e84a6f435.jpg,ring-dataset,train
ring-dataset_23_X003_C025_1012_0_jpg.rf.34c2aa3d8284915adc151d9f96347c58.jpg,ring-dataset,train
ring-dataset_23_X003_C025_1012_0_jpg.rf.5b90f05a2d2c2ed333324292603dbf2c.jpg,ring-dataset,train
ring-dataset_23_X003_C025_1012_1_jpg.rf.b5103cbe1d2af1a2e2249c8342e68c30.jpg,ring-dataset,train
ring-dataset_23_X003_C025_1012_1_jpg.rf.ef5090fda61e9b58c33b52e99b108f19.jpg,ring-dataset,train
ring-dataset_23_X003_C025_1012_1_jpg.rf.f03364872528ab8b2a1a4440e09841fa.jpg,ring-dataset,train
ring-dataset_23_X003_C025_1012_4-jpg-790170-1773492040000-0_jpg.rf.1227bdeb4efd566b49451719273fc2a3.jpg,ring-dataset,train
ring-dataset_23_X003_C025_1012_4-jpg-790170-1773492040000-0_jpg.rf.b8ef31c73e122a8cedd130dcc049d6ae.jpg,ring-dataset,train
ring-dataset_23_X003_C025_1014_1-jpg-517572-1773492040000-0_jpg.rf.208e8bec312fa46c666e2110535789e4.jpg,ring-dataset,train
ring-dataset_23_X003_C025_1014_1-jpg-517572-1773492040000-0_jpg.rf.32a6d26883068b5636173b08db5e2221.jpg,ring-dataset,train
ring-dataset_23_X003_C025_1014_1-jpg-517572-1773492040000-0_jpg.rf.d171f42187522a85c6e00d02425bdc9c.jpg,ring-dataset,train
ring-dataset_23_X003_C025_1014_2-jpg-623404-1773492040000-0_jpg.rf.e392a556612b9bf74eab37461c52ed5c.jpg,ring-dataset,train
ring-dataset_23_X003_C025_1014_2-jpg-623404-1773492040000-0_jpg.rf.e48b4b29fc5c9e4d2b94de843e90d0f0.jpg,ring-dataset,train
ring-dataset_23_X003_C025_1028_1_jpg.rf.46d41910a9bf19587962dc9131d44594.jpg,ring-dataset,train
ring-dataset_23_X003_C025_1028_1_jpg.rf.6da43552adf80306be511925224c1a08.jpg,ring-dataset,train
ring-dataset_23_X003_C025_1028_1_jpg.rf.7ce8838891c32dda9eb9b8ae379933b9.jpg,ring-dataset,train
ring-dataset_23_X003_C028_1019_1_jpg.rf.68777f9ddc219e3f699186088663a1ca.jpg,ring-dataset,train
ring-dataset_23_X003_C028_1019_1_jpg.rf.9a093ae5339e2a5f086ada6c109e086e.jpg,ring-dataset,train
ring-dataset_23_X003_C028_1019_1_jpg.rf.d77533ef1fb363bb73af6376213325bf.jpg,ring-dataset,train
ring-dataset_23_X003_C033_1026_2_jpg.rf.7b60f00a154d6b56127621693ad4263c.jpg,ring-dataset,train
ring-dataset_23_X003_C033_1026_3_jpg.rf.3c65ebf0786965e87a11fa9064b632a6.jpg,ring-dataset,train
ring-dataset_23_X003_C033_1026_3_jpg.rf.4aedf9134a0938cd56e355997dab8522.jpg,ring-dataset,train
ring-dataset_23_X003_C035_1102_1_jpg.rf.04ec284ab779c626e633ad0390e4bf7d.jpg,ring-dataset,train
ring-dataset_23_X003_C035_1102_1_jpg.rf.de49ea6ee566f1bb4b5279e701fd724d.jpg,ring-dataset,train
ring-dataset_23_X003_C035_1102_1_jpg.rf.e81617dafc7cca05eee940de148f1790.jpg,ring-dataset,train
ring-dataset_23_X003_C035_1102_2_jpg.rf.13ee4dbac371b87e86e88efa5d07aa37.jpg,ring-dataset,train
ring-dataset_23_X003_C035_1102_2_jpg.rf.3e2c517fdfeb23d1c70b0da8d46f94d9.jpg,ring-dataset,train
ring-dataset_23_X003_C035_1102_2_jpg.rf.f9fe18c7d9b2f50731ba95d5ed1113fa.jpg,ring-dataset,train
ring-dataset_23_X003_C036_0923_4_jpg.rf.82adf8baa73144fbea8d7992b75db4a8.jpg,ring-dataset,train
ring-dataset_23_X003_C036_0923_4_jpg.rf.97c81283dff8556ee4d77e7080810b93.jpg,ring-dataset,train
ring-dataset_23_X003_C036_0923_4_jpg.rf.ac19c79a13b97b63cd9b9d4352c840ed.jpg,ring-dataset,train
ring-dataset_23_X003_C038_1030_0_jpg.rf.0a1ee7304817faa3200d844bb41b04ca.jpg,ring-dataset,train
ring-dataset_23_X003_C038_1030_0_jpg.rf.4183d2677fb8aa330fe3702fcd78a1c0.jpg,ring-dataset,train
ring-dataset_23_X003_C038_1030_0_jpg.rf.e50d95daa34c265c215d0f3c2a3ae29d.jpg,ring-dataset,train
ring-dataset_23_X003_C038_1030_2_jpg.rf.049d510273de5f0dfa5bae61872c0140.jpg,ring-dataset,train
ring-dataset_23_X003_C038_1030_2_jpg.rf.29636022ad53280cca9d10997540267a.jpg,ring-dataset,train
ring-dataset_23_X003_C038_1030_2_jpg.rf.338a8edfeee086e1dabe1cc01580d5b8.jpg,ring-dataset,train
ring-dataset_23_X003_C039_1029_0_jpg.rf.38eefd0b1eb4d9dd739e3f4311dbcbd3.jpg,ring-dataset,train
ring-dataset_23_X003_C039_1029_0_jpg.rf.6bdd71440642feac6ab61018a039415a.jpg,ring-dataset,train
ring-dataset_23_X003_C039_1029_1_jpg.rf.58c511457e81e82881a5153cd100ddd6.jpg,ring-dataset,train
ring-dataset_23_X003_C039_1029_1_jpg.rf.7e5d8027e31b6af9cb853bb453d4aa97.jpg,ring-dataset,train
ring-dataset_23_X003_C039_1029_1_jpg.rf.d6632a4d7cb6e9c8a2290b3a40543fc4.jpg,ring-dataset,train
ring-dataset_23_X003_C039_1029_2_jpg.rf.08ad7f268d63212cabe67341078f2e9e.jpg,ring-dataset,train
ring-dataset_23_X003_C039_1029_2_jpg.rf.d268da6c4064749b966023fe9d0dec20.jpg,ring-dataset,train
ring-dataset_23_X003_C039_1029_2_jpg.rf.d40149feeb40724e191aaa256be50275.jpg,ring-dataset,train
ring-dataset_23_X003_C045_1110_0_jpg.rf.73a19c76664ee248ce44defdb4a8bb67.jpg,ring-dataset,train
ring-dataset_23_X003_C045_1110_0_jpg.rf.a9ae08407b109a6b64a70f1c921d80e3.jpg,ring-dataset,train
ring-dataset_23_X003_C045_1110_0_jpg.rf.e8fb34f425833c542ef13a8100a36283.jpg,ring-dataset,train
ring-dataset_23_X003_C045_1110_4_jpg.rf.2da9ecc74bc43ee0efc9c87fb2116738.jpg,ring-dataset,train
ring-dataset_23_X003_C045_1110_4_jpg.rf.eed5fdf274b41a99f0a505b762983e0c.jpg,ring-dataset,train
ring-dataset_23_X003_C052_1104_0_jpg.rf.1eec7d8f1f070ea2a44d53e5d3332c93.jpg,ring-dataset,train
ring-dataset_23_X003_C052_1104_0_jpg.rf.f1f977bf32f54475dcbdbe05e00cea75.jpg,ring-dataset,train
ring-dataset_23_X003_C052_1105_1_jpg.rf.80e0cfc8c7c1c4a1511fa83ce50a9387.jpg,ring-dataset,train
ring-dataset_23_X003_C052_1105_1_jpg.rf.f2e846e345195fda0e6ffb9f29608a0b.jpg,ring-dataset,train
ring-dataset_23_X003_C052_1105_2_jpg.rf.110b89446ec89893e7bb9dfae164e7c4.jpg,ring-dataset,train
ring-dataset_23_X003_C052_1105_2_jpg.rf.25a3ca70f5d7394a2e456e71dd1c32a3.jpg,ring-dataset,train
ring-dataset_23_X003_C052_1105_2_jpg.rf.67a105d7f4f9dbf8aceb4cdf39973bd9.jpg,ring-dataset,train
ring-dataset_23_X003_C053_1027_0_jpg.rf.38c43badfb29ebb37f7ec78c2e507db8.jpg,ring-dataset,train
ring-dataset_23_X003_C053_1027_0_jpg.rf.87fcf366f64cb22c361e6b44dbbb85dc.jpg,ring-dataset,train
ring-dataset_23_X003_C053_1027_2_jpg.rf.1c57e96eda0477622e74ee2f6d6b8fa0.jpg,ring-dataset,train
ring-dataset_23_X003_C053_1027_2_jpg.rf.3b142f61a9996507de47370a35e5ff38.jpg,ring-dataset,train
ring-dataset_23_X003_C053_1027_2_jpg.rf.f61e4b72638aeffe126dba6546ff93f8.jpg,ring-dataset,train
ring-dataset_23_X003_C053_1027_3_jpg.rf.48c214e2fc62ad094967e6576119b874.jpg,ring-dataset,train
ring-dataset_23_X003_C053_1027_3_jpg.rf.56548dff3a4904d4c86bbcd8e8d8903f.jpg,ring-dataset,train
ring-dataset_23_X003_C054_0929_0_jpg.rf.7dd410663c5e6977945c4c2122b1b437.jpg,ring-dataset,train
ring-dataset_23_X003_C054_0929_0_jpg.rf.fdc1c0bf1e4006a6dc2db10f089202f4.jpg,ring-dataset,train
ring-dataset_23_X003_C054_0929_1_jpg.rf.f0c36ad083715807bc0eeabcceeb9bec.jpg,ring-dataset,train
ring-dataset_23_X003_C054_0929_1_jpg.rf.f2dfde9e3716146745bfdba0c7f1a087.jpg,ring-dataset,train
ring-dataset_23_X003_C054_0929_1_jpg.rf.f98590d5097d0aa34a2ba4db8c2c3559.jpg,ring-dataset,train
ring-dataset_23_X003_C054_0929_2_jpg.rf.7859424d9ea0af5053b5a512602251e0.jpg,ring-dataset,train
ring-dataset_23_X003_C054_0929_2_jpg.rf.b5af80fdd0e2624a31d8df96d22c0380.jpg,ring-dataset,train
ring-dataset_23_X003_C054_1005_0_jpg.rf.57820482e3ad5cb4d7874b135507ac64.jpg,ring-dataset,train
ring-dataset_23_X003_C054_1005_0_jpg.rf.7d5a110b897a0af94b7c6cb46ff90a13.jpg,ring-dataset,train
ring-dataset_23_X003_C054_1005_2_jpg.rf.57314d82c35ec8fa4d7d46913cef2975.jpg,ring-dataset,train
ring-dataset_23_X003_C054_1005_2_jpg.rf.7836c2ca0a637449cd746722c81a4f37.jpg,ring-dataset,train
ring-dataset_23_X003_C057_1023_3_jpg.rf.3c7788d26378075cf4a7bee421eb9bdc.jpg,ring-dataset,train
ring-dataset_23_X003_C057_1023_3_jpg.rf.4126a58114f3a5b65f441f86d7719ef4.jpg,ring-dataset,train
ring-dataset_23_X003_C057_1023_3_jpg.rf.4bc18e1eac08fe14c0c681cc813921a2.jpg,ring-dataset,train
ring-dataset_23_X003_C057_1023_4_jpg.rf.0b0e0281eaa12877f086fdcb79c5ac20.jpg,ring-dataset,train
ring-dataset_23_X003_C057_1023_4_jpg.rf.1c18f644788938284fbd661ad7514693.jpg,ring-dataset,train
ring-dataset_23_X003_C057_1023_4_jpg.rf.59926589aca6d6acb552d3df0556f523.jpg,ring-dataset,train
ring-dataset_23_X003_C094_0321_1_jpg.rf.2fd5dcd5bcac19c06f1a92604e22f222.jpg,ring-dataset,train
ring-dataset_23_X003_C094_0321_1_jpg.rf.c7cbb2ada55f85e7e75ac7d3b3731b38.jpg,ring-dataset,train
ring-dataset_23_X003_C094_0321_2_jpg.rf.2cf1ab26ba446c87b5640cb08d2f34a0.jpg,ring-dataset,train
ring-dataset_23_X003_C094_0321_2_jpg.rf.3ff8bbf846369a260dbe0e5f20358fb2.jpg,ring-dataset,train
ring-dataset_23_X003_C094_0321_2_jpg.rf.b769949217ee5429b746f72e0d77e460.jpg,ring-dataset,train
ring-dataset_23_X003_C094_0321_3_jpg.rf.2cd153855a43eaf0ddaf9df1c6cf2b9b.jpg,ring-dataset,train
ring-dataset_23_X003_C094_0321_3_jpg.rf.aab15a42d671a6a1284fed9fb26bbd45.jpg,ring-dataset,train
ring-dataset_23_X003_C094_0321_3_jpg.rf.b6f98aa13f54b6871679634ad345ad8d.jpg,ring-dataset,train
ring-dataset_23_X003_C094_0321_4_jpg.rf.f2fc41f188f976d0a7661a8aa27569cc.jpg,ring-dataset,train
ring-dataset_23_X003_C094_0321_4_jpg.rf.f608bf755a09a211bd5a2172cafd18f1.jpg,ring-dataset,train
ring-dataset_23_X003_C094_0321_4_jpg.rf.f71966315a953053a611fb7c2182c3e6.jpg,ring-dataset,train
ring-dataset_23_X003_C161_0929_1_jpg.rf.52764190a298e61a003c24c01291869b.jpg,ring-dataset,train
ring-dataset_23_X003_C161_0929_1_jpg.rf.8d10322ea4a50864dc7916b5a1f16845.jpg,ring-dataset,train
ring-dataset_23_X003_C161_0929_1_jpg.rf.95009a2d2e49ffcd71482e9bffcf0cdd.jpg,ring-dataset,train
ring-dataset_23_X003_C161_0929_3_jpg.rf.5b93c38d7e4bc69daeb185947250d51d.jpg,ring-dataset,train
ring-dataset_23_X003_C161_0929_3_jpg.rf.dbc6731e547378d22b7765fc3e994012.jpg,ring-dataset,train
ring-dataset_23_X003_C161_0929_4_jpg.rf.442703f4c1e842dd54bf6c2f8a590426.jpg,ring-dataset,train
ring-dataset_23_X003_C161_0929_4_jpg.rf.49b62192a294cbedffa330f68344c333.jpg,ring-dataset,train
ring-dataset_23_X003_C161_0929_4_jpg.rf.8a1f3909b7c8b4182f8dbcd05c9375ce.jpg,ring-dataset,train
ring-dataset_23_X003_C162_1015_0_jpg.rf.b64643ee5147021493b3de9582f5ecb9.jpg,ring-dataset,train
ring-dataset_23_X003_C162_1015_0_jpg.rf.e119b8c503e38cc1900d8091e1c49a59.jpg,ring-dataset,train
ring-dataset_23_X003_C162_1015_1_jpg.rf.0888b114de9aa72b4ba5b68804b41857.jpg,ring-dataset,train
ring-dataset_23_X003_C162_1015_1_jpg.rf.8a9c6cabc2244fe832ef154127304c26.jpg,ring-dataset,train
ring-dataset_23_X003_C162_1015_3_jpg.rf.30ce9d3b8454bab88b778bc377091fa4.jpg,ring-dataset,train
ring-dataset_23_X003_C162_1015_4_jpg.rf.11655e8186ceda9cf36fc91129a95994.jpg,ring-dataset,train
ring-dataset_23_X003_C162_1015_4_jpg.rf.3c0e5f8e4994018503f2b90cd4efed9b.jpg,ring-dataset,train
ring-dataset_23_X003_C162_1015_4_jpg.rf.79d20fcd5ff39dcdbec56124500492fc.jpg,ring-dataset,train
ring-dataset_23_X003_C163_0923_0_jpg.rf.1ec831927367e0c492148de56d9b9489.jpg,ring-dataset,train
ring-dataset_23_X003_C163_0923_2_jpg.rf.2b0fba2dcc3b64dbb2df0ad664fc7039.jpg,ring-dataset,train
ring-dataset_23_X003_C163_0923_2_jpg.rf.78d4beb99a195720e3c631177cfa8618.jpg,ring-dataset,train
ring-dataset_23_X003_C163_0923_2_jpg.rf.bf9d814f48e943d460b5488db03fe07b.jpg,ring-dataset,train
ring-dataset_23_X003_C163_0923_3_jpg.rf.8635a1857109e095e5220d6074675465.jpg,ring-dataset,train
ring-dataset_23_X003_C163_0923_3_jpg.rf.af120910b50b3d50ac794214fac96bd5.jpg,ring-dataset,train
ring-dataset_23_X003_C163_0923_3_jpg.rf.e86be3be5b0e2a25538b7be07494528b.jpg,ring-dataset,train
ring-dataset_23_X003_C163_0923_4_jpg.rf.1b2eef44e66337218b2d864aa2c0abff.jpg,ring-dataset,train
ring-dataset_23_X003_C163_0923_4_jpg.rf.bee1976aa479020e92763d7637d1cbe3.jpg,ring-dataset,train
ring-dataset_23_X003_C164_1012_1_jpg.rf.08050dd18f8c6cf32db7fa9f3e9f75c4.jpg,ring-dataset,train
ring-dataset_23_X003_C164_1012_1_jpg.rf.19ccaceda706cc891d48686fb7f170b8.jpg,ring-dataset,train
ring-dataset_23_X003_C164_1012_1_jpg.rf.aa341b4edd32cf689218c4872ac83449.jpg,ring-dataset,train
ring-dataset_23_X003_C164_1012_3_jpg.rf.282f81d10ed8b582d1460578f4aa33f8.jpg,ring-dataset,train
ring-dataset_23_X003_C164_1012_3_jpg.rf.49eaf9a7ecea59f161bb5f6844e2dc54.jpg,ring-dataset,train
ring-dataset_23_X003_C164_1012_3_jpg.rf.ba1e5332f182b39614f167ae07a16c6f.jpg,ring-dataset,train
ring-dataset_23_X003_C169_1102_1_jpg.rf.2ab06ba3fa6eb49e3424f1d2161f9c09.jpg,ring-dataset,train
ring-dataset_23_X003_C169_1102_1_jpg.rf.ded0978a47179fda55603a9f1ea18866.jpg,ring-dataset,train
ring-dataset_23_X003_C169_1103_1_jpg.rf.061a73526de7ac015e41bf98d5b84553.jpg,ring-dataset,train
ring-dataset_23_X003_C169_1103_1_jpg.rf.534cd38dee24b1bd2f10b9ed7499ca0b.jpg,ring-dataset,train
ring-dataset_23_X003_C169_1103_1_jpg.rf.eec9ac8cf455a0135f38f45b969f6079.jpg,ring-dataset,train
ring-dataset_23_X003_C169_1103_2_jpg.rf.801940d1976bed4e4703f40c3f7438e9.jpg,ring-dataset,train
ring-dataset_23_X003_C169_1103_2_jpg.rf.80e01712d3301018882de51f28155b2d.jpg,ring-dataset,train
ring-dataset_23_X003_C171_1006_0_jpg.rf.17544a330ae91dfe3708ef6d1604de1f.jpg,ring-dataset,train
ring-dataset_23_X003_C171_1006_0_jpg.rf.283558c21f920bd68e4435fa0fe6d42e.jpg,ring-dataset,train
ring-dataset_23_X003_C171_1006_0_jpg.rf.d278148013fd848f53af99478c2b6306.jpg,ring-dataset,train
ring-dataset_23_X003_C171_1006_4_jpg.rf.28be80e0a7997a2a0322dec82828d5cd.jpg,ring-dataset,train
ring-dataset_23_X003_C171_1006_4_jpg.rf.2fb36736f31ef44d45eb7869f8a0db8f.jpg,ring-dataset,train
ring-dataset_23_X003_C171_1006_4_jpg.rf.ea3a29af8ac34f2529e4c251d37b8bd1.jpg,ring-dataset,train
ring-dataset_23_X003_C173_1021_3_jpg.rf.484210bf85c04dd8700d85f55eeec84d.jpg,ring-dataset,train
ring-dataset_23_X003_C173_1021_3_jpg.rf.5aef54de3556df563c1e62888035387e.jpg,ring-dataset,train
ring-dataset_23_X003_C173_1021_3_jpg.rf.d8409c172d6ed647d6368dfaabbf161f.jpg,ring-dataset,train
ring-dataset_23_X003_C178_1027_0_jpg.rf.77922abcc969f38d507029e169413743.jpg,ring-dataset,train
ring-dataset_23_X003_C178_1027_3_jpg.rf.a28b5b55b77c28335946850a139955f5.jpg,ring-dataset,train
ring-dataset_23_X003_C178_1027_3_jpg.rf.b1da48222faa70e204ed576c89f4dbcc.jpg,ring-dataset,train
ring-dataset_23_X003_C178_1027_3_jpg.rf.fee0d08be70b8e69ddb9643d1130a120.jpg,ring-dataset,train
ring-dataset_23_X003_C184_1013_4_jpg.rf.350880b878d5791a946cf27caf2f84a2.jpg,ring-dataset,train
ring-dataset_23_X003_C184_1013_4_jpg.rf.432b836b82ef17b519f2dcecc0a8a064.jpg,ring-dataset,train
ring-dataset_23_X003_C184_1013_4_jpg.rf.e8769f37f6b005e67e47f24e4fb03d72.jpg,ring-dataset,train
ring-dataset_23_X003_C190_1112_3_jpg.rf.05c3365940a8e63f58ab586686f13511.jpg,ring-dataset,train
ring-dataset_23_X003_C190_1112_3_jpg.rf.24d60842ba163a0de289a5ca86100ddf.jpg,ring-dataset,train
ring-dataset_23_X003_C190_1112_3_jpg.rf.9576697093902f5b71d01ae180734ec9.jpg,ring-dataset,train
ring-dataset_23_X003_C194_1014_2_jpg.rf.2ec2ef2a978d44c5d1d9172ff5f63d2f.jpg,ring-dataset,train
ring-dataset_23_X003_C194_1014_2_jpg.rf.cd0d4743afd558c5eed7a23e1cce10ab.jpg,ring-dataset,train
ring-dataset_23_X003_C194_1014_2_jpg.rf.ec9efeec8294a4e174dc909f4afb04b0.jpg,ring-dataset,train
ring-dataset_23_X003_C194_1014_3_jpg.rf.1f13aa593a3e07827acfa4f4cc62f717.jpg,ring-dataset,train
ring-dataset_23_X003_C194_1014_3_jpg.rf.df69a3bd485ce52cc2af25c1d64393dc.jpg,ring-dataset,train
ring-dataset_23_X003_C194_1014_4_jpg.rf.8f4f261e7a6e5429656c7ac4bb71db17.jpg,ring-dataset,train
ring-dataset_23_X003_C194_1014_4_jpg.rf.9ed32e566bb691376dd932d719fee1e1.jpg,ring-dataset,train
ring-dataset_23_X003_C194_1014_4_jpg.rf.f400caa496365cbca7883c63b5e594bb.jpg,ring-dataset,train
ring-dataset_23_X003_C194_1109_1_jpg.rf.7c02124facb133e3b4337c167ca92a06.jpg,ring-dataset,train
ring-dataset_23_X003_C194_1109_3_jpg.rf.97a67843118c473578072dadcbebaac3.jpg,ring-dataset,train
ring-dataset_23_X003_C194_1109_3_jpg.rf.9b1f48e3bf7808f17339e3aaf39a5124.jpg,ring-dataset,train
ring-dataset_23_X003_C194_1109_3_jpg.rf.a2722cbff98e73312bbf805098292a13.jpg,ring-dataset,train
ring-dataset_23_X003_C195_1205_0_jpg.rf.60bdefaa3bd6dbdb083c4ec31d383813.jpg,ring-dataset,train
ring-dataset_23_X003_C195_1205_0_jpg.rf.6cd3602547a748c33b31c1c923ab2070.jpg,ring-dataset,train
ring-dataset_23_X003_C195_1205_0_jpg.rf.cb9ee24b884b5d2c2b4bb5529321c260.jpg,ring-dataset,train
ring-dataset_23_X003_C205_1105_0_jpg.rf.2588b6e0ab0fdcdc30723ee5f578951d.jpg,ring-dataset,train
ring-dataset_23_X003_C205_1105_0_jpg.rf.6c94d0527c65b229daeecc639da2f735.jpg,ring-dataset,train
ring-dataset_23_X003_C205_1105_3_jpg.rf.3f042b2bbfcdefe02724606b39b74b64.jpg,ring-dataset,train
ring-dataset_23_X003_C205_1105_3_jpg.rf.b320a3253a18759e45b5c1a1a5cd668d.jpg,ring-dataset,train
ring-dataset_23_X003_C207_1016_0_jpg.rf.767ae9192952c720b43d60423983ce5e.jpg,ring-dataset,train
ring-dataset_23_X003_C207_1016_0_jpg.rf.9672d626b0c0c841b8589a5519129fd5.jpg,ring-dataset,train
ring-dataset_23_X003_C207_1016_0_jpg.rf.c8ab3d6b5084d6dc03437d21aafa6257.jpg,ring-dataset,train
ring-dataset_23_X003_C207_1016_1_jpg.rf.27d0f2b575a5b5b79148626df4090368.jpg,ring-dataset,train
ring-dataset_23_X003_C207_1016_1_jpg.rf.8088802385d14a34a633be13207293eb.jpg,ring-dataset,train
ring-dataset_23_X003_C207_1016_1_jpg.rf.a8abb2d9ee735deb2837dc427b5fb651.jpg,ring-dataset,train
ring-dataset_23_X003_C207_1209_1_jpg.rf.5e04be810c0ca5c06ccf96013b678c78.jpg,ring-dataset,train
ring-dataset_23_X003_C207_1209_1_jpg.rf.7a0accf647ce238103aadf87190d6c4a.jpg,ring-dataset,train
ring-dataset_23_X003_C207_1209_1_jpg.rf.7cf283daf74ad1352465adf558abcba2.jpg,ring-dataset,train
ring-dataset_23_X003_C314_1103_6_1_jpg.rf.514fe661751c879752fcaebba8e66c3c.jpg,ring-dataset,train
ring-dataset_23_X003_C314_1103_6_1_jpg.rf.5440e19c9fa433c8c08c0e0b40e05886.jpg,ring-dataset,train
ring-dataset_23_X003_C314_1103_6_1_jpg.rf.bfbb384d578562700d1c15e436382395.jpg,ring-dataset,train
ring-dataset_23_X003_C314_1103_6_3_jpg.rf.046022270398cedf943bdeade12d4447.jpg,ring-dataset,train
ring-dataset_23_X003_C314_1103_6_3_jpg.rf.60608f9db0ad873e223060ef2453425c.jpg,ring-dataset,train
ring-dataset_23_X003_C314_1103_6_3_jpg.rf.b48594e5ed4d4f1426352150d2d1a671.jpg,ring-dataset,train
ring-dataset_23_X003_C319_1102_1_jpg.rf.2f775f1fa4d41c12cca0129a59141d44.jpg,ring-dataset,train
ring-dataset_23_X003_C319_1102_1_jpg.rf.4f43717f013215618a0c6c437e29ca66.jpg,ring-dataset,train
ring-dataset_23_X003_C328_1104_1_jpg.rf.4c3f3d1f65324ef32a1a3d0b55fc65e9.jpg,ring-dataset,train
ring-dataset_23_X003_C328_1104_1_jpg.rf.c4662d2f66a29677689295e4314ce44b.jpg,ring-dataset,train
ring-dataset_23_X003_C328_1104_1_jpg.rf.faf644a721cad706fdb376418c38c802.jpg,ring-dataset,train
ring-dataset_23_X003_C328_1104_3_jpg.rf.3ac014cf114e5ba8bf6f7b996315b98f.jpg,ring-dataset,train
ring-dataset_23_X003_C328_1104_3_jpg.rf.50353aa7147f2378735dd588ae862866.jpg,ring-dataset,train
ring-dataset_23_X003_C328_1104_3_jpg.rf.d17bc49f5b8f1504515b5aca840fb784.jpg,ring-dataset,train
ring-dataset_23_X003_C331_1103_0_jpg.rf.075212eabf826195806d8150e1173f0c.jpg,ring-dataset,train
ring-dataset_23_X003_C331_1103_0_jpg.rf.959216ae2024b495d58136ed2d792579.jpg,ring-dataset,train
ring-dataset_23_X003_C331_1103_3_jpg.rf.c39c1b8bbe74ecdaadfd3030bffa9351.jpg,ring-dataset,train
ring-dataset_23_X003_C331_1103_3_jpg.rf.c75bd4227adbb76d97dbdb6c1d3a1e8c.jpg,ring-dataset,train
ring-dataset_23_X003_C331_1103_3_jpg.rf.cdddec71596c1259d04912d669565d25.jpg,ring-dataset,train
ring-dataset_23_X003_C331_1103_4_jpg.rf.6ea65679e661f6c65f23c9af394c1784.jpg,ring-dataset,train
ring-dataset_23_X003_C331_1103_4_jpg.rf.eca04215c8ede9dc0f484b20d133f7a3.jpg,ring-dataset,train
ring-dataset_23_X003_C333_1109_1_jpg.rf.110385c4588f2cc09a98e27ceec91ef9.jpg,ring-dataset,train
ring-dataset_23_X003_C333_1109_1_jpg.rf.448f1c8f9e1393bfe099bb94454728be.jpg,ring-dataset,train
ring-dataset_23_X003_C509_0114_1_jpg.rf.252f53aa65fd3c1edce30235c409b78d.jpg,ring-dataset,train
ring-dataset_23_X003_C509_0114_1_jpg.rf.3ae5d1583149cbaade5cc40d9746ed6a.jpg,ring-dataset,train
ring-dataset_23_X003_C509_0114_1_jpg.rf.cf34c4ad6f07a55196be8ac9543dea07.jpg,ring-dataset,train
ring-dataset_23_X004_C011_1006_2_jpg.rf.2db09a9fb45a7b6a2c2c51f6d18069b3.jpg,ring-dataset,train
ring-dataset_23_X004_C011_1006_2_jpg.rf.943da82f37f8d1987960f92e90068332.jpg,ring-dataset,train
ring-dataset_23_X004_C011_1006_2_jpg.rf.9a1f5768825d6a3142a38f98c021ea2e.jpg,ring-dataset,train
ring-dataset_23_X004_C011_1006_5_jpg.rf.0ab6729a87a48191535a4e80007ad542.jpg,ring-dataset,train
ring-dataset_23_X004_C011_1006_5_jpg.rf.8bd9d388c2adaafbbadd3333357b6f24.jpg,ring-dataset,train
ring-dataset_23_X004_C011_1006_5_jpg.rf.d238401188037e99838bbb0e0c132982.jpg,ring-dataset,train
ring-dataset_23_X004_C013_1020_3_jpg.rf.338bd550498bb05bffbb39c6dbaaae4d.jpg,ring-dataset,train
ring-dataset_23_X004_C013_1020_3_jpg.rf.37f84e2d31f3554c222781573bf99223.jpg,ring-dataset,train
ring-dataset_23_X004_C013_1020_3_jpg.rf.63ba9b00808ed69501e065b122bee017.jpg,ring-dataset,train
ring-dataset_23_X004_C013_1102_0_jpg.rf.5fe5a8358ab30ef223a2f7dda4382fb7.jpg,ring-dataset,train
ring-dataset_23_X004_C013_1102_0_jpg.rf.6c13a42b30e9a79fcb52c10bb75d72a7.jpg,ring-dataset,train
ring-dataset_23_X004_C013_1102_0_jpg.rf.ea17f53cd7618e77702d06d0689f2fb8.jpg,ring-dataset,train
ring-dataset_23_X004_C013_1102_2_jpg.rf.20c441fe9c2ecb2a3a0fdf2465df2f59.jpg,ring-dataset,train
ring-dataset_23_X004_C013_1102_2_jpg.rf.beac89e2b47e0b84a9be773c291acc29.jpg,ring-dataset,train
ring-dataset_23_X004_C013_1102_3_jpg.rf.65f81d1313f7ccb711209b5077422e37.jpg,ring-dataset,train
ring-dataset_23_X004_C013_1102_3_jpg.rf.cc746fe619c16ba72fba43e09d22c3cf.jpg,ring-dataset,train
ring-dataset_23_X004_C013_1102_4_jpg.rf.4483780aa04485daf7b4aa0b8acbb091.jpg,ring-dataset,train
ring-dataset_23_X004_C013_1110_0_jpg.rf.0ecf9d9ced68e28b8eb9752dbe38e2c3.jpg,ring-dataset,train
ring-dataset_23_X004_C013_1110_0_jpg.rf.75fc0c12f3edca20833c4b31d8b46a10.jpg,ring-dataset,train
ring-dataset_23_X004_C013_1110_0_jpg.rf.a39d5fa41b55e242a71af80e51b685c0.jpg,ring-dataset,train
ring-dataset_23_X004_C013_1110_2_jpg.rf.1ea7f96a892741995c6a930ca15947ef.jpg,ring-dataset,train
ring-dataset_23_X004_C013_1110_2_jpg.rf.a03475ec42455508c319edd3b42f26b9.jpg,ring-dataset,train
ring-dataset_23_X004_C013_1110_2_jpg.rf.fbd51f226113f256151022b3f70b671d.jpg,ring-dataset,train
ring-dataset_23_X004_C013_1110_3_jpg.rf.25c1bda51e81e1c1497dd21d3571d7e9.jpg,ring-dataset,train
ring-dataset_23_X004_C013_1110_3_jpg.rf.4d0026af37cd84101b761f073ee9d1d8.jpg,ring-dataset,train
ring-dataset_23_X004_C013_1110_4_jpg.rf.15b82c5c3c6f36452dc0f7abf813b840.jpg,ring-dataset,train
ring-dataset_23_X004_C013_1110_4_jpg.rf.4c2a14adbd9565ee648fad436468e2a0.jpg,ring-dataset,train
ring-dataset_23_X004_C016_1023_0_jpg.rf.2ffe7cced2414aba32eb60f7d34ad3e1.jpg,ring-dataset,train
ring-dataset_23_X004_C016_1023_0_jpg.rf.6b35741c84a75b111b9c69dcfea2827e.jpg,ring-dataset,train
ring-dataset_23_X004_C016_1023_0_jpg.rf.bb0429b762b5823940bfaf87318d1d09.jpg,ring-dataset,train
ring-dataset_23_X004_C016_1023_1_jpg.rf.0f8a66e23dd0be6c6dedb67fe8ff413f.jpg,ring-dataset,train
ring-dataset_23_X004_C016_1023_1_jpg.rf.614f3a75c7e1bd8150b8a0790eb2f453.jpg,ring-dataset,train
ring-dataset_23_X004_C016_1023_1_jpg.rf.7ba4a67b352a865c727129347f66218a.jpg,ring-dataset,train
ring-dataset_23_X004_C016_1023_2_jpg.rf.1b0c7d19f1a9b4607875934601561f7b.jpg,ring-dataset,train
ring-dataset_23_X004_C016_1023_2_jpg.rf.57b87847bf69dd13640f1448ba3caeb4.jpg,ring-dataset,train
ring-dataset_23_X004_C023_1021_0_jpg.rf.326c734b3a0cc120860ee4df0f4d9a86.jpg,ring-dataset,train
ring-dataset_23_X004_C023_1021_0_jpg.rf.8d3d0c5c6431f2f0d83e8a6d64cf70c6.jpg,ring-dataset,train
ring-dataset_23_X004_C023_1021_0_jpg.rf.fbddd059f466d161212f07810edc07ff.jpg,ring-dataset,train
ring-dataset_23_X004_C023_1021_3_jpg.rf.0406bde6f5f70267ac83abca30eab347.jpg,ring-dataset,train
ring-dataset_23_X004_C023_1021_3_jpg.rf.976eea8f335b53d373f3506e6e00ca4f.jpg,ring-dataset,train
ring-dataset_23_X004_C023_1021_4_jpg.rf.02a16ad45f6a2c0283d0213479b59792.jpg,ring-dataset,train
ring-dataset_23_X004_C023_1021_4_jpg.rf.8575a2086056afe0a4f4a0ae30723154.jpg,ring-dataset,train
ring-dataset_23_X004_C023_1021_4_jpg.rf.ac923819f4d725001e0b9133bcdda82b.jpg,ring-dataset,train
ring-dataset_23_X004_C023_1029_0_jpg.rf.02a47022c4e519581cd87762c77f64de.jpg,ring-dataset,train
ring-dataset_23_X004_C023_1029_0_jpg.rf.3f751a0c85641fcd96a50f3edcf2e53a.jpg,ring-dataset,train
ring-dataset_23_X004_C023_1029_0_jpg.rf.576b8af2261a9bdc564c7b8a3e9b89c0.jpg,ring-dataset,train
ring-dataset_23_X004_C023_1029_1_jpg.rf.408ba6810f87aa605d8e27486ad55ede.jpg,ring-dataset,train
ring-dataset_23_X004_C023_1029_1_jpg.rf.ba3f34a1e9f9c097c9802906683cc1bd.jpg,ring-dataset,train
ring-dataset_23_X004_C023_1029_1_jpg.rf.cfc6d03444406fc890a7c81027fcdb50.jpg,ring-dataset,train
ring-dataset_23_X004_C023_1029_4_jpg.rf.04e82b5a9aaf0e846a1656f384e6fa70.jpg,ring-dataset,train
ring-dataset_23_X004_C023_1029_4_jpg.rf.2d88162f91e5476b832e51a42df3d60f.jpg,ring-dataset,train
ring-dataset_23_X004_C023_1029_4_jpg.rf.dfdf57d978553098198b8c1a9e1eb701.jpg,ring-dataset,train
ring-dataset_23_X004_C023_1030_0_jpg.rf.4053fec2b63a045ee6369052cfe2845b.jpg,ring-dataset,train
ring-dataset_23_X004_C023_1030_0_jpg.rf.6d5180da2851e35c0af909839964c03a.jpg,ring-dataset,train
ring-dataset_23_X004_C023_1030_1_jpg.rf.830a370e78d0298eeabe8417d67adbcf.jpg,ring-dataset,train
ring-dataset_23_X004_C023_1030_1_jpg.rf.9564472af491bcd27b7b6aa6187bc642.jpg,ring-dataset,train
ring-dataset_23_X004_C023_1030_1_jpg.rf.d2c97374f44d4ceccf57c903523d46e0.jpg,ring-dataset,train
ring-dataset_23_X004_C023_1030_2_jpg.rf.7c99348cd0397e97427679361af02a00.jpg,ring-dataset,train
ring-dataset_23_X004_C023_1030_2_jpg.rf.baacda1413357bdda9dea077b8ce2851.jpg,ring-dataset,train
ring-dataset_23_X004_C023_1030_2_jpg.rf.ce986e54e12a529136c7792f2d5b1d66.jpg,ring-dataset,train
ring-dataset_23_X004_C024_1029_0_jpg.rf.35ffe9d60ed725bdce2c042eabc3977f.jpg,ring-dataset,train
ring-dataset_23_X004_C024_1029_0_jpg.rf.44a981cd491870d1e6555a739ccb9e89.jpg,ring-dataset,train
ring-dataset_23_X004_C024_1029_0_jpg.rf.b0c93d5c55c93b1d847c112d4b3953b2.jpg,ring-dataset,train
ring-dataset_23_X004_C024_1029_1_jpg.rf.3afc8d0ceab107cecc1bc8b174eff6a9.jpg,ring-dataset,train
ring-dataset_23_X004_C024_1029_1_jpg.rf.70b001987c2445997464a279dbda8b68.jpg,ring-dataset,train
ring-dataset_23_X004_C024_1029_2_jpg.rf.c38c8cb87edf5a2e1da585092b73f220.jpg,ring-dataset,train
ring-dataset_23_X004_C024_1029_2_jpg.rf.dc17f35170d5ce74888ebe3122d27385.jpg,ring-dataset,train
ring-dataset_23_X004_C024_1029_2_jpg.rf.f02d6ac6e946aca55ca5c21aac8cbbe3.jpg,ring-dataset,train
ring-dataset_23_X004_C025_1008_3_jpg.rf.94f821baa11342777b24fef36a7aa6ad.jpg,ring-dataset,train
ring-dataset_23_X004_C025_1008_3_jpg.rf.a299cc191ddffdf9b86f36948698f303.jpg,ring-dataset,train
ring-dataset_23_X004_C026_0929_0_jpg.rf.26f9b6563e5abeb4b19b5c771e4d08c8.jpg,ring-dataset,train
ring-dataset_23_X004_C026_0929_0_jpg.rf.93209a2e37a0b393170b6c21b2eead72.jpg,ring-dataset,train
ring-dataset_23_X004_C027_1021_0_jpg.rf.5b32931c9c1ef2fce0183eb46c389200.jpg,ring-dataset,train
ring-dataset_23_X004_C027_1021_0_jpg.rf.7dfa6385b05a646f5481e2236f6100d0.jpg,ring-dataset,train
ring-dataset_23_X004_C027_1021_0_jpg.rf.ba97aa4bb2dcc6ef504bee6bb0031370.jpg,ring-dataset,train
ring-dataset_23_X004_C035_1030_2_jpg.rf.32ddb6c08194707327e839c5ce1eacb9.jpg,ring-dataset,train
ring-dataset_23_X004_C035_1030_2_jpg.rf.6a358cc4ea2bb2aa32d5a46a6836ac5a.jpg,ring-dataset,train
ring-dataset_23_X004_C035_1030_2_jpg.rf.c98cf8d230de869033464b6666e00762.jpg,ring-dataset,train
ring-dataset_23_X004_C035_1103_0_jpg.rf.2054486451b6521c1aedd0f0057aa044.jpg,ring-dataset,train
ring-dataset_23_X004_C035_1103_0_jpg.rf.33ba1d9db41c62bd7bd5ee7756bf2d14.jpg,ring-dataset,train
ring-dataset_23_X004_C035_1103_0_jpg.rf.dfdc12e1425d91d68c681f3bc4f02c4e.jpg,ring-dataset,train
ring-dataset_23_X004_C038_1105_0_jpg.rf.36631d8cc9d99bd69741bc1386edad69.jpg,ring-dataset,train
ring-dataset_23_X004_C038_1105_0_jpg.rf.811af91b27618a4c9f9df0d2d2a1e5cc.jpg,ring-dataset,train
ring-dataset_23_X004_C038_1105_0_jpg.rf.a6919098b951cdfa9e413a574f6727c9.jpg,ring-dataset,train
ring-dataset_23_X004_C038_1105_1_jpg.rf.0aa2f0facf7c3c8c62503036e89d4daa.jpg,ring-dataset,train
ring-dataset_23_X004_C038_1105_1_jpg.rf.6755f15d422364800d862e95e494d955.jpg,ring-dataset,train
ring-dataset_23_X004_C038_1105_1_jpg.rf.6db7a2207dc2795d51be9d530ecec822.jpg,ring-dataset,train
ring-dataset_23_X004_C038_1105_3_jpg.rf.351a6c2218b342b1b0b54cb7a8812463.jpg,ring-dataset,train
ring-dataset_23_X004_C038_1105_3_jpg.rf.37d1e607ed09a234e900e19918dd8e7f.jpg,ring-dataset,train
ring-dataset_23_X004_C038_1105_3_jpg.rf.853031d44768e105b581cdff612178c4.jpg,ring-dataset,train
ring-dataset_23_X004_C042_0924_2_jpg.rf.03b0d426c5f90d9e5121a83747da6c81.jpg,ring-dataset,train
ring-dataset_23_X004_C042_0924_2_jpg.rf.0e975b92f33c0cb2f14d46e0b26e355c.jpg,ring-dataset,train
ring-dataset_23_X004_C042_0924_2_jpg.rf.814b6101b14c139ea3b742a1ee0f616d.jpg,ring-dataset,train
ring-dataset_23_X004_C042_0924_4_jpg.rf.39940a9df2bc2ae48f913f0ae95aaf11.jpg,ring-dataset,train
ring-dataset_23_X004_C042_0924_4_jpg.rf.e21365123b3c252f8acb0c67e9d69548.jpg,ring-dataset,train
ring-dataset_23_X004_C043_1020_0_jpg.rf.842413060401a4a0549c8c246a224523.jpg,ring-dataset,train
ring-dataset_23_X004_C043_1020_0_jpg.rf.c85707bb49f14daea3871b22dc41b629.jpg,ring-dataset,train
ring-dataset_23_X004_C043_1020_0_jpg.rf.f5dd1160b3a5f9100090ed621354a77f.jpg,ring-dataset,train
ring-dataset_23_X004_C043_1020_1_jpg.rf.7a90b362ee86616d9fffbb9187d70a2e.jpg,ring-dataset,train
ring-dataset_23_X004_C043_1020_3_jpg.rf.7721f4d334152945155487aeb8a0ae58.jpg,ring-dataset,train
ring-dataset_23_X004_C043_1020_3_jpg.rf.81fc69e5eebddedde1daae832e94afa8.jpg,ring-dataset,train
ring-dataset_23_X004_C043_1020_4_jpg.rf.04358615ec8f2f12aa0d70b5ced2ee47.jpg,ring-dataset,train
ring-dataset_23_X004_C043_1020_4_jpg.rf.043adb665e8da513e692b72001c285bc.jpg,ring-dataset,train
ring-dataset_23_X004_C043_1020_4_jpg.rf.2567bda9bce447b13784d03aef49f985.jpg,ring-dataset,train
ring-dataset_23_X004_C052_1104_0_jpg.rf.424a41716687605cd927e3907210969b.jpg,ring-dataset,train
ring-dataset_23_X004_C052_1104_0_jpg.rf.bb908fcc4b634bb6e8f804bbaea671aa.jpg,ring-dataset,train
ring-dataset_23_X004_C052_1104_3_jpg.rf.76a6e3eefcc4c65c55b70adc3dc8d5b2.jpg,ring-dataset,train
ring-dataset_23_X004_C052_1104_3_jpg.rf.a3bf1c94223fdfd6de32669aeeeb90a7.jpg,ring-dataset,train
ring-dataset_23_X004_C052_1104_3_jpg.rf.ab74569d67a87dbd3880f892c497c34f.jpg,ring-dataset,train
ring-dataset_23_X004_C053_1028_0_jpg.rf.6b7f349cf9da1472c360745ecc4254ec.jpg,ring-dataset,train
ring-dataset_23_X004_C053_1028_0_jpg.rf.81005f5f9f44124a9520fd19484c35fb.jpg,ring-dataset,train
ring-dataset_23_X004_C053_1028_0_jpg.rf.8949dc520a53ab3d347909acc70b0f86.jpg,ring-dataset,train
ring-dataset_23_X004_C053_1030_3_jpg.rf.67e97d84b05a988e8b72b2e7c8d25759.jpg,ring-dataset,train
ring-dataset_23_X004_C053_1030_3_jpg.rf.ba17a3f0793c97ef403c6745693968bb.jpg,ring-dataset,train
ring-dataset_23_X004_C053_1030_3_jpg.rf.e89d1613ac0370c74158a5c6c8013e7d.jpg,ring-dataset,train
ring-dataset_23_X004_C055_1014_0_jpg.rf.166233f9609c9503677c14b1c5d61f1e.jpg,ring-dataset,train
ring-dataset_23_X004_C055_1014_0_jpg.rf.f5858d75b06a56eeb432ae3e0a14217a.jpg,ring-dataset,train
ring-dataset_23_X004_C055_1014_1_jpg.rf.0ba8fee5f93ab0a871bcbb2cc7ed4932.jpg,ring-dataset,train
ring-dataset_23_X004_C055_1014_1_jpg.rf.0ed5960fc615f006dfa6dd38cec1cc29.jpg,ring-dataset,train
ring-dataset_23_X004_C055_1014_1_jpg.rf.1a00c0d4296ca0ce6496357a650ac9cf.jpg,ring-dataset,train
ring-dataset_23_X004_C055_1014_2_jpg.rf.0f7f8f2c7e072a47f14415e8ebe5e204.jpg,ring-dataset,train
ring-dataset_23_X004_C055_1014_2_jpg.rf.5d4a6808e45daac2a1d2a39490bd7720.jpg,ring-dataset,train
ring-dataset_23_X004_C055_1014_2_jpg.rf.d62c79f4caed8d34169a4c36cec9c825.jpg,ring-dataset,train
ring-dataset_23_X004_C055_1014_3_jpg.rf.1fb87528feead6b2f9af1dde921a1539.jpg,ring-dataset,train
ring-dataset_23_X004_C055_1014_4_jpg.rf.833f8e67fc4661191af6bf5dbcbac586.jpg,ring-dataset,train
ring-dataset_23_X004_C055_1014_4_jpg.rf.f1a3de5cfa39c8404fb0c36bd6e756a2.jpg,ring-dataset,train
ring-dataset_23_X004_C055_1027_2_jpg.rf.0f8e70ebbaf3242c57768b51d7b187de.jpg,ring-dataset,train
ring-dataset_23_X004_C055_1027_2_jpg.rf.e9a83136b1170718cb55a4f4fc6c82e8.jpg,ring-dataset,train
ring-dataset_23_X004_C055_1027_2_jpg.rf.ffa422bfaf94f9d52e90a8de8ca05a28.jpg,ring-dataset,train
ring-dataset_23_X004_C055_1027_3_jpg.rf.c0294e622025960e6c626ccfec5827f8.jpg,ring-dataset,train
ring-dataset_23_X004_C055_1027_3_jpg.rf.fa062dec8de5ed40d675fcf038be3227.jpg,ring-dataset,train
ring-dataset_23_X004_C058_1106_0_jpg.rf.02be2b4e68fc3dd1cff6526ced1a231d.jpg,ring-dataset,train
ring-dataset_23_X004_C058_1106_0_jpg.rf.1e06657788a97dbb19fa6ffa6bdf47b1.jpg,ring-dataset,train
ring-dataset_23_X004_C058_1106_0_jpg.rf.917a883cca1d3407d0de40c002ce4185.jpg,ring-dataset,train
ring-dataset_23_X004_C058_1106_1_jpg.rf.340d17a9cd3435acc6d548786d9a492e.jpg,ring-dataset,train
ring-dataset_23_X004_C058_1106_1_jpg.rf.a4a1e78793919fd95e8f9576c67e32a3.jpg,ring-dataset,train
ring-dataset_23_X004_C058_1106_1_jpg.rf.cb5d24af51e7ca929cbdf0958f5a9540.jpg,ring-dataset,train
ring-dataset_23_X004_C058_1106_2_jpg.rf.055aeb49be180c40450f16bc477f894a.jpg,ring-dataset,train
ring-dataset_23_X004_C058_1106_2_jpg.rf.84d469d0b71f3d211c4d97faf5646167.jpg,ring-dataset,train
ring-dataset_23_X004_C091_0321_0_jpg.rf.013701811be8a5fc3c93a0278f2e3923.jpg,ring-dataset,train
ring-dataset_23_X004_C091_0321_0_jpg.rf.5f3361f16699f549860889c30606cfec.jpg,ring-dataset,train
ring-dataset_23_X004_C091_0321_0_jpg.rf.758d11d5558f87c10036c7606c8df6b5.jpg,ring-dataset,train
ring-dataset_23_X004_C091_0321_4_jpg.rf.311bb43973ebcd73085c5f1884b85674.jpg,ring-dataset,train
ring-dataset_23_X004_C091_0321_4_jpg.rf.63651c2bbec9ca118c30a9f3168b3f1f.jpg,ring-dataset,train
ring-dataset_23_X004_C102_0321_4_jpg.rf.152599146e18994b53cc2c6cc22f5c30.jpg,ring-dataset,train
ring-dataset_23_X004_C102_0321_4_jpg.rf.6ce052eb9e3483a1033b608711f35a76.jpg,ring-dataset,train
ring-dataset_23_X004_C102_0321_4_jpg.rf.acca4a0099fe9973bc88b5e19d72bf39.jpg,ring-dataset,train
ring-dataset_23_X004_C164_1023_0_jpg.rf.20054f365fbfa26b6256e14e37538b75.jpg,ring-dataset,train
ring-dataset_23_X004_C164_1023_0_jpg.rf.7ad8e4aa94249e86d7a9d9c536a66d03.jpg,ring-dataset,train
ring-dataset_23_X004_C164_1023_0_jpg.rf.ee8011c870953031030a47b3a7ea9286.jpg,ring-dataset,train
ring-dataset_23_X004_C164_1023_1_jpg.rf.17988298cdab17cb664fd68d484ccedd.jpg,ring-dataset,train
ring-dataset_23_X004_C164_1023_1_jpg.rf.8c3ebabf9f56e2a7d0dfd8d4af047ac4.jpg,ring-dataset,train
ring-dataset_23_X004_C164_1023_1_jpg.rf.fa355f62ef7acc290f2d68c64ea3f5c2.jpg,ring-dataset,train
ring-dataset_23_X004_C169_1106_0_jpg.rf.58f4329a196b4febef6da0446ce4b0bd.jpg,ring-dataset,train
ring-dataset_23_X004_C169_1106_0_jpg.rf.a7f3e0d5c714602afb0047a583d37cf1.jpg,ring-dataset,train
ring-dataset_23_X004_C171_0929_0_jpg.rf.77e0ea875db045766f33c40229ff0ad8.jpg,ring-dataset,train
ring-dataset_23_X004_C171_0929_0_jpg.rf.7a2cc00bdce3b6de4878b0ced08b20ee.jpg,ring-dataset,train
ring-dataset_23_X004_C171_0929_0_jpg.rf.f1f483bf3e585b95fab1db4b7dfb7a7f.jpg,ring-dataset,train
ring-dataset_23_X004_C171_1007_0_jpg.rf.818d846f02985f0ae33b1eca29c7161b.jpg,ring-dataset,train
ring-dataset_23_X004_C171_1007_0_jpg.rf.ec89f02cdadc7af0204a4ca23ada8681.jpg,ring-dataset,train
ring-dataset_23_X004_C171_1007_2_jpg.rf.876ab019f331ff4cef61966e71035e3a.jpg,ring-dataset,train
ring-dataset_23_X004_C171_1007_2_jpg.rf.b62ae1568a0f4d40ae826b6f4d82e380.jpg,ring-dataset,train
ring-dataset_23_X004_C171_1007_2_jpg.rf.f467207e499941005c58cf4385399b3e.jpg,ring-dataset,train
ring-dataset_23_X004_C171_1007_3_jpg.rf.6becbdd4faef3c939f20b75b81237148.jpg,ring-dataset,train
ring-dataset_23_X004_C171_1007_3_jpg.rf.b2497160f34d85411bd131f6a82363ed.jpg,ring-dataset,train
ring-dataset_23_X004_C171_1007_3_jpg.rf.e048e4db34fade3be0c2389dd0e85b9e.jpg,ring-dataset,train
ring-dataset_23_X004_C172_1020_0_jpg.rf.4b089503d6392247e22b4b11a3e40bc0.jpg,ring-dataset,train
ring-dataset_23_X004_C172_1020_0_jpg.rf.4ba026ed9c109b0894f251f4a8ebb4f6.jpg,ring-dataset,train
ring-dataset_23_X004_C172_1020_0_jpg.rf.a928c08baf8026f14e05b0b7485bdaee.jpg,ring-dataset,train
ring-dataset_23_X004_C172_1020_1_jpg.rf.0844115b14a750154f9f4554fefd0c90.jpg,ring-dataset,train
ring-dataset_23_X004_C172_1020_1_jpg.rf.63947c49861c11caa6076f99d0e8bbe7.jpg,ring-dataset,train
ring-dataset_23_X004_C172_1020_1_jpg.rf.b8a5583bfac751de86047b5a1c55ce83.jpg,ring-dataset,train
ring-dataset_23_X004_C172_1020_2_jpg.rf.b0fce9755d6a70c1dc24e2abd97ae1be.jpg,ring-dataset,train
ring-dataset_23_X004_C172_1020_4_jpg.rf.08b1a5c64d76a02b19dd18bf18217568.jpg,ring-dataset,train
ring-dataset_23_X004_C172_1020_4_jpg.rf.5f47f7633963b35201c2572554306351.jpg,ring-dataset,train
ring-dataset_23_X004_C172_1020_4_jpg.rf.dff0af08477842924c0247dd41a7668e.jpg,ring-dataset,train
ring-dataset_23_X004_C172_1028_3_jpg.rf.3f26d2384c1efa2516cacabb77b7519b.jpg,ring-dataset,train
ring-dataset_23_X004_C190_1110_0_jpg.rf.08495d15e878db49ff1ae901a7e338b2.jpg,ring-dataset,train
ring-dataset_23_X004_C190_1110_0_jpg.rf.49136ead97f0b8c1d24a59bb6912f332.jpg,ring-dataset,train
ring-dataset_23_X004_C190_1110_0_jpg.rf.aa7bdc6200a3bcead02e0a4aaae01718.jpg,ring-dataset,train
ring-dataset_23_X004_C190_1110_1_jpg.rf.3e2961f5cd4b67938d0104e0c7a89d07.jpg,ring-dataset,train
ring-dataset_23_X004_C190_1110_1_jpg.rf.aeded16986ccd7322fb6c11c0950d0ac.jpg,ring-dataset,train
ring-dataset_23_X004_C190_1110_1_jpg.rf.bc052ff86cdf58b5484762f7e4415628.jpg,ring-dataset,train
ring-dataset_23_X004_C190_1110_2_jpg.rf.07df93d6135dd248aa4007cf6e88d152.jpg,ring-dataset,train
ring-dataset_23_X004_C193_1111_2_jpg.rf.15f14fe6dc3f239959ebd2c77c104842.jpg,ring-dataset,train
ring-dataset_23_X004_C193_1111_2_jpg.rf.6b01d6913b0ff6a37903d9a39229b305.jpg,ring-dataset,train
ring-dataset_23_X004_C193_1111_2_jpg.rf.c6c5ffc83fcb68df45ff05f51bc19a40.jpg,ring-dataset,train
ring-dataset_23_X001_C012_1113_2_jpg.rf.574768d0694a85194437091c636ec267.jpg,ring-dataset,valid
ring-dataset_23_X001_C013_1019_1_jpg.rf.7cec6b207e847e375085ad1562fb6945.jpg,ring-dataset,valid
ring-dataset_23_X001_C013_1019_2_jpg.rf.83bfe4106b3992859ed6d1035d71ac63.jpg,ring-dataset,valid
ring-dataset_23_X001_C016_1030_0_jpg.rf.ec560ce944c4e672d1bf9a81c6c635f8.jpg,ring-dataset,valid
ring-dataset_23_X001_C033_1027_2_jpg.rf.edb05565e2a975020a4e6cb69b691994.jpg,ring-dataset,valid
ring-dataset_23_X001_C035_1012_1_jpg.rf.e3150077788f94f86b07cd809a06336c.jpg,ring-dataset,valid
ring-dataset_23_X001_C035_1029_1_jpg.rf.6b04b820cfce8a5905fe33d7d6c419a5.jpg,ring-dataset,valid
ring-dataset_23_X001_C039_1026_4_jpg.rf.f7c17269ce2e58c4ae8d5b3e4e2f1dea.jpg,ring-dataset,valid
ring-dataset_23_X001_C039_1027_0_jpg.rf.4df6c3d63b27cc709a810034080a7feb.jpg,ring-dataset,valid
ring-dataset_23_X001_C039_1027_1_jpg.rf.a51d55e436d783e72ae3401b32e51eff.jpg,ring-dataset,valid
ring-dataset_23_X001_C046_1008_0_jpg.rf.c5a4745948cc4710ffc56fa8870d3d13.jpg,ring-dataset,valid
ring-dataset_23_X001_C053_1028_3_jpg.rf.aedec48c659a6daea6771b849793c26c.jpg,ring-dataset,valid
ring-dataset_23_X001_C053_1103_2_jpg.rf.75336ed5d7fdd2b02d3b1c8f0b73254f.jpg,ring-dataset,valid
ring-dataset_23_X001_C053_1103_3_jpg.rf.95ae1820a96eff20405061b07a58d926.jpg,ring-dataset,valid
ring-dataset_23_X001_C053_1103_4_jpg.rf.58f9bae6cd85f08d8964cb2cfe27517c.jpg,ring-dataset,valid
ring-dataset_23_X001_C056_1026_1_jpg.rf.6fc3d267ac21c56256f8f681dc29bfab.jpg,ring-dataset,valid
ring-dataset_23_X001_C163_1019_1_jpg.rf.ca50010fe648d00dae3be22565a262aa.jpg,ring-dataset,valid
ring-dataset_23_X001_C164_1015_0_jpg.rf.70c922ff0ca45b4458cde4b1f6d9c3bd.jpg,ring-dataset,valid
ring-dataset_23_X001_C164_1027_6_3_jpg.rf.9931cc99742b89370480d8fe80a02123.jpg,ring-dataset,valid
ring-dataset_23_X001_C166_1014_1_jpg.rf.00f1776bf60c8c733ca292a3f4564fd5.jpg,ring-dataset,valid
ring-dataset_23_X001_C173_1015_1_jpg.rf.0a7b2140a1f28421726133fa9fa285f3.jpg,ring-dataset,valid
ring-dataset_23_X001_C173_1015_4_jpg.rf.8b56099d41e4e3e57f7ac996521fdfc8.jpg,ring-dataset,valid
ring-dataset_23_X001_C173_1022_4_jpg.rf.086608a20b1d9ce7d6c50abf063c4562.jpg,ring-dataset,valid
ring-dataset_23_X001_C174_1014_2_jpg.rf.49bc0677d108f67d710f4d0dc15b2dae.jpg,ring-dataset,valid
ring-dataset_23_X001_C174_1014_3_jpg.rf.8740cfffccc0ae92368c9365a74d9c4b.jpg,ring-dataset,valid
ring-dataset_23_X001_C184_0925_4_jpg.rf.24ae45d01583d7fd6cd229eec32a6e4d.jpg,ring-dataset,valid
ring-dataset_23_X001_C185_1013_2_jpg.rf.2897e0920395162244b0505bf3271b15.jpg,ring-dataset,valid
ring-dataset_23_X001_C194_1023_2_jpg.rf.ecc442adc882a5a120293f7b7be8f4b6.jpg,ring-dataset,valid
ring-dataset_23_X001_C203_1015_1_jpg.rf.0947e647d1f97b2c67ff269e96848002.jpg,ring-dataset,valid
ring-dataset_23_X001_C203_1028_3_jpg.rf.8550d7e43859465945dab5cccbe3d691.jpg,ring-dataset,valid
ring-dataset_23_X001_C206_1005_3_jpg.rf.6213e77c63832f610e2d4a5d8297e123.jpg,ring-dataset,valid
ring-dataset_23_X001_C206_1209_1_jpg.rf.f7ac288efb2a52b86998bb28a18e3bb4.jpg,ring-dataset,valid
ring-dataset_23_X001_C208_1026_4_jpg.rf.1a1cac597eb9b13fadff35147158a4e0.jpg,ring-dataset,valid
ring-dataset_23_X001_C209_1109_1_jpg.rf.c7005e338d28d8ed365ca4b74f15dc9b.jpg,ring-dataset,valid
ring-dataset_23_X001_C209_1109_4_jpg.rf.10071e04f8b3f5f6e3896f88981b7f1a.jpg,ring-dataset,valid
ring-dataset_23_X001_C312_1110_2_jpg.rf.22972ba1411c9a2ea4a5d72c2a465c83.jpg,ring-dataset,valid
ring-dataset_23_X001_C509_0326_2_jpg.rf.c2f37066c64187d45b4e50b4b7a2fc3c.jpg,ring-dataset,valid
ring-dataset_23_X002_C013_1016_2_jpg.rf.eca15afba13ff612f1a867f6e6a822d0.jpg,ring-dataset,valid
ring-dataset_23_X002_C014_1023_0_jpg.rf.9144d6013b7c26cd133a6abeb835b104.jpg,ring-dataset,valid
ring-dataset_23_X002_C016_1102_4_jpg.rf.8fa5d36e41daaaecee19058cd9242315.jpg,ring-dataset,valid
ring-dataset_23_X002_C023_1013_0_jpg.rf.04a068a745a28bdecbed40e264e4a306.jpg,ring-dataset,valid
ring-dataset_23_X002_C023_1016_1_jpg.rf.fee77c84052874c33e593a54ae27a8ba.jpg,ring-dataset,valid
ring-dataset_23_X002_C023_1016_2_jpg.rf.b7937f68fabbf11c9c12f1dacb0a2005.jpg,ring-dataset,valid
ring-dataset_23_X002_C033_1005_4_jpg.rf.4420da48ef135ef2b92b80d3e2c97fa6.jpg,ring-dataset,valid
ring-dataset_23_X002_C033_1027_0_jpg.rf.0d94b0eaacf9456ac847dfaee86c5d29.jpg,ring-dataset,valid
ring-dataset_23_X002_C033_1028_4_jpg.rf.a0dd126cb0a492ffa77d6634633a79b2.jpg,ring-dataset,valid
ring-dataset_23_X002_C034_1102_1_jpg.rf.a53cbcb43c2a9165ad92f3ce92b8116e.jpg,ring-dataset,valid
ring-dataset_23_X002_C034_1102_2_jpg.rf.0075b4ae3cb8712161f233717533e2bb.jpg,ring-dataset,valid
ring-dataset_23_X002_C034_1102_3_jpg.rf.b32d8a748c8dce77d19de1396e5e6fe5.jpg,ring-dataset,valid
ring-dataset_23_X002_C035_1027_4_jpg.rf.b35ba47202705f4081bda14cf1ee8e2f.jpg,ring-dataset,valid
ring-dataset_23_X002_C035_1030_1_jpg.rf.c65e8235f1a2d6a9f6daab0e593bcae1.jpg,ring-dataset,valid
ring-dataset_23_X002_C036_1102_4_jpg.rf.350bbb1bdcb3b433f0eb10583b5fc3a8.jpg,ring-dataset,valid
ring-dataset_23_X002_C037_1026_1_jpg.rf.e80251063e6aa45cb5cde80ad1cb8794.jpg,ring-dataset,valid
ring-dataset_23_X002_C037_1026_4_jpg.rf.680652bdb368fd51e9bfd104b58c56ed.jpg,ring-dataset,valid
ring-dataset_23_X002_C037_1102_4_jpg.rf.04f2f923ce47f6ad00758f9cf4090713.jpg,ring-dataset,valid
ring-dataset_23_X002_C039_1102_0_jpg.rf.cfd2fa193135011bcb658e6a038ad920.jpg,ring-dataset,valid
ring-dataset_23_X002_C053_1022_2_jpg.rf.6a887efa16f1e0618c5dbdf322db72b7.jpg,ring-dataset,valid
ring-dataset_23_X002_C053_1030_1_jpg.rf.157d5d99721d2934c22a9b5be04ad8dd.jpg,ring-dataset,valid
ring-dataset_23_X002_C161_0928_4_jpg.rf.da1176ea16b163edd552ac2bcd678928.jpg,ring-dataset,valid
ring-dataset_23_X002_C165_1015_1_jpg.rf.9c87d9b50a40d86cefc83897b098b06e.jpg,ring-dataset,valid
ring-dataset_23_X002_C172_0929_2_jpg.rf.c19e15bd6e78b3cc3cae98d5f5209fa3.jpg,ring-dataset,valid
ring-dataset_23_X002_C176_1006_2_jpg.rf.dafd4893dacd143cd1376079b848f740.jpg,ring-dataset,valid
ring-dataset_23_X002_C176_1006_4_jpg.rf.701f6acdfa14e51bf4bd3c9e44fdd662.jpg,ring-dataset,valid
ring-dataset_23_X002_C190_1112_3_jpg.rf.b42824de4c3c38bbe54c033fcad325fa.jpg,ring-dataset,valid
ring-dataset_23_X002_C192_0928_2_jpg.rf.5db437998a4921c49d400faf022ad534.jpg,ring-dataset,valid
ring-dataset_23_X002_C192_1105_1_jpg.rf.f680db15d792944ecac9cd152f9700ca.jpg,ring-dataset,valid
ring-dataset_23_X002_C196_1110_0_jpg.rf.955a9a5db0c4fdaa3febd17dd7a05596.jpg,ring-dataset,valid
ring-dataset_23_X002_C196_1110_4_jpg.rf.63c58f2a8367f074f4901e72dc9de35d.jpg,ring-dataset,valid
ring-dataset_23_X002_C205_1021_2_jpg.rf.515a45b4fb5c437f746e0764ce659056.jpg,ring-dataset,valid
ring-dataset_23_X002_C205_1104_2_jpg.rf.794d78e98055405156a54689e94a2051.jpg,ring-dataset,valid
ring-dataset_23_X002_C205_1104_4_jpg.rf.053d9991f09e961040f4dcf2309b49a1.jpg,ring-dataset,valid
ring-dataset_23_X002_C207_1020_0_jpg.rf.c9c0431482a943fdffc34948629f430f.jpg,ring-dataset,valid
ring-dataset_23_X002_C318_1110_0_jpg.rf.423503ff8216cf9834de8d84a66d8d6d.jpg,ring-dataset,valid
ring-dataset_23_X002_C330_1103_2_jpg.rf.6006d2f0824d3d0c1bfc685d31ecf4d2.jpg,ring-dataset,valid
ring-dataset_23_X002_C331_1105_0_jpg.rf.fc7e006b41a854844c79fdac89f5e0ea.jpg,ring-dataset,valid
ring-dataset_23_X002_C331_1105_1_jpg.rf.4d62170aa1e803a2439ebae4221ea37d.jpg,ring-dataset,valid
ring-dataset_23_X002_C705_1223_3_jpg.rf.658de95cd7e30bbb80c0643596c14b98.jpg,ring-dataset,valid
ring-dataset_23_X002_C900_1021_4_jpg.rf.14c48481ae5d6c75003d9f3044b354eb.jpg,ring-dataset,valid
ring-dataset_23_X003_C013_1028_0_jpg.rf.6e311f8b75d26b09f0d7cb2f3e6c360c.jpg,ring-dataset,valid
ring-dataset_23_X003_C014_1003_0_jpg.rf.74b2cce93f085416d8ce2e02ea33c5a9.jpg,ring-dataset,valid
ring-dataset_23_X003_C014_1003_4_jpg.rf.9a7ec98109c1002ce49ce9b7173fe299.jpg,ring-dataset,valid
ring-dataset_23_X003_C025_1014_3_jpg.rf.fa91bdd3bfc5acf875b6e9052f24e193.jpg,ring-dataset,valid
ring-dataset_23_X003_C028_1019_3_jpg.rf.dd54c829e529acb5cdca050c35cdddc4.jpg,ring-dataset,valid
ring-dataset_23_X003_C033_1026_1_jpg.rf.0dd0729c34146a76cc26ffed5b8f8afa.jpg,ring-dataset,valid
ring-dataset_23_X003_C038_1030_1_jpg.rf.afdbc001c64ccef00bf0d70c3b02ceff.jpg,ring-dataset,valid
ring-dataset_23_X003_C052_1104_2_jpg.rf.68a17886134d2df90cd2b739c310d942.jpg,ring-dataset,valid
ring-dataset_23_X003_C052_1104_3_jpg.rf.a1a309e90e76e35ddcb1229991e3ea8a.jpg,ring-dataset,valid
ring-dataset_23_X003_C057_1023_0_jpg.rf.66f1a749ca516f21bdb26651ce043fe2.jpg,ring-dataset,valid
ring-dataset_23_X003_C161_0929_2_jpg.rf.bee87110a77dbbc5d19d374c73c95dcd.jpg,ring-dataset,valid
ring-dataset_23_X003_C164_1012_4_jpg.rf.44625d7fd796e5597d440e1d96c68815.jpg,ring-dataset,valid
ring-dataset_23_X003_C169_1102_2_jpg.rf.327e1fe511cbb927bcb0d797c212aeaa.jpg,ring-dataset,valid
ring-dataset_23_X003_C171_1006_2_jpg.rf.b8afb830e0cf45ee493a2523f4206dc6.jpg,ring-dataset,valid
ring-dataset_23_X003_C172_1023_3_jpg.rf.d5b2106e8d8155d2e75823118cafbf98.jpg,ring-dataset,valid
ring-dataset_23_X003_C173_1021_0_jpg.rf.975f51b464033af6f3479d5235042732.jpg,ring-dataset,valid
ring-dataset_23_X003_C173_1021_2_jpg.rf.21215bb3cdb5a7194181262eeed21a58.jpg,ring-dataset,valid
ring-dataset_23_X003_C190_1112_2_jpg.rf.a1ac0fd529773a10b52a8e215b508a3b.jpg,ring-dataset,valid
ring-dataset_23_X003_C194_1109_2_jpg.rf.0e12ecb8e64aa3671dbbd8eb9f8634eb.jpg,ring-dataset,valid
ring-dataset_23_X003_C195_1205_4_jpg.rf.86911c972505e2ebf35bfd1e05dd34e0.jpg,ring-dataset,valid
ring-dataset_23_X003_C205_1105_2_jpg.rf.78b457143cf14541cf29e6ab68bc63c3.jpg,ring-dataset,valid
ring-dataset_23_X003_C207_1016_2_jpg.rf.bba5c14fc6ac2ba5b54d49bc132a4809.jpg,ring-dataset,valid
ring-dataset_23_X003_C207_1209_4_jpg.rf.3569fdbb76332cdba136b82a00762e50.jpg,ring-dataset,valid
ring-dataset_23_X003_C328_1104_0_jpg.rf.978c53f414a1dde445287001b29f6c4b.jpg,ring-dataset,valid
ring-dataset_23_X003_C328_1104_2_jpg.rf.54789948c23b6d39f3c43c6550c633d8.jpg,ring-dataset,valid
ring-dataset_23_X003_C509_0114_4_jpg.rf.b9905d094bc340fed6c9b876227116ac.jpg,ring-dataset,valid
ring-dataset_23_X004_C011_1006_1_jpg.rf.b41690cb0e8ea7203034fe8c67812ee1.jpg,ring-dataset,valid
ring-dataset_23_X004_C013_1020_2_jpg.rf.861e57628daec4eea28c5b97f73117fe.jpg,ring-dataset,valid
ring-dataset_23_X004_C013_1110_1_jpg.rf.10dfaf35a8d596068588c22d18b6107d.jpg,ring-dataset,valid
ring-dataset_23_X004_C023_1030_3_jpg.rf.48c41708724dad9a0204f1204dcde76d.jpg,ring-dataset,valid
ring-dataset_23_X004_C025_1008_1_jpg.rf.bad8b85439d4409cf67d9636b3f64f6f.jpg,ring-dataset,valid
ring-dataset_23_X004_C035_1030_3_jpg.rf.3f0bdc53202f77059fcfd3d50b508d5f.jpg,ring-dataset,valid
ring-dataset_23_X004_C035_1103_1_jpg.rf.dfa92c3b4ec3854525be9493a54769c3.jpg,ring-dataset,valid
ring-dataset_23_X004_C043_1020_2_jpg.rf.1360aa820a1f18b21513024213f2b608.jpg,ring-dataset,valid
ring-dataset_23_X004_C044_1104_7_1_jpg.rf.61b204e036929687013297bd77ca8d84.jpg,ring-dataset,valid
ring-dataset_23_X004_C053_1030_0_jpg.rf.a0ad4c23bc12a3ad81b696b5596e7eef.jpg,ring-dataset,valid
ring-dataset_23_X004_C055_1027_1_jpg.rf.05a1984a93b7454db8bed963defd7aee.jpg,ring-dataset,valid
ring-dataset_23_X004_C164_0924_1_jpg.rf.ff94baeb535786acae9908e9f79edf28.jpg,ring-dataset,valid
ring-dataset_23_X004_C164_0924_3_jpg.rf.f243b0a2ca1cb32f1d6e6da1ca113240.jpg,ring-dataset,valid
ring-dataset_23_X004_C164_1023_3_jpg.rf.e0c2b54bd1d5177a94b1fceb1fe475b1.jpg,ring-dataset,valid
ring-dataset_23_X004_C165_0924_0_jpg.rf.cecbfdbc96a232c5582392678dcdcbb1.jpg,ring-dataset,valid
ring-dataset_23_X004_C171_1007_1_jpg.rf.beccf42d39245a7906073855d3d78629.jpg,ring-dataset,valid
ring-dataset_23_X004_C192_1111_0_jpg.rf.c40fed1a751043cd95c066a94a4158f1.jpg,ring-dataset,valid
ring-dataset_23_X004_C192_1111_1_jpg.rf.f70db357e5282721d1069ed3d1d53f40.jpg,ring-dataset,valid
ring-dataset_23_X004_C192_1111_4_jpg.rf.ac6408fb32687bea82dd426cb06ef7c9.jpg,ring-dataset,valid
ring-dataset_23_X001_C013_1028_1_jpg.rf.65318bc3ff171a1aee0649f5749d9451.jpg,ring-dataset,test
ring-dataset_23_X001_C013_1110_3_jpg.rf.203080b3fc7ee46ca21b19e58cd29bb6.jpg,ring-dataset,test
ring-dataset_23_X001_C015_1102_1_jpg.rf.42369380c533ce4fd8f6af9af2360545.jpg,ring-dataset,test
ring-dataset_23_X001_C016_1030_1_jpg.rf.5915a3105389db94857f9d85d5b69537.jpg,ring-dataset,test
ring-dataset_23_X001_C016_1030_3_jpg.rf.29601a906320a4d943ecc62cdef40e53.jpg,ring-dataset,test
ring-dataset_23_X001_C021_1014_3_jpg.rf.d39a4756f89eae02356af134d340a18f.jpg,ring-dataset,test
ring-dataset_23_X001_C026_1029_0_jpg.rf.71bc2a88823ade567e159b2269e4fd55.jpg,ring-dataset,test
ring-dataset_23_X001_C026_1029_3_jpg.rf.86bde3632a7ba467b3dce91f7fb84c36.jpg,ring-dataset,test
ring-dataset_23_X001_C035_1015_4_jpg.rf.6f03c1d240899a8f77efc52c380045d9.jpg,ring-dataset,test
ring-dataset_23_X001_C055_1022_1_jpg.rf.38a4cb648991e62ca63e7489ae2d85ea.jpg,ring-dataset,test
ring-dataset_23_X001_C055_1106_1_jpg.rf.9a7dce0e0174c978d89aeca5406c2431.jpg,ring-dataset,test
ring-dataset_23_X001_C101_0321_0_jpg.rf.10d5e8b2ddc3b2f60c77927a58fdc43b.jpg,ring-dataset,test
ring-dataset_23_X001_C103_0321_4_jpg.rf.98feaf10df187216e94952ff1571e2fa.jpg,ring-dataset,test
ring-dataset_23_X001_C165_1019_1_jpg.rf.b3e7e10a33f7d852e6d4a930f76ca7bf.jpg,ring-dataset,test
ring-dataset_23_X001_C203_1015_2_jpg.rf.b3578df1a5dc66ac5b53a909ea9dc406.jpg,ring-dataset,test
ring-dataset_23_X001_C206_1005_1_jpg.rf.9b7d9778a75e46067498d2a268d77162.jpg,ring-dataset,test
ring-dataset_23_X001_C206_1209_3_jpg.rf.45c8422762cb3b29cbd7595047918fa8.jpg,ring-dataset,test
ring-dataset_23_X001_C209_1109_0_jpg.rf.d48c7ef67e95f8a056f7acec09f05ac1.jpg,ring-dataset,test
ring-dataset_23_X001_C330_1104_4_jpg.rf.b6f29cf8009c9b2f0740ba5ab4dee85d.jpg,ring-dataset,test
ring-dataset_23_X002_C014_1021_0_jpg.rf.72879d80183c6086db31421703508da9.jpg,ring-dataset,test
ring-dataset_23_X002_C023_1013_2_jpg.rf.5bd1a975ce4eb6dd94e0069bcadaa4b5.jpg,ring-dataset,test
ring-dataset_23_X002_C025_1021_4_jpg.rf.1194f187a70c2508cd74457b614f8e52.jpg,ring-dataset,test
ring-dataset_23_X002_C035_1030_3_jpg.rf.bdb4f2785fcc5b9c1bf6ac0d7950a035.jpg,ring-dataset,test
ring-dataset_23_X002_C039_1102_4_jpg.rf.5fce1c8952c9ed4de761010e075525cb.jpg,ring-dataset,test
ring-dataset_23_X002_C053_1006_0_jpg.rf.a8abf219e212b3aec100a35381e53f52.jpg,ring-dataset,test
ring-dataset_23_X002_C053_1022_3_jpg.rf.038c2c6c2b206a79bda46223b963977b.jpg,ring-dataset,test
ring-dataset_23_X002_C163_1016_1_jpg.rf.2317f3d75831213395f0d1dd6b76f7d5.jpg,ring-dataset,test
ring-dataset_23_X002_C165_1015_0_jpg.rf.15d4e4af3f6ebcf6732a0852764b1669.jpg,ring-dataset,test
ring-dataset_23_X002_C176_1006_1_jpg.rf.4ceab5431e7fdf480fecf57e70adf37c.jpg,ring-dataset,test
ring-dataset_23_X002_C194_1106_2_jpg.rf.9ff949c23c427e2f7233c88ac25e109c.jpg,ring-dataset,test
ring-dataset_23_X002_C207_1020_4_jpg.rf.55b53b1b18ba589ab7032e00e239d5d3.jpg,ring-dataset,test
ring-dataset_23_X002_C330_1103_0_jpg.rf.f11d1360a5f2c02edd8286d9d602dcde.jpg,ring-dataset,test
ring-dataset_23_X002_C330_1103_1_jpg.rf.086e71b5231b744b7611655f47abe4d8.jpg,ring-dataset,test
ring-dataset_23_X002_C331_1105_2_jpg.rf.f61aa8ab3ad92c4ac15e30180ed4d6ed.jpg,ring-dataset,test
ring-dataset_23_X002_C900_1021_0_jpg.rf.c807b673a30057a69cabd31e04004fe7.jpg,ring-dataset,test
ring-dataset_23_X003_C013_1028_4_jpg.rf.b734303b56cfa4ea2854783d4183c4b5.jpg,ring-dataset,test
ring-dataset_23_X003_C013_1030_0_jpg.rf.4c9b128d595b2d35f7e48e58f3e6def3.jpg,ring-dataset,test
ring-dataset_23_X003_C013_1030_3_jpg.rf.5e604d73b3a6dbcf33d4fd5fa1deba7a.jpg,ring-dataset,test
ring-dataset_23_X003_C024_1027_1_jpg.rf.52e5d24b38fce8e3074730d7da9fbfbe.jpg,ring-dataset,test
ring-dataset_23_X003_C035_1102_0_jpg.rf.a54b47b9f10ab6f8769b5e080a798af1.jpg,ring-dataset,test
ring-dataset_23_X003_C054_1005_1_jpg.rf.cd5a287a3d55d683ec76e80e26624219.jpg,ring-dataset,test
ring-dataset_23_X003_C057_1023_1_jpg.rf.46b6c43c87f68f538a614da6325cbd1c.jpg,ring-dataset,test
ring-dataset_23_X003_C169_1102_0_jpg.rf.7f98d6b22498441ce33e661dbf79d21f.jpg,ring-dataset,test
ring-dataset_23_X003_C169_1102_3_jpg.rf.e07ec9e856442be2566133f986b13f9d.jpg,ring-dataset,test
ring-dataset_23_X003_C173_1021_1_jpg.rf.fbf868460d5149aa87c547084a1f2462.jpg,ring-dataset,test
ring-dataset_23_X003_C178_1027_4_jpg.rf.1aed53d5140bd13ef1d77482bf7413e0.jpg,ring-dataset,test
ring-dataset_23_X003_C184_1013_0_jpg.rf.d2579e0ae5794a32e03f0bd1f0c87711.jpg,ring-dataset,test
ring-dataset_23_X003_C190_1112_1_jpg.rf.9469070e7be2a874252a6d73d27c62fb.jpg,ring-dataset,test
ring-dataset_23_X003_C195_1205_1_jpg.rf.24de0035886e52f2ac138136597921fd.jpg,ring-dataset,test
ring-dataset_23_X003_C207_1016_3_jpg.rf.1dfbd76593f2adb8f8d5554329ec614a.jpg,ring-dataset,test
ring-dataset_23_X003_C328_1104_4_jpg.rf.ab411181dc48c2b9b3a03d4871a956c1.jpg,ring-dataset,test
ring-dataset_23_X003_C333_1109_3_jpg.rf.a304288bcd7fb1cf7250d79ecf4eb152.jpg,ring-dataset,test
ring-dataset_23_X004_C024_1029_4_jpg.rf.5da87df41fe5f51b7d4def3c3f6b9ddd.jpg,ring-dataset,test
ring-dataset_23_X004_C025_1008_0_jpg.rf.1271b0a2b0f2e1eab15f2e3cf97ef412.jpg,ring-dataset,test
ring-dataset_23_X004_C027_1021_3_jpg.rf.c887438a2a4f8382ae5cf33a4a79fa02.jpg,ring-dataset,test
ring-dataset_23_X004_C038_1105_2_jpg.rf.310fa02d4397affe94409b2ed53e05d7.jpg,ring-dataset,test
ring-dataset_23_X004_C053_1030_2_jpg.rf.e713539f348afa48bd66704c64bc95d1.jpg,ring-dataset,test
ring-dataset_23_X004_C053_1030_4_jpg.rf.88ae1dda4de39586fed6260064d1e256.jpg,ring-dataset,test
ring-dataset_23_X004_C169_1106_4_jpg.rf.8e2a5e4bef9946786a783f6bfe24b3e7.jpg,ring-dataset,test
ring-dataset_23_X004_C171_0929_4_jpg.rf.63e0a329a7ac40c5b49308dd997645df.jpg,ring-dataset,test
ring-dataset_23_X004_C193_1111_0_jpg.rf.32904cbf39279db25179b2001459b9db.jpg,ring-dataset,test
ring-dataset_23_X004_C193_1111_4_jpg.rf.5ab729098f40066534697d4065cea1e9.jpg,ring-dataset,test
